final_id,comment_text,comment_id,platform,source_name,date,likesCount,food,service,place,delivery,price,treatment,out_of_scope
719358,خويا ربي يحفضك كي تروح اتجرب ،جرب و قول الحق ديما كلش مليح ڨلبتي عنابة كاملة الماكلة فيها ملاحة,50942,tiktok,@broaster_chiken,2026-01-02T20:59:47.306545,0,,,,,,,
588287,Mohamed Chawi اذا تعرفون سقسيه على الخبز,9799,Facebook,Dz Forest Restaura,2025-10-13T05:16:30.000Z,1,,,,,,,
457218,C est ou exactement s’il vous plaît?,13345,Facebook,Restaurant San Benito,2025-12-17T00:17:19.000Z,0,,,,,,,
326165,تحيا ساميا تجيبلنا غير الحاجة الشابة  نحبك حبيبتي ساميا [APPRECIATION],1359,instagram,meatnchill.dz,2025-12-16T08:34:56.000Z,1,,,,,,,
719389,MTN je suis en Italie,48350,tiktok,@baddi_pizza,2026-01-02T20:34:51.635663,0,,,,,,,
719391,سعر ااا عينيا,56284,tiktok,@the_chef_house_23,2026-01-02T21:14:39.343288,0,,,,,,,
457248,لا تنسو غزة,11110,Facebook,Restaurant Casa Bella - Draria,2025-07-27T05:56:41.000Z,0,,,,,,,
326184,l'adresse du restaurant svp? et merci [APPRECIATION],26422,tiktok,@rosa.astuce,2026-01-02T18:35:29.359739,1,,,,,,,
588332,Twahchthaaa  ghir nehbet direction l7ouma grantita w pizza,42782,tiktok,@pizza_carre,2026-01-02T20:00:30.284999,0,,,,,,,
195121,Pouce hda howa le meilleur,66252,tiktok,@cote_oran,2026-01-02T21:48:23.697245,1,,,,,,,
981559,حرام عليكم والفقراء,17392,tiktok,@savannah,2026-01-02T18:12:56.692529,0,,,,,,,
719422,Dowara mon dieu quel délice,35730,tiktok,@sinai,2026-01-02T19:28:24.503546,0,,,,,,,
457279,شحااااال خلصوك,68834,tiktok,@cote_oran,2026-01-02T21:57:35.312140,2,,,,,,,
850498,Classe tedrab l gratin !,70978,tiktok,@paradou_restaurant,2026-01-02T22:04:53.914379,0,,,,,,,
981572,diro fihom les anniversaires ?,61898,tiktok,@ossy_anaba,2026-01-02T21:27:08.208092,0,,,,,,,
719430,Petit suisse infecte والله,1329,instagram,mahroussaglace,2025-06-21T10:33:35.000Z,0,,,,,,,
981582,تجارة حلال من عهد الرسول صلى عليه و سلم,38142,tiktok,@kfc,2026-01-02T19:39:27.947217,0,,,,,,,
326224,سلام رضا من العاصمة مطالق عامل في إطار الدولة والله رني حب نعاود حياتي و لا ركي حابة نتفاهمو والله رني سريو,18250,tiktok,@restaurantabarkannaba,2026-01-02T18:15:16.237327,0,,,,,,,
588375,حط شهرية تع ستة اشهر,10849,Facebook,Restaurant Casa Bella - Draria,2025-07-28T20:49:46.000Z,1,,,,,,,
850530,سعر مناسب حسب الأكل لذي تطلبه,2612,Google Maps,HichamCook Grill House,2023-11-07T12:59:49.854Z,0,,,,,,,
981610,Services impeccable propreté rien à dire la bouffe était bonne et surtout les prix très raisonnable avec siège bébé à disposition pour les familles,7618,Google Maps,American Burger Factory,2025-05-13T12:12:11.599Z,0,,,,,,,
195180,بيتزا تاعكم بنينة تستأهل,63164,tiktok,@restaurantcarthage,2026-01-02T21:31:19.065997,0,,,,,,,
326268,fawet fih un moment exceptionnel (my birthday ) [APPRECIATION],32280,tiktok,@le_carre_restaurant,2026-01-02T19:14:54.860344,1,,,,,,,
195204,prix raisonnable,36990,tiktok,@restaurant.madala,2026-01-02T19:34:42.473872,1,,,,,,,
981638,الله يبارك المزيد من النجاح والتألق ان شاء الله,31716,tiktok,@entracte,2026-01-02T19:14:11.602605,5,,,,,,,
195212,تكل الرهج,11556,Facebook,Restaurant San Benito,2025-08-27T16:41:06.000Z,0,,,,,,,
981644,Rester algérienne ça c'est l'escargot à la française au beurre maître d'hôtel ont a notre façon à le cuisiner à ntre façon ta9 wlad El bled sans complexe eh oui c'est pas donner à ts le monde !,73058,tiktok,@pont_hydra,2026-01-02T22:13:43.110767,0,,,,,,,
981650,زيد نقص شوية لك حطيتي ياسر,10124,Facebook,Restaurant Tabarka Annaba,2025-12-25T23:53:45.000Z,0,,,,,,,
588434,ولا كارثة وماكلة تلحق باردة وليفرور يدي 65الف,9458,Facebook,,2025-11-10T10:20:28.000Z,0,,,,,,,
981659,"The Smash Burger was superb! Best one I've had in years. Unexpected but fab. Midou, my waiter was very attentive, big smile and extremely helpful. Try this place guys. I'll be back!",7527,Google Maps,American Burger Factory,2025-05-19T22:20:20.354Z,0,,,,,,,
326309,"J’ai testé Américain Burger et c’était une excellente expérience ! Les burgers étaient tout simplement délicieux, avec des ingrédients frais et un goût incroyable. Il y avait un peu de monde, mais l’attente en valait largement la peine. Je recommande vivement ! ”",7918,Google Maps,American Burger Factory,2025-02-11T13:02:39.572Z,0,,,,,,,
719525,"Les personnes ki cherche un bon restaurant Hicham Cook el achour c est la destination, tout est en ordre, bravo et bonne continuation",4673,Google Maps,Hicham cook pizza pasta,2025-04-03T23:11:44.397Z,0,,,,,,,
850600,مكانش كيما الحاجة تع سريدي تخسر دراهمك ومتندمش تروح شبعان زيد متبنن الماكلة  [APPRECIATION],58934,tiktok,@maestro_dz13,2026-01-02T21:21:21.380395,0,,,,,,,
326314,Chhal livraison bab zouar ?,29274,tiktok,@elcuatro_burgers,2026-01-02T18:49:36.985386,0,,,,,,,
719531,Le swiss et hollandia Burger sont très très nuls pour ne pas dire catastrophique Le côté américain du Burger est vraiment très loin Les serveurs font beaucoup de bruit aucun respect pour les clients,7094,Google Maps,American Burger Factory,2025-07-02T22:47:35.032Z,0,,,,,,,
326315,نموت عليه  [BOUFFE],72180,tiktok,@pont_hydra,2026-01-02T22:13:17.221171,4,,,,,,,
981686,Restaurant très propre Menu varié et équilibré Plats raffinés Accueil agréable Prix correct.,7995,Google Maps,Restaurant À Petit Feu,2023-03-18T13:20:29.977Z,1,,,,,,,
195274,مشكلة معامن نقعد وحدي نو,63334,tiktok,@santorino,2026-01-02T21:32:13.066796,0,,,,,,,
326349,"Le personnel est sympathique, les plats sont bons, les prix sont un peu élevés mais dans les « standards » de la région",5640,Google Maps,Casbah Istanbul القصبة اسطنبول,2022-10-28T16:22:46.105Z,0,,,,,,,
195287,احسن مطعم في دارك اما ادو تع لبرا يشفو فيك دراهم برك انتم في ايادي امنة وانت وزهرك لي ميقتلش يسمنك,59248,tiktok,@maestro_dz13,2026-01-02T21:21:26.563497,0,,,,,,,
850652,البيدون ههههههه,57890,tiktok,@_le216_,2026-01-02T21:17:33.996989,0,,,,,,,
195294,"Ce que j'ai remarqué est qu'ils parlent sur la nouriture non couverte , c'est désagréable ! Je ne sais pas si vous avez vu ça! J'ai horreur de ça !",11169,Facebook,Restaurant Casa Bella - Draria,2025-07-29T00:24:16.000Z,0,,,,,,,
850667,غرااف غالييي,20294,tiktok,@labelladalger16,2026-01-02T18:19:31.025169,106,,,,,,,
195308,كون. دارو بارك مول مش خير,51594,tiktok,@broaster_chiken,2026-01-02T21:00:02.374307,0,,,,,,,
981749,نشاء الله ربي يعطيني راجل هكذا يقلشني  [COMPLAINT],57132,tiktok,@_le216_,2026-01-02T21:17:17.800814,1,,,,,,,
588535,c'est de quel côté l'entrée,70974,tiktok,@paradou_restaurant,2026-01-02T22:04:53.914376,0,,,,,,,
719610,ماشي الثمن معقول بما ان يحسب الاكل وحدو ويحسب الخبز,63630,tiktok,@silyon69,2026-01-02T21:33:10.495914,0,,,,,,,
195327,"Cuisine très savoureuse, accueil professionnel, plat très copieux on en prend souvent avec nous ce qui reste, on y faire des dîner en famille ou avec l’entreprise dans ce restaurant, il n’a jamais dégradé la qualité de sa cuisine ni ses services, c’est il est chère par rapport aux autres restaurants indiens D’Alger mais la qualité justifie le prix, je le conseil vivement",3163,Google Maps,تاج محل بن عكنون,2022-06-08T16:34:25.302Z,0,,,,,,,
588544,Le. service rien à dire . par contre les prix c'est abusé heee arreterrrrr avec les prix .,5450,Google Maps,قصبة اسطنبول,2023-09-02T23:52:58.747Z,0,,,,,,,
195331,نعشق روعة classe  [APPRECIATION],73364,tiktok,@pont_hydra,2026-01-02T22:13:53.360543,0,,,,,,,
981766,هاذو كامل منحبهمش,13204,Facebook,Restaurant San Benito,2025-10-13T13:23:46.000Z,0,,,,,,,
981777,avec ton monsieur,23226,tiktok,@le_perchoir,2026-01-02T18:25:24.034223,0,,,,,,,
195345,الله يبارك روعة كبيرة صحتين وهناء حبيبتي على قلبك,27828,tiktok,@thala,2026-01-02T18:45:06.097521,1,,,,,,,
719635,كاين ستار عائلي؟,29664,tiktok,@pizzeria.sadoki,2026-01-02T18:51:29.152508,0,,,,,,,
588568,Délicieux [APPRECIATION],54462,tiktok,@abdouferrah23,2026-01-02T21:09:47.644361,2,,,,,,,
588576,ذوك السعر راه باطل وي ولا نو,15246,tiktok,@fouka.marine,2026-01-02T18:07:30.768271,1,,,,,,,
457508,"Super repas, des salades délicieuses bravo au chef. Un grand merci a Ayoub un jeune serveur adorable et très professionnel. Nous reviendrons bientôt",3647,Google Maps,Laurel Restaurant,2025-08-03T12:25:44.834Z,0,,,,,,,
719658,Youcef mounir ghillas,8092,Google Maps,American Burger Factory,2025-02-02T21:25:45.977Z,0,,,,,,,
981808,من بلد الجزائر هدي,13186,Facebook,Restaurant San Benito,2025-10-14T20:01:10.000Z,0,,,,,,,
195377,pourquoi vous dite que la livraison est gratuite alors qu'elle est payante. Expliquez,48046,tiktok,@rahmani_food,2026-01-02T20:34:22.211755,0,,,,,,,
195385,c magnifique assegass amegaz toton rachid hakim idir. ibazizene araw tfamilt,16560,tiktok,@le_dauphin_restaurant,2026-01-02T18:09:32.917308,0,,,,,,,
981823,respond prv support.,64308,tiktok,@cintra,2026-01-02T21:34:46.504945,0,,,,,,,
326466,كروفات تاعك حمرا,13837,Facebook,Restaurant San Benito,2025-12-16T00:21:29.000Z,0,,,,,,,
195396,قليل,44632,tiktok,@dzforestrestaurants,2026-01-02T20:12:00.943154,0,,,,,,,
850762,بنة المقلة راك فاهم,42176,tiktok,@street_food,2026-01-02T19:58:01.955906,0,,,,,,,
850787,"Pas bon du tout, la viande est remplie de gras avec un arrière goût.",7255,Google Maps,American Burger Factory,2025-06-01T18:17:35.044Z,0,,,,,,,
195430,والله شهيتني اعرضني على غداء هاك وبصحتك خويا,48452,tiktok,@hafakafood,2026-01-02T20:35:29.188939,0,,,,,,,
850793,"Très très bonne bouffe, serveurs a l'écoute, très propre, musique calme Turk,",5574,Google Maps,قصبة اسطنبول,2022-06-05T12:01:15.399Z,1,,,,,,,
588653,Endroit agréable familial service correct,4874,Google Maps,Hicham cook pizza pasta,2021-10-19T17:28:04.924Z,0,,,,,,,
195441,شا فيه لداخل؟,30954,tiktok,@roi_du_fajitas,2026-01-02T19:08:43.215514,1,,,,,,,
457586,لمياء المازني على لخر ومن لخر وسط ليل مخر,8967,Facebook,Restaurant Tabarka Annaba,2025-12-24T19:04:22.000Z,0,,,,,,,
981875,الطعام ولا والحوت,57406,tiktok,@_le216_,2026-01-02T21:17:22.062449,0,,,,,,,
850811,Ni goût ni services ni prix W zid techenaf ta3 les serveurs et le caissièr.,8590,Google Maps,American Burger Factory,2022-07-21T17:39:24.779Z,0,,,,,,,
588673,Ou,23372,tiktok,@moonzrestaurant,2026-01-02T18:25:43.601964,1,,,,,,,
457605,فاعلة خير هاذي مشي في وهران و لي حاسبين موبيلار ركزوا في الجوانب تعرفوا,69730,tiktok,@chtibo_oran,2026-01-02T21:58:29.220323,82,,,,,,,
457607,متأكد ب200 ألف؟ماشي كي انجي اتقولولنا 500الف,33992,tiktok,@restaurant_gizay,2026-01-02T19:22:56.507983,0,,,,,,,
719753,شيخ رضوان وليد حومتي دايما حطة,14916,tiktok,@lassiette.algeroise,2026-01-02T18:06:51.520452,1,,,,,,,
457620,"Ils sont excellents en tout. Cuisine, service, ….",6114,Google Maps,Casbah istanbul,2023-12-04T02:11:31.491Z,0,,,,,,,
719764,الحجاب تاع ورقلة,697,instagram,chaway_zaimm,2025-07-09T00:19:11.000Z,0,,,,,,,
195481,وين بلاصة نيشان,46594,tiktok,@oumanger.oran,2026-01-02T20:23:51.156880,0,,,,,,,
195482,Un service impeccable avec une nourriture très délicieuse a recommander.,7034,Google Maps,American Burger said hamdine,2025-05-18T14:15:27.142Z,0,,,,,,,
588699,De très bons burgers ! Avec la sauce fromagère Service excellent avec l’adorable serveuse Houda Thé maison superbe ! Je recommande et je reviendrais,3688,Google Maps,Laurel Restaurant,2025-02-19T22:36:55.368Z,0,,,,,,,
326562,mat7rch kho mahich for for ga3 kho,42888,tiktok,@pizza_carre,2026-01-02T20:00:33.930044,0,,,,,,,
719781,أو 500 علاش,31630,tiktok,@woodgrill_dz,2026-01-02T19:13:58.136706,0,,,,,,,
457639,"De passage à Alger nous qui sommes d'Oran, ce restaurant est super ! On y mange bien et pour une fois c'était la vraie cuisine turque. Je recommande fortement ! Surtout les pides 7aja fort",5495,Google Maps,قصبة اسطنبول,2023-05-05T12:44:04.351Z,0,,,,,,,
326569,Le meilleur  [RECOMMENDATION],20568,tiktok,@labelladalger16,2026-01-02T18:19:39.577792,0,,,,,,,
195506,الله يهديك زيد نحيلهم الجلد خير,10307,Facebook,Dz Forest Restaura,2025-10-12T21:14:39.000Z,0,,,,,,,
588722,"Bonne expérience dans l’ensemble. La nourriture est correcte, les proportions sont bonnes et la vue est pas mal néanmoins le service reste très moyen.",5272,Google Maps,Casbah Istanbul القصبة اسطنبول,2024-07-11T12:08:41.945Z,0,,,,,,,
981938,كلش ماسط,55184,tiktok,@panera_41,2026-01-02T21:12:54.102887,0,,,,,,,
457652,في خاطري خرجة كما هاك انشالله تكون من النصيب,66654,tiktok,@bladi_oran,2026-01-02T21:51:11.463918,3,,,,,,,
588733,غالية بلاصة؟,60144,tiktok,@seraidi.live.z,2026-01-02T21:22:44.123220,0,,,,,,,
981950,و هذيك 50 علاه زدتها,913,instagram,hichamcookgrill,2025-07-27T17:12:18.000Z,1,,,,,,,
850878,Khawti wlh ghir Crespi chicken hadak madernach machi ga3 bnin mais chawarma oui bnina,49172,tiktok,@chicks_nook,2026-01-02T20:40:15.246355,1,,,,,,,
457664,كاين جناح عائلي,53174,tiktok,@piadzo_food23,2026-01-02T21:06:20.647188,0,,,,,,,
326594,مشاء الله ربي يوافق,11934,Facebook,Restaurant San Benito,2025-10-17T08:38:17.000Z,0,,,,,,,
719813,le prix d'un menu est le salaire d'un smicard journalier,37950,tiktok,@kfc,2026-01-02T19:39:24.681346,1,,,,,,,
588746,Meme en algerie c’est plus cher que les restauts egyptiens a Dubai  incroyable,33036,tiktok,@sinai,2026-01-02T19:18:32.721300,1,,,,,,,
850891,Bourek elannabi Loureorose Mer Nacer darsouni,61848,tiktok,@maestro_dz13,2026-01-02T21:26:54.391248,0,,,,,,,
457677,بصح درها داخل فترين يطيرو عليها قاع تفال ولغبرة,47478,tiktok,@street_food,2026-01-02T20:31:34.405191,0,,,,,,,
195533,jebel chenoua au fond. fouka. w tipaza,15240,tiktok,@fouka.marine,2026-01-02T18:07:30.666212,2,,,,,,,
588760,تسما مكلاه نجيو ليه,58088,tiktok,@vilageneige_annaba,2026-01-02T21:19:43.333794,1,,,,,,,
719834,اللهف والملهوفين كاين اللي يشم يده يشبع! ما هاذا يا هاذا؟ عندما العصابة تضرب الى البطن العرب ينتحرون لماذا؟خلي يأكل اللي مايعرفش و ما ذاق الخيرات فى بلاده من المسؤول ؟,11744,Facebook,Restaurant San Benito,2025-07-29T17:31:10.000Z,0,,,,,,,
195549,lmakla bnina khlh w les prix très raisonnables [APPRECIATION],54792,tiktok,@luestro_annaba,2026-01-02T21:12:14.069580,0,,,,,,,
195558,صاروخ  ايريكا  [COMPLAINT] [RECOMMENDATION],54336,tiktok,@guellil._.tasnim,2026-01-02T21:08:24.385850,1,,,,,,,
850923,و الله غيل سخفت نيشان جامي كليت هاك,57330,tiktok,@_le216_,2026-01-02T21:17:21.147916,0,,,,,,,
588782,ناقصها أشجار زينة,56666,tiktok,@terre_et_mer_annaba,2026-01-02T21:15:50.047942,1,,,,,,,
982007,Lotfi Bedjaia moi aussi je n'aime pas voir les gens comme ça,10867,Facebook,Restaurant Casa Bella - Draria,2025-09-02T11:42:25.000Z,1,,,,,,,
850938,Mon restaurant préféré  [APPRECIATION],1709,instagram,restaurant.cezam,2025-08-14T20:38:35.000Z,0,,,,,,,
326651,هذيك هي,44206,tiktok,@dzforestrestaurants,2026-01-02T20:11:40.625292,0,,,,,,,
326653,كيما دا شعال دار,39148,tiktok,@itchy_food,2026-01-02T19:41:08.088668,0,,,,,,,
326661,"Magnifique , on se lasse jamais de cet endroit avec ma maman",5064,Google Maps,قصبة اسطنبول,2025-10-03T21:06:52.223Z,0,,,,,,,
326663,أنا أمنتك شوف معاهم,30256,tiktok,@rombalfood,2026-01-02T18:56:36.181229,0,,,,,,,
850954,"l'ambiance, la bouffe le personnel juste magnifique  le meilleur resto a annaba [APPRECIATION]",61258,tiktok,@la.criee,2026-01-02T21:24:46.512352,3,,,,,,,
719885,vous me donner SVP l'adresse juste,27824,tiktok,@thala,2026-01-02T18:45:06.097518,0,,,,,,,
326677,دوك نشوفو الا صح الجزائريين يقاطعو ولا والو,37658,tiktok,@kfc,2026-01-02T19:39:18.570382,90,,,,,,,
719893,"Il y a trois jeunes hommes nommés Ayman, Fares et Abdul Salam. Ils sont très polis et merveilleux.  [APPRECIATION]",6657,Google Maps,American Burger Factory,2025-09-08T14:26:05.335Z,0,,,,,,,
982041,Service impeccable Personnel super sympa Petit déjeuner et déjeuner toujours impeccable,3614,Google Maps,Laurel Restaurant,2025-10-20T11:04:49.595Z,0,,,,,,,
195630,تقلشي غير سيدك متقلشيش سيدتك,13689,Facebook,Restaurant San Benito,2025-12-29T14:23:07.000Z,0,,,,,,,
851005,Mes bébés vous êtes magnifiques  [APPRECIATION],48984,tiktok,@le77tizi,2026-01-02T20:39:02.161317,2,,,,,,,
195658,Änder Kingel ماني حاسدو ماني لاهي بالمشاكل نتاع المطاعم والخرطي قلنا كلام صافي مالمقلب اتبع دينك ورسولك في كل شيء وخلاص,9134,Facebook,"

Restaurant Casa Bella - Draria",2025-12-03T18:55:30.000Z,0,,,,,,,
326734,قصدك تزيدلو صوص فرماج؟,42556,tiktok,@street_food,2026-01-02T19:58:29.600651,1,,,,,,,
588903,خويا 9 اورو بركا ما تحلف,46288,tiktok,@damisoran31,2026-01-02T20:21:56.697677,3,,,,,,,
851049,Good experience and tasty food.,6176,Google Maps,Casbah Istanbul,2022-11-14T13:58:52.944Z,2,,,,,,,
457842,Fo9hom Ecole de formation li n9ra fiha top top  [APPRECIATION],20406,tiktok,@labelladalger16,2026-01-02T18:19:36.224664,1,,,,,,,
457844,جايح وكداب,11873,Facebook,Restaurant San Benito,2025-07-30T04:20:40.000Z,1,,,,,,,
851071,خمج اوبنين,42454,tiktok,@street_food,2026-01-02T19:58:07.879605,0,,,,,,,
195718,Très peu de viande que du gras.,8501,Google Maps,American Burger Factory,2023-06-10T20:26:37.963Z,1,,,,,,,
851087,بغي سيفوبغي,19184,tiktok,@helena,2026-01-02T18:16:29.502807,0,,,,,,,
720017,Un endroit magnifique et magique passage obligé pour moi  [APPRECIATION],60746,tiktok,@seraidi.live.z,2026-01-02T21:22:57.443486,0,,,,,,,
588945,جيعانة و الله غير جيعانة و تربيته شوارع تحبي و لا تكرهي رحتي وحدي فرصه رحت اسبانيا رحتي للطاليان ورحتي لدبي عروبيه والله العظيم كافية لا هضره مسكمه الا لبسها بالطبع والو ربي يجيب لك الشفاء راكي كبيره,57604,tiktok,@_le216_,2026-01-02T21:17:27.960355,0,,,,,,,
982163,ses pas des plat marocain ses des plat algérien désoler,69528,tiktok,@cote_oran,2026-01-02T21:57:59.950489,0,,,,,,,
195737,c'est exact svp?,37002,tiktok,@restaurant.madala,2026-01-02T19:34:42.533383,1,,,,,,,
457885,Bon restaurant. Ambiance familiale.,2632,Google Maps,HichamCook Grill House,2023-09-25T21:40:57.371Z,0,,,,,,,
588961,mch mlih khlhh khlhh wlh mala homa les tiktkour o Instagramous yethlaw fihm CNN l3be nerml nn,52662,tiktok,@uncles_burger_dz,2026-01-02T21:03:39.748628,0,,,,,,,
982180,tout le monde cuisine comme ça  [COMPLAINT],25830,tiktok,@ofennec.officiel,2026-01-02T18:34:12.788103,0,,,,,,,
720047,beaucoup d argent,68898,tiktok,@cote_oran,2026-01-02T21:57:37.920145,3,,,,,,,
195765,Rôti de veau tahom il est très bon,65754,tiktok,@vibe.bistrot,2026-01-02T21:45:41.564389,1,,,,,,,
851128,وين فالسيلي هادي,70988,tiktok,@paradou_restaurant,2026-01-02T22:04:53.914387,0,,,,,,,
457922,Que une seule assiette pour 1500 tu es fou tous ces plats avec cette sommes . Il fait une pub rien de plus,12340,Facebook,Restaurant San Benito,2025-10-13T20:45:00.000Z,0,,,,,,,
720068,En un seul mot excellent ! Le meilleur restaurant d'Alger.,2981,Google Maps,تاج محل بن عكنون,2025-11-16T07:41:58.012Z,0,,,,,,,
326859,Peut on avoir le prix svp,1839,instagram,sinai.dz,2025-03-13T15:09:11.000Z,1,,,,,,,
851152,Excellent service Fares est super professionnel,6672,Google Maps,American Burger Factory,2025-09-05T22:47:36.181Z,0,,,,,,,
589023,Bonne année à vous aussi l’équipe le carré  [APPRECIATION],1207,instagram,le_carre_restaurantalg,2026-01-01T14:00:47.000Z,2,,,,,,,
457952,Dommage c’était fermé pendant le ramadan …,36256,tiktok,@sinai,2026-01-02T19:28:41.305532,0,,,,,,,
195815,Bonsoir j ai été boire un verre avec une amie et franchement petit moment agréable il manque juste une petite chose les serveurs « il faut apprendre à sourire et à être agréable grrrrr »,843,instagram,garden.coffeeshop,2024-10-02T21:28:18.000Z,0,,,,,,,
326888,"Tout était nickel, l'accueil, l'endroit, la bouffe, les prix! Franchement Bravo",2674,Google Maps,HichamCook Grill House,2023-08-08T22:45:29.564Z,1,,,,,,,
326889,Restaurant calme familiale spacieux bien décoré la nourriture est pas mal propre il y'a même une salle de prière Problème stationnement un peu compliqué Bonne continuation,7999,Google Maps,Restaurant À Petit Feu,2023-03-07T22:33:35.930Z,1,,,,,,,
851177,Hada resto classe par rapport aux gens de berraki et bechjarah,71110,tiktok,@paradou_restaurant,2026-01-02T22:04:58.186469,1,,,,,,,
195824,لحم بلحم وربي يرحم,12753,Facebook,Restaurant Rais,2025-10-25T23:11:32.000Z,0,,,,,,,
720112,اخي من الشلف ونتبعك واخر مرة روحت لدونار بورقار . تاع القبة . والله غير صحا ليقت كما الفديو تاعك . والمرة الجاي ان شتء الله نروح عند هذا . شكرا,19498,tiktok,@sultan,2026-01-02T18:17:16.604877,1,,,,,,,
589054,ماشاء الله تبارك الحطا او كل شئ جميل بزاف ربي يسترو من العين,2879,Google Maps,HichamCook Grill House,2022-10-14T13:01:47.367Z,0,,,,,,,
326932,والدولة والناس لي تم كيفاش يسمحو بحاجة كيما هك,38834,tiktok,@kfc,2026-01-02T19:39:55.891243,0,,,,,,,
195866,"Le Mûrier et non pas ""la""",33250,tiktok,@seasons_rooftop,2026-01-02T19:20:55.484862,5,,,,,,,
851226,ونتي تاني حوتة ناكلك اجدك,13111,Facebook,Restaurant San Benito,2025-10-13T20:36:58.000Z,0,,,,,,,
851230,They have great burger .,8860,Google Maps,American Burger Factory,2017-06-19T10:49:00.081Z,0,,,,,,,
851233,Trop chère.,3303,Google Maps,تاج محل بن عكنون,2018-02-13T19:31:23.534Z,2,,,,,,,
851235,وعليكم السلام ورحمة الله وبركاته,41270,tiktok,@street_food,2026-01-02T19:55:41.509468,1,,,,,,,
326951,ؤريتنا اسعار العصائر ماشي نتاع اللحم و غيره,16178,tiktok,@mardoum,2026-01-02T18:08:06.266970,0,,,,,,,
720169,c'est vrai  [RECOMMENDATION],55142,tiktok,@panera_41,2026-01-02T21:12:53.237321,0,,,,,,,
195885,رقم الهاتف من فضلك  [APPRECIATION],1757,instagram,saikosushi_oran_restaurant,2025-12-16T16:41:24.000Z,0,,,,,,,
851245,"Je recommande vivement ce restaurant. Nous y avons mangé à plusieurs reprises durant notre séjour et nous avons été ravis à chaque passage. La cuisine est excellente, le service est rapide et chaleureux, et le rapport qualité prix est plus que raisonnable. Merci pour votre accueil",7235,Google Maps,Restaurant À Petit Feu,2024-10-24T20:41:32.449Z,0,,,,,,,
720180,Ait Mohammed  [APPRECIATION],19262,tiktok,@helena,2026-01-02T18:16:34.501872,0,,,,,,,
326974,Za Hra شكرا لك مرحبا بك مرة اخرى  [APPRECIATION],9280,Facebook,"Restaurant La Napolitana









",2023-10-15T14:25:44.000Z,0,,,,,,,
195906,"Aucun professionnalisme, lancer la commande et attendre une heure pour dire nous ne pouvons pas satisfaire votre commande. Dommage",7602,Google Maps,Restaurant À Petit Feu,2024-02-08T19:19:15.833Z,0,,,,,,,
589140,mabrouk bonne continuation rabi barek inchallah,14884,tiktok,@lassiette.algeroise,2026-01-02T18:06:50.625030,3,,,,,,,
720215,Tt est nulle chez toi tu ferais mieux de changer d'activité,12235,Facebook,Restaurant San Benito,2025-10-13T21:23:57.000Z,0,,,,,,,
458081,نقدر نجي ندير anniversaire تاع ولادي. تم؟,28102,tiktok,@amine.lacantine,2026-01-02T18:45:37.890098,3,,,,,,,
458085,waouh! c'est magnifique qui est trop beau   [APPRECIATION],63032,tiktok,@allechante,2026-01-02T21:31:03.370937,0,,,,,,,
327016,تاكلو السب,13431,Facebook,Restaurant San Benito,2025-10-17T18:58:09.000Z,0,,,,,,,
327020,توصيل وهران كاين,10057,Facebook,"  Restaurant elassil








",2025-12-16T22:14:16.000Z,0,,,,,,,
327021,هدري بالفرنسي باه نفهم,46602,tiktok,@oumanger.oran,2026-01-02T20:23:54.132864,27,,,,,,,
458094,il va pas faire long feu,38962,tiktok,@kfc,2026-01-02T19:40:01.812268,0,,,,,,,
720242,نبان خداع الروجي ؟؟؟ وي تبان خداع تبان,51892,tiktok,@quick_bite,2026-01-02T21:02:01.145600,2,,,,,,,
195969,"Good service and delicious food. But we were disappointed by the menu. We expected ""les brochettes"" and ""grillade mixte""",2484,Google Maps,HichamCook Grill House,2024-06-04T20:04:39.310Z,0,,,,,,,
720259,Mes félicitations can't wait to try [APPRECIATION],2223,instagram,teyr_ellil,2025-03-14T14:27:39.000Z,1,,,,,,,
851335,"Fatma El Zahraa كان قبل ماتبداي ترهجي الأخت . كان سقسيتي علا البري "" السعر "" . هاكا ماتتحشالك ماوالو",10710,Facebook,Dz Forest Restaura,2025-10-13T21:42:50.000Z,0,,,,,,,
327066,J'y suis actuellement pour le 31 décembre 2023 et je vous recommande à 100% cet endroit accueil et le culinaire font parler de eux vraiment bravo,7600,Google Maps,Restaurant À Petit Feu,2024-02-11T07:57:26.337Z,4,,,,,,,
458141,vous m'avez déçus  alors que la ou je suis je me prive de tout pour piiiiiii mon pays d'origine déçue déçue  [APPRECIATION] [COMPLAINT],38648,tiktok,@kfc,2026-01-02T19:39:45.841557,0,,,,,,,
458149,"25, 90 la plupart du temps",25406,tiktok,@lovers_grill,2026-01-02T18:33:45.357501,0,,,,,,,
196007,الله يبارك انشاء نجيب عائلتي ونجي,67224,tiktok,@bladi_oran,2026-01-02T21:51:39.728531,0,,,,,,,
982440,"Mauvaise expérience, on a pas pu donné car le propriétaire nous a expliqué qu'on ne pouvait pas allumer de bougie d'anniversaire, c'est interdit ! On voulait fêter l'anniversaire de ma fille, on a ramener un gâteau avec nous, mais le proprio est contre (conviction religieuse) Bon on est ressortit sans donner, les enfants étaient déçus",8043,Google Maps,Restaurant À Petit Feu,2023-01-09T07:26:10.367Z,1,,,,,,,
327086,لمن استطاع ماش اكل,10959,Facebook,Restaurant Casa Bella - Draria,2025-08-26T11:41:12.000Z,0,,,,,,,
327090,L’équipage de quoi bateau ou avion,57192,tiktok,@_le216_,2026-01-02T21:17:18.845032,9,,,,,,,
982454,tahya te3ammmmmkhalti Mon plat préféré,73254,tiktok,@pont_hydra,2026-01-02T22:13:50.812671,0,,,,,,,
327095,Vive l'Algérie,60430,tiktok,@seraidi.live.z,2026-01-02T21:22:50.507327,0,,,,,,,
720317,The staff make you feel so uncomfortable they keep staring and want you to leave even if you haven’t finished your food. This will be my last time there.,5135,Google Maps,Casbah Istanbul القصبة اسطنبول,2025-07-08T20:02:23.435Z,0,,,,,,,
327103,جيد جداً، الخدمة بطيئة بعض الشيء,2640,Google Maps,HichamCook Grill House,2023-09-17T14:27:03.583Z,0,,,,,,,
851408,ويني لكاس,39152,tiktok,@itchy_food,2026-01-02T19:41:08.941109,1,,,,,,,
851409,fouka marine [INQUIRY] [ENDROIT],15154,tiktok,@fouka.marine,2026-01-02T18:07:26.128039,31,,,,,,,
720336,Les meilleurs sur Alger  [APPRECIATION],48612,tiktok,@otsy.burger,2026-01-02T20:35:48.188211,0,,,,,,,
720349,"شيع وارڨد ! La viande est immangeable, on dirait du carton ! Zéro pour la cuisine, à part ça je ne donne pas d'avis sur les lieux où le service quand l'essentiel, la nourriture, est immangeable!",2557,Google Maps,HichamCook Grill House,2024-02-12T19:33:52.443Z,1,,,,,,,
196063,YéSs INe Toumi نيك مك,12882,Facebook,Restaurant San Benito,2025-10-13T11:33:05.000Z,0,,,,,,,
851424,"pardon mais augmentez les prix de 100 da pour chaque menu et la qualité ne suit pas, à éviter absolument",7605,Google Maps,American Burger Factory,2025-05-16T18:48:55.388Z,0,,,,,,,
720353,toujour manger demi escargot avant,73640,tiktok,@pont_hydra,2026-01-02T22:14:00.132680,0,,,,,,,
458210,"je recommande fortement ce restaurant viande de qualité, service au top. j'ai amené des invités, ils étaient ravis",6332,Google Maps,Casbah Istanbul,2020-12-26T14:25:40.262Z,0,,,,,,,
196067,déjà testé 5/10,34060,tiktok,@taylot,2026-01-02T19:23:32.084476,2,,,,,,,
589289,باش توصل مزالت الحبطة تراب او مافيهاش الضوء,15224,tiktok,@fouka.marine,2026-01-02T18:07:30.666199,1,,,,,,,
720365,أم مرال عدنا غالي بزاف بصح كاليتي حاجة مليحة ولكن غلاو علينا المعيشة يا حصراه والمشكل كل شي زاد الحوت السردين الجاج حاجة والو رجعت حلم ربي يكون مع الزوالي إن شاء الله وأخلاص,10229,Facebook,Dz Forest Restaura,2025-10-13T20:58:44.000Z,1,,,,,,,
982511,"Great food great place , special thanks to “soug ahrasi “ allah yberk",7839,Google Maps,American Burger Factory,2025-02-27T21:26:20.334Z,0,,,,,,,
458233,صراحة ناقصة الماكلة عندو بزاف الكونجلي سوب تعوم فيها نرمال سلطة متصلحش راجعو أنفسكم,11980,Facebook,Restaurant San Benito,2025-10-13T11:44:37.000Z,0,,,,,,,
982536,C était agréable et le service rapide.,3656,Google Maps,Laurel Restaurant,2025-07-15T13:42:46.824Z,0,,,,,,,
196108,"If I could give zero star I would! I took a diplomat from the US embassy with me to this so called""American Burger"" we wait and we wait. for almost an hour without receiving our order! Shame on you unprofessional staff. Wouldn't be surprised if they go bankrupt.",8790,Google Maps,American Burger Factory,2019-06-28T21:52:30.483Z,8,,,,,,,
196112,C’est ou ?,701,instagram,chocolate.sarayi.alger,2025-11-29T21:53:20.000Z,0,,,,,,,
982550,نشري جاجة مشوية قاع خير منهم,11454,Facebook,Restaurant San Benito,2025-07-28T22:05:00.000Z,0,,,,,,,
720408,thullas n lakher ne zman,49000,tiktok,@le77tizi,2026-01-02T20:39:02.161330,0,,,,,,,
327194,Love the quality of the staff and the delicious meals i absolutely recommend,6165,Google Maps,Casbah istanbul,2023-05-31T19:58:08.089Z,0,,,,,,,
720421,C’est Alger Paris ou Marseille à Roger Salengro. Ça se trouve à Marseille à préciser,36216,tiktok,@sinai,2026-01-02T19:28:40.287205,0,,,,,,,
589351,En gros c’est un michioui . Je connais le resto et c bon [APPRECIATION],26108,tiktok,@ofennec.officiel,2026-01-02T18:34:18.580027,0,,,,,,,
720428,انا روحت ليه وشريتهم ب ميا و50 خلاعني كي صقسيتو قالي رني نخدم ر ربي سبحانو ونعاون زواولا,11438,Facebook,Restaurant San Benito,2025-07-29T06:12:04.000Z,0,,,,,,,
327219,"Et dire que le meilleur resto indien que j'ai mangé de ma vie se trouve en Algérie. Exceptionnel, je recommande.",3119,Google Maps,تاج محل بن عكنون,2023-06-26T20:17:13.886Z,0,,,,,,,
196149,Viande Excellente de qualité parfaitement cuite savoureuse et moelleuse au goût fumé. Je recommande vivement cette adresse. Pour info le Parking se situe au fond de l’allée.,2425,Google Maps,HichamCook Grill House,2024-09-23T16:05:21.287Z,0,,,,,,,
851521,انا كاري طاطا بايت نقلب فيها,44510,tiktok,@dzforestrestaurants,2026-01-02T20:11:55.384154,0,,,,,,,
458308,la viande locale ou .,37322,tiktok,@restaurant.madala,2026-01-02T19:34:51.576923,1,,,,,,,
982608,وين بلاصة في الشلف,39832,tiktok,@streetburger02,2026-01-02T19:43:58.833982,0,,,,,,,
327251,الله يبارك. كول بصحتك. !,11465,Facebook,Restaurant San Benito,2025-07-27T12:18:31.000Z,1,,,,,,,
196180,Yas Ser كل واحد كيفاه يجيب دراهمو و كل واحد كيفاه يصرف دراهمو . ونتا اصلا خدام تدي ميتين الف والله نتحداك اذا تقدر كل يوم تاكل ساندويتش واحد برك . حيرتني علابالك الشعب كامل فالنيك ونتا طايح عليه خشين,12417,Facebook,Restaurant Rais,2025-10-12T21:50:33.000Z,0,,,,,,,
982618,Nah Nour Idem خلادار شرك الناس تاكل في ساحة الشهداء,12486,Facebook,Restaurant Rais,2025-10-13T20:22:29.000Z,0,,,,,,,
982625,عمار لعزيز,47794,tiktok,@favelas_burgers,2026-01-02T20:33:09.111844,0,,,,,,,
851556,دعوة السومة صاحبي  [RECOMMENDATION],20392,tiktok,@labelladalger16,2026-01-02T18:19:36.224642,0,,,,,,,
589419,"J'ai toujours été satisfait par American Diner, la nourriture est très bonne et de qualité vous en avez pour votre argent. Le service est rapide, toujours bien accueillis, j'aime beaucoup l'embiamce et le décor. Je recommande fortement a tout le monde",4831,Google Maps,Hicham cook pizza pasta,2022-06-14T19:50:04.078Z,0,,,,,,,
982635,Bon Coincanada جسم الانسان عبارة عن صليب,10474,Facebook,,2025-10-20T12:23:40.000Z,0,,,,,,,
458347,C est pas waw! J'ai pas trop aimé,10526,Facebook,Restaurant Casa Bella - Draria,2025-12-08T15:06:24.000Z,0,,,,,,,
851569,توصيل مدية,50192,tiktok,@king_food23,2026-01-02T20:58:43.891422,0,,,,,,,
458360,"J'ai adoré Service au top, personnel au petit soin, ambiance typique et on mange bien Je recommande en couple entre amis ou en famille",3122,Google Maps,تاج محل بن عكنون,2023-05-05T20:28:44.167Z,0,,,,,,,
458376,"Ce qui metonne le plus dans tout ça, c'est que les gens continuent à y aller. Donner ça comme deuxième plat pendant le Ramadan reflète vraiment l'insouciance envers votre clientèle. J'ai payé un prix exorbitant, je m'en fou. Si le service et la nourriture étaient au rendez-vous, j'aurais donné un pourboir pour ça, mais quand le serveur te demande de choisir ton dessert avant même d'avoir mangé, par peur qu'il en reste plus… Je peux juste dire qu'on est vraiment loin de la restauration… Très loin, en tout cas, c'est la dernière fois que je vais me faire arnaquer dans mon pays. J'espère juste que les gens se rendront compte un jour.",2539,Google Maps,HichamCook Grill House,2024-04-02T02:15:38.870Z,2,,,,,,,
851593,"Le tacos est vraiment bon, service au top",6948,Google Maps,American Burger said hamdine,2025-06-27T23:36:32.307Z,0,,,,,,,
982674,طلبت بيتزا مرقاز بعد اقتراحها من طرف النادل بأنها افضل اختيار لكن للأسف لا علاقة بالبيتزا الإيطالية,4319,Google Maps,هشام كوك بيتزا,2024-06-09T22:18:30.496Z,0,,,,,,,
589469,سعيد سعيد صفي قالبك نت قلبك ميحبش ناس الطيبين,10878,Facebook,Restaurant Casa Bella - Draria,2025-10-19T11:18:54.000Z,0,,,,,,,
851616,endroit magnifique la propriétaire très modeste et accueillante,71480,tiktok,@dwiretelazz,2026-01-02T22:08:48.271353,1,,,,,,,
851622,الوهارنة الخنز,13218,Facebook,Restaurant San Benito,2025-10-13T19:46:50.000Z,0,,,,,,,
982708,Service tellement long je vais jamais revenir Sandwich hyper bon 10/10 Burger normal 7/10Gratin nul on dirait shekshouka les prix sont raisonnables,8630,Google Maps,American Burger Factory,2022-05-04T19:48:02.261Z,0,,,,,,,
851638,حكيلنا على السومة,67672,tiktok,@kartaj_oran,2026-01-02T21:53:12.911374,2,,,,,,,
851640,California  [APPRECIATION],70970,tiktok,@paradou_restaurant,2026-01-02T22:04:53.914372,0,,,,,,,
720576,Délicieux propre service exellent mais un peut long,2741,Google Maps,HichamCook Grill House,2023-04-09T15:00:59.152Z,0,,,,,,,
327361,Un endroit sympa! des plats un peu chers mais délicieux !,6443,Google Maps,Casbah Istanbul,2018-09-24T20:29:42.744Z,1,,,,,,,
458443,500نحرق بيها,10101,Facebook,Dz Forest Restaura,2025-10-16T14:15:14.000Z,0,,,,,,,
589517,رمضان؟ ؟؟؟؟ تخدمووو,65106,tiktok,@restaurant_marisco,2026-01-02T21:40:04.468066,1,,,,,,,
851662,Vraiment ça donne envie  [APPRECIATION],1627,instagram,restaurant_lemanrais,2025-12-30T23:10:04.000Z,0,,,,,,,
720604,Le monde a l envers,57216,tiktok,@_le216_,2026-01-02T21:17:19.475527,0,,,,,,,
982748,مكان جميل وطعام جيد وإستقبال في المستوي ومريح خاصة بنسبة للعائلات علامة كاملة [APPRECIATION],7768,Google Maps,Restaurant À Petit Feu,2023-09-04T19:49:07.696Z,2,,,,,,,
589540,جربتي أرابيسك plus ؟,24992,tiktok,@el_marssem,2026-01-02T18:32:16.408969,1,,,,,,,
327403,كولشي كونجلي خاصة سومون,11850,Facebook,Restaurant San Benito,2025-08-25T23:19:08.000Z,1,,,,,,,
720621,ربي يعينكم,55996,tiktok,@mfood.annaba,2026-01-02T21:14:16.148185,0,,,,,,,
720633,والله على ما أقول شهيد كليت عندو 3 أيام وأنا مريض بطني وبنتي صغيرة تقيّات ميخفوش ربي,11260,Facebook,Restaurant Casa Bella - Draria,2025-07-29T22:18:52.000Z,0,,,,,,,
327418,و دوك علاش راهم يخرجولي  [COMPLAINT],40430,tiktok,@woodchickendz,2026-01-02T19:45:50.018498,1,,,,,,,
851708,وين راهم تع ضالمة أومضلومة,38152,tiktok,@kfc,2026-01-02T19:39:27.947225,0,,,,,,,
327423,ربي يعينك لحد الان لي كليت عندهم ماتلقاش كيف لي حطو في تيك توك,53292,tiktok,@piadzo_food23,2026-01-02T21:07:09.087737,6,,,,,,,
589567,نتي وشمن نوع حوت و لا روكان,13460,Facebook,Restaurant San Benito,2025-12-29T19:10:03.000Z,0,,,,,,,
327434,Flop aucun visuel des tromps l'œil qui ne trompent rien. Accueil froide Fraisier trop bon,3807,Google Maps,L’Alchimiste Pâtisserie,2025-11-07T14:58:20.855Z,0,,,,,,,
851723,مشاء الله روحت خدمة تووووب ولڨعدة مشاء الله وماكلة منحكيش توب في توب اختي,58076,tiktok,@vilageneige_annaba,2026-01-02T21:19:43.333782,4,,,,,,,
589583,Ahchemou ya rabi ness rahi tmoute mel jou3,10920,Facebook,Restaurant Casa Bella - Draria,2025-07-27T00:27:57.000Z,0,,,,,,,
458516,أم أنس ومحمد يرحم هذاك الفم,9641,Facebook,"  Restaurant elassil








",2025-12-16T13:38:33.000Z,1,,,,,,,
720664,"So overhyped sadly. Ordered a chicken burger and a tuna pizza and the fried chicken inside was half cooked, it felt like eating rubber, pizza was too doughy for me. Overall very overpriced even the ”vibe” and location don’t make up for it imo",3723,Google Maps,Laurel Restaurant,2024-10-01T19:29:07.527Z,1,,,,,,,
982810,"Très bon , vraiment parmis les meilleurs sandwichs que j’ai mangé",1063,instagram,imstarvingfood,2025-04-10T21:02:13.000Z,1,,,,,,,
982811,Le service est excellent et la nourriture est très bonne. Agréablement surprise par le tacos qui était un VRAI tacos mexicain . Très bonne continuation et merci pour le café offert. À très bientôt !,4710,Google Maps,Hicham cook pizza pasta,2024-03-02T12:44:20.475Z,2,,,,,,,
982818,"Cote de boeuf excellente, cuisson parfaite filet de boeuf réussie dommage les frites sont imbibés trop d'huile et servi froide. (a corrigé si possible) Tarif raisonnable, je recommande vivement S'il vous plaît, proposez nous des bouteille en verres pour les boissons, avec tous le choix qu'il y a en Algérie au niveaux des boissons, c'est dommage d'avoir seulement du plastique pour un tel restaurant. Merci à bientôt Inchallah",2730,Google Maps,HichamCook Grill House,2023-05-10T19:30:01.602Z,0,,,,,,,
327464,Prix très élevé,8034,Google Maps,American Burger said hamdine,2020-11-09T15:31:02.447Z,0,,,,,,,
327469,هادا روستورن اليوم خرجلي بزاف بغيت ندير فيزا ونروح ناكل عندو ونرجع  [APPRECIATION],26142,tiktok,@don_sido_,2026-01-02T18:34:33.255297,0,,,,,,,
982833,Very good taste and affordable prices,3178,Google Maps,تاج محل بن عكنون,2022-02-01T19:18:52.453Z,0,,,,,,,
327479,الدوارة  [APPRECIATION],35682,tiktok,@sinai,2026-01-02T19:28:22.645662,0,,,,,,,
589635,Au premier étage la déco j'avais l'impression que c'était une cantine. Le foie est bon mais l'accompagnement était vraiment pas bon.,7482,Google Maps,Restaurant À Petit Feu,2024-05-25T23:48:59.053Z,2,,,,,,,
327497,Je recommande top du top accueille propreté goût lah ybarek bonne continuation,6712,Google Maps,American Burger said hamdine,2025-10-03T17:59:02.916Z,0,,,,,,,
196431,Salam alykoume je peux avoir l adresse svp,69120,tiktok,@cote_oran,2026-01-02T21:57:44.901403,1,,,,,,,
196435,رحت خطرا معاملونيش مليح حلفت مزدش رحت عندهم,63706,tiktok,@silyon69,2026-01-02T21:33:12.181983,4,,,,,,,
720728,Tout est bon surtt le pain j'ai adoré,34040,tiktok,@taylot,2026-01-02T19:23:28.957334,0,,,,,,,
327522,اغغغغغغغغ تعكان هذي الأشياء لا تغني عن شيء وشبعناه الحمدلله في شالوروى بلجيكا الحوت رخيس البلا تع ربعة ملاين في الجزائر نخلصه بعشرين اورو في شاغلوروى المهم اتقو الله ناس راهي تموت في فلسطين .,13094,Facebook,Restaurant San Benito,2025-10-13T13:08:41.000Z,0,,,,,,,
851821,"Un super restaurant, un très bon accueil, les pizzas sont excellentes, les produits sont frais. Mais surtout un service au top ! Les serveurs sont très gentils et le cadre est agréable.",2301,Google Maps,HichamCook Grill House,2025-10-08T12:20:55.236Z,0,,,,,,,
982895,هذا كليت عنده مره في المغرب واحد منظر واحد حالة ماشاءالله,26508,tiktok,@labelladalger16,2026-01-02T18:36:56.335067,1,,,,,,,
196469,le menu en photo svp,33006,tiktok,@sinai,2026-01-02T19:18:31.820611,0,,,,,,,
327550,"Le lieu est pas mal mais on a été mis dans un bow ou on ne voyait plus rien, le personnel très accueillant et professionnel malheureusement le temps d'attente est très long et la pizza n'est pas fameuse pour son prix",4578,Google Maps,هشام كوك بيتزا,2023-12-09T19:54:21.691Z,2,,,,,,,
851844,صحا رمضانكم  لبنة [APPRECIATION],8110,Google Maps,American Burger Factory,2025-01-30T18:39:50.090Z,0,,,,,,,
196490,Voilà la mauvaise bouffe qui à infesté tout l'Algérie alors que le pays à une énorme richesse culinaire et saine l'obésité avec tous les problème de santé qu'il provoque commence énormément à s'installer dans le pays je l'ai malheureusement constaté,616,instagram,budz.dz,2024-09-09T07:44:19.000Z,0,,,,,,,
327571,"j'adore, j de bon souvenirs",24670,tiktok,@laturquoisehotel,2026-01-02T18:30:26.774699,1,,,,,,,
458646,كاين توصل,32312,tiktok,@restaurant_gizay,2026-01-02T19:15:25.042080,0,,,,,,,
196502,بارحا وانا عندكم  [INQUIRY],53568,tiktok,@mega_pizza_annaba,2026-01-02T21:07:53.787949,0,,,,,,,
982938,"on fera un tour chez vous, bientôt nchalah,  [APPRECIATION]",26576,tiktok,@labelladalger16,2026-01-02T18:37:02.385164,1,,,,,,,
458654,Serir de bejaia c le meilleurs,43568,tiktok,@serir_alger,2026-01-02T20:09:21.842428,0,,,,,,,
589730,Magnifique   [APPRECIATION],35868,tiktok,@sinai,2026-01-02T19:28:28.070709,0,,,,,,,
851877,حاجة ملحة,51076,tiktok,@broaster_chiken,2026-01-02T20:59:50.991564,0,,,,,,,
327590,"Franchement un endroit très familial très organiser, cuisine au top en goût et quantité, prix très correct, contrairement à ce que j entendais dire que les prix sont trop élevés, il fallait partir pour savoir que c'est faut, très raisonnable par rapport qualité quantité et prix, bravo je reviendrai inchallah , mon passage en famille.",2587,Google Maps,HichamCook Grill House,2023-12-23T15:37:13.882Z,0,,,,,,,
589736,meilleur fast-food b chkama,28606,tiktok,@american.burger.tizi,2026-01-02T18:47:27.891717,36,,,,,,,
196542,ان شاء الله خير وبارك الله فيكم غعرضوني,67474,tiktok,@bladi_oran,2026-01-02T21:51:47.464304,0,,,,,,,
982981,Arrêter de vous utiliser les plats chauds dans des bouteilles et des emballages en plastique,65172,tiktok,@restaurant_marisco,2026-01-02T21:40:08.510645,0,,,,,,,
589771,"Ils ont annulé deux fois la commande deux jours d’affilé après l’avoir accepté. Ne commandez jamais auprès d’eux. Ils annulent 45min voire une heure après la commande. Pire expérience de commande sur livraison d alger. De plus, ils ne mettent pas les sauces. Le succès ne dure jamais avec un service pareil. Commandez chez d’autres restaurants turcs si vous ne voulez pas gâcher votre soirée!",6113,Google Maps,Casbah istanbul,2023-12-10T22:13:04.320Z,0,,,,,,,
327631,Plus de frommage sur les tacos svp Mais c'est trop bon bonne continuation,8667,Google Maps,American Burger Factory,2021-10-27T14:13:50.752Z,0,,,,,,,
458707,Au depart c’était excellent une fois y’a trop de client c’est devenu du n’importe quoi malheureusement………!,7158,Google Maps,Restaurant À Petit Feu,2025-02-15T08:26:05.752Z,0,,,,,,,
196568,السكر  الموت  [RECOMMENDATION],525,instagram,"brother.ts
",2025-10-30T10:16:59.000Z,6,,,,,,,
196579,"Very nice place They served food at the top आपको हमारा नमस्कार, आप उत्कृष्टता के पात्र हैं bhut sunder hai",3099,Google Maps,تاج محل بن عكنون,2023-11-06T00:09:25.580Z,1,,,,,,,
589796,Bravo à vous !  [APPRECIATION],13958,tiktok,@le_dauphin_restaurant,2026-01-02T18:00:52.656744,0,,,,,,,
196594,انت تاع كاران,33330,tiktok,@ambiancefood,2026-01-02T19:21:14.557071,23,,,,,,,
589817,Rapport qualité prix correct,4281,Google Maps,هشام كوك بيتزا,2024-07-20T21:46:22.101Z,0,,,,,,,
458745,مليح. ب20,12600,Facebook,Restaurant Rais,2025-10-13T12:18:26.000Z,0,,,,,,,
589820,ربي يعاونك روجب,41050,tiktok,@derby.food,2026-01-02T19:50:09.883779,1,,,,,,,
196607,شفتها تتحرق الباركينغ,51538,tiktok,@broaster_chiken,2026-01-02T21:00:01.526205,0,,,,,,,
720903,#American_Burger …. franchement je valide a 100% super bon Service 10/10 Propreté….,8647,Google Maps,American Burger Factory,2022-01-11T18:57:15.654Z,0,,,,,,,
327693,سوما لمن استطاع إليه سبيلا,10786,Facebook,"  Restaurant elassil








",2025-12-17T21:07:38.000Z,0,,,,,,,
983067,c'est où exactement ? j'arrive aujourd'hui à Oran,45088,tiktok,@budz,2026-01-02T20:15:48.052529,111,,,,,,,
589866,أنا تاني روحتلو مرة واحدة معجبني والو خسارة السوارد pour rien,58254,tiktok,@vilageneige_annaba,2026-01-02T21:19:49.301115,2,,,,,,,
852012,هدا فأحلامي ومندخلوش,19194,tiktok,@helena,2026-01-02T18:16:31.069202,0,,,,,,,
327740,مصطفى الله يحفظك.,68650,tiktok,@cote_oran,2026-01-02T21:57:29.321285,4,,,,,,,
589912,Bon Burger /la qualité des frites a dégradé Les prix ont augmentés Le service est vraiment rapide,6764,Google Maps,American Burger Factory,2025-08-16T17:48:10.907Z,0,,,,,,,
983131,موالفا نقعد تم مي حوايجو يهبلووو,58182,tiktok,@vilageneige_annaba,2026-01-02T21:19:46.706478,0,,,,,,,
720992,la dresse s'il vous plaît ou se trouve le restaurant merci beaucoup,27766,tiktok,@thala,2026-01-02T18:45:04.675153,0,,,,,,,
589920,"Personnel accueillant, endroit propre et très spacieux avec une petite terrasse. Les plats étaient bon dans l'ensemble.",5751,Google Maps,Casbah Istanbul القصبة اسطنبول,2021-06-23T13:42:57.398Z,1,,,,,,,
327787,Nourriture dégelasse,6606,Google Maps,American Burger Factory,2025-10-25T22:12:52.947Z,0,,,,,,,
196715,تصيبه متواذع ويعرف يدير كلش  [RECOMMENDATION],49960,tiktok,@m7ajeb,2026-01-02T20:44:33.062653,2,,,,,,,
327795,vous êtes a Strasbourg ?  [APPRECIATION],36138,tiktok,@sinai,2026-01-02T19:28:35.422917,0,,,,,,,
721013,اشهار تع فيلم رعب,51890,tiktok,@quick_bite,2026-01-02T21:02:01.145598,3,,,,,,,
721033,Mashallah très propre service magnifique le staff impeccable très bienveillant  et on n’oublie pas le goût c’est juste le meilleur celui de Said hamdine bravo [APPRECIATION],6825,Google Maps,American Burger said hamdine,2025-07-27T11:18:36.192Z,0,,,,,,,
458905,اللهم صلي وسلم على محمد  [APPRECIATION],67974,tiktok,@meatlove5,2026-01-02T21:54:10.911669,0,,,,,,,
589982,مكان حالة روحتلو وحد مليسارفور خاطيه الهدرة و ميعرفش يهدر [COMPLAINT],66378,tiktok,@elbey_oran,2026-01-02T21:50:01.826419,0,,,,,,,
983209,"Aussi bon que beau , franchement rien à dire que ce soit sur le service ou la nourriture ou même les prix , bonne continuation",7625,Google Maps,Restaurant À Petit Feu,2024-02-04T21:25:43.135Z,1,,,,,,,
721067,جابلي ربي ادخلا بالكارني تشاك,19140,tiktok,@helena,2026-01-02T18:16:28.398058,0,,,,,,,
983215,Des plats de poissons qu'étaient à certains temps ordinaires ils sont devenus luxueux maintenant,10657,Facebook,"  Restaurant elassil








",2025-12-17T00:55:48.000Z,6,,,,,,,
721072,"Dégradation totale, l'ancien endroit était mieux",6578,Google Maps,American Burger Factory,2025-11-18T00:26:08.445Z,0,,,,,,,
852147,يختى درهم يقلشو,13189,Facebook,Restaurant San Benito,2025-10-13T09:28:04.000Z,0,,,,,,,
852148,Mahroussa tae rouiba 00000  [COMPLAINT],1331,instagram,mahroussaglace,2025-10-31T19:05:08.000Z,0,,,,,,,
196792,poutine ?,49804,tiktok,@check_in22,2026-01-02T20:42:40.564425,0,,,,,,,
983227,"Mshalalah, Je tiens à vous remercier pour votre accueil chaleureux et la qualité remarquable du service , Le repas était excellent et l’expérience vraiment agréable. Au plaisir de revenir prochainement.",6649,Google Maps,American Burger said hamdine,2025-10-24T17:51:48.198Z,0,,,,,,,
590014,J’ai bien vu passer un mille feuille presque sans crème pâtissière,62778,tiktok,@allechante,2026-01-02T21:30:57.321131,0,,,,,,,
852163,غالي نيشان,63144,tiktok,@restaurantcarthage,2026-01-02T21:31:19.065982,3,,,,,,,
327884,La bonne bouffe grasse,7269,Google Maps,American Burger said hamdine,2025-01-13T11:58:33.594Z,0,,,,,,,
852174,مشاء الله عليك خويا [APPRECIATION],49712,tiktok,@gosto_fast_food,2026-01-02T20:41:43.663205,1,,,,,,,
721105,Un des meilleurs restaurants d’Alger. Rien à dire. Personnel accueillant et chaleureux. Plats délicieux.,3073,Google Maps,تاج محل بن عكنون,2024-06-22T13:47:15.308Z,0,,,,,,,
852190,سر البنة نفسية انك تاكل في الدار وفي الشارع اختلاف,41656,tiktok,@street_food,2026-01-02T19:57:49.336022,0,,,,,,,
327911,الاسعار نسبة و تناسب مع الخدمة تعتبر غالية قليلا لكن الجودة موجودة كما ان المكان قريب من منزلي لكن الموقع صعب قليلا عند الدخول لكنها تجربة جميلة لاوقات محددة في العام ولكن ليست للتجربة اليومية يتفوق على العديد من المطاعم التي تقدم تقريبا نفس الفئة السعرية للخدمة و حتى القريبة منه مثل المطعم الهندي الحقيقة من اكثر اسباب النجاح الشغل الكثير على التسويق خاصة في مواقع التواصل بالتوفيق هشام كوك خويا,4398,Google Maps,هشام كوك بيتزا,2024-04-03T07:55:16.279Z,0,,,,,,,
721132,Ça ne réponds pas à la question ! ?,34006,tiktok,@leguidemichemiche,2026-01-02T19:23:12.391070,0,,,,,,,
196852,Salam en allant dîner ce soir chez le restaurant à petit feu à kouba je tenais a partager avec vous mon expérience alors une très attente interminable pour une grosse déception pizza plus que banale sauce trop acide on s'est trompé dans notre commande sincerment j'ai passé plus de temps à attendre qu'à manger et j'aurais aimé compenser ma patience par un bon dîner mais malheureusement c'était décevant,7389,Google Maps,Restaurant À Petit Feu,2024-07-20T16:18:15.937Z,0,,,,,,,
327933,il te paye combien pour la pub,22102,tiktok,@maison_sardoudi,2026-01-02T18:22:39.538575,0,,,,,,,
459006,بصح خويا كرامال باين بلي كونجلي متكدبش علا ناس,12023,Facebook,Restaurant San Benito,2025-10-13T13:02:02.000Z,0,,,,,,,
196861,الميرو بيبي,57348,tiktok,@_le216_,2026-01-02T21:17:21.147934,1,,,,,,,
196874,Filet de dorade d'élevage prix d'achat 1100 DA kg,14070,tiktok,@le_dauphin_restaurant,2026-01-02T18:00:55.718284,0,,,,,,,
721164,كاين التوصيل لحسين داي,24848,tiktok,@woodgrill_dz,2026-01-02T18:31:56.328138,0,,,,,,,
327969,سعر مرتفع مقارنة مع الوجبة المقدمة,3045,Google Maps,تاج محل بن عكنون,2024-12-11T15:28:35.523Z,0,,,,,,,
983346,الله بارك. وزيد,67616,tiktok,@bladi_oran,2026-01-02T21:51:52.899298,0,,,,,,,
459062,وين هذب,63418,tiktok,@santorino,2026-01-02T21:32:15.922908,0,,,,,,,
328003,"Tres tres déçue , on a commandé 3 pizzas et un plat kabab quand on était entrain de manger un serveur nous a ramené une 4ème pizza mon mari lui a dit que c pas la notre apres le serveur a réalisé qu il a fait une erreur et que la pizza appartient a la table a côté lsl a la sortie le caissier nous a dit "" vous avez 4 pizzas et un plat"" on a répondu que c'était une erreur et c pas la notre , le caissier a appelé quelqu'un pour confirmer (c son droit ) et nous a donné une nouvelle addition خلصنا نضرب طلة على le bon نلقا thé 2 قلنالو لالا راكو غالطين ماديناش لاتاي عاود هدر فالتلفون قالو serveur مشي تاعهم تقلق caissier جبد 500daو تقدرو تقولو رماهانا في وجهنا و دور وجهو زعما قلقتوني واقيل حبنا نخلصو واش ماكليناش المهم اول واخر مرة بسك دارنا القنطة بهاداك jeste بت ندعي عليه حيو. ان",7388,Google Maps,Restaurant À Petit Feu,2024-07-20T17:38:38.167Z,0,,,,,,,
721221,شتاهي كيفسي,38158,tiktok,@kfc,2026-01-02T19:39:27.947229,0,,,,,,,
983366,Bon mais cher surtout la livraison,7372,Google Maps,American Burger said hamdine,2024-12-21T14:03:21.313Z,0,,,,,,,
721227,vous avez des menus ou juste à volonté ?,26316,tiktok,@lovers_grill,2026-01-02T18:34:55.974018,0,,,,,,,
328020,مشاء الله تبان تهبل  [APPRECIATION],62764,tiktok,@allechante,2026-01-02T21:30:56.460522,0,,,,,,,
983389,وين هاذ احير,31806,tiktok,@entracte,2026-01-02T19:14:24.034723,1,,,,,,,
590178,Hajer Hajer الميلونج برك انسة . علابالك شحال راه يدير السومون وحده . راهو ب خمسمية للكيلو,11389,Facebook,Restaurant San Benito,2025-07-28T16:51:00.000Z,0,,,,,,,
852324,لأن النظافة تقضي على البنة,41524,tiktok,@street_food,2026-01-02T19:57:43.732942,1,,,,,,,
721253,كاين ليريزو البليدة,31642,tiktok,@woodgrill_dz,2026-01-02T19:13:58.136719,0,,,,,,,
721261,شعال يغموني الإخوة كي يلعبوها زعمة لوجه الله حسبتهالكم 320 و هو علابالو بلي غالي بزاف,47500,tiktok,@bazookadz,2026-01-02T20:32:25.582804,35,,,,,,,
590190,franchement c’est trop chère,2801,Google Maps,HichamCook Grill House,2023-01-22T08:06:39.612Z,0,,,,,,,
328049,السعر و العنوان من فضلك,68538,tiktok,@my_pizza_oran,2026-01-02T21:56:37.990494,0,,,,,,,
196983,Omar Omar مزية راك شافي شكون خلص ههههه,12377,Facebook,Restaurant San Benito,2025-10-12T17:12:02.000Z,2,,,,,,,
721273,Burger Forest juste exceptionnel ! Le service très rapide les meilleurs dans votre domaine bravo l’équipe !,7066,Google Maps,American Burger said hamdine,2025-05-11T20:10:25.724Z,0,,,,,,,
721274,بسم الله ماشاء الله تبارك الله جنة فوق الأرض  [APPRECIATION],60384,tiktok,@seraidi.live.z,2026-01-02T21:22:49.679196,0,,,,,,,
196989,والله راح تهبلو,44130,tiktok,@dzforestrestaurants,2026-01-02T20:11:39.498519,0,,,,,,,
328069,⁨الله يبارك مشاء الله⁩,2160,instagram,za_eat_27,2025-07-28T23:35:57.000Z,1,,,,,,,
983432,vivement l'ouverture  [APPRECIATION],30094,tiktok,@so.chicken.oran,2026-01-02T18:55:05.718262,0,,,,,,,
328090,بصحكتم,28104,tiktok,@amine.lacantine,2026-01-02T18:45:37.890100,1,,,,,,,
328091,و السعر كفاه,23974,tiktok,@spotter.dz,2026-01-02T18:27:23.296509,2,,,,,,,
328093,حبيييتتت اني عذيت عليه المرة لي فاتت لقيتو مقفول يخدموا فيه [APPRECIATION],50754,tiktok,@broaster_chiken,2026-01-02T20:59:42.104965,5,,,,,,,
328098,مروان راح الريجيم خو .,215,instagram,amine_la_cantine,2025-12-05T11:10:41.000Z,10,,,,,,,
197033,Ex docteur chawerma,46708,tiktok,@oumanger.oran,2026-01-02T20:23:56.070151,0,,,,,,,
197038,إشهار فاشل لازم تلعبها تجياح مع الخدامين تاع الريسطورو من بعد قولهم مايعجبني الريسطورو وحوط اسمو ووين جاي,19120,tiktok,@helena,2026-01-02T18:16:28.398041,1,,,,,,,
197040,بالنسبة للأكل المستوى مستمر في التدهور والنزول بخصوص البيتزا مكونات جدا قليلة الجبن يكاد يكون نادر فوق البيتزا حتي مع اضافة جبنة زائد تبقي جدا قليلة البخل أسوء شيئ يقوم به المطعم لاأنصح بالأكل بيتزا عنده تجربة جدا سيئة,4188,Google Maps,هشام كوك بيتزا,2024-10-08T20:11:52.812Z,0,,,,,,,
328113,من فضلك هذا لبلا بشاح,49114,tiktok,@chicks_nook,2026-01-02T20:40:13.769352,1,,,,,,,
197043,"Très bonne expérience. Avons testé le Dal, le Chicken Makhani (butter chicken), le byriani « royal » et des Kulfi (glace indienne) en dessert. Tout était excellent et très copieux. Très bon service, le personnel est rapide et très attentionné. Nous reviendrons au Taj Mahal avec plaisir car nous y avons retrouvé des saveurs authentiques que nous connaissons bien. Le « plus » : une salle pour les non fumeurs (merci ! ).",3142,Google Maps,تاج محل بن عكنون,2022-11-20T07:21:36.534Z,0,,,,,,,
983480,"ça donne vraiment envie de visiter, j'adore tout ce qui est antiquité  [APPRECIATION]",14140,tiktok,@les_jumelles,2026-01-02T18:01:20.508915,0,,,,,,,
197053,خويا ليجي يمضغ و ميسرطش شحال تحسبوه [APPRECIATION],44538,tiktok,@dzforestrestaurants,2026-01-02T20:11:56.278196,0,,,,,,,
459211,promotion 3200 [APPRECIATION],47516,tiktok,@bazookadz,2026-01-02T20:32:25.582837,0,,,,,,,
328176,أنا كليت عندوا بزاف بزاف غالي سراقين,10954,Facebook,Restaurant Casa Bella - Draria,2025-08-01T09:55:42.000Z,0,,,,,,,
328180,لاباتي/ بوتايتس/ الغار /حميدة /حبابنا /محمد دولة,58994,tiktok,@maestro_dz13,2026-01-02T21:21:22.102203,0,,,,,,,
852474,Rien à voir avec celui de beb ezzouar ou de benaknoun serveur désagréable qui vient débarrasser la table alors que le client mange toujours,5035,Google Maps,قصبة اسطنبول,2025-12-10T18:16:18.755Z,0,,,,,,,
328186,كي تسمع الموسيقى هادي غير فحط,28574,tiktok,@restaurant.primo,2026-01-02T18:46:29.702759,0,,,,,,,
590336,top c où,36790,tiktok,@restaurant.madala,2026-01-02T19:34:39.262689,1,,,,,,,
197121,يا درا سومة الشوربة؟؟؟,14142,tiktok,@les_jumelles,2026-01-02T18:01:20.508917,2,,,,,,,
983589,ou excatement [APPRECIATION],64054,tiktok,@restauranttrattoriaoran,2026-01-02T21:34:08.809234,1,,,,,,,
459306,Les gens de Annaba vous êtes où  [APPRECIATION],60358,tiktok,@seraidi.live.z,2026-01-02T21:22:48.839847,1,,,,,,,
328249,كاين ناس تخلي بنتها تتعرة قدم ناس,12892,Facebook,Restaurant San Benito,2025-10-13T14:36:31.000Z,20,,,,,,,
197185,ما لقيتش تعليق,11124,Facebook,Restaurant Casa Bella - Draria,2025-07-29T10:39:55.000Z,0,,,,,,,
983626,je le connais  [APPRECIATION],21716,tiktok,@maison_sardoudi,2026-01-02T18:22:30.984884,0,,,,,,,
852564,اولا: الموظفين نفسيتهم متعجرفة ثانيا: الاكل يأخذ وقت طووويل حتى يصل ثالثا: لايوجد لذه مثله مثل اي مطعم رابعا : اللحم قاسي خامسا:الاجواء كأنك في مطعم الجامعه سادسا: الاسعار غالية سادسا : الطلب شئ والموجود شئ,2787,Google Maps,HichamCook Grill House,2023-02-07T13:46:26.645Z,0,,,,,,,
459351,g l eau à la boucheeeeee ! merci pr le partage,34136,tiktok,@taylot,2026-01-02T19:23:33.774774,0,,,,,,,
459356,Génialité dans génialité [APPRECIATION],413,instagram,"brother.ts
",2025-01-08T19:49:47.000Z,0,,,,,,,
983646,جربتو اليوم بنين صح او معاملة مشاء الله,51972,tiktok,@rays_annaba,2026-01-02T21:03:07.004472,28,,,,,,,
459359,"Très très bon restaurant, tous y est: Restauration+ service+ propreté+ luxe. Top Avertissement les prix un peu cher",2822,Google Maps,HichamCook Grill House,2022-12-31T19:36:00.452Z,2,,,,,,,
721504,"Serveurs antipathiques, .",6360,Google Maps,Casbah Istanbul,2019-12-27T15:16:03.087Z,2,,,,,,,
983649,"Enfin Amdoullillah un restaurant DZ , hâte de venir en famille , longue vie à votre restaurant inchallah",35156,tiktok,@sinai,2026-01-02T19:28:05.224188,0,,,,,,,
983656,le meilleur kebab que jai mangé et je pèse mes mots ! service rapide équipe très accueillante et efficace,5098,Google Maps,قصبة اسطنبول,2025-08-12T16:29:12.693Z,0,,,,,,,
328303,Domage restaurant comme ça fait des pizza et bourata quelle cache,24498,tiktok,@opium,2026-01-02T18:29:41.221351,1,,,,,,,
459379,لازم متكونش في بلادنا,38162,tiktok,@kfc,2026-01-02T19:39:27.947239,0,,,,,,,
328313,غاليه بزاف لا انصح به زوالي,11137,Facebook,Restaurant Casa Bella - Draria,2025-09-04T16:31:35.000Z,0,,,,,,,
590460,On peut nager dans la piscine ?,71358,tiktok,@dwiretelazz,2026-01-02T22:08:42.206613,2,,,,,,,
852617,كاين توصيل لحسين داي؟,332,instagram,"brother.ts
",2025-12-13T18:50:04.000Z,0,,,,,,,
328335,اروع محل,19542,tiktok,@sultan,2026-01-02T18:17:17.404489,1,,,,,,,
197265,c vrai,58126,tiktok,@vilageneige_annaba,2026-01-02T21:19:45.812478,0,,,,,,,
852625,"The mixed grill was undercooked and had a bad smell, and the bread wasn’t fresh. Very disappointed with the quality. Wouldn’t recommend.",5845,Google Maps,Casbah Istanbul,2025-12-05T18:20:36.824Z,0,,,,,,,
459410,تشري عليا حوت نبيعلك,13664,Facebook,Restaurant San Benito,2026-01-02T10:52:22.000Z,0,,,,,,,
721561,تيكو تياكو cha dakhal commentaire hada fi publication ta3 restaurant ؟؟,12792,Facebook,Restaurant San Benito,2025-10-12T20:55:07.000Z,1,,,,,,,
197278,"La bouffe est bonne. La serveuse avec des cheveux longs prends les gens pour des cons mais bon, on s’en fous d’elle. sinon les prix sont un peu exagérés.",3619,Google Maps,Laurel Restaurant,2025-10-16T16:21:38.629Z,0,,,,,,,
852640,واه قلشيني عمري قلشيني نتي نڨي ونا ناكل عمري  [APPRECIATION],13695,Facebook,Restaurant San Benito,2025-12-29T05:43:22.000Z,0,,,,,,,
459428,عندهم فريت أوملات  [COMPLAINT],17648,tiktok,@seven.times.luxury,2026-01-02T18:13:18.308896,1,,,,,,,
459436,"a ouï j, ai trop aimé",21630,tiktok,@maison_sardoudi,2026-01-02T18:22:29.028026,0,,,,,,,
197301,"Flop flop , surtout les raviolis 4 fromages",34584,tiktok,@opium,2026-01-02T19:24:18.527903,2,,,,,,,
459446,يعطيكم الصحة راني نشوف غير نتوما اللي راكم دايرين اسعار في متناول الجميع. ربي يبارك في مالكم [APPRECIATION],2035,instagram,the____bakery,2025-08-02T16:13:10.000Z,10,,,,,,,
721593,trop de protocole pour 4 pièces d'escargots,73180,tiktok,@pont_hydra,2026-01-02T22:13:49.131767,0,,,,,,,
459450,بصحتك حبيبتي الغالية [APPRECIATION],56818,tiktok,@papillons827,2026-01-02T21:16:38.306193,1,,,,,,,
983739,كليت عندهم بيتزا هايله,20564,tiktok,@labelladalger16,2026-01-02T18:19:38.979241,0,,,,,,,
197310,سلام خويا انا مهتم بفتح فرع في ولاية تبسة,2138,instagram,wonder_food.s,2024-12-28T17:07:39.000Z,0,,,,,,,
852672,وين جايه لبلاسه,11531,Facebook,Restaurant San Benito,2025-08-13T22:29:45.000Z,0,,,,,,,
328396,"Des prix très resonable sincèrement jamais vu déjà comme ça ailleurs et aussi c propre. bn courage. et nchalah le service est aussi top, j'en doute pas.",36912,tiktok,@restaurant.madala,2026-01-02T19:34:41.737912,1,,,,,,,
328403,150للطبق الواحد وضح للناس مدرلهمش فخ,11550,Facebook,Restaurant San Benito,2025-08-08T21:05:26.000Z,0,,,,,,,
721619,Helllo vous comptez pas reouvrir les soirs d'été ?  [APPRECIATION] [COMPLAINT],2209,instagram,teyr_ellil,2025-07-09T09:04:56.000Z,2,,,,,,,
983766,Dinguerie j’ai carrément cru que c’était en Algérie  [APPRECIATION],35606,tiktok,@sinai,2026-01-02T19:28:18.081552,0,,,,,,,
197335,kurusti ? c est quoi,17054,tiktok,@casa_burger1,2026-01-02T18:11:25.343888,0,,,,,,,
328411,je crois que c la coupole,14162,tiktok,@les_jumelles,2026-01-02T18:01:20.508941,1,,,,,,,
459486,Félicitations ont passera à l’occasion,39786,tiktok,@le77tizi,2026-01-02T19:43:41.435653,0,,,,,,,
590560,المشكل فاقلو السوسيالات,19328,tiktok,@helena,2026-01-02T18:16:35.409799,0,,,,,,,
197348,C'est ou?,24676,tiktok,@laturquoisehotel,2026-01-02T18:30:26.774706,0,,,,,,,
459492,ههههه جابلك ربي راك داير مزية 500 كل اثنين يسما الانسان يخدم ب 100الف خمسة أيام ونهار السادس يجيبهملك باش يتعشى سبحان الله,10577,Facebook,Dz Forest Restaura,2025-10-14T08:12:32.000Z,0,,,,,,,
983782,Thala veu dire la fontaine.,27494,tiktok,@thala,2026-01-02T18:44:48.001893,1,,,,,,,
459493,les personnes de Annaba olala on ce donne un point de rendez vous la bas ? ça vous dit ?,60162,tiktok,@seraidi.live.z,2026-01-02T21:22:44.123249,3,,,,,,,
590569,serveur il a fait l'hotellerie,15050,tiktok,@lassiette.algeroise,2026-01-02T18:06:54.077223,0,,,,,,,
328429,هدرتو كامل صح [APPRECIATION],2120,instagram,wonder_food.s,2025-09-03T09:57:08.000Z,0,,,,,,,
590578,kfc مقاطعة,37878,tiktok,@kfc,2026-01-02T19:39:22.958421,2,,,,,,,
721654,هذه مازال بيلا ينوضو الناس من الطوابل باش يقعدو ناس وحدخرين والله ما نزيد نجي ناكل عندكم قلة ادب,10965,Facebook,Restaurant Casa Bella - Draria,2025-09-06T00:11:56.000Z,1,,,,,,,
328438,"Je fréquente régulièrement ce fast-food et j'ai toujours été satisfaite de mes commandes, mais aujourd'hui, j'ai eu une très mauvaise expérience. Nous avons dû attendre plus d'une heure pour recevoir notre commande, et quand elle est enfin arrivée, elle était froide. Nous avons immédiatement fait part de notre mécontentement, mais aucun geste commercial ou solution ne nous a été proposé. En plus, il manquait des sauces et des pailles, et nous avons dû réclamer plusieurs fois pour les obtenir. Très décevant, surtout pour un endroit où je viens régulièrement. Je m'attendais à bien mieux en termes de service et de qualité ……. Je suis repassée récemment et j’ai été agréablement surprise : le service était rapide et chaleureux, et la nourriture bien chaude. Ça fait plaisir de voir une amélioration",7288,Google Maps,American Burger Factory,2025-05-25T17:26:02.761Z,0,,,,,,,
983800,خليه يقعد في راسهم,38858,tiktok,@kfc,2026-01-02T19:39:57.510234,0,,,,,,,
459513,يعطيك الصحة والعافية,53888,tiktok,@guellil._.tasnim,2026-01-02T21:08:14.299339,0,,,,,,,
197376,"Mon adresse coup de cœur ! Ce lounge est devenu mon petit refuge. Dès la première visite, j’ai été conquise par l’ambiance cosy, l’accueil chaleureux et le service toujours attentionné. Depuis, j’y reviens régulièrement — je suis devenue une cliente fidèle, et chaque visite est un vrai plaisir. La tarte au citron est à tomber : fondante, bien équilibrée, avec juste ce qu’il faut d’acidité… un vrai délice à ne pas rater. Un endroit où l’on se sent bien, où tout est soigné dans les moindres détails. Je recommande sans hésiter !",3660,Google Maps,Laurel Restaurant,2025-07-12T09:23:31.136Z,0,,,,,,,
328459,طايحا 500حساب عندك 70طرونشات على5الاف المطرڨ طاحت 350 زيدالجاجة 80ألف فريت15ألف حمود بوعلام 10 آلاف كموبار 30 الف حميس 20 الف زايدا على حسابي 5000ألاف برك خلعتنا,10201,Facebook,Dz Forest Restaura,2025-10-13T13:07:13.000Z,0,,,,,,,
590603,قهوية,13312,Facebook,Restaurant San Benito,2025-10-31T05:48:40.000Z,0,,,,,,,
721690,? حلال,25206,tiktok,@lovers_grill,2026-01-02T18:33:09.961752,0,,,,,,,
983839,"En Algérie je dépenserai pas un centime ça mérite pas , .",32810,tiktok,@seven.times,2026-01-02T19:17:52.608611,0,,,,,,,
983846,أياو أنيرو لو حساب بروشات50دج (70*5=350ألف) حاجة ب 80ألف كمومبار 20ألف فريت 18الف أحمس 18الف حمود 9ألف . المجموع:350+80+20+20+20+9=499ألف، أنت مام الخبزة محسوبة +10دج ههههههههههههههههه,9695,Facebook,Dz Forest Restaura,2025-10-13T00:57:04.000Z,103,,,,,,,
328487,"Les pizzas sont sans goûts (même si visuellement elles ont l'air délicieuses), temps de service très lent alors que nous étions les seuls dans le resto. Vraiment déçue ya que la déco qui est belle.",4815,Google Maps,Hicham cook pizza pasta,2022-08-23T17:22:39.127Z,7,,,,,,,
721711,راك الرائد في مجال الإشهار,51602,tiktok,@broaster_chiken,2026-01-02T21:00:02.374314,0,,,,,,,
197433,"J'étais vraiment surpris par l'authenticité du menu, des saveur venu tout droit des états unis , avec la demi heure d'attente pour la premiere commande et dix autres minutes pour la seconde",6729,Google Maps,American Burger said hamdine,2025-09-29T18:51:18.216Z,0,,,,,,,
852795,من لقراطوار تع الكانكيري لي قشروا بيه لحيوط,42392,tiktok,@street_food,2026-01-02T19:58:07.057142,0,,,,,,,
852800,Franchement je donne 2 étoiles pour la déco parce que à part ça c'est pas fameux exemple j'ai commandé 3 tacos 2 avec sauce algérienne et l'autre pimenté bah ils m'ont donné les 3 tacos dans UN sachet sans marqué le qu'elle est qui et de plus je trouve pas leurs cuisine bonnes mais ça c'est moi peut être.,4949,Google Maps,Hicham cook pizza pasta,2020-02-11T12:55:50.019Z,1,,,,,,,
590662,اخي شغل رائع جدا ،نفس القياس بالضبط نفس العتاد نفس كل حاجة موجودة بالفيديو اشحال التكلفة الكلية ،برجاء الرد بدون ارقام و او على الخاص. الخ ،مع الشكر المقدم,39362,tiktok,@itchy_food,2026-01-02T19:41:13.058245,0,,,,,,,
328541,دوكا حتى نجي ليك باه نعرف السعر اذا نقدر نشري ولا نعاود نروح ؟,9825,Facebook,"  Restaurant elassil








",2025-12-25T15:58:35.000Z,0,,,,,,,
852833,سعيد سعيد فاملتي كان يبيعلو توابل محبش يخلصو,10864,Facebook,Restaurant Casa Bella - Draria,2025-08-19T10:11:40.000Z,0,,,,,,,
197473,الله يبارك فيكم ما شاء الله [APPRECIATION],66814,tiktok,@bladi_oran,2026-01-02T21:51:21.249718,1,,,,,,,
721763,propreté service atmosphere accueil le gout reste moyen donc moins une étoile (un plat rempli d'aubergine à la place de la viande),6133,Google Maps,Casbah istanbul,2023-10-19T14:53:36.876Z,0,,,,,,,
983908,Salam c’est où s’il vous plaît,35830,tiktok,@sinai,2026-01-02T19:28:27.105042,0,,,,,,,
197475,تعشيت في بلاصة هذيك روعة [APPRECIATION],22668,tiktok,@le_perchoir,2026-01-02T18:25:10.325597,1,,,,,,,
721770,دراهمك يقلشوووك لا أنت لا غيرك,13887,Facebook,Restaurant San Benito,2025-12-26T17:30:19.000Z,0,,,,,,,
459632,Restaurant que je ne recommande en aucun cas ni pour l’accueil ni pour la qualité des plats nous avons été pratiquement jeter dehors les plats s’enchaînent à une allure incroyable nous n’avons pas le temps de finir l’entrée que le plat de résistance est sur la table le responsable est très désagréable je n’y reviendrais pas à exclure,5093,Google Maps,قصبة اسطنبول,2025-08-13T23:12:45.003Z,0,,,,,,,
328564,هده حقيقة  [APPRECIATION],58128,tiktok,@vilageneige_annaba,2026-01-02T21:19:45.812480,0,,,,,,,
721781,مهم انا درت حفظ ، اذا تزوجت برجل اعمال راني نزوركم,18362,tiktok,@helena,2026-01-02T18:16:11.110372,2,,,,,,,
459641,Service très lent. Plat commandé pas conforme au menu. Mélange salé sucré dégueulasse,6804,Google Maps,Restaurant À Petit Feu,2025-08-02T20:07:50.557Z,0,,,,,,,
459642,L hygiène c'est très important,68386,tiktok,@le_petit_chalet,2026-01-02T21:55:05.450164,1,,,,,,,
197499,افضل مكان نروحلو و نرتاح فيه  [APPRECIATION],18276,tiktok,@helena,2026-01-02T18:16:08.811209,4,,,,,,,
590724,jamais j'ai vue l'énumération du restaurant avec les services de sécurité  [APPRECIATION],28612,tiktok,@american.burger.tizi,2026-01-02T18:47:27.891722,1,,,,,,,
590726,هدا هوا أكل الشوارع من عند ربي بنين وهدا الأكل داخل في تخصص وتكوين الطباخين حتي الطباخين العالمين يجوزو علي هدا التخصص,41856,tiktok,@street_food,2026-01-02T19:57:52.698754,0,,,,,,,
721805,"La nourriture est de moins en moins bonne. J’y suis allée plusieurs fois. Attention à la qualité de la nourriture et de sa diversité ! Les toilettes ct la cata, on dirait ceux du bateaux, eau partout!",25382,tiktok,@lovers_grill,2026-01-02T18:33:44.430289,5,,,,,,,
459671,restau. musée  تحفة [APPRECIATION],14210,tiktok,@les_jumelles,2026-01-02T18:01:21.546588,1,,,,,,,
721824,Vive bledi et c’est traditions,34922,tiktok,@sinai,2026-01-02T19:28:00.996449,0,,,,,,,
328610,الاسعاااااااااار؟ ؟,15242,tiktok,@fouka.marine,2026-01-02T18:07:30.666213,1,,,,,,,
590769,نتي بروحك تحسب حبة صولة,13298,Facebook,Restaurant San Benito,2025-10-13T05:47:16.000Z,0,,,,,,,
983986,حنا ما يهمناش في الكاليتي،يهمنا في الكونتيتي,9489,Facebook,"  Restaurant elassil








",2025-12-17T11:04:58.000Z,0,,,,,,,
983991,وين محل تعكم,48034,tiktok,@rahmani_food,2026-01-02T20:34:22.211731,0,,,,,,,
852920,"0/10 service longer than an hour wait time, wrong order received",4014,Google Maps,هشام كوك بيتزا,2025-10-12T22:47:52.055Z,0,,,,,,,
328635,Je recommande vivement Service au top Bien fréquenté Menu bien varié et prix raisonnable,8020,Google Maps,Restaurant À Petit Feu,2023-02-07T18:20:59.203Z,5,,,,,,,
197564,Un accueil 00 plus un tacos taille S même taille que le bourak de la maison ! Franchement,6806,Google Maps,American Burger Factory,2025-08-05T08:03:33.852Z,0,,,,,,,
721851,Houta Boussouf,10276,Facebook,Restaurant Tabarka Annaba,2025-12-23T17:44:26.000Z,1,,,,,,,
852929,Livraison disponible m3a delivro mrhba,50740,tiktok,@broaster_chiken,2026-01-02T20:59:42.104954,12,,,,,,,
852934,Hâte de monter sur Alger pour y goûter  [APPRECIATION],1123,instagram,jardina.coffee,2025-08-17T11:41:04.000Z,1,,,,,,,
328656,la quantité c pour une personne,34618,tiktok,@le_carre_restaurant,2026-01-02T19:24:34.186932,0,,,,,,,
984023,c'est le pire . Le meilleur c'est celui de boumerdes,48580,tiktok,@hafakafood,2026-01-02T20:35:33.277241,0,,,,,,,
328664,"Dégueulasse, j'ai commandé des brochettes de poulet qui ne ressemblait pas du tout à du poulet ni au goût ni à la forme, les serveurs sont désagréables, ils ont même oublié une assiette commandé, ça n'avait pas l'air de les déranger plus que ça. J'y retournerai jamais.",6398,Google Maps,Casbah Istanbul,2019-07-15T22:23:50.272Z,4,,,,,,,
197594,meilleur chawerma ta3 البيت الفلسطيني الباقي تعيي.,55176,tiktok,@panera_41,2026-01-02T21:12:54.102874,2,,,,,,,
721888,هل يوجد توصيل,33786,tiktok,@restaurant_gizay,2026-01-02T19:22:52.171862,0,,,,,,,
197608,The best of the best!,48080,tiktok,@rahmani_food,2026-01-02T20:34:23.891598,0,,,,,,,
459752,4 appeles sans réponse,3855,Google Maps,L’Alchimiste Pâtisserie,2025-02-13T09:25:59.848Z,0,,,,,,,
197619,Essaie la scala pour le goût et rends moi la réponse,34588,tiktok,@opium,2026-01-02T19:24:18.527948,1,,,,,,,
590838,"Jus et croissants hhhh,",846,instagram,garden.coffeeshop,2024-08-30T10:01:40.000Z,1,,,,,,,
590844,"Leur sandwich baguette viande et fromage fumé est a tomber par terre , je le recommande Dommage que le menu a ete modifier plus de tacos ni de sandwich baguette",4780,Google Maps,Hicham cook pizza pasta,2022-12-14T18:04:16.906Z,0,,,,,,,
984076,On dirait que c’est dans le quartier lotfi non? si je me trompe autant pour moi les oranais. Je suis de Biskra mais je kiffe Oran et j’y viens tout les ans au moins 1 mois minimum.,45302,tiktok,@budz,2026-01-02T20:15:55.685242,0,,,,,,,
853004,The service is horrible and the staff are so loud,6730,Google Maps,American Burger said hamdine,2025-09-29T18:17:53.813Z,0,,,,,,,
590860,"Je tiens vraiment à remercier le personnel de American burger de said hamdine , sympa , respectueux et surtout j’adore quand ils valorisent la clientèle , nourriture propre et bonne , tjrs meme standing c’est un plaisir. Bonne chance",6902,Google Maps,American Burger said hamdine,2025-07-12T19:44:21.623Z,0,,,,,,,
197652,ماشاء الله والله [APPRECIATION],67008,tiktok,@bladi_oran,2026-01-02T21:51:32.679013,0,,,,,,,
590869,It was really delicious,6748,Google Maps,American Burger said hamdine,2025-09-12T18:16:23.847Z,0,,,,,,,
197655,A tizi ouzou pour la première fois j'étais très déçue mauvaise expérience désolé je parle de la nourriture,105,instagram,american.burger_dz,2025-12-22T22:32:48.000Z,0,,,,,,,
459808,اسمحلي خويا قلب اللوز تاع سرير معمر بالسكر و النكهة الاصطناعية تاع ماء الزهر قاوية قلب اللوز لمخير تاع لحاج في شارع طانجة درك غلق معلاباليش وين رحل,43708,tiktok,@serir_alger,2026-01-02T20:09:43.074260,0,,,,,,,
590888,Tayeb Yahiaoui اقتلتنا يا مصطفي ربي يهديك ناكل حتي رجليا عندي سمانة ما اكليتش حتى الطابلة نمسحها,12885,Facebook,Restaurant San Benito,2025-10-13T21:47:53.000Z,0,,,,,,,
853034,لي قتلك عليه,62790,tiktok,@allechante,2026-01-02T21:30:57.321140,1,,,,,,,
721963,"Endroit parfait pour un repas en famille ou entre amis . La viande est tendre , les desserts délicieux et l’accueil exceptionnel je recommande vivement",5105,Google Maps,قصبة اسطنبول,2025-08-12T13:40:21.463Z,0,,,,,,,
197688,لاه مديتنيش معاك حبي,26778,tiktok,@seven.times,2026-01-02T18:39:12.892985,0,,,,,,,
590910,هذيك هيا بالقازوز. سوا يوا,44596,tiktok,@dzforestrestaurants,2026-01-02T20:11:59.457747,0,,,,,,,
853055,"mon entourage est parti , ils ont pas trouvé ça fameux,",45464,tiktok,@budz,2026-01-02T20:15:58.945003,0,,,,,,,
853059,سعيد سعيد كيف كيف,10875,Facebook,Restaurant Casa Bella - Draria,2025-09-08T19:54:02.000Z,0,,,,,,,
984146,Bravo Nail! C’est magnifique je te souhaite beaucoup de succès! I am sure your cuisine is as authentic and sparkly as your personality! Wishing you a lot of success ( hi from an old friend back in the old days we were young! )  [APPRECIATION] [RECOMMENDATION],2188,instagram,teyr_ellil,2025-03-12T13:32:00.000Z,4,,,,,,,
328788,Ah non je suis désolée mwalfa toujours nwaf9k mais had lmara non soit 9oltilo Bli raki tswri Bach 3tak haka Psk le même burger djana sans frites et srir 3la haka et le tacos rien a dire srir fargh et en plus le service Walo ni des papiers ni rien anyway je valide pas (PS: c'est Jeudi hada brk JE VALIDE PAS donc je pense la vedio 9dima),1085,instagram,imstarvingfood,2024-10-20T00:30:54.000Z,3,,,,,,,
459862,تفرجت الفيديو خويا هشام شحال جاني,869,instagram,hichamcookgrill,2025-12-20T15:38:40.000Z,4,,,,,,,
722013,allah ibarek des prix raisonnable,36860,tiktok,@restaurant.madala,2026-01-02T19:34:40.863653,1,,,,,,,
984159,مطعم في المستوى جميل جدا,3522,Google Maps,Caracoya,2019-07-23T23:17:46.610Z,5,,,,,,,
197730,"Si je pouvais mettre 0 étoiles je l'aurai fais. Le restaurant est minuscule et le personnel est absolument ingrat. Plus d'une heure trente (Oui, j'ai compté les heures) pour un tacos remplis de sauce fromagère et un burger sans saveur. Même les serviettes ne sont pas de qualité, ce sont de vulgaire mouchoirs! Le prix est CHOQUANT pour la nourriture qu'on nous sert. Ma3jib nich kamal TFOU 3ALIKOUM!",8396,Google Maps,American Burger Factory,2024-03-06T00:41:18.939Z,2,,,,,,,
853093,ahya mohend okassi hooow amek thetilid ared aka thegheten ni,73528,tiktok,@pont_hydra,2026-01-02T22:13:57.016236,0,,,,,,,
197733,الجزائر هاذي راحت خلاص,38188,tiktok,@kfc,2026-01-02T19:39:29.030071,0,,,,,,,
328819,غالية غالية و الغابة فيها غير الي يعمرو راسهم,71116,tiktok,@paradou_restaurant,2026-01-02T22:04:58.186474,0,,,,,,,
197753,كاين livraison ولا نن,48392,tiktok,@mbfooddz,2026-01-02T20:35:07.801132,0,,,,,,,
590970,سعر من فضلك  [APPRECIATION],26718,tiktok,@seven.times,2026-01-02T18:39:08.809895,6,,,,,,,
197756,أنتي ثاني سمحة,13017,Facebook,Restaurant San Benito,2025-10-13T15:09:33.000Z,0,,,,,,,
722044,grâce a Mme Hayet j'ai envie de goûter ces escargots,72686,tiktok,@pont_hydra,2026-01-02T22:13:30.581082,0,,,,,,,
984193,Ain benian - ouled fayet . gratuit livraison?,29248,tiktok,@elcuatro_burgers,2026-01-02T18:49:33.686003,0,,,,,,,
984196,أكل بدون ذوق (تنقصه البنة)، الإستقبال والخدمات جيدة خارج أوقات الذروة، الأسعار لا تناسب الأكلات المقدمة، اطباق مناسبة للأطفال غير متوفرة،,4489,Google Maps,هشام كوك بيتزا,2024-01-09T18:05:14.042Z,0,,,,,,,
853124,بزاف لفريت راك كترت بزاف ولا راني غالط,42250,tiktok,@street_food,2026-01-02T19:58:03.681385,0,,,,,,,
984199,Un délice .,4456,Google Maps,هشام كوك بيتزا,2024-02-05T18:23:22.892Z,0,,,,,,,
197768,سانكلو الشابة [APPRECIATION],56752,tiktok,@lucia_annaba,2026-01-02T21:16:20.829771,0,,,,,,,
197770,"Great prices, Great burger, and bad steak. Chewy, cold, overall it was a ""not that bad"" steak sandwich, i recommend taking that out of the menu and focusing on the burgers. I guess people do not ask for that a lot as the server was surprised i did.",8741,Google Maps,American Burger Factory,2020-11-20T20:07:21.091Z,2,,,,,,,
853134,Livraison disponible ?,33596,tiktok,@restaurant_gizay,2026-01-02T19:22:47.063803,2,,,,,,,
853142,Je suis turc mais je me fous je vais prendre mes frères Dz je vais y aller là-bas,35678,tiktok,@sinai,2026-01-02T19:28:22.645638,0,,,,,,,
459928,"je regarde les commentaires et par allah que je vien de comprendre pk les généraux veulent protéger l algerie , trop à expliquer mais analyser les commentaires",35554,tiktok,@sinai,2026-01-02T19:28:16.261625,12,,,,,,,
984218,Top chef,4540,Google Maps,هشام كوك بيتزا,2023-12-21T16:28:00.522Z,0,,,,,,,
197795,Le goût par excellence !,6217,Google Maps,Casbah Istanbul,2022-09-18T20:37:59.571Z,0,,,,,,,
984228,"J'ai goûté Kunafa et elle est excellente, je recommande",5282,Google Maps,Casbah Istanbul القصبة اسطنبول,2024-05-08T09:28:44.172Z,0,,,,,,,
722085,مطعم الرايس - Restaurant Rais خويا كما هذا اللي في الفيديو وشحال,12413,Facebook,Restaurant Rais,2025-10-13T10:03:58.000Z,0,,,,,,,
722094,ننصحكم كامل تذوقو ماكلتها و تشجعو ولاد بلادنا,27428,tiktok,@thala,2026-01-02T18:44:44.642164,95,,,,,,,
328879,التوصيل للكور شحال خويا,55736,tiktok,@mfood.annaba,2026-01-02T21:14:08.503679,0,,,,,,,
984240,شحال لبيسين؟,26842,tiktok,@seven.times,2026-01-02T18:39:15.318137,0,,,,,,,
591027,le gars il est heureux tu sens qu'il est euphorique parce que tabboun lui ouvert un KFC  3alam wallah,38942,tiktok,@kfc,2026-01-02T19:40:00.958387,0,,,,,,,
328889,Drole de publicite. il n'y a qu'en algerie que sa marche. ils croient que le peuple est bete.,11819,Facebook,Restaurant San Benito,2025-09-10T03:47:49.000Z,0,,,,,,,
984250,Mohamed Solo خويا هذا راهو يخدم على روحو كي هو كي الناس هذي روستورون يمدلك ماكلة طايبة مش نية و يڤلك روح طيبها كون نحسب الشوا وحدو على 5 آلاف للواحد يجي 350 ألف تبقى 150 ألف أقسمها نتا على الدجاجة و لحميص و لكومونبار و لڤازوز شحال تلڤاهم ؟ كومباريه مع ليروستورون لخرين مش مع الجزار,10341,Facebook,Dz Forest Restaura,2025-10-14T10:26:56.000Z,0,,,,,,,
459964,زيدونا سلاطة و كانت 120الف علاه غليتو علينا,66518,tiktok,@barbecue_restaurant,2026-01-02T21:50:22.615726,1,,,,,,,
197837,familial ou non ?,70762,tiktok,@cintra,2026-01-02T22:01:13.741601,2,,,,,,,
591064,je suis de tigzirt mais j'ai jamais entendu. un village qui sa apple Thala mi existe Thala nechvaha et le le sens de Thala c la source d'eau,27476,tiktok,@thala,2026-01-02T18:44:48.001872,0,,,,,,,
853208,المردوم جزاءري,25740,tiktok,@ofennec.officiel,2026-01-02T18:34:11.048512,0,,,,,,,
984283,كيفاش راح ينتكل يرحم باباك خاصك علبة قفازاااااات ،خطرات تزيدو عليها برك,390,instagram,"brother.ts
",2025-04-11T09:31:45.000Z,0,,,,,,,
459996,احسن واقدم شباتي في عنابة احلا سكندر,55056,tiktok,@chapati.sidi_amar,2026-01-02T21:12:38.200132,0,,,,,,,
591070,Très bon accueil avec un très bon service,8075,Google Maps,American Burger Factory,2025-02-03T14:50:24.266Z,0,,,,,,,
853217,خويا امين لكونتين البنة النضافة,130,instagram,amine_la_cantine,2025-12-29T12:11:13.000Z,0,,,,,,,
984291,حنا ناكلو لي رزقنا بيه ربي والحمد لله,28012,tiktok,@amine.lacantine,2026-01-02T18:45:36.156419,6,,,,,,,
722148,"Madame, Vous êtes en train de vous familiariser avec l’escargot . Et portant , Ils sont consommés par l'Homme depuis la nuit des temps.",73426,tiktok,@pont_hydra,2026-01-02T22:13:54.199664,0,,,,,,,
984292,الطياب تاع الراجل يجي بنين علا تاع لمرا,42094,tiktok,@street_food,2026-01-02T19:58:00.340540,0,,,,,,,
984293,"Je suis déjà allé, c’est pas bon du tout et en plus c’est cher !",22068,tiktok,@maison_sardoudi,2026-01-02T18:22:38.675979,0,,,,,,,
722158,منقدرش نخلص نخاف يحبس قلبي,44044,tiktok,@dzforestrestaurants,2026-01-02T20:11:35.500171,0,,,,,,,
984309,ناحي لحية نجي ناكل عندك,11845,Facebook,Restaurant San Benito,2025-08-24T13:56:43.000Z,0,,,,,,,
722168,J’ai goûté c’est pas ouf,45470,tiktok,@budz,2026-01-02T20:15:58.945008,0,,,,,,,
460037,Kisach tbl3ou,70694,tiktok,@my_pizza_oran,2026-01-02T22:00:46.260541,1,,,,,,,
591113,"Bon établissement, personnel accueillant et respectueux. Vous serez conseillés sur tous les choix. Les portions sont généreuses et excellentes",6731,Google Maps,American Burger said hamdine,2025-09-29T12:52:53.982Z,0,,,,,,,
460045,C pas vrais a chaque fois nji bled namrod,13410,Facebook,Restaurant San Benito,2025-10-13T18:38:40.000Z,0,,,,,,,
853262,بدلو ديكور لالا!,18758,tiktok,@helena,2026-01-02T18:16:17.899733,0,,,,,,,
853264,"Livraison trop chère , la bouff ce n'est pas du tout comme en photo , et la quantité est très petite , franchement grave déçu",8451,Google Maps,American Burger Factory,2023-10-25T11:45:33.648Z,0,,,,,,,
591131,"-L'escalope à la crème est EXCELLENTE, crémeuse sans être grasse, et bien généreuse. -Le filet de bœuf est très bon (précisez juste la cuisson avant) -Les falaffels sont délicieux -les mix mezze est bons pour ceux qui aiment ce genre d'entrées -la pizza est très bien et surtout bien garnie -la salade césar vraiment très bonne -les bourrek également -fondant chocolat et sa boule de glace excellent aussi -la cuisse de poulet mariné un peu sèche mais correcte -déçu par les tagliatelles sauce crémeuse poulet et champignons la quantité de poulet et de champignons était vraiment minime",7795,Google Maps,Restaurant À Petit Feu,2023-08-31T01:23:21.997Z,1,,,,,,,
591139,و الاسعار بلافوو. يخدمو في اللول من بعد وليو يخلبطو ويحطو,51548,tiktok,@broaster_chiken,2026-01-02T21:00:01.526215,0,,,,,,,
329001,تراجع هشام كوك الى المركز الثاني,18580,tiktok,@helena,2026-01-02T18:16:14.469264,0,,,,,,,
460076,Je pense que je vais y aller tres prochainement hinchallah,58022,tiktok,@la.nouvelle.etoile0,2026-01-02T21:19:28.205396,1,,,,,,,
984376,Les bousbiriens Allah ghaleb,16962,tiktok,@user5834669559361,2026-01-02T18:10:52.141266,1,,,,,,,
460093,كون عيطلي كنت قريب,15784,tiktok,@mardoum,2026-01-02T18:07:56.870201,0,,,,,,,
197953,Windows hadi,44290,tiktok,@dzforestrestaurants,2026-01-02T20:11:44.778854,0,,,,,,,
853315,العنوان الولاية ؟؟؟,32446,tiktok,@restaurant_iceberg,2026-01-02T19:16:41.139527,0,,,,,,,
853318,الزوالي يقدر يدخل هنا باش يشوف هذه المتعة و لا قصدي على ر,19132,tiktok,@helena,2026-01-02T18:16:28.398052,0,,,,,,,
984392,il va pas tarder à fermer si vous êtes des hommes et si vous avez des hommes,38686,tiktok,@kfc,2026-01-02T19:39:47.807189,0,,,,,,,
591177,ماااااشاء الله,15322,tiktok,@fouka.marine,2026-01-02T18:07:32.370310,1,,,,,,,
329042,غالي على فيات دوبلو,65154,tiktok,@restaurant_marisco,2026-01-02T21:40:08.510613,0,,,,,,,
853339,"Je suis vraiment surprise par la note de ce restaurant car notre expérience a été incroyable. Je comprends que c'est souvent aléatoire car l'expérience dépend toujours de plusieurs facteurs. Mais pour nous tout était parfait: l'accueil, le cadre, l'ambiance, les box pour les familles, le restaurant moderne et ultra propre + la nourriture. Rien à dire. C'était super.",4615,Google Maps,Hicham cook pizza pasta,2025-10-18T22:18:05.219Z,0,,,,,,,
984414,"La bouffe était bonne mais ils ont augmenté les prix, l’endroit est beau et sympa.",6615,Google Maps,American Burger Factory,2025-09-19T09:33:49.021Z,0,,,,,,,
722276,السومة 67ليون ولا بدلة بمروتي,10616,Facebook,"  Restaurant elassil








",2025-12-27T02:49:42.000Z,0,,,,,,,
197994,"Un plat Équivalant aux salaires mensuels actuels , svp ne faite pas ça sa donne des frissons aux gens nécessiteux aux peres de familles d, un salaire de 24000da",10205,Facebook,"  Restaurant elassil








",2025-12-16T19:58:43.000Z,0,,,,,,,
984430,كنت رايحه ليه كي قريت لي كمونتار بطلت,16182,tiktok,@mardoum,2026-01-02T18:08:06.266974,0,,,,,,,
853359,"J’étais venue en 2023 et s’était vraiment super sympa l’ambiance, la qualité des plats … je ne sais pas ce qu’il s’est passée depuis mais j’ai invité toute ma famille à venir dîner étant sure que nous allions manger un bon plat et j’ai été très déçue. La qualité des plats n’était pas fameuse, les frites pas cuites, les quantités sont minimes. Le mojito n’est pas un mojito mais un jus au citron, 2 des plats choisis n’était pas dispo et les prix sont excessifs par rapport à la qualité. Le thé était offert lors de ma première visite et là rien … même les bouteilles d’eau, ils ne font pas la grande bouteille d’eau pour obliger à chaque personne de consommer une petite bouteille d’eau … vraiment dommage, grosse déception.",5240,Google Maps,قصبة اسطنبول,2024-11-11T23:27:15.285Z,0,,,,,,,
460145,الوليمة. البستان,58692,tiktok,@maestro_dz13,2026-01-02T21:21:16.241789,61,,,,,,,
722291,Lieu fantastique au 2-7-2021. Nous y avons bien mangé (équipe stagiaires cinéma Béjaia),4890,Google Maps,Hicham cook pizza pasta,2021-07-03T12:47:41.969Z,0,,,,,,,
722296,هي اصلا قالت يجو لي خارج الوطن,63060,tiktok,@allechante,2026-01-02T21:31:03.371152,0,,,,,,,
591225,شكلة,44806,tiktok,@oumanger.oran,2026-01-02T20:14:31.694992,0,,,,,,,
198017,"Le personnel était sympa, tout était propre. J'ai bien aimé le camembert fondu, mais je suis très déçue car la viande était trop dur et sans aucun goût!",2474,Google Maps,HichamCook Grill House,2024-07-12T07:51:55.566Z,1,,,,,,,
984451,The food might be delicous but the portions are small compared to the prices. It's too loud for my liking too. It's impossible to enjoy your food as the tables are too close you can even hear the others chewing. They should probably choose another location and work on the negative points mentioned above.,6421,Google Maps,Casbah Istanbul,2019-03-09T18:40:13.301Z,0,,,,,,,
984457,مزال لوفر سبسيال,55834,tiktok,@mfood.annaba,2026-01-02T21:14:12.053378,1,,,,,,,
722322,Service au top très professionnel,4177,Google Maps,هشام كوك بيتزا,2024-10-25T19:19:16.564Z,0,,,,,,,
198042,كاين توصيل اولاد فايت,33680,tiktok,@restaurant_gizay,2026-01-02T19:22:48.188038,0,,,,,,,
853409,destination  [APPRECIATION],70002,tiktok,@chtibo_oran,2026-01-02T21:58:41.750149,0,,,,,,,
198058,"Un resto indien avec des serveurs kabyles? Sinon les plats étaient bons, l'ambiance indienne n'était pas au rdv.",3066,Google Maps,تاج محل بن عكنون,2024-08-13T22:04:54.178Z,0,,,,,,,
198059,en Algérie toute et Bio,45418,tiktok,@budz,2026-01-02T20:15:57.681444,1,,,,,,,
460223,"Les prix sont exorbitants , c'est de la pure arnaque y'a Hichem cook",2660,Google Maps,HichamCook Grill House,2023-08-24T21:50:22.306Z,0,,,,,,,
198088,Décor agréable a l'américaine. . la bouf n'as aucun intérêt .,8851,Google Maps,American Burger Factory,2017-10-20T14:14:01.704Z,0,,,,,,,
329161,خوتي المقاطعة,37714,tiktok,@kfc,2026-01-02T19:39:19.343133,4,,,,,,,
853450,Où il ce trouve,11025,Facebook,Restaurant Casa Bella - Draria,2025-10-12T17:37:24.000Z,0,,,,,,,
853452,خليل رحماني روح ترخف,10711,Facebook,Dz Forest Restaura,2025-10-13T21:47:57.000Z,0,,,,,,,
591309,non non c'est à fuir pas du tout viande crue vraiment élastique à éviter,63618,tiktok,@silyon69,2026-01-02T21:33:10.495905,1,,,,,,,
591311,Service top ta3 lyoum ya3tikoum saha l'équipe du 17/09/2025,6622,Google Maps,American Burger Factory,2025-09-17T20:51:01.529Z,0,,,,,,,
591313,"Rapport qualité/prix laisse a désirer, les plats sont peu garnies contrairement aux prix",5242,Google Maps,قصبة اسطنبول,2024-11-06T12:42:03.833Z,0,,,,,,,
591321,هل تعلم كم يفوتك بشكل يومي ارباح من الذكاء الاصطناعي ؟ راسلني و ساعطيك كامل التفاصيل .,16230,tiktok,@mardoum,2026-01-02T18:08:08.024079,0,,,,,,,
198112,كسكاد لبنان رقم واحد فلبنة بصح لصال تاعو مكان حالة,59776,tiktok,@maestro_dz13,2026-01-02T21:21:44.080986,0,,,,,,,
853474,نتاع لبرة مدقلص شويا قووولي كنكذب ومكانش منها,42084,tiktok,@street_food,2026-01-02T19:58:00.340527,0,,,,,,,
853482,quand on voit les assiettes on doute de la qualité  [COMPLAINT],65474,tiktok,@frono_oran,2026-01-02T21:43:09.522775,0,,,,,,,
984561,عندي فراشة يبدلولي بعشاء,19152,tiktok,@helena,2026-01-02T18:16:28.717780,0,,,,,,,
198131,اعانك الله الأخ الفاضل,42594,tiktok,@street_food,2026-01-02T19:58:35.599242,0,,,,,,,
460277,#ارض_زيكولا,19266,tiktok,@helena,2026-01-02T18:16:34.501876,0,,,,,,,
198136,Beaucoup de choix. Les pizzas ne sont pas top. C’est un peu cher quand même pour ce que c’est.,7292,Google Maps,Restaurant À Petit Feu,2024-09-04T18:01:41.993Z,0,,,,,,,
460281,ومبعد كفاه لي يجي يوكل لازم يسمع لغناء تا العرس و يشوف المعرسين ولا وش !,51578,tiktok,@broaster_chiken,2026-01-02T21:00:02.374293,0,,,,,,,
329222,غالي . نورمالمو370الف برك,44484,tiktok,@dzforestrestaurants,2026-01-02T20:11:54.829321,0,,,,,,,
198153,بصح وين exacte,13097,Facebook,Restaurant San Benito,2025-10-14T20:23:45.000Z,0,,,,,,,
198156,Le meilleur burger que j'ai mangé de tt m'a vie . la qualité de la viande d'une saveur que je l'ai trouvée que chez lui . Le service rapide et présentable et Calme . ils sont professionnels . Je recommande sur tout pour les familles qui cherchent la bonne bouffe et un endroit sympa propre et respectueux .,4671,Google Maps,Hicham cook pizza pasta,2025-04-04T18:25:22.402Z,0,,,,,,,
853516,"Meilleur restaurant sur Alger, la valeur la plus sûre, service et bouffe toujours au top et succulente.",3353,Google Maps,تاج محل بن عكنون,2016-11-10T20:15:56.617Z,1,,,,,,,
329229,inchallah quand je viendrais voir,62702,tiktok,@allechante,2026-01-02T21:30:54.860449,1,,,,,,,
329231,"Victime de son succès, trop de monde trop d'attente mais ça vaut le coup",5466,Google Maps,قصبة اسطنبول,2023-08-10T19:50:25.545Z,0,,,,,,,
591375,Chikor les craps  [APPRECIATION],2125,instagram,wonder_food.s,2025-09-03T00:22:31.000Z,0,,,,,,,
984599,Vous inquiétez pas en viendra à déguster chez Amine La cantine prochainement inchallah  [APPRECIATION],209,instagram,amine_la_cantine,2025-12-24T13:23:41.000Z,0,,,,,,,
984603,البنة فصدى,41874,tiktok,@street_food,2026-01-02T19:57:53.500979,0,,,,,,,
198172,غطي شعوك والبسي شويا طويل ونشي روحك من العرق,12936,Facebook,Restaurant San Benito,2025-10-28T23:11:36.000Z,0,,,,,,,
329245,خاص لاعبي ريال مدريد  [APPRECIATION],56294,tiktok,@the_chef_house_23,2026-01-02T21:14:39.906262,0,,,,,,,
984606,C’est vous avez besoin un Chef de cuisine de luxe international je suis disponible  [APPRECIATION],14422,tiktok,@les_jumelles,2026-01-02T18:01:26.864251,0,,,,,,,
984609,كون يفتحو قدامهم مستشفى استئصال الاعڞاء يجي هايل هكا باه ناس الكل تقدر تاكل فم,19166,tiktok,@helena,2026-01-02T18:16:29.502792,0,,,,,,,
722467,Juste magnifique,7945,Google Maps,American Burger Factory,2025-02-08T19:56:59.801Z,0,,,,,,,
460326,ما شاء الله المعاملة جيدة جينا عندكم كنا عائلة بالرغم من ان الماكلة كانت خلاصت مي تهليتو فينا و كلينا واستمتعنا ربي يباركلكم في رزقكم و نعاود نولو أكيد,62340,tiktok,@hamidhamid806,2026-01-02T21:29:14.012145,1,,,,,,,
329256,C était incroyable surtout le service. Je remercie la serveuse Chaïma très accueillante …. Bon courage,7359,Google Maps,American Burger Factory,2025-05-22T12:53:00.779Z,0,,,,,,,
722478,سلام تفتحوا على 12,24876,tiktok,@woodgrill_dz,2026-01-02T18:32:01.234922,0,,,,,,,
853554,La culture Daech en force en Algérie ? Pkoi,19842,tiktok,@sultan,2026-01-02T18:17:23.351395,0,,,,,,,
460345,شحال يسقام بلا كيما هدا,10989,Facebook,Restaurant Casa Bella - Draria,2025-08-12T16:50:25.000Z,0,,,,,,,
984643,ما شاء الله على الاكل التونسي,18196,tiktok,@restaurantabarkannaba,2026-01-02T18:15:07.273666,0,,,,,,,
329289,"je voulais commenter, mais la Tanjia a tout résumé. Bessehetkoum, et bon appétit.  [APPRECIATION]",68744,tiktok,@cote_oran,2026-01-02T21:57:33.645072,5,,,,,,,
329291,spécialité s3iba 3likom hhhh le prix combien 4 millions le tagine avec viande,68684,tiktok,@cote_oran,2026-01-02T21:57:31.022404,2,,,,,,,
591449,اخبار الجزائرalgerianews ربي يعاونها. لعندها يماه وخاوته. صعيبة عليه وهو يحرث ويخدم باش يسترزق. صعيبة. ربي يعاونها ويعاون كل مغبون,12837,Facebook,Restaurant San Benito,2025-10-13T15:48:48.000Z,4,,,,,,,
853594,عندكم مشكل مع الكمية، علاه مداير صحن كبير و تحطو كمية قليلة ؟؟؟!,10274,Facebook,Restaurant Tabarka Annaba,2025-12-23T18:08:42.000Z,1,,,,,,,
853593,J'ai manger 5 fois là-bas j'aime bien la viande,32830,tiktok,@seven.times,2026-01-02T19:17:52.608661,0,,,,,,,
329309,والله ماتكل وش راك تشوف,36690,tiktok,@memelkateelkabda,2026-01-02T19:34:02.442534,0,,,,,,,
722529,Saumon impossible?,12055,Facebook,Restaurant San Benito,2025-10-28T19:59:55.000Z,0,,,,,,,
984675,La nourriture y est délicieuse et fraîche Le service est rapide et le personnel est très accueillant. bonne continuation,6817,Google Maps,American Burger said hamdine,2025-08-06T11:16:01.636Z,0,,,,,,,
591467,that la peye m 2001,18684,tiktok,@helena,2026-01-02T18:16:16.153782,0,,,,,,,
591478,"Excellent accueil ! Rapport qualité prix excellent, les assiettes sont vraiment très copieuses et la qualité très bonne. Merci au serveur du premier étage pour son professionnalisme, son sourire incessant et surtout sa patience, nous étions 10 avec 6 enfants ce n'était pas évident et il a su rester pro jusqu'à la fin. Nous reviendrons",5246,Google Maps,قصبة اسطنبول,2024-10-29T15:05:06.631Z,0,,,,,,,
722550,La voix,29410,tiktok,@elcuatro_burgers,2026-01-02T18:49:39.557153,0,,,,,,,
984700,Banati Hayati كليت عند كازا بيلا والله غير الماكلة كارثة شواء محروق كامل وفريت خضرا ماشي طايبة وزيد يتقلشو عليك,11642,Facebook,Restaurant San Benito,2025-07-28T12:21:07.000Z,0,,,,,,,
591485,ربي يرحم شهداء غزة وانت تهدر على الاكل. الله اغفر لي واغفر للمسلمين أمة محمد صلى الله عليه وسلم,11534,Facebook,Restaurant San Benito,2025-08-23T23:18:16.000Z,1,,,,,,,
853635,انا من سكيكدة,55962,tiktok,@mfood.annaba,2026-01-02T21:14:14.531665,0,,,,,,,
329348,C est à quel endroit merci,10671,Facebook,,2025-12-02T21:54:35.000Z,0,,,,,,,
329349,Trop bon les smash Burgers,6945,Google Maps,American Burger said hamdine,2025-06-28T20:53:20.882Z,0,,,,,,,
853638,win jey ext,65304,tiktok,@frono_oran,2026-01-02T21:43:03.272921,2,,,,,,,
329353,Service parfait je remercie les serveurs de Américaine burger de Kouba Mounir ghiles il sont très accueillants et les prix sont très raisonnables,8178,Google Maps,American Burger Factory,2025-01-25T19:35:50.179Z,1,,,,,,,
329360,jusqu'à quand ?,40354,tiktok,@woodchickendz,2026-01-02T19:45:49.110014,0,,,,,,,
591507,"j ai déjà été pas bon du tout, pas de grand choix et cher pour ce qu il propose.",25428,tiktok,@lovers_grill,2026-01-02T18:33:47.165189,4,,,,,,,
984724,صحن ههههههه غول الماكلة شويا تقول بسم الله ومتشبعش,9815,Facebook,Restaurant Tabarka Annaba,2025-12-24T11:40:34.000Z,0,,,,,,,
722592,كلناه بكري كانت وهران عزبة والبلا تاع الساردين بخمسة الاف خارجة من الماء الحمد الله لحقنا على الخير .,12893,Facebook,Restaurant San Benito,2025-10-13T14:43:53.000Z,10,,,,,,,
329377,عندهم صفحة,56556,tiktok,@terre_et_mer_annaba,2026-01-02T21:15:46.819999,1,,,,,,,
460463,والسعر من قلكمش لكان نقولو واحد ميجي لازم نديروجيكم,10062,Facebook,"  Restaurant elassil








",2025-12-17T12:43:23.000Z,0,,,,,,,
460471,"Je trouve l hotel magnifique tres classe on se sent bien car l accueil et les services sont pros , les restaurants offrent des menus different et succulents, et surtout aime le site",3450,Google Maps,Caracoya,2023-10-24T13:56:07.163Z,0,,,,,,,
591557,الفقراء عليكم بالخبز الابيض وكيس من حليب وكيس سميد المقرونة ومشتقاتها,10295,Facebook,"  Restaurant elassil








",2025-12-17T23:54:18.000Z,0,,,,,,,
722635,حبينا ناكلو الحوت مع تعليقات هاذي سمطونا كلشي,9491,Facebook,"  Restaurant elassil
",2025-12-16T22:07:59.000Z,2,,,,,,,
329420,شكون تروح معايا,27054,tiktok,@seven.times,2026-01-02T18:39:20.671617,3,,,,,,,
591566,on a pas tester [APPRECIATION],62844,tiktok,@allechante,2026-01-02T21:30:58.975578,0,,,,,,,
198358,غااااالي,12051,Facebook,Restaurant San Benito,2025-10-14T08:12:32.000Z,0,,,,,,,
460525,L accueil est chaleureux sympathique. ya3tikoum essaha l équipe !,2061,instagram,triple.r.restaurant,2025-12-27T06:22:58.000Z,1,,,,,,,
722679,هل الاسعار في متناول,71794,tiktok,@dar.zellige.hydra,2026-01-02T22:11:00.780366,0,,,,,,,
853758,توريلهم الفري وتدمرولهم الكونجلي تربحو زبي,12973,Facebook,Restaurant San Benito,2025-10-12T20:05:02.000Z,0,,,,,,,
329473,ouii c sympa comme restau,21830,tiktok,@maison_sardoudi,2026-01-02T18:22:33.434209,0,,,,,,,
198407,Cher pour rien,2399,Google Maps,HichamCook Grill House,2024-11-30T10:26:42.839Z,0,,,,,,,
984839,875 la personne Wella le plat b 3500,31666,tiktok,@woodgrill_dz,2026-01-02T19:13:58.206624,0,,,,,,,
591627,"Hada mashi buffet. Hada style Turkish, buffet howa “eat all you can”avec un prix fixe pour l’entrée",64654,tiktok,@citoyennedumondedz,2026-01-02T21:35:18.906349,2,,,,,,,
460560,مصطفى الله يبارك [APPRECIATION],68858,tiktok,@cote_oran,2026-01-02T21:57:35.397779,3,,,,,,,
329491,oui pizza Ta3hom thbl w Les serveurs mashallah Raby yhfedkom khawty,55094,tiktok,@panera_41,2026-01-02T21:12:51.917598,0,,,,,,,
722721,ont vas. surtout. payer. pour la. deco,62650,tiktok,@allechante,2026-01-02T21:30:54.049925,1,,,,,,,
591651,تخصص تاعنا,53324,tiktok,@piadzo_food23,2026-01-02T21:07:09.087775,0,,,,,,,
984872,ربي يرزقك الرزق الطيب الحلال. وبصحة الي كتبلوا ربي وكلا عندكم,9620,Facebook,Dz Forest Restaura,2025-10-13T17:40:30.000Z,2,,,,,,,
329518,Il s'appelle comment,15248,tiktok,@fouka.marine,2026-01-02T18:07:30.768273,0,,,,,,,
591665,غلاء غلاء غلاء غلاء غلاء غلاء غلاء بزاف بزاف بزاف بزاف بزاف بزاف بزاف . على اقل يكون 2500,9831,Facebook,Dz Forest Restaura,2025-10-12T19:15:32.000Z,22,,,,,,,
984882,علابالهم شحال راه العدس ولا لالا! ؟؟,63548,tiktok,@santorino,2026-01-02T21:32:19.262077,0,,,,,,,
853818,زيت ديالو جديد ولا غير هوا ويزيد عليه,48796,tiktok,@yaamy_test,2026-01-02T20:38:22.888818,0,,,,,,,
329533,احسن مطعم هو بيتي نوكل براحتي. و قلبي مرتاح,59102,tiktok,@maestro_dz13,2026-01-02T21:21:23.893683,0,,,,,,,
460607,يا رب ارزقني ورزق كل المسلمين,57130,tiktok,@_le216_,2026-01-02T21:17:17.800811,1,,,,,,,
198467,Magnifique Mabrouk [APPRECIATION],2263,instagram,teyr_ellil,2025-03-12T13:29:13.000Z,2,,,,,,,
198470,"I didn't like the service their desserts weren't that good , if you ask me if I'm going there another time , I'd say NO . But that restaurant was beautiful . The design was cool .",3684,Google Maps,Laurel Restaurant,2025-03-27T09:08:44.432Z,1,,,,,,,
591687,البنة متحكيش و سومة متبكيش,17650,tiktok,@seven.times.luxury,2026-01-02T18:13:18.308898,1,,,,,,,
853834,بيتزريا,3519,Google Maps,Caracoya,2019-09-24T16:19:40.605Z,0,,,,,,,
198475,ربي يعينك ويوفقك في خدمتك واصل أخي الغالي ماديرش على الإنتقدات  [APPRECIATION],12754,Facebook,Restaurant Rais,2025-10-28T16:17:29.000Z,0,,,,,,,
329548,Avec. Être chaleur humidité je ne tenterai pas la terasse,61054,tiktok,@roofttop_anaba,2026-01-02T21:24:26.677989,0,,,,,,,
460626,Super merci beaucoup,6413,Google Maps,Casbah Istanbul,2019-04-18T05:33:58.064Z,0,,,,,,,
460627,La nourriture est trop bonne en Algérie,16494,tiktok,@torero.alger,2026-01-02T18:09:00.058179,167,,,,,,,
460641,Top top top,64740,tiktok,@msiiirdaa13,2026-01-02T21:35:51.931845,0,,,,,,,
460645,قرطاج التونسية العظيمة عندكم بصحتكم,67746,tiktok,@kartaj_oran,2026-01-02T21:53:16.692232,0,,,,,,,
722791,حكيلي على المرقاز باه مخدوم 90/100 شحم!,12588,Facebook,Restaurant Rais,2025-10-12T23:48:32.000Z,0,,,,,,,
853880,Très bon goût,7017,Google Maps,American Burger Factory,2025-07-10T23:28:17.710Z,0,,,,,,,
460668,vous faites des prix très raisonnable  [APPRECIATION],36754,tiktok,@restaurant.madala,2026-01-02T19:34:38.381156,2,,,,,,,
722818,aken a mouhand hhh,73136,tiktok,@pont_hydra,2026-01-02T22:13:48.279107,0,,,,,,,
722819,le prix excellent,73168,tiktok,@pont_hydra,2026-01-02T22:13:49.131759,0,,,,,,,
591751,"Il favorise les dame au enfants malheureusement sa se passe qu'on algerie le caissier c'est un ""halab""",8813,Google Maps,American Burger Factory,2018-11-11T17:49:20.621Z,4,,,,,,,
329611,"endroit familial, calme et respectable. on y trouve le goût et la bonne bouffe. Un endroit que je recommande vivement. bonne continuation et a la prochaine i. a.",5262,Google Maps,Casbah Istanbul القصبة اسطنبول,2024-07-19T19:57:02.780Z,0,,,,,,,
853911,غاليا بزاف 2 طرونش صومو 8000 والبنة 00القعدة مشاءالله,20006,tiktok,@villa_frere,2026-01-02T18:17:42.664359,0,,,,,,,
722841,Djemaouni Taher ككان محمد الله يرحمو كانت هايلة بميتين و خمسين ناكلو ونحمدو رب لكن الان راحت فيها,9941,Facebook,Dz Forest Restaura,2025-10-13T20:57:40.000Z,0,,,,,,,
460710,Mais cest de la folie vous faites la livraison 800 pour zouj khtwat en plus de ça lkn jat ghyr tsthel ce prix,1372,instagram,mega_pizza_elbiar,2023-01-20T20:54:11.000Z,0,,,,,,,
460717,ربي يغفرلك,47612,tiktok,@bazookadz,2026-01-02T20:32:29.912443,0,,,,,,,
460740,كي تكوني نتيا ناكل كامل البريزونتاتوار,13361,Facebook,Restaurant San Benito,2025-12-16T19:04:58.000Z,0,,,,,,,
985029,"We drove all the way from Kouba, following the TripAdvisor recommendation for this marvelous restaurant! Excellent Indian food, very friendly, English speaking staff und superb take away service. They helped ordering the taxi back to our hotel, thanks a lot for that! We'll definitely come back the next time. Only cash though.",3280,Google Maps,تاج محل بن عكنون,2018-09-27T21:44:39.634Z,2,,,,,,,
722887,بلاص معرفتهاش دير فيديو بلاصة بضبط,53718,tiktok,@guellil._.tasnim,2026-01-02T21:08:11.755060,2,,,,,,,
985032,3طاكوس,43534,tiktok,@cassecroute_dz,2026-01-02T20:09:09.147563,0,,,,,,,
460743,nouveau,64044,tiktok,@restauranttrattoriaoran,2026-01-02T21:34:08.809223,2,,,,,,,
853962,Bonjour Monsieur Cholestérol,67528,tiktok,@bladi_oran,2026-01-02T21:51:49.779771,0,,,,,,,
722892,مكروبات تعطي بنة للماكلة,42174,tiktok,@street_food,2026-01-02T19:58:01.955904,0,,,,,,,
722895,"""Je tiens à vous remercier pour l'excellente expérience que j'ai eue à votre restaurant, À Petit Feu. Chaque visite est un véritable plaisir, grâce à votre cuisine délicieuse et à votre service exceptionnel. Merci encore et à très bientôt ! """,6560,Google Maps,Restaurant À Petit Feu,2025-09-09T18:49:33.746Z,0,,,,,,,
722896,J’ai deja essayé et c’était hyper bon mais les prix ça reste un peu cher,32588,tiktok,@seven.times,2026-01-02T19:17:41.334082,2,,,,,,,
722897,Magnifique je recommande se restau bravo,8350,Google Maps,American Burger Factory,2024-05-14T18:29:03.273Z,0,,,,,,,
722900,Edit: December 2023 What happened to this place? The quality and taste is 0. We ordered the lamb neck and it had such an awful taste and smell like we were in a farm. Such a disappointing experience this time. Good food but you need to make a reservation. Good privacy for those who come with their family. We ordered the kebab mix grill and lamb neck. The rice is full of flavor but the portion is very small. Delicious food and drinks but the bill can be expensive if you come in a big group.,2590,Google Maps,HichamCook Grill House,2023-12-18T11:24:13.230Z,12,,,,,,,
722906,mon restaurant préféré à Alger,23742,tiktok,@leonard_restauran,2026-01-02T18:26:57.764658,1,,,,,,,
591838,c ou CVp,33168,tiktok,@new_yorkais,2026-01-02T19:20:36.126424,1,,,,,,,
460775,parmi les meilleurs endroit mashalah,32250,tiktok,@le_carre_restaurant,2026-01-02T19:14:51.260358,1,,,,,,,
198654,J'ai mangé le trompe-l'oeil noix de coco c'était bon pas trop sucré,3843,Google Maps,L’Alchimiste Pâtisserie,2025-06-10T10:46:02.724Z,0,,,,,,,
329728,بنة عالمية نشهد ونستعرف ابنن ريستو في العاصمة,139,instagram,amine_la_cantine,2025-11-11T21:22:17.000Z,1,,,,,,,
722954,Excellente qualité des plats. On retrouve les épices turcs et les goûts authentiques. Mérite le détour.,6429,Google Maps,Casbah Istanbul,2019-01-25T09:55:55.411Z,5,,,,,,,
329738,C'est Hichem cook,4263,Google Maps,هشام كوك بيتزا,2024-08-04T21:23:38.872Z,0,,,,,,,
198669,Comment faire pour participer à ce genre des expositions?,42942,tiktok,@street_food,2026-01-02T20:01:21.340008,1,,,,,,,
722960,"Meilleur burger sur Alger , Personnel trés accueillant , service rapide , et surtout trés propre",6696,Google Maps,American Burger Factory,2025-09-04T12:30:43.144Z,0,,,,,,,
722968,Téléphone svp,11933,Facebook,Restaurant San Benito,2025-10-24T23:42:52.000Z,0,,,,,,,
722972,oooh tu peux pas savoir ce quant peut faire avec les escargots elle sont magnifiques. moi j'adore les adore avec une beau plat de spaghetti en sauce,73332,tiktok,@pont_hydra,2026-01-02T22:13:52.577581,0,,,,,,,
329758,العزة,16016,tiktok,@mardoum,2026-01-02T18:08:02.049440,0,,,,,,,
985120,يخدم التوصيل فليل,66052,tiktok,@restaurant_mani,2026-01-02T21:47:12.759938,2,,,,,,,
460833,Et surtout mdm chaima Elle est tres gentill,7356,Google Maps,American Burger Factory,2025-05-22T13:24:26.800Z,0,,,,,,,
460832,جوعتني انجي من القاله,53874,tiktok,@guellil._.tasnim,2026-01-02T21:08:14.207258,0,,,,,,,
722978,نسكن فلقبة وما سمعناش,10267,Facebook,,2025-11-03T23:57:03.000Z,0,,,,,,,
198696,Celui de oran est fermer en ce moment novembre 2025,45180,tiktok,@budz,2026-01-02T20:15:52.195849,0,,,,,,,
722985,c'est grave,28678,tiktok,@american.burger.tizi,2026-01-02T18:47:31.474905,0,,,,,,,
198697,Excellent اللهم بارك,3108,Google Maps,تاج محل بن عكنون,2023-08-31T22:24:12.610Z,0,,,,,,,
985132,انا كنت نخدم عندكم والله الماكلة كلها بنينة,1801,instagram,seven_times_la_villa,2025-07-23T20:20:30.000Z,0,,,,,,,
329775,Le chef est digne des plus grands chefs étoilés : chacun de vos plats est tout simplement un délice vraiment,1664,instagram,restaurant.cezam,2025-05-18T23:47:27.000Z,1,,,,,,,
722999,jareb tortillas aw f chapi,52298,tiktok,@uncles_burger_dz,2026-01-02T21:03:29.079491,0,,,,,,,
329783,مزال ب 20 ومعاه القرعة تع الموناد ؟,53698,tiktok,@guellil._.tasnim,2026-01-02T21:08:10.137880,2,,,,,,,
985145,25 نوفمبر فكروني نروح ليه فعيد الميلاد,26752,tiktok,@seven.times,2026-01-02T18:39:08.809946,1,,,,,,,
985165,Incroyable,22788,tiktok,@le_perchoir,2026-01-02T18:25:13.673806,0,,,,,,,
854102,impossible de manger en début mai trop de monde et mal organisé dommage,45438,tiktok,@budz,2026-01-02T20:15:58.679438,0,,,,,,,
198746,ماشاء الله في قمة كلش شباب [APPRECIATION],1360,instagram,meatnchill.dz,2025-12-16T08:35:15.000Z,2,,,,,,,
854111,Bonjour ce dessert est disponible tous les jours ?,765,instagram,elmarssem.dz,2025-05-21T05:50:50.000Z,0,,,,,,,
460898,Toujours un excellent niveau,3550,Google Maps,Caracoya,2017-07-29T14:41:11.257Z,0,,,,,,,
329834,Mansøur Møu Řad كاين حبيبنا المرقاز 80,10501,Facebook,Dz Forest Restaura,2025-10-14T23:09:20.000Z,0,,,,,,,
723058,نزوروكم ان شاء الله,30352,tiktok,@ledouzebeo,2026-01-02T18:56:51.251292,1,,,,,,,
591991,ها سي هيمون كون قلتناا السومة باش نعرفها راسنا من كرعينا [APPRECIATION],68734,tiktok,@cote_oran,2026-01-02T21:57:32.413717,8,,,,,,,
591993,So tasty and perfect,7959,Google Maps,American Burger Factory,2025-02-06T19:12:58.926Z,0,,,,,,,
723074,ربي يوفقو وينجحو,4535,Google Maps,هشام كوك بيتزا,2023-12-22T15:51:05.573Z,0,,,,,,,
329859,الحرمان,38394,tiktok,@kfc,2026-01-02T19:39:35.093007,0,,,,,,,
723082,"Honnêtement, ils ont la meilleure kunafa que j’ai jamais goûtée ! Rien à dire, croustillante, fondante, un vrai plaisir. Les plats aussi sont très bons, bien présentés, les quantités généreuses et les prix super corrects. Le service est bien dans l’ensemble, juste un détail que j’aime moins : quand le serveur reste debout à côté de toi en attendant que tu finisses, c’est un peu gênant. Sinon, tout est au top !",5835,Google Maps,Casbah istanbul,2025-08-04T02:32:04.710Z,1,,,,,,,
460944,نبدا بالشيء الناقص على أمل التحسين الطبق ليكليتو كان ناقص تنوع، طبق الدجاج بالصلصة فيه غير فريت و كمية قليلة من سلطة بصل وطماطم، أظن أن الطبق فقييير، أما الأشياء الجيدة فهي الخدمات رائعة والمطعم جميل جدا، سلطة سيزار ماصراتش! أروع من رائعة كاممبير ذائب بالجوز والعسل فن مطبخي، نوغا غلاصي بزاف بنينة زايدة شوية حلاوة،,2476,Google Maps,HichamCook Grill House,2024-07-05T14:06:39.945Z,1,,,,,,,
854161,un grand bravo à toute l’équipe de Diarbakir c’était vraiment une agréable soirée on s’est bien amusé bonne fête à tous et bonne année [APPRECIATION],735,instagram,diyarbakir_restaurant_,2026-01-02T12:47:33.000Z,0,,,,,,,
198804,وجوههم صحاح [INQUIRY],16782,tiktok,@user5834669559361,2026-01-02T18:10:47.100902,1,,,,,,,
592020,ولي معاك اعلاش ماكلاش,72710,tiktok,@pont_hydra,2026-01-02T22:13:33.232304,0,,,,,,,
329878,ربي يحفظك لعزيز [APPRECIATION],49770,tiktok,@farouk.tacos,2026-01-02T20:42:08.671796,0,,,,,,,
592022,Je ne remercie pas ce restaurant pour l'intoxication alimentaire. Je me suis retrouvé au urgence à 4 heures du matin. C'est une expérience culinaire décevante.,5291,Google Maps,Casbah Istanbul القصبة اسطنبول,2024-02-24T20:48:56.047Z,1,,,,,,,
854174,شحال توصل للحجار,50112,tiktok,@king_food23,2026-01-02T20:58:41.719093,0,,,,,,,
329888,Très bon restaurant je vous conseille,7264,Google Maps,American Burger said hamdine,2025-01-23T11:53:03.519Z,0,,,,,,,
329900,Top. rien à dire!,5658,Google Maps,Casbah Istanbul القصبة اسطنبول,2022-08-29T20:21:39.223Z,0,,,,,,,
460983,ماشاء الله ، مطعم عائلي,63524,tiktok,@santorino,2026-01-02T21:32:18.468470,0,,,,,,,
329912,علووو  [APPRECIATION],39004,tiktok,@iso_food,2026-01-02T19:40:40.364662,1,,,,,,,
198848,j'ai jamais vue un escargot qui bouffe un escargot,73670,tiktok,@pont_hydra,2026-01-02T22:14:01.029697,0,,,,,,,
460993,الله يستر بناتنا قلة الحياء وقمة التفاهة,13429,Facebook,Restaurant San Benito,2025-10-13T18:57:52.000Z,0,,,,,,,
460997,Venta Venti ناس تموت بجوع و نتا دير فيديو علا حوت ربي يرزق كل مؤمن بصح كنت قادر متلقش فيديو مغاديش ينقطع رزقك تاني,12818,Facebook,Restaurant San Benito,2025-10-14T15:43:35.000Z,0,,,,,,,
592079,لا تقلق,18416,tiktok,@helena,2026-01-02T18:16:11.904513,0,,,,,,,
198868,درقانة مكاش,9656,Facebook,"  Sultan Restaurants


",2025-11-13T17:22:14.000Z,0,,,,,,,
329944,أرواح فتحنا محل في تيارت,62198,tiktok,@hamidhamid806,2026-01-02T21:29:09.825871,2,,,,,,,
461031,كاين توصيل لدرڨانة وشحال,33756,tiktok,@restaurant_gizay,2026-01-02T19:22:49.605434,0,,,,,,,
592106,اثاﻻ,6294,Google Maps,Casbah Istanbul,2021-12-10T18:44:13.289Z,0,,,,,,,
723178,le premier jour de mon. mariage t3achina fih wlh le plus beaux,64376,tiktok,@cintra,2026-01-02T21:34:49.020957,6,,,,,,,
592109,avec mon argent je mange comme je veux et peut importe l'endroit,73502,tiktok,@pont_hydra,2026-01-02T22:13:57.016212,0,,,,,,,
592119,"Endroit chill et très calme, serveurs à l'écoute et très gentils , des plats et des desserts délicieux. Je recommande",5251,Google Maps,Casbah Istanbul القصبة اسطنبول,2024-08-13T09:56:23.144Z,0,,,,,,,
854290,le decor n est pas sagarien,65934,tiktok,@cote_oran,2026-01-02T21:46:20.536608,2,,,,,,,
985363,"La qualité toujours au top après 4 année jusqu'à présent, il manque le service de livraison",8290,Google Maps,American Burger Factory,2024-07-30T23:17:23.399Z,0,,,,,,,
592149,vous avez oublié d''enlever la partie des kaka  [PRICE],73730,tiktok,@pont_hydra,2026-01-02T22:14:03.016161,0,,,,,,,
330006,Vous êtes payé combien ?,73166,tiktok,@pont_hydra,2026-01-02T22:13:49.131757,0,,,,,,,
461085,كشما خليتينا وقت نديرو كابتير,54756,tiktok,@luestro_annaba,2026-01-02T21:12:12.932816,5,,,,,,,
198954,اكل نتاع الدار الصحي,41620,tiktok,@street_food,2026-01-02T19:57:48.416256,0,,,,,,,
723245,شحال السومة,67154,tiktok,@bladi_oran,2026-01-02T21:51:36.931217,0,,,,,,,
985389,Hamid Le Grand نيكمك يا ولد القحبة تسب الرسول يا تربية مثقوب النقش,10313,Facebook,Dz Forest Restaura,2025-10-13T01:56:51.000Z,0,,,,,,,
854317,100/100 marocain,69646,tiktok,@cote_oran,2026-01-02T21:58:05.599077,0,,,,,,,
854323,ممكن رقم هاتف,14696,tiktok,@les_jumelles,2026-01-02T18:01:35.129719,0,,,,,,,
198966,oui c'est trop beau  [APPRECIATION],21684,tiktok,@maison_sardoudi,2026-01-02T18:22:30.044475,2,,,,,,,
985403,بسك هدا معفون وبنين,42436,tiktok,@street_food,2026-01-02T19:58:07.879588,0,,,,,,,
330046,اعطيني العفسة تاع الدخان فقط,27962,tiktok,@amine.lacantine,2026-01-02T18:45:33.965614,2,,,,,,,
723262,très bonne expérience très bon service le serveur Mounir est très gentil et agréable très bonne nourriture je suis satisfaite de mon swiss burger,7338,Google Maps,American Burger said hamdine,2024-12-27T19:41:28.227Z,0,,,,,,,
985408,The chef house mn les meilleurs restaurants ?,56200,tiktok,@the_chef_house_23,2026-01-02T21:14:34.099110,0,,,,,,,
985410,vive la Algérie welad Bladi  [APPRECIATION],23806,tiktok,@leonard_restauran,2026-01-02T18:27:03.640724,0,,,,,,,
461130,خويا حبة ثوم معليش مشي راس راح تحارب vampire؟,34672,tiktok,@le_carre_restaurant,2026-01-02T19:24:40.033288,1,,,,,,,
330061,Rive Gauche دولار ولا أورو  [COMPLAINT] [PRICE],11117,Facebook,Restaurant Casa Bella - Draria,2025-08-27T00:45:29.000Z,0,,,,,,,
592212,واشن هو بي 150الف,11872,Facebook,Restaurant San Benito,2025-08-31T00:18:55.000Z,0,,,,,,,
985430,Great performance  [APPRECIATION],22334,tiktok,@le_scenario,2026-01-02T18:23:54.862280,42,,,,,,,
723304,Ettt merci bq pour Toi,52272,tiktok,@uncles_burger_dz,2026-01-02T21:03:28.158433,0,,,,,,,
199033,كون مكليتش تم نقول صح طاكوس بصوص بيشاميل بنة تحت صفر,56416,tiktok,@the_chef_house_23,2026-01-02T21:14:42.198977,0,,,,,,,
199039,توحشنا مصطفي  والكلام الجميل [APPRECIATION],68806,tiktok,@cote_oran,2026-01-02T21:57:34.598250,2,,,,,,,
199044,Endroit magnifique makla machi bnina et trop cher tkhalasse lkadda,826,instagram,fontaine_dor_restaurant,2025-08-02T22:57:00.000Z,51,,,,,,,
985478,زيد قلنا سعر الازهار مدابيك,10540,Facebook,"  Restaurant elassil








",2025-12-20T18:32:45.000Z,0,,,,,,,
854416,وانا بنت فاميلية لي مسجونة فدار منلقاش باش نشري ابسط الامور كي الناس,57208,tiktok,@_le216_,2026-01-02T21:17:19.475510,0,,,,,,,
854420,قليل عليا نكل بزاف انا,20902,tiktok,@sultan,2026-01-02T18:21:26.579796,0,,,,,,,
854423,500 ألف نكري غواصة نتعشا عند مستر سلطع,43726,tiktok,@dzforestrestaurants,2026-01-02T20:11:27.904448,4,,,,,,,
985496,ماناكلش عند النساء موسخات,13579,Facebook,Restaurant San Benito,2025-12-31T15:35:31.000Z,0,,,,,,,
461223,امير الجنوب نيك مك حتى أنت,12833,Facebook,Restaurant San Benito,2025-10-13T10:30:34.000Z,0,,,,,,,
330153,Toutes mes félicitations  [APPRECIATION],2236,instagram,teyr_ellil,2025-03-12T19:10:01.000Z,1,,,,,,,
854443,باطل منكلوش باسم خدمتو في فرينة وبيض وشبلوغ وقلي طاكوس ميتقلاش من اخر,55238,tiktok,@askim_food,2026-01-02T21:13:24.963584,0,,,,,,,
854448,On en parle des prix,31146,tiktok,@taylor,2026-01-02T19:10:46.080517,0,,,,,,,
199089,"Une étoile, c'est déjà trop. J'y ai mangé avec quelques amis. Maintenant, trois personnes sur cinq souffrent d'intoxication alimentaire à cause de cet endroit immonde. On est alités depuis cinq jours. On est des touristes français, et ça a gâché toutes nos vacances. Ce petit endroit immonde ne vaut rien.",6863,Google Maps,American Burger said hamdine,2025-07-19T10:39:51.446Z,0,,,,,,,
854454,"Une pizzeria de grande surface L'aménagement intérieur est très beau Le décor est moderne et l'hygiène bien respectée L'accueil est chaleureux et très respectable Le service est rapide A notre visite on voulait s'attabler sur la terrasse mais le serveur nous a privés disant qu'il se fait chaud dehors, j'ai dit que c'est frais puis du tout nous a dit qu'elle n'est disponible que la nuit. Le proprio Hichem est sympa accueillant et passionnant La présentation et le visuel des plats sont bons. A la dégustation j'étais déçu du gout, a mon gout je peux dire juste que leurs pizza sont mangeables. Les prix sont chers par rapport a la qualité sinon pour un tel salon et service c'est logique de payer pour le confort mais pour moi j'étais chez eux pour manger et j'attendais qu'ils me font plaisir aux papilles .",4260,Google Maps,هشام كوك بيتزا,2024-08-05T13:08:30.479Z,0,,,,,,,
461240,Des tacos trop bien le prix un peu cher,8631,Google Maps,American Burger Factory,2022-04-24T11:33:28.622Z,0,,,,,,,
330169,Where is it  ? [APPRECIATION],1581,instagram,pizzapocket_dz,2025-10-14T20:03:29.000Z,1,,,,,,,
723386,اقسم بربي العلي الكريم الجبار القهار غير منخليكش تسربيلي نتي وديجا غير نشوف مرا تخدم فريصطورو والله منقدرش ندخل مع كل احترماتي ليك,13053,Facebook,Restaurant San Benito,2025-10-12T23:06:16.000Z,0,,,,,,,
461248,خدعة في كلامك,12298,Facebook,Restaurant San Benito,2025-10-13T23:36:42.000Z,0,,,,,,,
461259,هاذيك لاصوص اون كروفات,12231,Facebook,Restaurant San Benito,2025-10-13T12:46:13.000Z,0,,,,,,,
854483,البستان وديامونتينا,59374,tiktok,@maestro_dz13,2026-01-02T21:21:30.810691,1,,,,,,,
461279,on dirait chez Mami,63366,tiktok,@santorino,2026-01-02T21:32:13.067123,2,,,,,,,
985573,بلاصه شابة مليحة الاكل الصحي مشاء الله وبنة مخلاتش يعطيكم الصحه ياولاد قسنطينة,58058,tiktok,@vilageneige_annaba,2026-01-02T21:19:43.333763,0,,,,,,,
854502,La livraison elle est jamais gratuite elle est inclue dans la pizza que tu achètes à un prix élevé arrêtez de se moquer de nous quand même,10425,Facebook,,2025-10-20T20:37:22.000Z,1,,,,,,,
854507,"Excellent! à conseiller vivement! cuisine, service , accueil, propreté . tout tout tout top",7875,Google Maps,Restaurant À Petit Feu,2023-06-22T20:24:58.987Z,0,,,,,,,
592374,il fallait ouvrir en face université sa aurait étais mieux,62304,tiktok,@hamidhamid806,2026-01-02T21:29:13.133409,3,,,,,,,
461304,":Salem, c'est ou à seraidi cette endroit magnifique svp?",60766,tiktok,@seraidi.live.z,2026-01-02T21:22:58.311465,0,,,,,,,
461308,C’était trop bon vraiment,7122,Google Maps,American Burger Factory,2025-06-13T17:08:02.280Z,0,,,,,,,
199172,كليت عندو سعر مليح ماشي غالي,20278,tiktok,@obaidafood1,2026-01-02T18:18:58.699170,1,,,,,,,
461320,Très déçue,7786,Google Maps,American Burger said hamdine,2023-02-06T11:55:09.604Z,0,,,,,,,
592394,klit 3andh ana w mon mari jatna 70 . 50 EUR c'est cher,35688,tiktok,@sinai,2026-01-02T19:28:22.645684,0,,,,,,,
985615,j'habite là-bas mais je ne vois pas où ?,21578,tiktok,@maison_sardoudi,2026-01-02T18:22:25.678222,4,,,,,,,
854552,"l'air qu'on respire n'est pas á vous aussi ? vous ne faites que voler au lieu de vous occupez de votre qui est entrain de vous être voler et vous ne vous rendiez même pas compte. oubliez l'algérie car elle, elle vous ignore. les chiens aboient et la caravane passe VIVE L'ALGÉRIE LIBRE INDÉPENDANTE ET SOUVERAINE CONTRAIREMENT À D'AUTRES",26122,tiktok,@ofennec.officiel,2026-01-02T18:34:19.403113,0,,,,,,,
330266,نتوما تع صاورين وبوري,13741,Facebook,Restaurant San Benito,2025-12-29T16:23:31.000Z,0,,,,,,,
854563,"J’ai mangé chez lui à plusieurs reprises, il m’a jamais bien rempli le sandwich comme ça et pour être sincère ces dernières années, je ne pars plus, car je sens qu’il n’est plus bon comme avant",1864,instagram,snacky_time_kouba,2025-08-31T13:52:59.000Z,17,,,,,,,
985656,C'est un bon resto mes le problème c'est le prix c'est cher pour un petit burger mes il est bon le burger rien à dire il faut juste revoir le prix,8747,Google Maps,American Burger Factory,2020-09-29T21:04:14.032Z,0,,,,,,,
854586,"Très satisfaite, restaurant familial, service rapide et a la hauteur, très bon accueil, le délice est au rendez-vous, validé à 100%",6792,Google Maps,American Burger said hamdine,2025-08-06T11:46:36.901Z,0,,,,,,,
985659,ماشاء الله احلى شاف  [APPRECIATION] [RECOMMENDATION],56240,tiktok,@the_chef_house_23,2026-01-02T21:14:35.405742,0,,,,,,,
199229,Atoulna une fourchette de prix,14872,tiktok,@lassiette.algeroise,2026-01-02T18:06:50.624970,0,,,,,,,
985681,Endroit propre nourriture pas mal mais un peu chère,4081,Google Maps,هشام كوك بيتزا,2025-06-08T21:29:08.556Z,0,,,,,,,
723542,يدارا كايفسي و ستاربوكس يادرا,38056,tiktok,@kfc,2026-01-02T19:39:26.500732,1,,,,,,,
330332,الكمنبار الرقم سماعناه والسلعة ما شفناهاش. اريني ليطمإن قلبي,10724,Facebook,Dz Forest Restaura,2025-10-13T18:02:33.000Z,0,,,,,,,
854621,Restaurant trouvé un peu par hasard mais le hasard fait quelque fois bien les choses Accueil sympa propreté excellente un cadre sympa décontracté le service est attentionné et professionnel merci,3719,Google Maps,Laurel Restaurant,2024-10-22T17:06:03.317Z,0,,,,,,,
854634,سلام عليكوم تسحق خدم خوي,20830,tiktok,@signature.dz,2026-01-02T18:21:05.812196,0,,,,,,,
854636,Pour les prix svp .  [APPRECIATION],1835,instagram,sinai.dz,2025-03-15T01:03:37.000Z,1,,,,,,,
854640,انا حسبتها غالي بصح كي قلت فيها الفريت والحميص هذيك هيا,43728,tiktok,@dzforestrestaurants,2026-01-02T20:11:27.904454,2524,,,,,,,
985714,عند التركي ديار البيكير,59128,tiktok,@maestro_dz13,2026-01-02T21:21:24.075920,1,,,,,,,
985722,Franchement je vous le déconseille . . j ai payé 9050DA pour 3 plats dégueulasse.,5477,Google Maps,قصبة اسطنبول,2023-07-22T22:13:30.396Z,0,,,,,,,
330363,Kay f c,37892,tiktok,@kfc,2026-01-02T19:39:23.690788,1,,,,,,,
199295,5 étoiles pour toi,17448,tiktok,@seven.times.luxury,2026-01-02T18:13:11.800400,76,,,,,,,
723584,المكان من غضلك,10981,Facebook,Restaurant Casa Bella - Draria,2025-07-28T17:37:35.000Z,0,,,,,,,
723591,"Nous avons été et franchement le service 0. De plus, ils n’ont pas de toilettes. Je trouve pas un restaurant aussi beau j’ai été déçu",62508,tiktok,@allechante,2026-01-02T21:30:49.256879,13,,,,,,,
723594,je suis une dz aussi q'allah fructifie votre commerce force a vous et courage amin ya rabbi,34708,tiktok,@sinai,2026-01-02T19:27:50.043711,37,,,,,,,
723604,و الله غير شريتو رميتو و الله ما يتنذاق خسارة سوارد,54716,tiktok,@mr._brik,2026-01-02T21:11:20.717565,0,,,,,,,
723613,الله يذلكم حسبي الله ونعم الوكيل فيكم ناس قتلها الفقر مالحقتش حتي الدجاج,9452,Facebook,,2025-12-03T21:46:41.000Z,0,,,,,,,
330406,مطعم طبرقة مطعم راقي و الأكل بنين و المعاملة ماشاء الله خاصة من صاحب المطعم أسامة إنسان في القمة نتمنالك الأفضل و مزيد من النجاح خويا أسامة أما بالنسبة للطبق المفضل رأي من رأي الحاج عمي حميد المشويات,9422,Facebook,Restaurant Tabarka Annaba,2025-12-25T22:04:18.000Z,1,,,,,,,
723623,The best of the best de chez best  [APPRECIATION],30886,tiktok,@roi_du_fajitas,2026-01-02T19:08:42.393433,1,,,,,,,
199334,a oran la même culture que au Maroc bsaha [APPRECIATION],68674,tiktok,@cote_oran,2026-01-02T21:57:31.022393,52,,,,,,,
854699,خليل رحماني لي يهدر على الحمار، غير خوه,10396,Facebook,Dz Forest Restaura,2025-10-13T04:13:49.000Z,0,,,,,,,
461489,كي كان مسرغين واه دروك خطأ فادح تحشتلي مع ميمتي كرهيني,63900,tiktok,@silyon69,2026-01-02T21:33:16.602436,0,,,,,,,
723633,"J’étais en vacances en septembre passé et j’ai remarqué un truc que personne n’a pensé de m’être l’accès aménagé dans les boutiques et restaurants ou autre pour permettre le passage d’un fauteuil roulant, surtout quand il y a une différence de niveau d’escalier donc Cetais impossible de ramener ma mère chez vous",91,instagram,american.burger_dz,2025-11-22T08:27:03.000Z,1,,,,,,,
461501,ويجيني البينام,10217,Facebook,,2025-10-20T18:59:37.000Z,0,,,,,,,
592576,WoW comme à la maison Saha,35298,tiktok,@sinai,2026-01-02T19:28:08.587552,0,,,,,,,
985794,t’es incroyable  [APPRECIATION],48942,tiktok,@le77tizi,2026-01-02T20:39:01.344216,1,,,,,,,
330440,طبرقة -وليمة,58962,tiktok,@maestro_dz13,2026-01-02T21:21:21.597243,1,,,,,,,
592585,وي طاهة,47122,tiktok,@mugi.burger,2026-01-02T20:28:33.436913,1,,,,,,,
461514,la cuisine et un partage et non une guerre,16734,tiktok,@user5834669559361,2026-01-02T18:10:46.252504,2,,,,,,,
854738,"Un écrin de quiétude et de félicité, sur les airs emportant de Julio",60248,tiktok,@seraidi.live.z,2026-01-02T21:22:46.348982,4,,,,,,,
592595,"Cosy place with good meal selection. Portions are pretty big, so you can easily share 1 portion between 2 or 3 people.",6168,Google Maps,Casbah istanbul,2023-05-19T18:11:16.275Z,2,,,,,,,
461538,السعر باينة نار . نوعية كاينة بصح الاسعار لمن استطاع اليه سبيلا,62546,tiktok,@allechante,2026-01-02T21:30:51.792752,1,,,,,,,
723682,واش من ولاية,70242,tiktok,@le_petit_chalet,2026-01-02T22:00:16.570501,0,,,,,,,
985828,حميدة ستار اكدلي على اسي اسي,57098,tiktok,@_le216_,2026-01-02T21:17:13.777392,9,,,,,,,
723684,Good place & good food,7428,Google Maps,American Burger said hamdine,2024-10-16T19:14:50.487Z,1,,,,,,,
199399,"Super expérience nourriture délicieuse, le service rapide Un grand merci à chaima, la serveuse, pour sa gentillesse",7398,Google Maps,American Burger Factory,2025-05-22T11:23:57.207Z,0,,,,,,,
592628,c'est vrai,29760,tiktok,@easy.cheesy,2026-01-02T18:52:02.828315,2,,,,,,,
461568,Magnifique service top,7944,Google Maps,American Burger Factory,2025-02-08T20:08:14.414Z,0,,,,,,,
330498,Wait let bro cook  [APPRECIATION],49992,tiktok,@m7ajeb,2026-01-02T20:44:38.358393,12,,,,,,,
854789,اسوء مطعم رحتلو سراقين ويحتمو عليك اوغدوف ادير 150الف للطبسي وشوا تاعو رهج يايما على هاد بولحية,11342,Facebook,Restaurant Casa Bella - Draria,2025-08-10T09:59:59.000Z,0,,,,,,,
199437,نقا معندنا مانقولو لحاجة مشي مليحة كامل سارفيس 0 \0 معاملة مكاش خصهم يعاودو النظر في المعاملة و الاسعار وبالتوفيق,20704,tiktok,@labelladalger16,2026-01-02T18:19:42.861042,1,,,,,,,
330511,l’adresse exactement  [APPRECIATION],9812,Facebook,Restaurant Tabarka Annaba,2025-12-31T22:54:11.000Z,0,,,,,,,
330518,Khuya Mouaad Koulchi mbrouk bonne continuation tu mérites tout le bonheur khuya l3ziz ndhreb dara nchlh,31312,tiktok,@fritecorner,2026-01-02T19:11:06.469291,2,,,,,,,
854811,Un petit peu déçu,4047,Google Maps,هشام كوك بيتزا,2025-07-28T20:42:58.216Z,0,,,,,,,
854816,"L'endroit est sympa, la décoration est top mais leur nourriture n'est pas bonne du tout, le fait que ça soit aussi vide était un signe. Ça manque de goût, je pense que les ingrédients sont de mauvaise qualité. Ils ont également ajouté des pizzas au feu de bois qui n'est pas bonne du tout, la pâte était mal cuite. Je trouve leur prix assez cher pour ce qu'on nous sert Bref je déconseille !",4725,Google Maps,Hicham cook pizza pasta,2023-10-10T19:57:43.985Z,2,,,,,,,
854823,:ليحب نستثمرو شركى 50\50 في فاست فود يتواصل معايا,39338,tiktok,@itchy_food,2026-01-02T19:41:12.212760,0,,,,,,,
461619,نسكن تما جيت عندكم ماجاو يجيبولنا لاكموندحت كبرنا وجات ناقصة غالية ومتشبعش جاااامي نولي توووبة,8902,Facebook,"

Sultan Restaurants",2025-10-20T11:31:01.000Z,14,,,,,,,
985912,Auto Burnish centre d’esthétique automobile,7989,Google Maps,American Burger said hamdine,2021-09-10T00:54:45.776Z,0,,,,,,,
723775,انا من بولوغين هل توصيل مجاني,10090,Facebook,"  Sultan Restaurants


",2025-10-30T14:41:55.000Z,0,,,,,,,
723776,"Personnel au top, service ultra rapide, merci à toute l'équipe",7417,Google Maps,American Burger said hamdine,2024-10-23T21:27:02.688Z,0,,,,,,,
592707,الله يبارك وين مكان اخي,11830,Facebook,Restaurant San Benito,2025-08-16T23:29:57.000Z,0,,,,,,,
461635,Tres bonne nourriture avec un bon service.,5204,Google Maps,Casbah Istanbul القصبة اسطنبول,2024-09-24T11:19:39.601Z,0,,,,,,,
199493,هادو يحبوهم مقاولون ومراقبون ومسؤولون هههه,13598,Facebook,Restaurant San Benito,2025-12-30T10:19:33.000Z,0,,,,,,,
592711,وبداو يحكمو فيها للعراس؟؟؟؟,50756,tiktok,@broaster_chiken,2026-01-02T20:59:44.958852,0,,,,,,,
199497,le flex d’habiter à Oran et à coter de akid lotfi  [APPRECIATION],45154,tiktok,@budz,2026-01-02T20:15:51.006871,0,,,,,,,
854872,Pînk Fløwėr حبيت نفهمو هدي طابلة تاع ربعة عباد تسما تستقام 125 الف للواحد. نسقسيك بزاف هدو كامل 125 الف ؟؟,9805,Facebook,Dz Forest Restaura,2025-10-13T17:51:20.000Z,2,,,,,,,
985945,non ce n'est Cherif Othmane rabi yarhmeh le Contrat le propriétaire ou le kroufa rabi yarhmeh ehh Ouui,64458,tiktok,@cintra,2026-01-02T21:34:50.086261,1,,,,,,,
461658,علاه سما روحو ڨازوزة؟!,30632,tiktok,@gazouzafood2019,2026-01-02T19:05:30.586627,1,,,,,,,
723817,J'aime bien ce restaurant Service et goût Prix raisonnable,5334,Google Maps,Casbah Istanbul القصبة اسطنبول,2023-11-28T02:16:05.013Z,1,,,,,,,
592752,مطعم راقي و نظيف و الاكل جد لذيذ و خدمة سريعة,5871,Google Maps,Casbah Istanbul,2025-09-19T01:32:21.055Z,0,,,,,,,
199541,ونا بلاصة,60802,tiktok,@restaurant.beitdh,2026-01-02T21:23:13.956334,0,,,,,,,
199546,Crêpes simple 450 da,62604,tiktok,@allechante,2026-01-02T21:30:53.187031,1,,,,,,,
592766,"Un super resto, gastronomie trop bonne. Les prix relativement cher",5516,Google Maps,قصبة اسطنبول,2023-01-18T16:35:58.624Z,2,,,,,,,
592768,"Restaurant au premier abord très jolie, propre et accueillant, mais la qualité du service et de la nourriture sont a revoir 40 minutes d'attente pour deux plats. Les entrées sont peu garnis, un bourek une feuille de salade et une tomate cerises se battent entre eux. Le serveur ne demande pas la cuisson",2400,Google Maps,HichamCook Grill House,2024-11-22T11:43:09.540Z,0,,,,,,,
854919,اغلى مطعم في العاصمة,10795,Facebook,Restaurant Casa Bella - Draria,2025-08-22T21:03:31.000Z,11,,,,,,,
330636,"Très bonne cuisine, service rapide et staff à l'écoute, accueil chaleureux. La konafa comme désert c'est magnifique. Par contre éviter les burgers, c'est pas vraiment leur spécialité. Ça reste quand même très cher je trouve, donc j'enlève une étoile.",5489,Google Maps,قصبة اسطنبول,2023-06-03T11:47:18.487Z,1,,,,,,,
854940,"Accueil et cadre luxueux, par contre, plat du jour à 2500d (prix non affiché), alors qu'à la carte, des plats aussi intéressants sont affichés à 1700d. J'ai commandé de l'agneau grillé présenté en plat du jour. Résultat, goût insipide, sans saveur, très ordinaire (viande et accompagement), je dirai même, moins que ordinaire. Pour ce prix à Alger, c'est honteux.",3526,Google Maps,Caracoya,2019-01-28T07:57:43.952Z,4,,,,,,,
461731,Belle déco. Parking surveillé. C'est plutôt bon. Plusieurs variétés de pains succulents. Plutôt propre. Prix un peu élevé.,2717,Google Maps,HichamCook Grill House,2023-05-25T07:30:11.093Z,0,,,,,,,
854950,"Très mauvaise expérience. Le service est d'une lenteur exaspérante et le personnel en salle est totalement non professionnel. Nous avons passé notre temps à les voir jouer sur leurs téléphones au lieu de s'occuper des clients. On dirait que les clients dérangent ! Une attente excessivement longue pour être servi. Une partie de la commande a été simplement oubliée. Et pour couronner le tout, le dessert n'a jamais été servi. Face à cette accumulation d'erreurs et de négligence, j'ai décidé de quitter les lieux sans attendre la fin. Gestion à revoir complètement.",3999,Google Maps,هشام كوك بيتزا,2025-11-12T16:18:17.187Z,0,,,,,,,
986023,حوت لعندك,13484,Facebook,Restaurant San Benito,2025-12-29T13:28:32.000Z,0,,,,,,,
199595,"La nourriture est très bonne et la déco est sympa, je recommande fortement.",4778,Google Maps,Hicham cook pizza pasta,2022-12-29T09:56:10.519Z,1,,,,,,,
986048,les prix kifech,20306,tiktok,@labelladalger16,2026-01-02T18:19:31.025209,0,,,,,,,
986056,مش غالي بصح expensive بزاااااف,33324,tiktok,@ambiancefood,2026-01-02T19:21:12.263621,1,,,,,,,
199631,Lotfi Sandro لا يوفون الكيل و يضربون على الرأس في الخلاص تحيا شارلو حمص دوبل زيت و عالمية,10330,Facebook,Restaurant Tabarka Annaba,2025-12-24T10:52:36.000Z,1,,,,,,,
592857,150g Vous croyez c'est pas chere,12020,Facebook,Restaurant San Benito,2025-10-31T12:47:52.000Z,0,,,,,,,
461790,c'est un rêve? ya pas d adresse!,69876,tiktok,@chtibo_oran,2026-01-02T21:58:36.398809,0,,,,,,,
592865,"Beautiful restaurant, good food, perfect service I like the decorations, the team are quick, the place is clean, everything are in place. I want to go again for trying more dishes. Thanks",5954,Google Maps,Casbah Istanbul,2024-09-16T21:41:39.965Z,0,,,,,,,
592873,I agree and tried it The best crab in Mahrousa Salomber thank God  [APPRECIATION],1338,instagram,mahroussaglace,2025-07-10T18:15:03.000Z,2,,,,,,,
461821,c'est quoi ces prix là ? pour une pizza un tacos et un fondant ! ! vous êtes sérieux ? ?,17494,tiktok,@seven.times.luxury,2026-01-02T18:13:14.373572,0,,,,,,,
986109,والله تكذب,11922,Facebook,Restaurant San Benito,2025-10-13T19:13:25.000Z,0,,,,,,,
461826,"c'est le beurre qui fait tout, sinon c'est fade.",72942,tiktok,@pont_hydra,2026-01-02T22:13:39.620656,0,,,,,,,
986116,واش معناها يرحم والديكم,38770,tiktok,@kfc,2026-01-02T19:39:53.280018,0,,,,,,,
199693,où ce trouve votre restaurant,14802,tiktok,@khiteelrouh,2026-01-02T18:06:28.018831,0,,,,,,,
855068,"Une très mauvaise expérience, la personne à la caisse très désagréable avc les clients. Le service est longtemps Burger infecte, sandwich steak c'était une chahma avc soupçon de viande élastique, vraiment déçu je ne recommande pas du tout",8272,Google Maps,American Burger Factory,2024-08-21T00:21:47.303Z,0,,,,,,,
461858,She never said this was in Oran,69820,tiktok,@chtibo_oran,2026-01-02T21:58:34.963725,0,,,,,,,
592935,Sarhat Hakiri متروحش نيكمك حتى لبزوز كما نتا لفايحين ولاو يعلقو ويشركو فامهم وليت تعرف لقيم الاسلام يا وجه لخرا تاو عليك وعلى لي زيك منتن,9316,Facebook,,2026-01-01T17:42:24.000Z,0,,,,,,,
724014,اييييه وقت زهيدة حر وجيل fm تفكرت وحد الوقت شباب,26570,tiktok,@labelladalger16,2026-01-02T18:37:01.458487,0,,,,,,,
986167,الحمد لله على نعمة لكمونتير,1569,instagram,pausa_oran,2025-08-25T19:22:54.000Z,3,,,,,,,
461887,راهم ايشهو هاو انجي اتطيح اعليك ولا كيفاه [APPRECIATION],47908,tiktok,@streetburger02,2026-01-02T20:33:36.350629,0,,,,,,,
461891,Mansøur Møu Řad باطل يعطوهلي ما ناكلهش عندبالكم رايحين يحطولكم اللحم مرحي ههههه اقسم بالله عشرة آلاف ما ناكله ياكلوه الحيعانين و المخلوعين لي كل حاجة يشوفها خضرة يقولوا عليها حشيش والفاهم يفهم,10285,Facebook,Dz Forest Restaura,2025-10-13T22:27:46.000Z,0,,,,,,,
330825,Le pire fastfood fi annaba [COMPLAINT],52652,tiktok,@uncles_burger_dz,2026-01-02T21:03:38.920991,0,,,,,,,
986196,مشاء لله بصحً ملاحظة صغيرة خويا طون ميطيبش يتحط كي تكمل. ، يولي طوكسيك حبيبي,30192,tiktok,@farouk.tacos,2026-01-02T18:56:13.270216,3,,,,,,,
986202,Une arnaque de plus une dizaine de frite un peu de pate deux bout de poivron et quelques gramme de viande haché a 2500 da je suis resté sur ma faim du plus du gout qui netait pas au rendez vous aucune saveur un pain au gout de carton en bref aucun effort niveau cuisine les serveurs qui te regardent pour te dire qu'il faut partir il ya d'autre personne a arnaqué je n'y retournerai plus de la pure arnaque un sandwish garantita aurais etait bien meilleurs,6059,Google Maps,Casbah istanbul,2024-08-03T22:23:53.494Z,0,,,,,,,
855131,انا و صاحبي بزاف عليه بصح 200الف لالا خويا هههه,33958,tiktok,@restaurant_gizay,2026-01-02T19:22:55.708510,0,,,,,,,
199772,"Très bonne expérience, je le recommande vivement.",6675,Google Maps,American Burger Factory,2025-09-05T00:15:27.100Z,0,,,,,,,
855156,Beau restaurant mais pas très bon j’ai pas aimer la présentation ni l’es four des plat beaucoup de bruit sur les réseaux pour rien au final. Avoir réserver attendu 30 min pour etres placée pour à la fin ressortir en ayant encore fin et déçu,2859,Google Maps,HichamCook Grill House,2022-11-09T15:14:58.206Z,3,,,,,,,
199798,"I wouldn't recommend this restaurant for the said prices. And a whopping 20% tax on the final bill. The food is mediocre at best, the salad wasn't all fresh.",5926,Google Maps,Casbah Istanbul,2025-02-07T20:14:46.535Z,0,,,,,,,
461949,"Élégance :3, 5/20",57386,tiktok,@_le216_,2026-01-02T21:17:22.062398,0,,,,,,,
199806,"Excellent service, accueil chaleureux, Personnel très gentil et très professionnel, un bon restaurant, prix raisonnable.",3492,Google Maps,Caracoya,2022-01-09T09:55:29.713Z,1,,,,,,,
330893,الشعب قاع لفي بئر خادم راحو البليدة يطلو على واحد مريض,16160,tiktok,@mardoum,2026-01-02T18:08:06.266952,0,,,,,,,
593062,"Très bon restaurant, les plats sont délicieux, je conseille vivement, service impeccable!",5427,Google Maps,Casbah Istanbul القصبة اسطنبول,2023-06-22T21:18:00.454Z,0,,,,,,,
330926,"Dès que je monte sur Paris, je vous cherche pour me régaler chez vous DZ top merci [APPRECIATION]",35236,tiktok,@sinai,2026-01-02T19:28:06.953460,0,,,,,,,
199863,Bravo et chapeau mon frère lhacene toujours avec les bonnes recettes Les sidi aichois seront en route  fait attention mec,12336,Facebook,Restaurant San Benito,2025-10-13T14:54:46.000Z,0,,,,,,,
986297,المشكل واش تشوف في الإشهار ماشي واش يعطوك في الواقع بزاف مطاعم يديروها,9352,Facebook,Dz Forest Restaura,2025-10-13T18:08:32.000Z,1,,,,,,,
330940,مرحبا بيكم نتهلاواو فيكم قاع ادي معاك الفازلين وادخل عندو,11229,Facebook,Restaurant Casa Bella - Draria,2025-07-27T12:01:41.000Z,0,,,,,,,
593085,Mohamed Solo دجاجة تاع البرازيل دير 330الف,10158,Facebook,Dz Forest Restaura,2025-10-13T20:37:47.000Z,0,,,,,,,
855228,nom du resto,22500,tiktok,@le_perchoir,2026-01-02T18:25:06.952918,0,,,,,,,
462021,ابعثونا بيتزا الى العاصمة مع livreur,67742,tiktok,@kartaj_oran,2026-01-02T21:53:15.866959,0,,,,,,,
855243,madrid يمكنك النظر,18892,tiktok,@helena,2026-01-02T18:16:22.952367,0,,,,,,,
593111,حاجة شابة,17520,tiktok,@seven.times.luxury,2026-01-02T18:13:14.463661,1,,,,,,,
330971,تروح عندو يشعل فيك نار بولحية هدا واعر بزاف [APPRECIATION],11196,Facebook,Restaurant Casa Bella - Draria,2025-08-18T20:41:30.000Z,0,,,,,,,
199906,"Vraiment agréablement surpris j'y suis allée dans le cadre de leur offre promotionnelle un giga tacos pour 2000 da je m'attendais à rien mais finalement leur tacos est extrêmement bon vraiment gratiné avec un fromage très bon mais le détail qui m'a vraiment plu c'est le goût même si les ingrediens etait simple mais il y avait un goût boisé sûrement du a leur four a bois bref j'ai adoré j'espère que leur activité reprendra de meilleures ;) Ps: même la pizza était très bonne, je reviendrai ;)",3989,Google Maps,هشام كوك بيتزا,2025-11-20T22:23:41.413Z,0,,,,,,,
593126,وشحااال ثقييييل هاذا البنادم  [COMPLAINT],11044,Facebook,Restaurant Casa Bella - Draria,2025-09-20T01:22:02.000Z,0,,,,,,,
724199,Trop cher,12196,Facebook,Restaurant San Benito,2025-10-13T16:36:49.000Z,0,,,,,,,
986346,مامعنى vip,19554,tiktok,@sultan,2026-01-02T18:17:17.404504,0,,,,,,,
199925,ربي يبارك بصحت لي يقدر يجي يأكل عندك انا عن نفسي منقدرش نجي المدخول تاعي ميسمحش الله يوسع رزقك اخي الفاضل,9824,Facebook,"  Restaurant elassil








",2025-12-16T21:01:29.000Z,0,,,,,,,
855285,حط السعر نتاعه,43324,tiktok,@bingotlemcen,2026-01-02T20:07:18.335684,0,,,,,,,
462072,لغة العربية ماكش في فرنسا ميش باه يبان مطعم راقي تلقا لميني بل فرونسي,24286,tiktok,@spotter.dz,2026-01-02T18:27:31.753260,0,,,,,,,
199933,ربي يباركلهم بربي نجيو نجربوه [APPRECIATION],50978,tiktok,@broaster_chiken,2026-01-02T20:59:48.252208,1,,,,,,,
724229,من وقتاه,53602,tiktok,@mega_pizza_annaba,2026-01-02T21:07:54.937596,0,,,,,,,
724236,كمية مليحه وسعر معقول,43786,tiktok,@dzforestrestaurants,2026-01-02T20:11:30.146861,3,,,,,,,
986383,bonne courage,13960,tiktok,@le_dauphin_restaurant,2026-01-02T18:00:52.656747,2,,,,,,,
199956,نظافة و خدمة ممتازة و اكل لذيذ,5069,Google Maps,قصبة اسطنبول,2025-09-16T22:37:25.633Z,0,,,,,,,
855318,allez force a vous lequipe  [APPRECIATION],50260,tiktok,@chapati_team,2026-01-02T20:59:01.076976,1,,,,,,,
331036,I really loved this restaurant,6389,Google Maps,Casbah Istanbul,2019-08-29T23:36:30.390Z,0,,,,,,,
593180,En plein covid les tables étaient collées et l'endroit bondé. On demande la terrasse mais lon elle est fermé. On ressort pas de soucis! Plus jamais chez vous casbah Istanbul garden city. !,6264,Google Maps,Casbah istanbul,2022-02-07T14:35:48.045Z,0,,,,,,,
199968,شوف دار موسى في خرازة,58444,tiktok,@la.nouvelle.etoile0,2026-01-02T21:20:57.134225,0,,,,,,,
986401,ههههه وكي تتضرب على الراس كيفاش اولا وثانيا الضاء راهي تشيل نقولو نظافة وليس نضافة,8970,Facebook,Restaurant Tabarka Annaba,2025-12-30T02:39:55.000Z,0,,,,,,,
593188,Whaouh rien que la vue vaut le détour !  [APPRECIATION],70320,tiktok,@le_petit_chalet,2026-01-02T22:00:18.870925,0,,,,,,,
855334,pratique du pocket régime c mieux,16158,tiktok,@mardoum,2026-01-02T18:08:06.266951,0,,,,,,,
724278,Cora Zon Cosm يخدم،. غير،. لمعاليم,9158,Facebook,"

Restaurant Casa Bella - Draria",2025-12-03T18:41:00.000Z,0,,,,,,,
593210,Ya pas de gratuit et ce n'est que de la PUB car tt est inclus ds le prix de la commande vu que votre menu est trop cher !,9786,Facebook,,2025-10-20T19:39:38.000Z,1,,,,,,,
593211,Restaurant à faire lors de votre passage dans le quartier les prix pratiqués vraiment pas du vol vue la qualité des produits proposés. Même la décoration et vraiment super top. Il y a même des salles privatif si vous voulez manger plus tranquillement.,7281,Google Maps,Restaurant À Petit Feu,2024-09-14T12:38:03.357Z,1,,,,,,,
462141,Jai étais hier J’adore le lieux et la pizza rien a dire service rapide bravos,4433,Google Maps,هشام كوك بيتزا,2024-02-18T22:23:18.636Z,0,,,,,,,
986437,J’ai commandé 2 sandwiches sans salade sans tomates et j’ai reçu les sandwiches avec ce que j’ai pas demandé,7113,Google Maps,American Burger Factory,2025-06-19T20:32:59.934Z,0,,,,,,,
593222,bonne prix souma lah ibarek la dress s v p,36714,tiktok,@restaurant.madala,2026-01-02T19:34:33.432635,1,,,,,,,
593221,cette escargot que vous goûté s'appelle BOUKRARA et sa à un goût empeut  c plus médicinales mais ya autre catégories plus délicieuses,73692,tiktok,@pont_hydra,2026-01-02T22:14:02.054152,0,,,,,,,
200007,Merci beaucoup américains berger,7360,Google Maps,American Burger Factory,2025-05-22T12:44:55.314Z,0,,,,,,,
462160,الله بارك,65800,tiktok,@restaurant.el.rit,2026-01-02T21:45:57.676246,0,,,,,,,
724318,"Les + : service rapide et sympa Les - : Extrêmement cher pour du riz et du poulet. Chicken beryani 1800 da, Murg kalmi kabab 1950 da, garlic naan 300 da, une bouteille d'eau 1L à 200 da. Le riz était réchauffé. Bref je trouve qu'on en a pas pour notre argent !",3299,Google Maps,تاج محل بن عكنون,2018-03-11T23:00:39.892Z,2,,,,,,,
855393,"C'est très, très merveilleux, je le jure",419,instagram,"brother.ts
",2024-12-26T12:33:49.000Z,0,,,,,,,
593250,Moi aussi nmout pour les côtelettes,34782,tiktok,@sinai,2026-01-02T19:27:57.433316,6,,,,,,,
593253,بصح اسم الفاست ماقلتوش كيفاش راح نعرفوه لوكان اوموان صورت مليح فوق الدخلة,1400,instagram,megapizza_kouba,2025-12-19T06:32:22.000Z,0,,,,,,,
724327,شحال التوصيل سيدي سالم,50126,tiktok,@king_food23,2026-01-02T20:58:43.195030,0,,,,,,,
855400,مصطفى تاع بكري خير من مصطفى تاع اليوم,68978,tiktok,@cote_oran,2026-01-02T21:57:38.866622,2,,,,,,,
331112,Un restau sympa familiale calme service rapide Menu pas mal mais pas assez varié,5755,Google Maps,Casbah Istanbul القصبة اسطنبول,2021-05-31T10:12:32.086Z,0,,,,,,,
593260,دم خاوتنا بصحتكم نتمنى تعجبكم البنة [APPRECIATION],37650,tiktok,@kfc,2026-01-02T19:39:18.570377,123,,,,,,,
331125,bouffe 0,22064,tiktok,@maison_sardoudi,2026-01-02T18:22:38.675974,0,,,,,,,
462201,شحال للطرف,47316,tiktok,@street_food,2026-01-02T20:31:26.732632,0,,,,,,,
724349,يا الله هدف عكسي,63168,tiktok,@restaurantcarthage,2026-01-02T21:31:23.193324,1,,,,,,,
855425,فادي ربي يوفقك خويا بالبراكة عليك,53762,tiktok,@guellil._.tasnim,2026-01-02T21:08:11.828111,2,,,,,,,
462219,Vraiment au top qualité w prix,4628,Google Maps,Hicham cook pizza pasta,2025-08-22T20:11:09.107Z,0,,,,,,,
855437,"I had my lunch there today , well the place was very clean and spacious the service was good but the prices were a bit expensive compared with the food they afford, we had a burger and a chicken pizza , the burger was delicious but the fries were cold and not very fresh ，and the pizza was a bit dry i mean not juicy enough, still like the place cause they had also like a small garden with few covered tables in it suitable for dinner time",4888,Google Maps,Hicham cook pizza pasta,2021-07-10T17:02:23.451Z,6,,,,,,,
331153,مشاء الله ربي يوفقكم,42988,tiktok,@minoufood1,2026-01-02T20:01:57.821421,1,,,,,,,
462225,"Ambiance étouffante , trop de monde , trop de bruit , ingérable . Service long . Serveur très désagréable ! Et négatif ! , vraiment pas à l’écoute aux besoins du client .",7449,Google Maps,Restaurant À Petit Feu,2024-06-19T17:56:39.901Z,0,,,,,,,
331155,كيما هاذا 10متر شعال يستقام السعر,39074,tiktok,@itchy_food,2026-01-02T19:41:07.242741,0,,,,,,,
986528,يخووولك جيبك و يطلڨوك تسااال,63268,tiktok,@restaurantcarthage,2026-01-02T21:31:24.883718,0,,,,,,,
200104,غير الخرطي,10525,Facebook,Restaurant Casa Bella - Draria,2025-12-07T17:42:45.000Z,0,,,,,,,
986537,الله يبارك وين جاي [APPRECIATION],10100,Facebook,Dz Forest Restaura,2025-10-13T01:23:09.000Z,0,,,,,,,
331178,parcontre les frites sont vrmnt pas bonne,45204,tiktok,@budz,2026-01-02T20:15:52.195878,1,,,,,,,
724406,maklthom t9yi,55652,tiktok,@askim_food,2026-01-02T21:13:35.596565,0,,,,,,,
986557,"Un coin respectable, respectueux, service rapide, cuisine ouverte propre, staff très agréable et très simple, je recommande aux familles, les prix sont très abordables.",30606,tiktok,@gazouzafood2019,2026-01-02T19:05:30.032265,2,,,,,,,
986565,بقداه الصحن تاع المشوي يهبل,8887,Facebook,"

Restaurant Tabarka Annaba",2025-12-23T18:11:35.000Z,0,,,,,,,
593355,Rachid Bouz كوراج ياقلبي كوراج كيما قال خالد ياكلني الحوت ولاودود هه نموت برا على الهواء الطلق ناكل في سلاطة ولا تحت الانفاق ناكل في لمشاوي,11051,Facebook,Restaurant Casa Bella - Draria,2025-08-18T15:36:35.000Z,1,,,,,,,
855513,J'ai pas compris quand on passe à le restaurant on ne trouve autre chose autre service mais dans votre publicité c'est la haute gamme,46620,tiktok,@oumanger.oran,2026-01-02T20:23:54.132880,0,,,,,,,
593374,"I recently visited this restaurant and was disappointed with the quality of the food. Despite having good decoration, the prices were too high for the poor quality of the meals. Overall, I would not recommend this restaurant.",8044,Google Maps,Restaurant À Petit Feu,2023-01-08T12:59:49.047Z,3,,,,,,,
855520,"Aujourd'hui, j'ai eu le plaisir de découvrir le restaurant À Petit Feu à Kouba. une vraie pépite avec un décor magnifique et des détails de décoration qui charment dès l'entrée. J'ai commandé une pizza forestière délicieuse et un smoothie rosée rafraîchissant. une belle expérience culinaire dans un cadre qui inspire calme et élégance. je recommande vivement ! Voici quelques photos et vidéos pour vous donner un aperçu de ce lieu exceptionnel.",7185,Google Maps,Restaurant À Petit Feu,2024-12-17T22:44:24.951Z,1,,,,,,,
200161,فالليل نلقاه البوكس تخدمو,55824,tiktok,@mfood.annaba,2026-01-02T21:14:12.008689,0,,,,,,,
986594,بإسم الله مشاء الله  [APPRECIATION],242,instagram,amine_la_cantine,2025-08-22T16:11:20.000Z,1,,,,,,,
331246,C'est bon,2777,Google Maps,HichamCook Grill House,2023-02-18T22:32:20.596Z,0,,,,,,,
331248,الاغا,59664,tiktok,@maestro_dz13,2026-01-02T21:21:38.565828,0,,,,,,,
855548,وين جاي في باب حسن شهيتنا,33642,tiktok,@restaurant_gizay,2026-01-02T19:22:47.885242,0,,,,,,,
855559,T’as mis tout ça où ? C’est pas un ventre que tu as c’est un gouffre,24522,tiktok,@opium,2026-01-02T18:29:41.221388,0,,,,,,,
331288,il va fermer apparamentfin d'année,65330,tiktok,@frono_oran,2026-01-02T21:43:03.272954,0,,,,,,,
200222,"It's very good Turkish restaurant in Bab ezzaouar , Algiers, North Africa. The downside is you are served cold and chewy bread. Always insist that the bread should be hot and edible. The service is excellent. I recommend it to any human on earth.",6437,Google Maps,Casbah Istanbul,2018-12-04T17:50:54.396Z,1,,,,,,,
986655,بون يدير 7 اورو وحده و 10 اورو مع باركات فريت وكوكا بصح عشرة اورو خدمة تاع ساعة و90 الف نهار نتاع خدمة,46376,tiktok,@damisoran31,2026-01-02T20:22:03.060424,0,,,,,,,
724513,ماشاء الله أحسن  pizza كليتها  [RECOMMENDATION] [BOUFFE],67692,tiktok,@kartaj_oran,2026-01-02T21:53:12.911389,0,,,,,,,
593448,"It used to be my favourite place, but this time I was so disappointed. The fries and bread weren’t fresh at all, and the food was just ok it wasn’t that tasty…comparing to the price I expected better quality of food. The juice is for 500 da but is so far way to be tasty or fresh juice.",6169,Google Maps,Casbah istanbul,2023-05-15T22:01:26.528Z,0,,,,,,,
986665,هذه مع ناس نتع شكارة فقط,10675,Facebook,,2025-12-03T18:10:47.000Z,1,,,,,,,
986668,خلصت ولا ،. pub,58666,tiktok,@la.nouvelle.etoile0,2026-01-02T21:21:02.250261,0,,,,,,,
724533,Kathrou gana el cholestérol.,10702,Facebook,,2025-10-20T12:40:37.000Z,0,,,,,,,
986677,ce n'est pas quelque chose de top haja normal les ingrédients sont bien,4459,Google Maps,هشام كوك بيتزا,2024-02-02T19:24:59.256Z,3,,,,,,,
724537,"Le décors du resto était mieux avant avec tous les cadres des personnalités algériennes, c’était plus authentique",25788,tiktok,@ofennec.officiel,2026-01-02T18:34:11.848394,0,,,,,,,
855610,لاتستسلم ياصديقي انها مجرد مغريات لتخرجك عن دينك ان الله يرانا كن قوياً والحياه هي الاخره وصبرا جميل والله المستعان. اللهم احسن خاتمتنا في الدنيا والآخرة يارب العالمين اقوئ معركة يقودها الإنسان الآن في حياته هي الثبات على الدين، في زمن كثرت فيه الفتن. أسأل الله لي ولكم الثبات حتى الممات,57554,tiktok,@_le216_,2026-01-02T21:17:27.096138,0,,,,,,,
593469,Adam Houtla عند ليسي حبد الحفيظ بوصوف تخلاص القبة ديار العافية القبة اول فيلا مقابلة الباطيمات هديك ليسورس و هديك هي حومتي وقريت 3 سنين فديار العافية( حاليا ثانوية عبد الحفيظ بوصوف) اما الفيلات لي مقابلين قاريدي وسوريكال كيما رومبوان هديك كامل ليسورس بكري يعيطولها بولحشيش كان كاين حمام,9103,Facebook,"

Sultan Restaurants",2025-10-21T18:22:09.000Z,0,,,,,,,
200255,ربي يرزقك  زكارة في اصحاب التعليقات السلبية,13483,Facebook,Restaurant San Benito,2025-12-21T19:38:07.000Z,0,,,,,,,
331329,Très mal noté sur Google navré ça fait peur,36092,tiktok,@sinai,2026-01-02T19:28:34.439326,0,,,,,,,
331336,ماشاء الله [APPRECIATION],67696,tiktok,@kartaj_oran,2026-01-02T21:53:12.911392,0,,,,,,,
200265,On a commandé le plat iskandar franchement j'ai pas aimé pour 1800da le pain en dessous était sec (je l'ai mangé à istanbul et cétait super bon),6354,Google Maps,Casbah Istanbul,2020-01-16T06:31:03.366Z,1,,,,,,,
331342,االه يبارك فيك تخدم بنيتك وروحك مرحة,41212,tiktok,@street_food,2026-01-02T19:55:39.555337,1,,,,,,,
200272,محمد و ليس محند,73096,tiktok,@pont_hydra,2026-01-02T22:13:47.403318,0,,,,,,,
200274,مكاش منهااا,11902,Facebook,Restaurant San Benito,2025-10-13T19:08:26.000Z,0,,,,,,,
331356,خاوتي نديرو لمة نعاونو خونا كريستيانو,1955,instagram,sushigardendz,2025-08-26T18:18:34.000Z,84,,,,,,,
593504,يا عمي لحسن سارفيس نتاع كم عيااان على حساب إشهار نتاع كم حسبنا حيا بصح سمحلي حسنو المستوى باش تكونو احسن,12300,Facebook,Restaurant San Benito,2025-10-28T23:15:03.000Z,0,,,,,,,
986720,التفراج معليش,28190,tiktok,@amine.lacantine,2026-01-02T18:45:40.891350,0,,,,,,,
855648,les meilleurs,22502,tiktok,@le_perchoir,2026-01-02T18:25:06.952920,1,,,,,,,
462441,عندهم الحق كي قالو خامج وبنين,42144,tiktok,@street_food,2026-01-02T19:58:01.090650,0,,,,,,,
331378,on veut voir du skrana tayh f drouj chtitha ،Boussou la t3dou .,35956,tiktok,@sinai,2026-01-02T19:28:29.949940,0,,,,,,,
331386,وشبيك,29984,tiktok,@three_,2026-01-02T18:53:45.873428,1,,,,,,,
724617,je viens de manger et j'ai rien manger j'ai tt laisser je vous la conseille pas trop d'épice,45244,tiktok,@budz,2026-01-02T20:15:54.264835,0,,,,,,,
855690,thala ça veux dire aussi une Fontaine en kabyle,27702,tiktok,@thala,2026-01-02T18:45:01.884483,0,,,,,,,
855689,"Très mauvaise expérience et nourriture froide. Mon conseil aux clients, si vous voyez l'endroit occupé, ce qui est le cas la plupart du temps d'après ce que j'ai entendu, fuyez. L'attente était très longue, ce qui était compréhensible, le problème était que la nourriture était très froide même si j'étais assis avec ma famille à la table numéro un, juste en face de la cuisine, c'était comme si la viande avait été cuite bien avant et qu'elle n'avait pas été bien réchauffée, le fromage était tellement froid qu'il refroidissait encore plus la viande, tous les ingrédients étaient froids. Il y avait tellement de chaos près de la caisse que je n'ai pas pu leur parler, à n'importe quel autre moment, j'aurais renvoyé la nourriture et demandé un remboursement. Mon conseil au propriétaire de l'entreprise, vous avez construit une bonne marque, la qualité est très importante pour maintenir la réputation, il n'y a pas de honte à arrêter la prise de commandes lorsque la cuisine est surchargée, vous pourriez perdre des revenus à court terme, mais c'est bien mieux à long terme. L'étoile est pour les jeunes garçons là-bas, en particulier près de la porte, qui sont restés calmes et professionnels malgré le chaos.",8383,Google Maps,American Burger Factory,2024-04-12T11:03:46.757Z,3,,,,,,,
855695,ou sont les barils,64456,tiktok,@cintra,2026-01-02T21:34:50.086257,0,,,,,,,
331409,غاااااااااااااالي بزااااااااااااااااااااف,20742,tiktok,@labelladalger16,2026-01-02T18:19:43.848835,0,,,,,,,
200356,في منتناول ميسي,62532,tiktok,@allechante,2026-01-02T21:30:51.792733,0,,,,,,,
462503,لوحد فكم [APPRECIATION],24864,tiktok,@woodgrill_dz,2026-01-02T18:31:56.328149,0,,,,,,,
331437,شعال تعندو,48462,tiktok,@hafakafood,2026-01-02T20:35:29.188947,0,,,,,,,
200381,Ahmed Bayoud chadakhal hado f publicité,12826,Facebook,Restaurant San Benito,2025-10-13T13:01:32.000Z,0,,,,,,,
855752,على كمارتك شبعت وتحسب يزيد فلعمر تاكلو ماتزيدش تاكل قاع وطبصي كي حالتك ب 150,12335,Facebook,Restaurant San Benito,2025-10-12T20:32:54.000Z,0,,,,,,,
462543,مستغنيين مش مقاطعين برك,38920,tiktok,@kfc,2026-01-02T19:40:00.228561,0,,,,,,,
855765,c'est de la nostalgie des barils l' époque où on était hna fi hna.,64454,tiktok,@cintra,2026-01-02T21:34:50.086068,0,,,,,,,
855768,الناس تركز على المعاملة و حسن الخدمات العنابي يركز على الاسعار,58274,tiktok,@vilageneige_annaba,2026-01-02T21:19:49.301152,0,,,,,,,
855771,نتا نورمالمو. تاكول. الكبوية والماء هديي ياكلها واحد عندو20عام تنفعو نتا. تاكلها وتخراها. ضياعة برك,11863,Facebook,Restaurant San Benito,2025-07-30T15:20:57.000Z,0,,,,,,,
593631,l'année passée j'ai pris un café a Leonard de bab zouar et j'ai discuté avec votre maman ( la propriétaire) rebi yehfedha . elle m'a conseillé de venir chez vous a ben aknoun pour les soirées de jeudi,23898,tiktok,@leonard_restauran,2026-01-02T18:27:06.380576,1,,,,,,,
593632,البوزلوف ف الپلازدارم وفقط,59040,tiktok,@maestro_dz13,2026-01-02T21:21:23.046802,0,,,,,,,
331503,وعلاش حب ايقول سومة,9945,Facebook,"  Restaurant elassil








",2025-12-16T17:47:11.000Z,0,,,,,,,
331512,2h pour avoir un burger frite j'avais plus faim,45128,tiktok,@budz,2026-01-02T20:15:49.211949,2,,,,,,,
593662,le menu et les prix,22686,tiktok,@le_perchoir,2026-01-02T18:25:10.456096,0,,,,,,,
593663,le service 10sur 10 la cuisine sava pas mâle les prix sont un peux élever,5425,Google Maps,قصبة اسطنبول,2023-09-29T21:28:48.466Z,0,,,,,,,
724739,slm donner la l'adresse,14852,tiktok,@lassiette.algeroise,2026-01-02T18:06:46.715748,0,,,,,,,
855819,Tres Bon service,8348,Google Maps,American Burger Factory,2024-05-14T19:53:45.793Z,0,,,,,,,
855822,Jolie Mais ils ne faut pas s'attendre à des plat extraordinaire Exemple des Penne au fruit de Mer Sont une simple sauce rouge avec des crevettes uniquement . Alors que c'est un plat a 99% A sauce crémeuse C'est vrai que si on a pas connu autres choses . On ne peut que trouver ça bon . Comme leur menuiserie aluminium . En clair C'est comme ci Zidane joué au Ping pong Cordialement,8209,Google Maps,Restaurant À Petit Feu,2022-10-27T19:26:36.678Z,3,,,,,,,
724753,il faut dire que la viande et payent a part,25376,tiktok,@lovers_grill,2026-01-02T18:33:44.284049,2,,,,,,,
462610,bzf chbab et vaste ldakhal . mais lmakla machi woow woow normal et les prix kyn li plus chère et qualité inférieure donc je vous conseille a essayer,18768,tiktok,@helena,2026-01-02T18:16:18.705046,0,,,,,,,
986899,"The restaurant is amazing the staff were very kind welcoming and friendly, even the chef ‍ Hichem cook who ask clients about the service and the food and takes pictures with them. For me the prices miches with the quality of food. The dishes were consistent and tasty the meat well cooked and delicious. There’s a parking so you’ll not think about your car and the security. Nothing to say good luck Hichem",2782,Google Maps,HichamCook Grill House,2023-02-11T15:24:10.245Z,17,,,,,,,
462623,بورقر ديلكم تقولي قرف يريح بريحت لحم تقول ديرو شحم كثر من لحم,301,instagram,"brother.ts
",2026-01-02T17:55:52.000Z,1,,,,,,,
724769,"Very disappointed with the service, we were welcomed nicely at first by the Turkish waiter. However, after ordering desserts only his behavior changed, the menus were taken in a vulgar way, food was served violently as if we were begging and not buying it by our own money. I was super astonished from such behavior given that I come here occasionally on holidays back to Algeria. Not acceptable behavior by all means. Ruined our whole atmosphere. Work on that if you don’t want to lose customers!",5215,Google Maps,Casbah Istanbul القصبة اسطنبول,2024-09-17T22:33:03.970Z,0,,,,,,,
855845,أن أحب العدل ربي يفتح علينا ونزوروها حنا و العائلة . بصحتهم . ربي يعاونك خونا العزيز . و ما تسمعش للحساد,9431,Facebook,Restaurant Casa Bella - Draria,2025-12-06T16:46:40.000Z,2,,,,,,,
331563,"Sa Ce serait super d’introduire du seafood dans ton restaurant ! En plus, tu serais le premier en Algérie à le faire, ça attirerait beaucoup de curieux et d’amateurs de nouveautés. Je vous souhaite bon courage vous êtes le meilleur.",2296,Google Maps,HichamCook Grill House,2025-10-27T09:44:08.102Z,0,,,,,,,
855852,اممم حوجي يانا شولا هدا شهيتني  شهيتني يعطيك النو لي تڨرسك قول امين  [BOUFFE],2088,instagram,triple.r.restaurant,2025-08-08T18:11:05.000Z,4,,,,,,,
331565,nom du restaurant ?,15366,tiktok,@fouka.marine,2026-01-02T18:07:33.220372,1,,,,,,,
724788,Les prix Cristiano vu,14468,tiktok,@les_jumelles,2026-01-02T18:01:29.001306,0,,,,,,,
200502,هاذ الماكلة كي تكمل تاكلها تلقى صباعتيك ناقصين من البنة,7676,Google Maps,Restaurant À Petit Feu,2023-11-27T22:54:42.934Z,2,,,,,,,
331575,أي وي  عين فرانين مين كانت بكري فيها الطين و هديك العين كي نطلعو من البحر ندوشو فيها و نشورو على الجبل حتى نخرجو في اوتوروت تاع سيدي البشير يامات,70614,tiktok,@le_petit_chalet,2026-01-02T22:00:29.806812,0,,,,,,,
593724,توصل لدار,17120,tiktok,@casa_burger1,2026-01-02T18:11:29.349415,0,,,,,,,
462653,غالي شويه زيد المشروبات فردية ماكاش حجم عائلي و النساء تما تقول مارانا في دزاير,4237,Google Maps,هشام كوك بيتزا,2024-08-19T23:26:09.705Z,0,,,,,,,
724806,دعوة الشر يالطيف,57850,tiktok,@_le216_,2026-01-02T21:17:33.157886,0,,,,,,,
986951,بصحتك مادام,72638,tiktok,@pont_hydra,2026-01-02T22:13:27.540096,0,,,,,,,
724810,"Service tres professionnel, burger tres delicieux",8180,Google Maps,American Burger Factory,2025-01-25T18:38:48.414Z,0,,,,,,,
462672,3200 نشري بيها كيويكو,47512,tiktok,@bazookadz,2026-01-02T20:32:25.582834,1,,,,,,,
331603,عندكم مومو فحجر مو,68986,tiktok,@cote_oran,2026-01-02T21:57:40.597005,1,,,,,,,
462692,جيت عندي نهارين لقيتو مزال محلش,62108,tiktok,@le.rooftop.annaba,2026-01-02T21:27:50.233224,0,,,,,,,
462694,Rien de Spécial Pour Avoir autant de succès,2819,Google Maps,HichamCook Grill House,2023-01-02T18:21:12.042Z,0,,,,,,,
200553,"Le restaurant fait de la bonne bouffe, plats divers et service irréprochable.",5441,Google Maps,Casbah Istanbul القصبة اسطنبول,2023-05-20T18:18:58.077Z,0,,,,,,,
724842,وقفت خفت ندخل معرفتها للنساء ولا لرجال  [APPRECIATION] [COMPLAINT],27322,tiktok,@ambiance_telemcen,2026-01-02T18:41:29.333151,1,,,,,,,
724845,هاذاك البلا شحال لي فيه فرماج بزاف  غيرني,29824,tiktok,@youzifood,2026-01-02T18:52:33.710855,1,,,,,,,
593774,Tres bon restaurant mais trop de monde,5602,Google Maps,قصبة اسطنبول,2020-12-26T08:54:28.922Z,0,,,,,,,
724847,Bonne repas et bon prix,12341,Facebook,Restaurant San Benito,2025-10-13T15:18:17.000Z,0,,,,,,,
200561,مقاطعة خاوتي,38946,tiktok,@kfc,2026-01-02T19:40:00.958391,0,,,,,,,
986994,وين العنوان بالضبط,1406,instagram,megapizza_kouba,2025-08-04T20:36:31.000Z,0,,,,,,,
855937,كي تعرفي تهدري بلاصتك مشي تم,13704,Facebook,Restaurant San Benito,2025-12-27T15:16:58.000Z,0,,,,,,,
462724,قاتلك نقلشك سيدي نقلشك . ؟؟؟؟؟؟؟؟؟؟؟؟؟؟,12877,Facebook,Restaurant San Benito,2025-10-13T21:30:26.000Z,0,,,,,,,
724871,"Je suis déçu. Je m'attendais à beaucoup mieux ! . Sincerement, si j'y étais , c'etait plus par curiosité. Les gens en parlaient beaucoup , je pense que c'était plus par rapport au propritaire connu sur les réseaux sociaux. On avait pas accès au parking faute de non reservation ! Le comble c'est que le resto etait presque vide. Le resto est spacieux, les serveurs sont très sympas, sinon , la bouffe rien de spécial. Bonne continuation quand même.",2532,Google Maps,HichamCook Grill House,2024-04-07T19:42:40.505Z,10,,,,,,,
987020,Mes félicitations les plus sincères Frere  [APPRECIATION],61188,tiktok,@la.criee,2026-01-02T21:24:42.236961,2,,,,,,,
724878,je les ai appelé mais plus de réservation c'est complet tout le mois de Ramadan,27568,tiktok,@thala,2026-01-02T18:44:51.305815,0,,,,,,,
593807,Avant les jumelles c’était la coupole,14176,tiktok,@les_jumelles,2026-01-02T18:01:21.546550,1,,,,,,,
724881,قلولي بيس لي يحط حداه شوالا,68484,tiktok,@patus_oran,2026-01-02T21:56:18.532937,1,,,,,,,
987034,félicitations boudjems,39766,tiktok,@le77tizi,2026-01-02T19:43:41.435638,0,,,,,,,
593824,تمنفوست ياه كي نسمعها نتفكر,32428,tiktok,@restaurant_iceberg,2026-01-02T19:16:41.139506,0,,,,,,,
462754,"Very nice pizza, nice vibe and serious workers",4879,Google Maps,Hicham cook pizza pasta,2021-09-24T19:20:22.368Z,0,,,,,,,
200612,essaie les cuisses de grenouille,73444,tiktok,@pont_hydra,2026-01-02T22:13:55.187374,0,,,,,,,
855986,j'étais en 2017 vraiment incroyable,70310,tiktok,@le_petit_chalet,2026-01-02T22:00:18.870914,2,,,,,,,
462772,قالعة الحشمة بالاوفار و جائته تمشي علي استحياء,13202,Facebook,Restaurant San Benito,2025-10-14T22:41:09.000Z,0,,,,,,,
724917,غير بالإثنين وليمات لخير شحال هكذا باه نديرو حسابنا,10252,Facebook,Dz Forest Restaura,2025-10-13T17:08:45.000Z,0,,,,,,,
331705,وش من بلاصا,53826,tiktok,@guellil._.tasnim,2026-01-02T21:08:13.490839,0,,,,,,,
462780,c'est une multinationale ?,50820,tiktok,@broaster_chiken,2026-01-02T20:59:45.758633,0,,,,,,,
593860,qu'elle ville au bled merci,17914,tiktok,@casabelladraria,2026-01-02T18:14:48.659354,0,,,,,,,
200646,elle était en opération commando,16712,tiktok,@user5834669559361,2026-01-02T18:10:46.252478,0,,,,,,,
987081,باطل مناكلوش ول,44540,tiktok,@dzforestrestaurants,2026-01-02T20:11:56.278198,0,,,,,,,
331723,"Stationnement très difficile, les burgers étaient servis froid après une très longue attente !",8190,Google Maps,American Burger Factory,2025-01-03T08:25:12.998Z,0,,,,,,,
593870,magnifique machallah blassa thabel,70568,tiktok,@le_petit_chalet,2026-01-02T22:00:28.463072,1,,,,,,,
856021,ليزوم ديرلي ابوكي حساب بيطا جديد من فضلكم,35550,tiktok,@sinai,2026-01-02T19:28:16.261622,0,,,,,,,
724956,Emmm trop bon. KFC Jdr,37676,tiktok,@kfc,2026-01-02T19:39:18.570395,17,,,,,,,
987115,مع كل إحتراماتي بيتزا بعيدة كل البعد عن الوعود قبل الإفتتاح (راح تاكلو أحسن بيتزا في الجزائر) كثرة الإشهار لكن غياب تام للذوق و اللذة ، يوجد الكثير من المطاعم يقترحون بيتزا أحسن بمائة مرة و بنصف السعر، هذا أولاً. ثانيا لا أدري كيف تجرون عملية اختيار العمال، لكن عالم أنكم لستم الأحسن في هذا، للأسف الشديد غياب الابتسامة والاحترافية و الرقة في المعاملة ، أرسلت مائة سيرة ذاتية بعد إعلان التوظيف لكن من دون رد ( تقول راني داخل لوكالة ناسا للفضاء) ظننت أنهم سيوظفون إلا المحترفين لأتفاجئ بعمال من دون خبرة و إحترافية بدأ من النادل الذي لم يستطع الإجابة عند سؤاله عن مكونات الصلصة إلى العامل االذي يكتب الأسماء عند الدخول كلمنا بطريقة غير لائقة ( خص غير مضربناش) من دون ذكر نضافة الأطباق . بإختصار هشام كوك بيتزا تجربة مخيبة للأمال و مال مهدور لا أنصح بها .,4496,Google Maps,هشام كوك بيتزا,2024-01-05T18:51:22.369Z,5,,,,,,,
593918,أعرضني,49064,tiktok,@chicks_nook,2026-01-02T20:40:07.206637,2,,,,,,,
331804,راهم يجو يكحلو عليك بيبي,13083,Facebook,Restaurant San Benito,2025-10-28T19:01:07.000Z,0,,,,,,,
593955,il manque rechta,35948,tiktok,@sinai,2026-01-02T19:28:29.949935,0,,,,,,,
725028,مطعم تركي يتقن البيتزا والبطاطا والبرجر والمأكولات التركيه ايضاً الطعم رائع والخدمه رائعه يعتبر افضل المطاعم بالجزائر بنظري ملاحظتي على نوع البطاطا ونوع الزيت لابد من تغييره لانه كان ذو جوده جيده قبل عام وتغير وايضاً نريد توفير الشاورما ويعتبر من المطاعم الي تدمنها وترجع لها يعيبه الزحمه بنهاية الاسبوع لكن يستاهل والمكان يحتاج توسعه اكثر وهدوء اكثر,5182,Google Maps,Casbah Istanbul القصبة اسطنبول,2025-01-31T11:28:41.219Z,0,,,,,,,
593959,La meilleure cezam [APPRECIATION],1670,instagram,restaurant.cezam,2025-03-11T22:13:14.000Z,0,,,,,,,
462888,انت مريض وين المرقاز كيلو بي ثمانين الف مكانش قاع غالي,10562,Facebook,Dz Forest Restaura,2025-10-21T02:12:28.000Z,0,,,,,,,
462892,ما شاء الله ربي يعاونكم,9107,Facebook,Restaurant Tabarka Annaba,2025-12-24T14:18:35.000Z,0,,,,,,,
987181,Merci beaucoup la cuisine était délicieuse et l ambiance sympa . Merci,3589,Google Maps,Laurel Restaurant,2025-11-20T14:00:35.411Z,0,,,,,,,
462903,كنت حاسبك حاجة واو بصح سمحلي البيتزا لي نحرقها فالدار بنينة على تاعك,4639,Google Maps,Hicham cook pizza pasta,2025-08-09T16:53:44.698Z,0,,,,,,,
725051,ميقا بتزا,59266,tiktok,@maestro_dz13,2026-01-02T21:21:27.203038,0,,,,,,,
725054,ont veux sur alger stp,45352,tiktok,@budz,2026-01-02T20:15:56.664383,0,,,,,,,
725056,سومة مليحة,44110,tiktok,@dzforestrestaurants,2026-01-02T20:11:38.303331,0,,,,,,,
594002,"it was a good experience all and all, the food was a bit oily and took a while, the music helped set the mood at first, though ended up being a bit too loud, and pure annoyance by the end, the service was lovely and really respectful, the design and mood was. intresting i guess, all and all a good place with a couple of flaws, liked it but didn't love it, still recommend it.",5703,Google Maps,Casbah Istanbul القصبة اسطنبول,2022-01-11T19:28:07.125Z,0,,,,,,,
331862,It's amazing place and service and pizza,2558,Google Maps,HichamCook Grill House,2024-02-12T18:13:06.073Z,0,,,,,,,
856151,Rien de spectaculaire à part l'accueil. Les serveurs étaient très gentils avec nous,4692,Google Maps,Hicham cook pizza pasta,2024-05-25T00:07:06.781Z,0,,,,,,,
200794,كبدة تاع ديناصور ب 100 دج,60814,tiktok,@restaurant.beitdh,2026-01-02T21:23:13.956356,1,,,,,,,
462942,ف دار كلش نقي وجديد,41652,tiktok,@street_food,2026-01-02T19:57:49.336014,0,,,,,,,
331870,في رمضان في رمضان,30398,tiktok,@lasombra.dz,2026-01-02T18:58:22.671367,5,,,,,,,
987231,تقلشيني بدراهمي ههههه دراهمك هوما لي يقلشوك الحوت غالي بزاف كارثة,13122,Facebook,Restaurant San Benito,2025-10-27T19:59:35.000Z,0,,,,,,,
594017,وين في رايس حميد,12672,Facebook,Restaurant Rais,2025-10-12T21:58:06.000Z,0,,,,,,,
725087,Les burgers sont pas chaud,8438,Google Maps,American Burger Factory,2023-11-29T18:57:07.741Z,0,,,,,,,
594019,c'est où exactement merci,55904,tiktok,@mfood.annaba,2026-01-02T21:14:13.045671,1,,,,,,,
594020,[APPRECIATION] [COMPLAINT] [BOUFFE],16072,tiktok,@mardoum,2026-01-02T18:08:02.851891,1,,,,,,,
200804,moi je ne mange pas Les poissons mes la vue me plaît si je viens qu'est que il peuve me servir en échange,22526,tiktok,@le_perchoir,2026-01-02T18:25:07.753371,14,,,,,,,
331887,البيدو نحطو بيه لزوايلنا حنا,57272,tiktok,@_le216_,2026-01-02T21:17:20.268715,0,,,,,,,
462964,J'ai bien mangé avec m'a famille très sympa comme restaurant,2891,Google Maps,HichamCook Grill House,2022-06-10T17:55:38.870Z,0,,,,,,,
331910,Grill room pas mal. Un bon service mais un menu un peu restreint pour un grill room. Pour l'ambiance un peu trop familiale avec enfants bruyants a mon avis. Question de chercher plutôt une ambiance calme et adulte.,2615,Google Maps,HichamCook Grill House,2023-10-28T13:12:35.468Z,0,,,,,,,
856202,Pas bon du tout et la serveuse une vraie sorcière mega méchante on dirai que c’était elle qui allait payé à la fin,33242,tiktok,@new_yorkais,2026-01-02T19:20:40.455382,0,,,,,,,
594071,لازم مظاهرات باش يتغلق,38660,tiktok,@kfc,2026-01-02T19:39:46.641923,0,,,,,,,
463004,honnêtement la bouffe n'est pas a la hauteur du local,21962,tiktok,@maison_sardoudi,2026-01-02T18:22:36.976943,12,,,,,,,
594077,ماي كازن,53254,tiktok,@aminakai09,2026-01-02T21:06:38.063254,0,,,,,,,
200863,J'ai essayé les 3 resto bab ezzouar garden et benaknoun et je dirai que le meilleur c benaknoun équipe très gentille service rapide et bon,5386,Google Maps,Casbah Istanbul القصبة اسطنبول,2023-08-31T19:15:43.743Z,0,,,,,,,
725169,"J'ai été dans cette gargote design une fois c'est du n'importe quoi, cher et fade. je préfère aller à la Casbah manger de la sardine fraîche be dersa frites ou en chtitha benna w bnina que de consommer cette merde hachak rizk Allah w hachakoum.",11334,Facebook,Restaurant Casa Bella - Draria,2025-07-30T00:17:02.000Z,0,,,,,,,
200885,باطل وتقولي كول واش اتحب اقسم بالله العظيم منجي عندك باين بلي سارق,10359,Facebook,Restaurant Casa Bella - Draria,2025-12-21T13:15:54.000Z,2,,,,,,,
331968,متعرضونيش حرام عليكم الدعوة راهي غير حوووووت  [INQUIRY],28220,tiktok,@amine.lacantine,2026-01-02T18:45:42.577726,0,,,,,,,
987330,Moi je mange pas babouch dans le restaurant,73108,tiktok,@pont_hydra,2026-01-02T22:13:47.403336,0,,,,,,,
200903,رقم الهاتف,11536,Facebook,Restaurant San Benito,2025-07-26T20:04:00.000Z,0,,,,,,,
200906,Les poissons ?,30520,tiktok,@aymen.woody,2026-01-02T18:58:42.116279,0,,,,,,,
856269,حاشا انت فخر لينا رب يخفظك,62316,tiktok,@hamidhamid806,2026-01-02T21:29:13.133420,1,,,,,,,
987353,وين محل اخة,13667,Facebook,Restaurant San Benito,2025-12-15T21:28:40.000Z,0,,,,,,,
463065,Fatma El Zahraa لالا انا ماعجبتنيش الحالة كي رخيسة بزاف,9866,Facebook,Dz Forest Restaura,2025-10-13T18:29:20.000Z,0,,,,,,,
725223,Improbable mais vraiment incontournable !,3510,Google Maps,Caracoya,2020-03-07T16:11:49.563Z,1,,,,,,,
200940,منير رمزي القيرواني وجد روحك,10348,Facebook,"  Restaurant elassil








",2025-12-27T13:29:16.000Z,2,,,,,,,
332017,نحب الببوش إلى كليتهم نتعرف حبوب و الحساسية,72406,tiktok,@pont_hydra,2026-01-02T22:13:22.193270,0,,,,,,,
856316,beaucoup trop sous développé,17956,tiktok,@casabelladraria,2026-01-02T18:14:50.295686,0,,,,,,,
856317,درلنا الاسعار تع روستورو سيدي بوسعيد,52202,tiktok,@uncles_burger_dz,2026-01-02T21:03:27.374738,0,,,,,,,
332030,العنوان و رقم الهاتف مهتمة,71496,tiktok,@dwiretelazz,2026-01-02T22:08:48.271703,0,,,,,,,
332028,غير رخيص الله يبارك,10194,Facebook,Dz Forest Restaura,2025-10-12T20:58:52.000Z,0,,,,,,,
200961,Kayafc… starbouks  il a vraiment un problème de prononciation,38196,tiktok,@kfc,2026-01-02T19:39:29.030077,0,,,,,,,
594183,après il fait vider la coquille sur le pain il ua'du beurre dedans,72210,tiktok,@pont_hydra,2026-01-02T22:13:18.159155,2,,,,,,,
594188,Ça me manque cette endroit,70234,tiktok,@le_petit_chalet,2026-01-02T22:00:16.570495,1,,,,,,,
463123,"أنس أنيس ماشي قضية اطباق للطبقة الراقية بل هي قضية اعطي الخبز لعجانو. الجماعة نتاع درارية من الطرف للطرف دون استثناء همهم الوحيد هو الدخل اليومي و همهم الأكبر هو الغاشي، كليت مليح و لا ما كليتش مليح هذا كله لا يهم و اختصاصهم الشواء و الفريت و البرمة مع العصيدة , (purée) الحوت عندو ناسو و عندو بلايصو منذ سنين في العاصمة. خاوتي اللي حايب ياكل الحوت في درارية راه غالط ، درارية و لا باب الزوار . ماشي نتاع حوت ، يهدر شعيب و لا ما يهدرش هو يهدر و برك. و في الاخير تاجر. كولو الحوت عند الشيفان نتاعو و عند الفنانين نتاعو. ماشي في مطاعم اللي تخلط الحوت مع العصيدة.",9530,Facebook,"  Restaurant elassil








",2025-12-17T23:32:36.000Z,3,,,,,,,
987425,على جالك ني جاي سيدتي لبغا سلق,13719,Facebook,Restaurant San Benito,2025-12-30T21:49:46.000Z,0,,,,,,,
332067,كاينة الظل ف لاطيراس صباح؟! ولا مقابلة الشمس,22248,tiktok,@le.balcon1,2026-01-02T18:23:12.557133,5,,,,,,,
332068,السعر معقول جدا ، بصح لكوممبار هفيتنا قول 4 مورصوات ماشي 4 كوممبار,10727,Facebook,Dz Forest Restaura,2025-10-15T22:48:36.000Z,0,,,,,,,
856362,I confirm this bzf bnin  [APPRECIATION],34152,tiktok,@taylot,2026-01-02T19:23:33.774801,3,,,,,,,
856365,l'adresse ext. ?,27616,tiktok,@thala,2026-01-02T18:44:57.723072,0,,,,,,,
201010,Deja tester a éviter la gout la n9a wsh commandina gea jablna kolsh faux,33158,tiktok,@new_yorkais,2026-01-02T19:20:36.126417,0,,,,,,,
332085,"La chamarra poulet n’était pas disponible car la moins cher, serveur ne comprenant ni le français ni l’arabe",6029,Google Maps,Casbah istanbul,2024-11-09T11:47:46.810Z,0,,,,,,,
594247,دير زداجة مالقدام سيد راه يهدر و يرش فالريق ماينشافش بالعين و قادر يضر المستهلك و تجارة موفقة,47452,tiktok,@street_food,2026-01-02T20:31:33.634725,0,,,,,,,
725322,البستان في الماكلة و بريستيج,59168,tiktok,@maestro_dz13,2026-01-02T21:21:24.751407,0,,,,,,,
463190,"Le parfait endroit pour un repas en famille avec des enfants. L’équipe est très pro, le service est extrêmement rapide et la nourriture est vraiment très bonne. C’est vraiment un endroit que les enfants aiment beaucoup.",4619,Google Maps,Hicham cook pizza pasta,2025-10-01T09:31:20.301Z,0,,,,,,,
332127,je viens de grigny on est super bien accueilli et c'est super bon [APPRECIATION],25772,tiktok,@ofennec.officiel,2026-01-02T18:34:11.048582,5,,,,,,,
987493,تكذب يا كذاب,12031,Facebook,Restaurant San Benito,2025-10-13T02:03:16.000Z,0,,,,,,,
725351,روح اسطر روحك كاين لي راهم جيعانين ولا روح عيش مع ال سعود انت منهم باين ناس خبز ملقاتوش جوع روح صدق احفر بير ولا تصدق على فقراءا و المساكين راك في بلاصة هذاك طبق ادير 12 الف دينار لي جوازعندكم غير صحاب شكارة,11350,Facebook,Restaurant Casa Bella - Draria,2025-09-01T17:14:21.000Z,0,,,,,,,
856427,bonne continuation machallah,67336,tiktok,@bladi_oran,2026-01-02T21:51:43.061170,0,,,,,,,
594287,au sommet,63556,tiktok,@restaurant_marisco,2026-01-02T21:32:33.191095,2,,,,,,,
987523,Mabrouk betewfik on passera inch'Allah dégusté vos spécialités j'espère juste que les fromages sont d'importation c'est le premier Secret de la réussite bonne continuation bon courage  [APPRECIATION],63954,tiktok,@restauranttrattoriaoran,2026-01-02T21:34:06.668652,0,,,,,,,
856452,El Corleon thnx,9120,Facebook,Dz Forest Restaura,2025-10-28T17:04:17.000Z,1,,,,,,,
332176,de yemma aussi  [APPRECIATION],27904,tiktok,@thala,2026-01-02T18:45:09.210900,0,,,,,,,
594323,ونتي شعال ديري,13553,Facebook,Restaurant San Benito,2025-12-16T14:57:18.000Z,0,,,,,,,
201121,واش أسمو في كوكل مابس,22690,tiktok,@le_perchoir,2026-01-02T18:25:10.456100,0,,,,,,,
463265,"restaurant super bon , j'ai manger dans d'autre indien qui n'avais pas la même qualité c'était très bon et on ne regrette pas une étoile en moins pour le prix car très cher par rapport à d'autre",3152,Google Maps,تاج محل بن عكنون,2022-08-18T15:50:56.513Z,0,,,,,,,
987564,كليت فيه مشاء الله مكلتهم واو,68998,tiktok,@cote_oran,2026-01-02T21:57:40.597022,1,,,,,,,
332206,Salem la piscine est ouverte à partir de quand merci,65002,tiktok,@restaurantvillariviera,2026-01-02T21:38:43.952085,0,,,,,,,
987576,Ouin restaurant,12007,Facebook,Restaurant San Benito,2025-10-13T12:20:31.000Z,0,,,,,,,
463289,bssahtak ma belle  t'as bcp de goût et de l'art culinaire.  [APPRECIATION],68058,tiktok,@maisonsept_oran,2026-01-02T21:54:30.118118,1,,,,,,,
463296,Ne pas recommander taille des burger tres petites Quantité de viande malgré le double steak son accompagnement salades tomates ect L’ourdeura l’intérieur est a fuir comme tout le resto,8390,Google Maps,American Burger Factory,2024-03-09T22:13:42.860Z,0,,,,,,,
594368,هذا طاوكوس صح مشي كيما لي مولفينا معمرينو غي فريت,29584,tiktok,@tacomania35,2026-01-02T18:50:37.295610,1,,,,,,,
201156,لا لا اا فهمت كلش ب150,11904,Facebook,Restaurant San Benito,2025-10-13T19:24:45.000Z,0,,,,,,,
987607,premier com,48908,tiktok,@le77tizi,2026-01-02T20:38:59.838013,1,,,,,,,
987620,Meilleur deco and,49586,tiktok,@kik.sfood21,2026-01-02T20:41:15.003161,1,,,,,,,
725476,الخلايع,10762,Facebook,Restaurant Casa Bella - Draria,2025-12-08T10:53:55.000Z,0,,,,,,,
725485,الاسعار تتناول الجميع,18376,tiktok,@helena,2026-01-02T18:16:11.110382,2,,,,,,,
463349,بنة و نظافة  [APPRECIATION],52038,tiktok,@rays_annaba,2026-01-02T21:03:09.992441,0,,,,,,,
201210,كاين التوصيل الى برج باجي مختار,54676,tiktok,@mr._brik,2026-01-02T21:11:19.594965,0,,,,,,,
201211,c'est ou votre restaurant svp,65750,tiktok,@vibe.bistrot,2026-01-02T21:45:41.564372,0,,,,,,,
201214,Très bonne expérience Un restaurant où l’on mange très bien à des prix très correct comparer au restaurant actuel à Alger Bonne continuation,2460,Google Maps,HichamCook Grill House,2024-08-07T19:21:11.841Z,0,,,,,,,
725503,"Belle décoration à theme mais menu trop cher . Pizza nulle , les tacos sont bons ( les premiers temps ) . Un bon endroit pour se réunir entre amis et famille mais la bouffe à revoir avec le chef !",4977,Google Maps,Hicham cook pizza pasta,2019-07-18T09:31:27.207Z,0,,,,,,,
594447,ادا يلحق عند الزبون سخون ولا ياكل نصو بارد,10299,Facebook,"  Restaurant elassil








",2025-12-27T12:22:37.000Z,0,,,,,,,
856593,ماكلة تونسية,69504,tiktok,@cote_oran,2026-01-02T21:57:59.950472,1,,,,,,,
856599,C est ou ?,39532,tiktok,@le_1675,2026-01-02T19:42:35.045139,3,,,,,,,
463384,نتا راك تقول 150 الف,12058,Facebook,Restaurant San Benito,2025-10-13T20:49:53.000Z,0,,,,,,,
201251,nmout ala côtelette,34778,tiktok,@sinai,2026-01-02T19:27:57.400181,1,,,,,,,
987687,Ela kdah thabso livraison?,30952,tiktok,@roi_du_fajitas,2026-01-02T19:08:43.215512,0,,,,,,,
201271,pour voitures :أبوني. نرد. ليكم صفحة أكسيسوار السيارات كاين جديد ديما,51490,tiktok,@broaster_chiken,2026-01-02T20:59:59.744232,0,,,,,,,
856638,Excellent burger avec un service rapide,8736,Google Maps,American Burger Factory,2020-12-29T12:49:00.331Z,1,,,,,,,
201288,c'est vrai vegga hwa la meilleure vive (îlyes )hh,48820,tiktok,@yaamy_test,2026-01-02T20:38:22.888855,1,,,,,,,
201291,سعر وش يڤول اتسنيم,50962,tiktok,@broaster_chiken,2026-01-02T20:59:48.252198,0,,,,,,,
332364,The worst service ever Slow like hell Don't go there if you're hungry,6833,Google Maps,American Burger Factory,2025-07-24T22:18:21.429Z,0,,,,,,,
725580,قريب امنتك,48084,tiktok,@rahmani_food,2026-01-02T20:34:23.891604,0,,,,,,,
594511,"Meilleur rapport qualité prix , personnel prend soin du client",8182,Google Maps,American Burger Factory,2025-01-25T17:21:25.393Z,0,,,,,,,
594513,خويا كي نجي وش نقولكم باه ندي الطلب,50096,tiktok,@king_food23,2026-01-02T20:58:41.718929,0,,,,,,,
201301,ملهى بدون خمر,63538,tiktok,@santorino,2026-01-02T21:32:19.262065,0,,,,,,,
725601,واش من بلاصة تقدر تدخل تتقهوا ولا لازم تكري,63294,tiktok,@kartaj,2026-01-02T21:31:38.800460,1,,,,,,,
725604,"C'est très stylé Rétro et très beau vraiment,",14366,tiktok,@les_jumelles,2026-01-02T18:01:25.734789,0,,,,,,,
725606,Bonne préparation Service acceptable,8822,Google Maps,American Burger Factory,2018-06-22T07:26:14.254Z,0,,,,,,,
725612,"Restaurant propre , convivial à bon prix, quantité généreuse et surtout extrêmement bon ! Le fondant au chocolat avec sa boule de glace est exceptionnel, excellentissime !",7551,Google Maps,Restaurant À Petit Feu,2024-04-14T21:18:58.728Z,3,,,,,,,
725623,جادوغ الببوش  من وهران [APPRECIATION] [BOUFFE],73214,tiktok,@pont_hydra,2026-01-02T22:13:49.961578,0,,,,,,,
332410,Ma3raftch win blasa ex,16566,tiktok,@la_villa_saint_tropez,2026-01-02T18:09:50.491159,0,,,,,,,
463483,كونتيا بيطا قاع نرجعلكم قاع معيا نحبكم قاع  [APPRECIATION],69670,tiktok,@cote_oran,2026-01-02T21:58:05.599094,0,,,,,,,
725629,واش معنتها كيافشي,38072,tiktok,@kfc,2026-01-02T19:39:27.046879,0,,,,,,,
463491,"Restaurant tres mal fréquenté, on est parti en groupe, ils ont littéralement sauté ma commande, c'est quand les autres ont fini de manger qu'on reçoit notre entrée. Par la suite je n'est rien reçu. ريحت للجوع je suis restée avec ma faim.",5987,Google Maps,Casbah Istanbul,2024-03-08T00:55:11.726Z,0,,,,,,,
201356,500 الف نكل انا و 4 تع ناس وكالا عند زعيم رغاية,44392,tiktok,@dzforestrestaurants,2026-01-02T20:11:51.065088,0,,,,,,,
201359,Très beau restaurant réparti sur 2 étages et bien décoré. Service et personnel impeccable. La nourriture proposée est quantitative mais niveau goût normal,6933,Google Maps,Restaurant À Petit Feu,2025-06-26T08:18:56.711Z,0,,,,,,,
856730,Qu’Allah te facilite ds t affaires [APPRECIATION],45294,tiktok,@budz,2026-01-02T20:15:54.502953,1,,,,,,,
987815,"Un très bon restaurant familial. Des plats copieux et succulents. Le service était irréprochable, le personnel est attentionné aux petits détails. Le rapport qualité prix est là. Je recommande vivement",2672,Google Maps,HichamCook Grill House,2023-08-09T15:47:06.253Z,10,,,,,,,
987826,L’origine du tajine est algérien,69474,tiktok,@cote_oran,2026-01-02T21:57:58.741493,2,,,,,,,
725696,وين المحل [APPRECIATION],33668,tiktok,@restaurant_gizay,2026-01-02T19:22:48.188028,1,,,,,,,
594635,Bravo Chef  [APPRECIATION],29654,tiktok,@luppinio,2026-01-02T18:51:11.607234,0,,,,,,,
201426,"c'est un trés bon restaurent, les plats sont génials et délicieux je me suis régalé. C'est comme meme cher donc faites attention si vous y allez mais sinon j'ai passé un super momment!",6109,Google Maps,Casbah istanbul,2024-01-08T10:09:43.903Z,0,,,,,,,
987860,عقداه يفتحو؟,60334,tiktok,@seraidi.live.z,2026-01-02T21:22:47.965528,0,,,,,,,
987870,مكان والو غير لهف مكلاه تخرط,10640,Facebook,,2025-12-11T21:30:53.000Z,0,,,,,,,
856801,les orannais sont des gens ouvert adorable de la part d'une marocaine ses enfants sont oranais,68626,tiktok,@cote_oran,2026-01-02T21:57:29.321253,164,,,,,,,
725734,Je vous conseille de l'essayer.,5250,Google Maps,Casbah Istanbul القصبة اسطنبول,2024-08-14T11:39:31.458Z,0,,,,,,,
201449,كليت عندو كل شي توووووب  [APPRECIATION],19450,tiktok,@sultan,2026-01-02T18:17:12.034356,48,,,,,,,
463593,شكون يعرف طباخ ولا طباخة,23516,tiktok,@khayma.naqa,2026-01-02T18:26:02.781452,0,,,,,,,
201464,من بومرداس عاشق لمدينة عنابة و لهجتهم نحبها من عند ربي و هذا الصيف نجي نعوم فيها ادا كتب ربي,60178,tiktok,@seraidi.live.z,2026-01-02T21:22:45.454058,1,,,,,,,
987908,رك روطار ناس عطتها,11637,Facebook,Restaurant San Benito,2025-09-17T21:11:55.000Z,0,,,,,,,
987909,"j’ai pris aujourd’hui (poutine + sandwich) j’ai remarqué qu’il y a un ingrédient avarié ou aigre ! + n’est pas aussi bonne que d’habitude , J’espère qu’ils prendront cette critique au sérieux et qu’ils corrigeront la situation",7887,Google Maps,American Burger Factory,2025-02-18T12:19:57.825Z,0,,,,,,,
594694,Oui. mais c'est trop trop cher,15476,tiktok,@fouka.marine,2026-01-02T18:07:35.677601,1,,,,,,,
201478,"L'ambiance est parfaite par contre la nourriture celui de said hamdine est meilleur, La sauce wet n'est pas terrible et très farineux, c la même mise dans le tacos",6602,Google Maps,American Burger Factory,2025-10-28T14:12:59.798Z,0,,,,,,,
594699,I enjoyed my meal but it doesn't worth its price. I took Adana Kepab it was tasty but still feel hungry. Doner was tasty too. But kufte maman was not tasty at all. Kofte with cheese not really. Kunafe was not well cooked I'll attach photos to be more reliable,5173,Google Maps,قصبة اسطنبول,2025-06-11T21:26:22.743Z,0,,,,,,,
594702,Hamid Le Grand واش بيك يالنقش ،باين ترابيت بدراهم لي باس نتاع بوليماط نك حاتشون يماك الكح,10318,Facebook,Dz Forest Restaura,2025-10-13T03:12:58.000Z,0,,,,,,,
987924,البان كيك عجبتني بنينة مشاء الله,3751,Google Maps,Laurel Restaurant,2024-05-12T20:28:19.723Z,2,,,,,,,
201505,نحوس عليك نتي,13091,Facebook,Restaurant San Benito,2025-10-13T20:57:37.000Z,0,,,,,,,
332585,برك ههههه,47614,tiktok,@bazookadz,2026-01-02T20:32:29.912455,0,,,,,,,
201513,شيكووور  [APPRECIATION],55940,tiktok,@mfood.annaba,2026-01-02T21:14:14.531643,0,,,,,,,
594755,معاملة 0,63662,tiktok,@silyon69,2026-01-02T21:33:11.371204,0,,,,,,,
856906,"La cuisine est bonne mais pas de quoi mettre plus que 3 étoiles non plus. Le service est très bien, les serveurs sont très professionnels et aimable. L'ambiance est un peu lourde avec le fond de musique indienne, c'est très dérangeant. Pas d'endroit prévu pour faire sa prière même si une mosquée est juste à côté. Et pour finir et c'est le point le plus négatif. La note : pour des plats non exceptionnel en famille nous en avons eu pour pas loin de 20000 da. Je trouve ça extrêmement chère pour du riz avec un peu de sauce. C'est vraiment très chère pour ce que c'est.",3020,Google Maps,تاج محل بن عكنون,2025-06-09T00:18:06.543Z,0,,,,,,,
332624,إنسان عادي,55252,tiktok,@askim_food,2026-01-02T21:13:26.529143,0,,,,,,,
856915,ابداع,53756,tiktok,@guellil._.tasnim,2026-01-02T21:08:11.828105,2,,,,,,,
594779,Starbucks is worse,37912,tiktok,@kfc,2026-01-02T19:39:23.690805,1,,,,,,,
856924,لهي يبارك خويا كليت عندك مشاء الله  [APPRECIATION],28230,tiktok,@amine.lacantine,2026-01-02T18:45:42.585826,0,,,,,,,
856927,"Le burger était vraiment bon et grand, le personnel était très sympathique. Merci!",8245,Google Maps,American Burger Factory,2024-10-16T20:53:28.039Z,0,,,,,,,
332641,سعر بكم هاذا الطبق,10350,Facebook,"  Restaurant elassil








",2025-12-22T15:57:26.000Z,0,,,,,,,
988004,Ils ont augmenté les prix et on réduit la taille des tacos,8559,Google Maps,American Burger Factory,2022-11-04T21:36:12.098Z,0,,,,,,,
332645,Mon Plat préféré  bsahatkom [BOUFFE],219,instagram,amine_la_cantine,2025-12-20T15:42:19.000Z,3,,,,,,,
594797,هدي حاجة مليحة,48058,tiktok,@rahmani_food,2026-01-02T20:34:22.509299,0,,,,,,,
594803,"Si je pouvais mettre 0 je l’aurais mis une degradation totale ! La kenefe on dirais elle date de deux jours, j’ai payé 850da pour un sandwish limite la ou y’avait que la viande et il était petit en plus, je suis plus que déçue",5912,Google Maps,Casbah Istanbul,2025-05-29T21:03:24.300Z,0,,,,,,,
201591,وأنا نقولك نشري قرعة زيت تاع 2 لتر 4 كغ بطاطا كيلو فلفل حلو 2 شكاير حليب باطة فرماج شكارة سميد تاع 5 كغ خير,56172,tiktok,@mfood.annaba,2026-01-02T21:14:22.106264,0,,,,,,,
594816,الماكلة بزاااف نورمال سما غالية بالنسبة ليها السارفيس شوي شوي لاتموسفار مش حاجة خاطش هاراج كبير تحس روحك قاعد مع 100 شخص,2624,Google Maps,HichamCook Grill House,2023-10-09T00:09:52.526Z,0,,,,,,,
594817,"Nous avons été déçu par la non disponibilité de certains plats ex fruits de mer , Roquefort et à plusieurs reprises , nous avons quitté la pizzeria . faites un effort !",4141,Google Maps,هشام كوك بيتزا,2024-12-22T21:09:15.232Z,0,,,,,,,
332694,راه صاحيين العجب في الجزاير وهرااان. المسكينة,57888,tiktok,@_le216_,2026-01-02T21:17:33.996987,0,,,,,,,
201623,M3ndich shabat nrouh m3houm,26742,tiktok,@seven.times,2026-01-02T18:39:08.809939,2,,,,,,,
856989,le Potager . benaknoune dar Zellige. Hydra Marhaba spécialité poisson a Rouiba,25010,tiktok,@el_marssem,2026-01-02T18:32:16.408984,0,,,,,,,
856996,Perfect,7489,Google Maps,American Burger said hamdine,2024-07-09T09:24:57.754Z,0,,,,,,,
594854,Bon mais bon . Un rapport qualité prix un peu déséquilibré. parfois ça vaut le coup parfois non mais après on sait que leurs produits sont destinés a une catégorie de personnes,3949,Google Maps,L’Alchimiste Pâtisserie,2021-04-28T09:23:41.662Z,4,,,,,,,
725929,Super bouf mais pas toujours ouvert,4915,Google Maps,Hicham cook pizza pasta,2021-01-19T13:38:02.098Z,0,,,,,,,
594857,ميهمش وش تخدم ولا شكون انت مهم عندك دراهم,57518,tiktok,@_le216_,2026-01-02T21:17:25.498478,1,,,,,,,
988075,"Ca rappelle American Graffiti et les années 50, ou mieux: Pulpfiction! Service rapide et ambiance américaine. Chouette endroit qui vaut vraiment le détours.",5018,Google Maps,Hicham cook pizza pasta,2018-10-22T17:40:52.134Z,0,,,,,,,
332724,صاحب محل شكون هو,50958,tiktok,@broaster_chiken,2026-01-02T20:59:48.252195,1,,,,,,,
463799,"Je recommande vivement Hichem Cook ! L’accueil est excellent, chaleureux et professionnel. La nourriture est délicieuse et de très bonne qualité, avec une hygiène irréprochable et un restaurant propre et bien entretenu. La formule à 6000 DA offre un très bon rapport qualité-prix : des plats généreux, savoureux et bien présentés. Bravo à toute l’équipe pour le service, la propreté et l’ambiance agréable. Je reviendrai sans hésiter !",2279,Google Maps,HichamCook Grill House,2025-12-02T14:06:34.258Z,0,,,,,,,
463832,أهم حاجة قبل حتى الإشهار. عنوان المحل,50246,tiktok,@chapati_team,2026-01-02T20:59:01.076966,0,,,,,,,
725997,مالقري انو عاد يمثل عنابة و اي واحد يجي من برا لازم يروحلوً مي ما حبش يعدل من الماكلة و السرفيس رغم الشكاوي العديدة دوماج,58258,tiktok,@vilageneige_annaba,2026-01-02T21:19:49.301124,1,,,,,,,
857072,يجري باه يزكل لفليونسوز باطل,11106,Facebook,Restaurant Casa Bella - Draria,2025-09-22T14:58:41.000Z,0,,,,,,,
857083,راك تخرط 150 نتاع واه,12099,Facebook,Restaurant San Benito,2025-10-13T22:04:05.000Z,0,,,,,,,
463868,Meilleure poutine du coin et le nouveau burger smash est excellent,8423,Google Maps,American Burger Factory,2023-12-25T12:37:36.900Z,0,,,,,,,
594941,Thala veut dire la fontaine en berbère,27768,tiktok,@thala,2026-01-02T18:45:04.675155,0,,,,,,,
332797,بارك بالجملة الله يبارك. جملة أسعار هايلة. حسن الاستقبال. الله يوفقكم.,4079,Google Maps,هشام كوك بيتزا,2025-06-12T11:02:09.761Z,0,,,,,,,
463872,ماشي لي كان في عاشور ادك,53882,tiktok,@guellil._.tasnim,2026-01-02T21:08:14.299333,0,,,,,,,
988171,طلبت بايلا لشخص و باستا بالصلة البيضاء و الدجاج على العموم الارز في البايلا شبه محروق والقوالب فارغة اما من جهة الباستا معجنة كثيرا,7696,Google Maps,Restaurant À Petit Feu,2023-11-12T18:21:03.733Z,0,,,,,,,
463904,"1 étoile - Une expérience désagréable à éviter Je suis rarement aussi déçu par un commerce, mais cette pâtisserie mérite qu’on mette en garde les futurs clients. Dès mon arrivée, la vendeuse n’a cessé de rire de manière déplacée, sans raison apparente, donnant une impression d’amateurisme total. Pire encore, son attitude condescendante envers les clients frôle l’impolitesse. Quand j’ai posé une simple question sur un produit, j’ai eu droit à un regard moqueur et une réponse hautaine, comme si ma présence l’agaçait. Aucun sens du service client, aucune considération pour les personnes qui font l’effort de venir découvrir leur boutique. Franchement, peu importe la qualité des pâtisseries (moyennes d’ailleurs), un accueil aussi déplorable gâche complètement l’expérience. Je ne recommande pas. Passez votre chemin, il y a bien mieux ailleurs — avec le sourire en prime.",3844,Google Maps,L’Alchimiste Pâtisserie,2025-06-01T10:26:43.007Z,0,,,,,,,
463912,If you like Turkish food this is the place to enjoy good meals at excellent value for money. Highly recommanded,5862,Google Maps,Casbah Istanbul,2025-10-22T09:00:31.666Z,0,,,,,,,
594992,اسعار عادي ممكن مكان وحجز,33520,tiktok,@ambiancefood,2026-01-02T19:21:17.470998,0,,,,,,,
726067,il manque les prix,58430,tiktok,@la.nouvelle.etoile0,2026-01-02T21:20:57.061377,0,,,,,,,
988214,J'ai déjà manger ici et c'est très bon et une très belle vue  [APPRECIATION],24774,tiktok,@laturquoisehotel,2026-01-02T18:30:29.288087,3,,,,,,,
726075,مولفاة تبخر حسبته جاوي,57270,tiktok,@_le216_,2026-01-02T21:17:20.268713,0,,,,,,,
463931,Atman Boudjema n'importe quoi. On voit bien que vous n'y connaissez rien à la cuisine. Il y a des poissons qui se cuisine à toutes les sauces . Pas à la votre uniquement . Dite lui juste allah ibarak,9150,Facebook,"

Restaurant Casa Bella - Draria",2025-12-15T16:40:03.000Z,0,,,,,,,
201790,Nassi Ait notre numéro :0799617917,9017,Facebook,"  Sultan Restaurants


",2025-11-09T14:44:04.000Z,0,,,,,,,
463935,l'adresse svp et le nom du restaurant svp,22162,tiktok,@maison_sardoudi,2026-01-02T18:22:41.177255,0,,,,,,,
332872,شحال توصيل بوروبه,17164,tiktok,@casa_burger1,2026-01-02T18:11:29.399180,1,,,,,,,
332876,Tout est parfait du début jusqu’à la fin du repas le service est irréprochable de l’arrivée jusqu’au départ. Je recommande vivement.,5202,Google Maps,Casbah Istanbul القصبة اسطنبول,2024-10-12T06:28:16.225Z,0,,,,,,,
857169,ردوا خاص من فضلكم,361,instagram,"brother.ts
",2025-03-24T17:29:01.000Z,0,,,,,,,
857188,كنت نروحلو كي كانت بلا طوابل,22442,tiktok,@le_perchoir,2026-01-02T18:25:02.841788,7,,,,,,,
595046,L’été ce fut compliqué mais maintenant on est 1000 fois meilleurs avec une nouvelle équipe Marhba,59802,tiktok,@oscar_restaurant,2026-01-02T21:22:02.085752,5,,,,,,,
595048,"Y’avait beaucoup de monde, on ne s’est pas arrêté",8652,Google Maps,American Burger Factory,2021-12-17T09:57:16.283Z,0,,,,,,,
595054,مخدة ههه,46340,tiktok,@damisoran31,2026-01-02T20:22:00.331309,1,,,,,,,
988272,juste un conseil n'en faites pas trop dans les pubs car ça peut paraître trop cher et ça fait fuir les clients [APPRECIATION],64024,tiktok,@restauranttrattoriaoran,2026-01-02T21:34:07.936867,1,,,,,,,
595077,Fatima Zohra صعب جدا الإجابة على سؤالك لأنه سيفقد معنويات كل من ظن أن السندويتش المقردع باللحم في متناول الجميع ههههه,12566,Facebook,Restaurant Rais,2025-10-13T16:57:16.000Z,1,,,,,,,
857235,Franchemen sa donne envie venir sa change de tout les resto,36128,tiktok,@sinai,2026-01-02T19:28:35.422909,0,,,,,,,
726165,le plus bel endroit a annaba,60154,tiktok,@seraidi.live.z,2026-01-02T21:22:44.123236,44,,,,,,,
595100,خويا ناس فاقت راهي تسافر وتشوف لاكلاس يعني لازم يحترمو شوية عقول ناس يعني لازم يسقمو رواحتيهم مبعد يهدرو بكلمة كلاس,71108,tiktok,@paradou_restaurant,2026-01-02T22:04:58.186468,1,,,,,,,
726175,thala veut dire fontaine,27486,tiktok,@thala,2026-01-02T18:44:48.001884,1,,,,,,,
332964,احسن حاجة كليتها في بسكرة و توصل سخونة,49418,tiktok,@fondue.3formages,2026-01-02T20:40:41.805458,1,,,,,,,
464042,كيما المحكمه القديمه,16410,tiktok,@soltane.el.kababe,2026-01-02T18:08:25.520824,1,,,,,,,
332973,Tout est propre,8605,Google Maps,American Burger Factory,2022-06-24T09:19:43.478Z,0,,,,,,,
464052,"Énorme coup de gueule * la responsable et la caissière * je précise ! c’est des algériennes Casbah Istanbul Ben Aknoun ! Nous étions assez nombreux , anniversaire d’un proche , le diner s’est bien passé , service impeccable, et vient le soucis qui c’est plutôt passé avec la caissière qui avait squatter les sanitaires client pendant un long moment j’ai du toquer deux fois pour voir si c’était vraiment occupé et mme s’est empressée de me faire la remarque d’une manière insolante et désagréable Bref j’ai demandé a voir la responsable c’est du pareil au même au lieu juste de s’excuser , elle a commencé à justifier le comportement insolant et désagréable de la caissière Finalement coup de gueule non sur le resto mais les Algériens qui y travaillent ! Très décevant !",5368,Google Maps,Casbah Istanbul القصبة اسطنبول,2023-09-22T22:30:41.710Z,2,,,,,,,
988355,هو قصدو هذا بلا إيدير 350 بصح راهو مداير بروموسيو 262500,31534,tiktok,@woodgrill_dz,2026-01-02T19:13:53.447280,0,,,,,,,
857283,القبة ولات غير مكلا لغلاء ولكوا,10363,Facebook,,2025-11-09T08:37:37.000Z,0,,,,,,,
332997,Aller j’enregistre quand jv en Algérie j’irais tester,22748,tiktok,@le_perchoir,2026-01-02T18:25:12.072816,9,,,,,,,
857287,je trouve que les prix son abusé,22170,tiktok,@maison_sardoudi,2026-01-02T18:22:41.177278,0,,,,,,,
595144,مانقدرش كلوا,12725,Facebook,Restaurant Rais,2025-11-02T13:33:28.000Z,0,,,,,,,
857294,كيفاش نجي عندكم من فيلاج تيار؟,49802,tiktok,@check_in22,2026-01-02T20:42:40.564396,0,,,,,,,
595150,ماتجوش لشلف  [COMPLAINT],48626,tiktok,@otsy.burger,2026-01-02T20:35:48.188229,1,,,,,,,
726226,ambiance et les souvenirs  [APPRECIATION],33318,tiktok,@ambiancefood,2026-01-02T19:21:12.263617,1,,,,,,,
464099,c'est possible avec la viande du bresil,43440,tiktok,@cassecroute_dz,2026-01-02T20:09:05.572167,0,,,,,,,
201956,Naili Fouad Abdelkrim ناس غير تاع كروشهم همهم بطونهم,10049,Facebook,Dz Forest Restaura,2025-10-13T11:33:38.000Z,0,,,,,,,
857317,راك تشوف هلكونا,30378,tiktok,@lasombra.dz,2026-01-02T18:58:22.671350,0,,,,,,,
857318,tres belle présentation. A plus de succes,67294,tiktok,@bladi_oran,2026-01-02T21:51:42.147271,0,,,,,,,
333031,"J'ai été plusieurs fois avec ma famille et mes petits enfants, excellent pour les prix un peu cher",17778,tiktok,@casabelladraria,2026-01-02T18:14:42.669464,3,,,,,,,
988389,قعدت نحوس على دليل بليك صح في دزاير حتر لقيت ماتريكول تعنا [COMPLAINT],38374,tiktok,@kfc,2026-01-02T19:39:34.108778,0,,,,,,,
988401,Youcef le meilleur serveur  [APPRECIATION],7732,Google Maps,American Burger Factory,2025-04-05T21:52:37.462Z,0,,,,,,,
595195,تفرجت فيه الماتش لبارح وتعشيت عندو تووووووووب ماشاء الله,57060,tiktok,@sultan_corniche,2026-01-02T21:16:58.742222,0,,,,,,,
726268,la fille qui fait du violon elle était dans le mariage de ma cousine elle vraiment douée franchement chapeau  [APPRECIATION],18464,tiktok,@helena,2026-01-02T18:16:11.981843,1,,,,,,,
201986,خويا ربي يعاونك بصح وكان نولي مرفه مانقدرش نخسر 500الف على بلا كيما هذاك,44552,tiktok,@dzforestrestaurants,2026-01-02T20:11:56.278209,0,,,,,,,
201992,Je n'ai pas regretté très bonne expérience a ne pas rater a la prochaine sûrement,4410,Google Maps,هشام كوك بيتزا,2024-03-05T20:26:07.561Z,0,,,,,,,
333069,خلوه وحدو حتي يغلق,38616,tiktok,@kfc,2026-01-02T19:39:44.992013,0,,,,,,,
333070,تحط الشهرية باش تتعش,11504,Facebook,Restaurant San Benito,2025-10-04T04:17:54.000Z,0,,,,,,,
857364,belle chanson,60392,tiktok,@seraidi.live.z,2026-01-02T21:22:49.679212,0,,,,,,,
988439,Dir vedeo l easy chessy jay f baulieu,30224,tiktok,@rombalfood,2026-01-02T18:56:32.308153,0,,,,,,,
595224,بزاف500الف تخدم عليها 5ايام حرام,10255,Facebook,Dz Forest Restaura,2025-10-13T07:31:56.000Z,0,,,,,,,
333084,ديما نوكل عنده ولد كرتيا,50318,tiktok,@quick_bite,2026-01-02T20:59:16.814042,0,,,,,,,
857378,The best one  [APPRECIATION],1274,instagram,lestwins.restaurant,2025-10-16T17:38:02.000Z,2,,,,,,,
726308,شحال توصيل,50116,tiktok,@king_food23,2026-01-02T20:58:41.719104,0,,,,,,,
464167,Normalement ydirolo ouverture tli9 bih,50760,tiktok,@broaster_chiken,2026-01-02T20:59:44.958875,1,,,,,,,
202024,Leur pizza à la burrata/pesto est exquis  [BOUFFE],24480,tiktok,@opium,2026-01-02T18:29:38.994567,0,,,,,,,
595251,حلاوة حلزون أو ببوش في زلافة حداك برمة و ناس مخلطة اكل شارع,73002,tiktok,@pont_hydra,2026-01-02T22:13:41.377502,1,,,,,,,
726325,C'est magnifique  [APPRECIATION],23260,tiktok,@le_perchoir,2026-01-02T18:25:24.838294,0,,,,,,,
595254,مطلق من المغرب مرحبا,32204,tiktok,@entracte,2026-01-02T19:14:36.058805,1,,,,,,,
726328,Alors hier je me suis venue pour café cappuccino c'était catastrophe ni gout en dirait حليب شكاير catastrophe,3673,Google Maps,Laurel Restaurant,2025-05-13T15:04:05.200Z,0,,,,,,,
857406,oui c'est bon et propre,28916,tiktok,@snacky_time_kouba,2026-01-02T18:47:52.389971,1,,,,,,,
202046,bonne courage  [APPRECIATION],25722,tiktok,@ofennec.officiel,2026-01-02T18:34:10.148861,1,,,,,,,
988485,Une dégradation flagrante dans la qualité et la saveur de la viande depuis 2/3mois Le service comme d'habitude toujours médiocre depuis le parking à la réception au serveurs . pas le moindre sourire,2606,Google Maps,HichamCook Grill House,2023-11-13T23:01:08.668Z,0,,,,,,,
333125,لقطة و احسن من الحانوت و مشاء الله و الله يوفقكم خي,39048,tiktok,@itchy_food,2026-01-02T19:41:03.054589,3,,,,,,,
988490,اسمحلي كي كنت تقطع في اللحم يبان عاصي ما يذوبش فالفم، لكن المطعم شباب و بالتوفيق لي اصحاب المطعم,18366,tiktok,@helena,2026-01-02T18:16:11.110375,1,,,,,,,
595277,Check tes dm,17332,tiktok,@le_victoria,2026-01-02T18:12:39.965082,0,,,,,,,
464207,كاين بوكس هدا اليوم ؟,55738,tiktok,@mfood.annaba,2026-01-02T21:14:08.503681,1,,,,,,,
202066,والايام الاخرى مليون وقيلة الله يبارك شحال رخيسة لقد قررت اصوم الدهر,9998,Facebook,Dz Forest Restaura,2025-10-13T14:39:03.000Z,0,,,,,,,
726357,Ca oui c’est Algerien,16778,tiktok,@user5834669559361,2026-01-02T18:10:47.100894,0,,,,,,,
202085,Win exact,30512,tiktok,@aymen.woody,2026-01-02T18:58:42.116273,0,,,,,,,
857455,اوملات حياتي ونا نديرها فدار ماتجيش بنينة كيما برا ههههه,41678,tiktok,@street_food,2026-01-02T19:57:49.336058,1,,,,,,,
857457,عتبة مربوحة [APPRECIATION],1323,instagram,mahroussaglace,2025-07-24T19:04:16.000Z,1,,,,,,,
988538,مطننة من العلمة  [APPRECIATION],51776,tiktok,@quick_bite,2026-01-02T21:01:58.726563,0,,,,,,,
333186,"Beau restaurant, accueil chaleureux et service à la hauteur. En famille ou entre amis c'est toujours un plaisir de manger là-bas.",5361,Google Maps,Casbah Istanbul القصبة اسطنبول,2023-10-24T18:43:07.204Z,0,,,,,,,
202118,thaisty crousty,40206,tiktok,@streetburger02,2026-01-02T19:44:10.396868,1,,,,,,,
333194,في العالم كامل كاين مطاعم كلاص وماشي ناس كامل تدخلهم كاين ماليهم غير شعبنا لي يحب يعيش فوق مستواه,19374,tiktok,@helena,2026-01-02T18:16:40.733225,0,,,,,,,
333200,"esturgeon comme poisson du jour, il a été péché ou ?",21972,tiktok,@maison_sardoudi,2026-01-02T18:22:36.976954,0,,,,,,,
595349,"We recently tried this Indian restaurant and had such a wonderful experience! The food was absolutely delicious, the place spotless, and the authentic décor made us feel like we’d stepped right into India. The staff were professional yet so friendly, greeting us with smiles and making sure everything was perfect. We didn’t have to wait long for our order, and the drinks, especially the mango lassi and mojito, were refreshing and full of flavor. The cheese naan was realllyy tasty with a generous amount of creamy cheese inside. We ordered tikka masala and saag paneer as our mains, and everything was perfectly spiced and satisfying. What I love about Indian food is how economical it is, we ate until we were full and still had leftovers to take away. For two people, we paid around 8000 DA, which felt like a great value for the quality and quantity. Definitely a spot worth visiting if you’re craving authentic Indian flavors!",2999,Google Maps,تاج محل بن عكنون,2025-09-11T21:53:36.262Z,0,,,,,,,
464280,أخي ولا أختي عندي ربع سنين ملي درت فيديو وعلاش ماننتاقدش و الحاجة لي ماتعجبنيش مانبارتاجيهاش ماشي نديرها و نقول بنينة يعني أحسنوا الظن قادر ندير فيديو على واحد مايعجبنش و نتوما يعجبكم ولا قادر يعجبكم بصح تشوف من الفيديو ماعجبنيش يهرب قلبكم و هكدا نكون قطعت رزق بنادم و قطع الأعناق ولا قطع الأرزاق ! أحسنوا الظن برك,30804,tiktok,@piatto,2026-01-02T19:07:28.764887,0,,,,,,,
988586,Les débats futile,16994,tiktok,@user5834669559361,2026-01-02T18:10:53.059366,0,,,,,,,
333233,kifch heda makech mliha fi Alger centre alor win keyn makla bnina  [INQUIRY],30264,tiktok,@rombalfood,2026-01-02T18:56:36.181242,0,,,,,,,
988593,ماسموهش لومبورغر بسك هام برغر هو برغر بلحم الخنزير حنا نقولو تشيز برغر ولا برغر وحدو,47904,tiktok,@streetburger02,2026-01-02T20:33:36.350625,1,,,,,,,
333239,combien le menu,23330,tiktok,@moonzrestaurant,2026-01-02T18:25:38.448169,0,,,,,,,
595387,Dahman Chena c'est vrai moi aussi je suis une cliente c'était trop bien et bien accueilli,11486,Facebook,Restaurant San Benito,2025-07-29T08:42:41.000Z,0,,,,,,,
202177,El Corleon لجالية لي حاسبينا رانا فنعيم,9127,Facebook,Dz Forest Restaura,2025-11-08T23:47:14.000Z,0,,,,,,,
595394,tu m'a donné envie  [BOUFFE],35162,tiktok,@sinai,2026-01-02T19:28:05.224195,0,,,,,,,
857548,"Très bon restaurant. Service au top, les serveurs étaient très professionnels ce qui est de plus en plus rare. Le restaurant est beau et très spacieux. Salles familiales a l'étage. La nourriture était bonne et les prix raisonnables. Je recommande vivement!",7236,Google Maps,Restaurant À Petit Feu,2024-10-24T15:00:26.832Z,0,,,,,,,
202197,J'y étais la semaine passée et je vous remercie pour votre accueil,142,instagram,amine_la_cantine,2025-11-11T22:59:10.000Z,0,,,,,,,
595421,"Qualité 10 Quantité 10 Service 8 ( les serveurs chwiya tkal meshy pro , yensaw les trucs pour les ramener , sinon ils sont gentils ) Ambiance 7 ( non spacieux pour bcp de monde ) J'ai pas aimée le faite d'être servi pour les gratins sur des plats jetable en aluminium, le pain est ramené par la suite sans panier :/ Sinon bezzaaaaaaaf bnin bezaaaaf qualité w bezaaaaf quantité Je le recommande vivement",8531,Google Maps,American Burger Factory,2023-02-27T16:35:20.498Z,2,,,,,,,
726498,C. est. cher. vaux. mieux. acheter. perso. et. cuire. ala. maison. pour. toute. familke.,11989,Facebook,Restaurant San Benito,2025-10-13T17:10:49.000Z,0,,,,,,,
726503,ربي يهديك كاين ناس والله في هدا الشتاء راها مغبونة صاي احشم على روحك,10992,Facebook,Restaurant Casa Bella - Draria,2025-08-15T21:26:53.000Z,1,,,,,,,
202219,ماكلة وخرا,12616,Facebook,Restaurant Rais,2025-10-13T16:21:28.000Z,0,,,,,,,
857581,في خاطري عشاء بصحاتكم و ماشاء الله [APPRECIATION],67300,tiktok,@bladi_oran,2026-01-02T21:51:42.147276,0,,,,,,,
857583,والله مسمعنا،،،  يخااااه واش يحكونا,10327,Facebook,,2025-10-19T23:10:49.000Z,0,,,,,,,
595450,Nice the west neighbor didn’t come to spill their hate,23250,tiktok,@le_perchoir,2026-01-02T18:25:24.838286,3,,,,,,,
202244,مردوم حدا زيقو,16248,tiktok,@mardoum,2026-01-02T18:08:08.024095,0,,,,,,,
988676,Dahman Chena وين المكان من فضلك,11488,Facebook,Restaurant San Benito,2025-08-22T23:44:04.000Z,0,,,,,,,
333323,الصحونة صغار في حالة,9539,Facebook,Restaurant Tabarka Annaba,2025-12-23T23:57:03.000Z,0,,,,,,,
464396,الله يبارك دراهم وليس الانسان,11182,Facebook,Restaurant Casa Bella - Draria,2025-08-28T15:51:14.000Z,0,,,,,,,
595470,Foued,56926,tiktok,@papillons827,2026-01-02T21:16:43.440871,1,,,,,,,
857618,food,29128,tiktok,@snacky_time_kouba,2026-01-02T18:47:56.615013,0,,,,,,,
726561,"Tout d'abord le restaurant est chic beau spacieux, le personnel est très professionnel on a l'impression qu'on est dans un hôtel, le menu est varié, la bouffe est super bonne on a pris du veau roti et des côtelettes d'agneau grillées, les deux plats étaient bons mais je préfère le roti surtout l'assaisonnement il est juste magnifique la purée aussi c'était un coup de coeur, on a pris du bourek aussi il contient que la viande et il est bien rempli, les portions sont correctes par rapport aux prix, en tout cas j'ai adoré et je le recommande vivement, Le seul point négatif c'est la propreté des sanitaires je signale ça et j'espère vraiment qu'il feront attention à ce point Sinon je trouve que ça vaut le coup et je leurs souhaite bonne continuation",2668,Google Maps,HichamCook Grill House,2023-08-15T11:46:01.007Z,3,,,,,,,
857636,عجبني الشريف هو لي زاد في البنة يا خويا يا خويا يعرفلها,63984,tiktok,@restauranttrattoriaoran,2026-01-02T21:34:06.668674,6,,,,,,,
464427,نحن منقولولهاش التنجية نسموها ثاقنوشت بالشاوية والعربية القنوشة,69480,tiktok,@cote_oran,2026-01-02T21:57:58.741506,2,,,,,,,
333357,Immangeable et service très lent en plus,2374,Google Maps,HichamCook Grill House,2025-01-31T13:49:02.396Z,1,,,,,,,
857648,ربي يوفقك خويا ناصر,56478,tiktok,@nacer.fast.food,2026-01-02T21:14:57.264659,0,,,,,,,
333363,الي دخلت ورافدة ڨارفو بضفارتين والي كلات بلا بيهم ههه,65786,tiktok,@vibe.bistrot,2026-01-02T21:45:41.564419,0,,,,,,,
857654,"Le marssem, joli restaurant branché. seul problème. salade servi chaud. Pas de conscience professionnelle !",25128,tiktok,@el_marssem,2026-01-02T18:32:22.246387,7,,,,,,,
202294,يعييف,12738,Facebook,Restaurant Rais,2025-10-13T07:36:39.000Z,0,,,,,,,
333368,13 mille dinars quand j'ai entendue le prix je suis sortie exorbitant,34590,tiktok,@le_carre_restaurant,2026-01-02T19:24:34.186854,1,,,,,,,
857661,شايفها بلصا هاذي في تلمسان ياك,50016,tiktok,@m7ajeb,2026-01-02T20:44:38.370364,5,,,,,,,
726592,ما هي المكونات من فضلك  [APPRECIATION],33672,tiktok,@restaurant_gizay,2026-01-02T19:22:48.188033,0,,,,,,,
988737,"Très jolie restaurant le service impeccable mais les plats laisse à désirer. Les plats sont fades , pas d assaisonnement , pas de goût , aucune décoration dans l assiette. Le propriétaire à tout misé sur la déco mais les plats c est pas ça. Tous les plats de la carte ne sont pas disponible. Par contre Dommage qu’il n a pas un service petit déjeuner comme c est écris sur la carte.",7849,Google Maps,Restaurant À Petit Feu,2023-07-18T08:18:40.882Z,2,,,,,,,
595524,"Très déçu ! Il y avait toute la racaille de France ! Les serveurs vous parlent comme de la merde ! Ils était plus occupés à draguer une de leurs collègues et les clientes mêmes accompagnées de leurs parents ! Le pain de burger degeulasse , le steak froid en miette , la salade pourrie ! Il n’y a que le logo de bien ! Je n’y retournerais pas c’est sur !",621,instagram,budz.dz,2024-08-30T10:01:08.000Z,0,,,,,,,
202317,bravo félicitations  [APPRECIATION],45404,tiktok,@budz,2026-01-02T20:15:57.681421,0,,,,,,,
857686,Dommage la coca dans ce genre de resto  [APPRECIATION],14476,tiktok,@les_jumelles,2026-01-02T18:01:29.001313,0,,,,,,,
202330,Mimet Zouj هههه والله كلامك حلو,12717,Facebook,Restaurant Rais,2025-10-15T01:51:23.000Z,0,,,,,,,
595557,Macha2lah yban bnin bshtkom a testé inchallah,1889,instagram,snacky_time_kouba,2025-07-27T16:25:30.000Z,2,,,,,,,
333414,كانت مكلتو بنينة دركة لالا بدلو le propriétaire,56292,tiktok,@the_chef_house_23,2026-01-02T21:14:39.343299,0,,,,,,,
988779,كون قلتي لهم نقلشوكم ونسلخوكم,12926,Facebook,Restaurant San Benito,2025-10-27T00:48:12.000Z,0,,,,,,,
595564,الله ابرك ماشاء الله bon continuation,36808,tiktok,@restaurant.madala,2026-01-02T19:34:39.262713,1,,,,,,,
857712,le plat box garanti l augmentation de % d obésité en Algérie  [APPRECIATION],48264,tiktok,@rahmani_food,2026-01-02T20:34:28.248840,0,,,,,,,
333427,Hakima Constantine راك تشوف حاسب 500 ألف تدخلها في ساعة ونسى بلي راهي مدخول انتع اسبوع تقريبا,10142,Facebook,Dz Forest Restaura,2025-10-13T13:12:58.000Z,0,,,,,,,
595573,C juste parfait,6950,Google Maps,American Burger said hamdine,2025-06-26T15:38:03.343Z,0,,,,,,,
726648,et les ronyon,44166,tiktok,@dzforestrestaurants,2026-01-02T20:11:39.587335,0,,,,,,,
726668,هذا يحسب القعدة,24002,tiktok,@spotter.dz,2026-01-02T18:27:24.951437,1,,,,,,,
988819,C un faux kfc c un mec il l’a fait comme sa  après il vont porter plainte kfc,37742,tiktok,@kfc,2026-01-02T19:39:19.608367,5,,,,,,,
333462,Trop. Cher,11758,Facebook,Restaurant San Benito,2025-08-21T08:44:15.000Z,0,,,,,,,
726684,crousty?,17182,tiktok,@casa_burger1,2026-01-02T18:11:30.275150,0,,,,,,,
857757,Mohamed Solo هاذي للناس لي قادرة و تحب تقلش روحها ، أنت جاي في التعليقات تعطينا درس ، الدرس الناس كل تعرفو ، السعر تاعو معقول,9674,Facebook,Dz Forest Restaura,2025-10-13T10:37:52.000Z,0,,,,,,,
464542,"Service impecable, staff tres serviable",3372,Google Maps,تاج محل بن عكنون,2014-01-01T21:25:23.715Z,2,,,,,,,
202396,والله يا اخي ما قدرنا ناكلوا ماكلتو هل تما تغيير le cuisiner,1885,instagram,snacky_time_kouba,2025-07-29T22:50:54.000Z,2,,,,,,,
464547,بالبراكة ماشاء الله  [APPRECIATION],30824,tiktok,@salimel9obtan,2026-01-02T19:08:20.809375,1,,,,,,,
202405,Le serveur Mounir qui travaille ici vrai les hommes khtra il m'a sauvé d'un accident de voiture jamais je l'ai oublié je lui dois tout (Le burger forest est très bon),6903,Google Maps,American Burger said hamdine,2025-07-11T23:13:42.344Z,0,,,,,,,
464553,زرناكم انا وزوجي واولادي يوم الخميس صراحة القعدة والسارفيس أحسن مالماكلة مالقري كلينا حوت وكروفات وسلايط مي كلش صامط الا السلطة مليحة,19882,tiktok,@villa_frere,2026-01-02T18:17:37.285643,52,,,,,,,
857771,"Nice place, service super slow and the food wasn't that good especially salads. Overrated.",5009,Google Maps,Hicham cook pizza pasta,2018-11-25T19:09:31.383Z,0,,,,,,,
726701,Nous venons de prendre un merveilleux iftar chez vous . Vraiment de l'accueil au service à la cuisine tout était parfait ! Votre serveur et votre serveuse sont tellement adorable ! Nous reviendrons inchallah avec plaisir.,3685,Google Maps,Laurel Restaurant,2025-03-24T19:24:32.003Z,0,,,,,,,
202419,Viva l'Algérie   [APPRECIATION],31890,tiktok,@entracte,2026-01-02T19:14:25.768439,3,,,,,,,
333496,Des prix très raisonnables,37184,tiktok,@restaurant.madala,2026-01-02T19:34:47.407395,0,,,,,,,
333506,J'ai commandé kronembour fraîche. Service rapide,63036,tiktok,@allechante,2026-01-02T21:31:03.370943,0,,,,,,,
857795,c'est l'ancien Meli mélo,39794,tiktok,@le77tizi,2026-01-02T19:43:45.704093,0,,,,,,,
988866,حمبوكي وين هاد بلاصة,70200,tiktok,@le_petit_chalet,2026-01-02T22:00:14.827614,0,,,,,,,
333510,خليج المرجان احلا شمسوا  [APPRECIATION],28456,tiktok,@restaurant.primo,2026-01-02T18:46:27.194158,0,,,,,,,
726726,قول السومه هدا راهو بوحد زوج ملايين يا اخي جيت ناكل الحوت عندكم والله غير أهربت سومه ناااااار,9482,Facebook,"  Restaurant elassil








",2025-12-16T14:34:50.000Z,32,,,,,,,
464602,Dida Baba واش دخل فرنسا فالجزائر ؟ كل واحد و القدرة الشرائية تاعو,12476,Facebook,Restaurant Rais,2025-10-13T19:58:00.000Z,1,,,,,,,
726747,c'est que des sauces,31120,tiktok,@taylor,2026-01-02T19:10:46.080357,6,,,,,,,
726750,C quoi?,803,instagram,fontaine_dor_restaurant,2025-05-17T15:54:05.000Z,3,,,,,,,
988895,تيو تاع لاهوت راه مخسر كلشي وكان درتولها كيسون,39346,tiktok,@itchy_food,2026-01-02T19:41:12.212766,1,,,,,,,
202476,"je trouve que les prix sont très bas par rapport aux autres restaurants, nchalah berbeh dhelfaydha",37534,tiktok,@restaurant.madala,2026-01-02T19:34:56.280230,1,,,,,,,
988909,شوف الطماطم كاش دايرا راه يحطها قدامك  [RECOMMENDATION],42914,tiktok,@pizza_carre,2026-01-02T20:00:33.930062,0,,,,,,,
202490,مهيم ادي 100 مليون او روحي تشربي قهوة او حابة ڨاطو,63056,tiktok,@allechante,2026-01-02T21:31:03.371148,0,,,,,,,
988930,Boujour Azul بغابة بن مراد برج الكيفان وهذا هو الموقع https://maps. app. goo. gl/TJSKoH1ae6Mn7c9f9? g_st=ac,9607,Facebook,Dz Forest Restaura,2025-10-16T18:00:30.000Z,0,,,,,,,
595714,"L'un des meilleurs fast food sur tous les plans, je recommande d'y aller",7029,Google Maps,American Burger said hamdine,2025-05-19T11:20:55.509Z,0,,,,,,,
464649,Bizar tout le monde dit que c'est la pire pizza mais au contraire j'ai jamais goûté une bonne pizza comme ça vous êtes les meilleurs continue  [APPRECIATION],1377,instagram,mega_pizza_elbiar,2023-01-12T15:41:11.000Z,1,,,,,,,
202506,شحال غاضتني الحوتة لي رفدتها مسكينة خلعتها,57812,tiktok,@_le216_,2026-01-02T21:17:32.193181,1,,,,,,,
595725,الثمن اخي,39046,tiktok,@itchy_food,2026-01-02T19:41:03.054587,0,,,,,,,
988951,وسعر حرام تقلوه ولا سعر لازم يكون عندك شاك باش متحسش بيه,13215,Facebook,Restaurant San Benito,2025-10-13T16:08:19.000Z,0,,,,,,,
333593,Abderrhmane Mekkiou جاجة والله ماطيح لك ب 500 هههه فلوس نتاع اسبانيا تاع التربية يدير 2000 دج متين الف للواحد,10223,Facebook,Dz Forest Restaura,2025-10-13T20:38:09.000Z,0,,,,,,,
857884,الخلطة هي المايوناز و الفرماج  [APPRECIATION],30988,tiktok,@roi_du_fajitas,2026-01-02T19:08:44.077724,0,,,,,,,
988979,Un endroit magnifique et l'équipe est au top,3582,Google Maps,Laurel Restaurant,2025-11-27T16:06:15.532Z,0,,,,,,,
988980,Si c'est vrai donne nous ton adresse,12135,Facebook,Restaurant San Benito,2025-11-01T20:07:34.000Z,0,,,,,,,
333621,قلشي روحك برك ماشي صولا لا صول,13698,Facebook,Restaurant San Benito,2025-12-29T11:18:54.000Z,0,,,,,,,
857911,Service nul chaleur dans le restaurant pas de climatisation les serveurs sont froid,4058,Google Maps,هشام كوك بيتزا,2025-07-12T07:56:57.677Z,0,,,,,,,
202554,"Restaurant très branché, un service de qualité avec une ambiance unique, un personnel au petit soin avec des plats délicieux aux parfums Turcs",5740,Google Maps,Casbah Istanbul القصبة اسطنبول,2021-09-14T17:38:58.816Z,1,,,,,,,
726846,vous faites la livraison ?,17092,tiktok,@casa_burger1,2026-01-02T18:11:28.513009,0,,,,,,,
988993,"La nourriture reste correcte mais la télévision à fond. Ça dérange, si les serveurs veulent voir le Food ils n’ont qu’à le faire ailleurs dans un coin où ça dérange pas le client",4455,Google Maps,هشام كوك بيتزا,2024-02-05T18:49:14.080Z,0,,,,,,,
333633,Mon coin d amour moi et mon mari  [APPRECIATION] [RECOMMENDATION],32258,tiktok,@le_carre_restaurant,2026-01-02T19:14:54.860327,6,,,,,,,
333638,Dommage j’ai raté ça,23756,tiktok,@leonard_restauran,2026-01-02T18:27:02.784707,0,,,,,,,
595791,and the basta,32246,tiktok,@le_carre_restaurant,2026-01-02T19:14:51.260355,1,,,,,,,
989015,klit 3endo machi vraiment bnin j'ai commandé les frites 9alena makach après jato appel commande 9allo kayen après c'est un fast food 3adi kaye bezaf li khir meno,31138,tiktok,@taylor,2026-01-02T19:10:46.080510,2,,,,,,,
202595,والله مليحا,43888,tiktok,@dzforestrestaurants,2026-01-02T20:11:32.083886,3,,,,,,,
857955,Favélas = bidonvilles . Kouba c un quartier chic Hbibi . Bon courage,47776,tiktok,@favelas_burgers,2026-01-02T20:33:09.111797,2,,,,,,,
202598,320 ناكل بيها سمانة,47538,tiktok,@bazookadz,2026-01-02T20:32:28.315662,1,,,,,,,
726889,الله يعز عود السنان  [APPRECIATION],73758,tiktok,@pont_hydra,2026-01-02T22:14:03.016879,0,,,,,,,
989037,ou se trouve se restaurant svp,24594,tiktok,@said_chef,2026-01-02T18:30:04.779736,1,,,,,,,
333680,Allez revoir ta vie l'islam c'est l'argent,11333,Facebook,Restaurant Casa Bella - Draria,2025-07-26T23:11:29.000Z,0,,,,,,,
726903,مليحة بزاف,9087,Facebook,Dz Forest Restaura,2025-10-13T18:42:58.000Z,4,,,,,,,
989048,Bon courage et bon continuation  [APPRECIATION],30336,tiktok,@ledouzebeo,2026-01-02T18:56:51.251277,1,,,,,,,
464762,Nice food but prices are very very expensive Plates tastes are a little bit far from reality. but still it tastes good,3270,Google Maps,تاج محل بن عكنون,2019-01-12T08:25:20.968Z,3,,,,,,,
989053,وش هذي صالون دو تي ولا كفيتريا فهمونا محناش الكل متحلبين,56804,tiktok,@papillons827,2026-01-02T21:16:38.306182,1,,,,,,,
726911,الطعام الهندي حقيقية ولذيذة و مع الأرز و أنواع الخبز الهندية والمشر بات والمشاوي يعني المحل جميل و نظيف وكل شيء جيدة.,3098,Google Maps,تاج محل بن عكنون,2023-11-07T16:26:50.254Z,1,,,,,,,
989056,مساء الخير,11226,Facebook,Restaurant Casa Bella - Draria,2025-08-26T21:53:57.000Z,0,,,,,,,
333698,تدخل عندو يعطيك بلي بري,19222,tiktok,@helena,2026-01-02T18:16:31.069237,0,,,,,,,
464772,تحيا لموات لي حداه الله يبرك,11660,Facebook,Restaurant San Benito,2025-10-18T16:05:43.000Z,0,,,,,,,
726922,"Excellent endroit , agréablement surprise , j'ai adoré leur plats ils ont un excellent chef, seveurs au tops , Ayoub , Asma et younes nous ont très bien servis, ils sont gentils , serviables et toujours au petits soins des clients c'est devenus mon endroit préféré Bravo à toutes l'équipe",3727,Google Maps,Laurel Restaurant,2024-09-13T17:13:06.685Z,0,,,,,,,
333708,وين جاي ايكزاكت,18328,tiktok,@helena,2026-01-02T18:16:10.202527,1,,,,,,,
989082,"Excellent service , personnelles très professionnel Je recommande vraimet",7241,Google Maps,American Burger said hamdine,2025-01-28T17:27:14.842Z,0,,,,,,,
333725,المشكل تاعي منشفاش على الأسماوات هذي و تخلاص عليا مكموندي بيتزا 4 فرواج,31304,tiktok,@taylor,2026-01-02T19:10:53.350588,0,,,,,,,
202664,"Trop chère pour le côté des boissons, j'ai été arnaqué Cannette coca cola pour 250 Da Petit bouteille d'eau pour 100 Da (Ya que des ptites) Jus de citron pour 650 Da",5957,Google Maps,Casbah Istanbul,2024-09-13T01:00:52.767Z,0,,,,,,,
595889,علاء كعبة وحدة المخير تع الشواء  [APPRECIATION] [RECOMMENDATION] [BOUFFE],61578,tiktok,@guellil._.tasnim,2026-01-02T21:25:39.597102,3,,,,,,,
333749,إشهار يديرلك انهيار  ربي يعينك ليزوم  [APPRECIATION],51746,tiktok,@quick_bite,2026-01-02T21:01:58.708699,2,,,,,,,
858041,غالية بزاف لول يارح كنت تما وزيد ظيق متريحش الاز تهدر يسمغوك قع,32200,tiktok,@entracte,2026-01-02T19:14:36.058801,1,,,,,,,
464827,نصيد و ناكل في دارنا مع خاوتي و ميمتي يسقاملي باطل تحيا تقلاش ميمتي ربي يحفظها,13885,Facebook,Restaurant San Benito,2025-12-29T22:28:33.000Z,0,,,,,,,
858046,Meilleur restaurant traditionnel top du top,68756,tiktok,@cote_oran,2026-01-02T21:57:33.645094,3,,,,,,,
202692,هذو قاع ب150ولا،،?,11367,Facebook,Restaurant San Benito,2025-07-26T11:03:39.000Z,44,,,,,,,
858052,امرق واحد سيدي بوسعيد,59382,tiktok,@maestro_dz13,2026-01-02T21:21:30.810714,2,,,,,,,
595924,"Une expérience culinaire exceptionnelle , service impeccable. Je recommande vivement ce restaurant .",5078,Google Maps,Casbah Istanbul القصبة اسطنبول,2025-10-05T12:04:27.588Z,0,,,,,,,
858078,وعله رك تعذب فينا احشم,43912,tiktok,@dzforestrestaurants,2026-01-02T20:11:32.869771,0,,,,,,,
595934,Service livraison rapide la pizza et le burger étaient excellents,4686,Google Maps,Hicham cook pizza pasta,2024-08-28T23:58:18.033Z,0,,,,,,,
727009,مطعم المفضل عندي في وهران  [RECOMMENDATION],14224,tiktok,@les_jumelles,2026-01-02T18:01:22.580375,0,,,,,,,
464865,تحيا بن عكنون,40358,tiktok,@woodchickendz,2026-01-02T19:45:49.110019,0,,,,,,,
989156,C’est une algérienne comme toi,16800,tiktok,@user5834669559361,2026-01-02T18:10:47.938139,5,,,,,,,
333800,الله يبارك السعر هايل,9085,Facebook,Dz Forest Restaura,2025-10-13T18:17:01.000Z,3,,,,,,,
727017,j'aime bien la bouffe mais le service est un peu nul les serveurs sont pas assez professionnel ils connaissent pas c quoi une entrée suite ils m'ont ramené tout au même temps et la boisson je l'ai réclamé 4 fois . et mon commentaire c'est pas pour vous critiquer c un avis pour s'améliorer car tout est presque bien,26608,tiktok,@labelladalger16,2026-01-02T18:37:02.385209,5,,,,,,,
464875,est-ce bien le lycée Pasteur qu'on voit de la fenêtre ?,14452,tiktok,@les_jumelles,2026-01-02T18:01:27.863780,0,,,,,,,
595962,Its good,8127,Google Maps,American Burger Factory,2025-01-29T19:40:28.946Z,0,,,,,,,
202746,c'est top trop trop bon,26164,tiktok,@don_sido_,2026-01-02T18:34:33.255313,1,,,,,,,
202770,Exactement ou,69930,tiktok,@chtibo_oran,2026-01-02T21:58:38.352826,0,,,,,,,
202775,Tres tres bon endroit et la bouf rien a dire,6024,Google Maps,Casbah istanbul,2024-11-18T15:52:32.492Z,0,,,,,,,
727069,En tout cas je l ai testé et je valide a 100%,15006,tiktok,@lassiette.algeroise,2026-01-02T18:06:52.360677,0,,,,,,,
333856,"Les tacos étaient décevants : le fromage n’était pas bon et le tacos gratiné était brûlé. Je suis vraiment déçu. L’ancien était parfait, mais le nouveau laisse à désire.",7789,Google Maps,American Burger Factory,2025-03-08T02:05:24.141Z,0,,,,,,,
464934,"￼Bon merci pour aujourd’hui on a été content psq le restaurant kan confortable tellement kan antik j’ai ressentais que kont f drna ou ana ndir f activité, le theme de la décoration mnhdroch eliha était , et mrc encore fois ￼￼￼￼ Bon courage ￼",3561,Google Maps,Laurel Restaurant,2025-12-30T20:53:33.248Z,0,,,,,,,
727080,Épisode 1 manucure  kayan épisode 2 pas de faux ongles,65766,tiktok,@vibe.bistrot,2026-01-02T21:45:41.564400,1,,,,,,,
858160,Très chic  la déco  [APPRECIATION],1631,instagram,restaurant_lemanrais,2026-01-02T00:36:29.000Z,0,,,,,,,
858162,franchement bien joué ça a l air très bon,45522,tiktok,@budz,2026-01-02T20:16:03.881390,0,,,,,,,
464956,كين توصيل باش جراح,29392,tiktok,@elcuatro_burgers,2026-01-02T18:49:38.772698,0,,,,,,,
727106,bonjour vous prenez les chèques vacances?,26270,tiktok,@lovers_grill,2026-01-02T18:34:55.204659,1,,,,,,,
858186,خوتك في غزة يموتو بل جوع ونتا فرحان لاحول ولاقوة الابالله العلي العظيم ربي يهديك,11691,Facebook,Restaurant San Benito,2025-08-18T10:09:29.000Z,1,,,,,,,
464974,Hya sah bnin ou koulech mlih mais le service bezaffff t9il tacos 30 min bach yjibholk,39466,tiktok,@brother.tselbiar,2026-01-02T19:41:49.415452,0,,,,,,,
727125,معلاباليش علاه يبانولي غالين على المعتاد و هو مجرد دجاج لي 1كغ تاعو يدير 380دج و هوما 3 كريسبي يدير 900 دج لي هي تقريبا سعر 1كغ من صدر الدجاج الصافي,48278,tiktok,@rahmani_food,2026-01-02T20:34:28.248853,0,,,,,,,
333911,ce n'est pas des recettes égyptienne.,32902,tiktok,@sinai,2026-01-02T19:18:29.605396,0,,,,,,,
464993,حطلنا الوجبة تاع 55,62236,tiktok,@hamidhamid806,2026-01-02T21:29:09.825916,1,,,,,,,
333923,donner les prix,50868,tiktok,@broaster_chiken,2026-01-02T20:59:46.444072,1,,,,,,,
465000,"Nul, sincèrement très déçue le service était très lent, la viande trop cuite sèche et froide et pour la présentation je comprends pas comment vous servez lea plats sur une planche en bois pleine de bactéries c’est même pas beau à voir Pour les prix c’est abusé on a payer 10000 da pour 3 personnes et c’était même pas bon",2544,Google Maps,HichamCook Grill House,2024-03-08T13:22:59.465Z,4,,,,,,,
465002,merry christmas,66276,tiktok,@vibe.bistrot,2026-01-02T21:48:40.873879,0,,,,,,,
727151,علم كبير وانتشار العلوم,53448,tiktok,@thaisty_dz,2026-01-02T21:07:25.946591,1,,,,,,,
989296,عندنا دار فلجبل و الغابة تهبل,70942,tiktok,@paradou_restaurant,2026-01-02T22:04:52.707342,2,,,,,,,
596082,Kadri Mehdi Kadri عبدالحق دحماني قتلك ما يترباش,13413,Facebook,Restaurant San Benito,2025-10-13T19:09:45.000Z,2,,,,,,,
333945,حنا ديما عندنا باطل,47996,tiktok,@rahmani_food,2026-01-02T20:34:21.487340,0,,,,,,,
465029,تحيا البساطة حمدلله على نعمة البساطة,18686,tiktok,@helena,2026-01-02T18:16:16.153784,0,,,,,,,
202886,Souleimane Zatout cha derna,13501,Facebook,Restaurant San Benito,2025-12-16T16:17:11.000Z,0,,,,,,,
858247,Lieu chaleureux,6385,Google Maps,Casbah Istanbul,2019-09-19T17:51:55.209Z,1,,,,,,,
333978,"Je n'ai pas aimé, j'ai pris un iskender il manquait clairement de sauce, le pain trop dense, les portions petites et les prix élevés Pas de grandes bouteilles d'eau ou de boisson juste de petites bouteilles à 100 da l'unité ! Serveurs grincheux on dirait bien qu'il nous rendent service en nous servant. C'est ma deuxième fois et je ne reviendrai plus",6297,Google Maps,Casbah Istanbul,2021-11-23T01:24:51.874Z,3,,,,,,,
596125,KFC عندي دواء تاع رتيلا وسومة شابة,37856,tiktok,@kfc,2026-01-02T19:39:22.914403,2,,,,,,,
465054,"Très déçu, bc de bruit pour rien , j'ai la flemme pour tt citer",2344,Google Maps,HichamCook Grill House,2025-06-20T17:23:31.688Z,0,,,,,,,
333987,ماشاء الله ألف مبروك في قلبي نجي ليكم إن شاء الله  [APPRECIATION],1782,instagram,seven_times_la_villa,2025-10-01T18:18:35.000Z,1,,,,,,,
202918,Trop bon ce restaurant,31930,tiktok,@entracte,2026-01-02T19:14:28.267651,0,,,,,,,
333993,هذا سمير في سوق البرج مكلتو عسل الله يبارك,41660,tiktok,@street_food,2026-01-02T19:57:49.336029,0,,,,,,,
858297,5 étoiles mérité,7805,Google Maps,Restaurant À Petit Feu,2023-08-17T10:26:53.031Z,1,,,,,,,
989373,خلونا من كذب كي تروح عنده تعرف بري سروال يديهلك و يخليك بسليب,11600,Facebook,Restaurant San Benito,2025-08-12T21:49:27.000Z,2,,,,,,,
858309,Est ce que tu trouves que c'est honnête de parler de ce sujet en montrant un homme barbu qui travaille dans son commerce et qui est honnête jusqu'à preuve du contraire pour qu'à la fin de ta vidéo on sort avec une opinion négative sur lui et sur ceux qui ont les mêmes apparence. C'est tout simplement un acte diffamatoire condamnable par la loi si la personne concernée dépose plainte.,29820,tiktok,@easy.cheesy,2026-01-02T18:52:04.275627,0,,,,,,,
727245,I really enjoyed the food and the service was excellent,7651,Google Maps,American Burger Factory,2025-05-10T12:04:36.077Z,0,,,,,,,
465106,"Une très belle décoration , de l’espace pour bien se sentir à l’aise un service parfait et des plats très savoureux donc je recommande  [APPRECIATION]",7502,Google Maps,Restaurant À Petit Feu,2024-05-10T11:48:20.379Z,2,,,,,,,
596185,كلينا عندهم ماكلة ماشاء الله و الاسعار عادي كيما كل المطاعم لي في عنابة.,58140,tiktok,@vilageneige_annaba,2026-01-02T21:19:45.885396,0,,,,,,,
727258,"Bel accueil, endroit propre et bien décoré et personnel serviable. Plats de qualité (8/10), néanmoins la viande Adana n'était pas à notre goût. Le thé est offert, je recommande si vous vous rendez au centre commercial Garden City.",5575,Google Maps,قصبة اسطنبول,2022-06-01T22:59:13.185Z,9,,,,,,,
727259,نحوه بسلم ولا العنف,38862,tiktok,@kfc,2026-01-02T19:39:57.510238,0,,,,,,,
202972,مكانش محل ساسوكي وسنديبال,53722,tiktok,@guellil._.tasnim,2026-01-02T21:08:11.755064,2,,,,,,,
596189,الطعام كان رائع اتينا من اقصى الشرق لاجل الطعام لكن الخصوصية صفر كنت جالسة مع زوجي ولم استطع تناول طعامي براحة الشباب يلتقطون الصور دون مراعاة لخصوصية العائلات الموجودة احسسنا بعدم الراحة حتى اننا خرجنا دون تناول التحلية عليك النظر في هاذا الجانب كثيرا,2791,Google Maps,HichamCook Grill House,2023-02-06T16:34:44.810Z,4,,,,,,,
202977,"Les plats sont très fades, la viande très salé et sec, la garniture basique.",6083,Google Maps,Casbah istanbul,2024-05-29T19:30:16.330Z,1,,,,,,,
989414,جيبهولي درك على 4 تاع صباح راني جعت,54518,tiktok,@meryam_officiel,2026-01-02T21:10:40.421443,0,,,,,,,
989439,Serveur Reda au lunettes très bon service,8346,Google Maps,American Burger Factory,2024-05-14T19:57:35.324Z,0,,,,,,,
727312,Hiba Bou من كل بستان 200الف دينار جزائري ههههه يسقاملك 2ملاين ههههه الاخت الكريمة والله عندك حق,10666,Facebook,"  Restaurant elassil








",2025-12-27T12:25:19.000Z,0,,,,,,,
727314,Inchallah vous ouvrez à ain defla,53460,tiktok,@thaisty_dz,2026-01-02T21:07:25.946599,1,,,,,,,
858388,من باريس خو الله إبارك,2677,Google Maps,HichamCook Grill House,2023-08-08T16:12:13.468Z,1,,,,,,,
203028,Les horaires svp !,65344,tiktok,@frono_oran,2026-01-02T21:43:06.019502,0,,,,,,,
203037,باسكو كل يوم يطيبها ، يتسما مع الوقت يحكم طيابها شباب كيفاه يجي ، و يولي يديرها توجور بنينة,41598,tiktok,@street_food,2026-01-02T19:57:47.610711,12,,,,,,,
465185,fallait juste lui proposer un doliprane,16820,tiktok,@user5834669559361,2026-01-02T18:10:48.766810,0,,,,,,,
989476,لعزيز حسام  [APPRECIATION],1919,instagram,spartacos2019/,2025-11-12T23:31:01.000Z,1,,,,,,,
334128,تحية للأخ شعيب معاملة 100%,9205,Facebook,Restaurant Casa Bella - Draria,2025-12-08T09:43:28.000Z,0,,,,,,,
727347,Il faut en ouvrir dans d'autres villes de France  [APPRECIATION],36188,tiktok,@sinai,2026-01-02T19:28:38.774227,0,,,,,,,
596282,ثالة نعمرو الماء منها في الجبل معنها المنبع,27552,tiktok,@thala,2026-01-02T18:44:49.494495,0,,,,,,,
596287,روني بلكور,42802,tiktok,@pizza_carre,2026-01-02T20:00:31.186707,0,,,,,,,
465224,"Rien à dire, bien accueillant, dans une ambiance formidable, cuisine magnifique.",2760,Google Maps,HichamCook Grill House,2023-03-11T22:33:37.342Z,0,,,,,,,
727370,ان شاء الله مزيد من النجاح والتألق اللهم بارك له في ماله وفي عمله,2967,Google Maps,HichamCook Grill House,2022-03-19T01:21:30.568Z,9,,,,,,,
203083,Félicitations  [APPRECIATION],2239,instagram,teyr_ellil,2025-03-12T17:30:22.000Z,1,,,,,,,
989520,"Ma 3em fois chez hicham , la salde caesar n’avait rien de spécial, pleine de mayo c’est tout, l’entrecôte était pas tendre aussi. Mais le service est parfait , personnel a l’écoute et accueillant",2404,Google Maps,HichamCook Grill House,2024-11-15T23:29:24.781Z,0,,,,,,,
334163,j'étais au kfc de Casablanca en 2003 et était pas neuf,38408,tiktok,@kfc,2026-01-02T19:39:35.845536,0,,,,,,,
203093,على الاصول  [APPRECIATION],59154,tiktok,@maestro_dz13,2026-01-02T21:21:24.699392,0,,,,,,,
465240,يوسف ابو معاذ مناش نحكو على ڨ من الناس رانا نحكو على واش حط فطابل مشي سعر تاع داك شي هذا راه يسرق,9877,Facebook,Dz Forest Restaura,2025-10-13T00:22:43.000Z,0,,,,,,,
727407,"Une petite étoile pour la cuisine, car American diber a changé le bon menu de burgers & pizza, qui identifiait bien le resto, pour un menu standard, FLOP",4769,Google Maps,Hicham cook pizza pasta,2023-01-27T17:42:41.182Z,0,,,,,,,
596339,"Le meilleur des meilleurs sur les grillades les soupe, la meez Les jus vrm waw jamai goûter un si délicieux jus de fruit naturel en Algérie et même a l'étranger Un vrais Chef Ya3tèk saha mon frère Amine Med Mohammedi TLEMCEN",2597,Google Maps,HichamCook Grill House,2023-12-05T08:37:50.376Z,0,,,,,,,
727415,كاين توصيل لبوروبة,17102,tiktok,@casa_burger1,2026-01-02T18:11:28.513016,0,,,,,,,
465280,مرا لجاية عيطلي نجي,16228,tiktok,@mardoum,2026-01-02T18:08:08.024076,0,,,,,,,
596353,Fi boufatiss trig. Hassi bounif,69902,tiktok,@chtibo_oran,2026-01-02T21:58:37.096466,0,,,,,,,
334212,ماكلة تهبل ربي يقدركم,29686,tiktok,@pizzeria.sadoki,2026-01-02T18:51:29.152585,0,,,,,,,
465287,كاين توصيل للجلفة,39872,tiktok,@streetburger02,2026-01-02T19:44:03.525653,0,,,,,,,
334224,"Une trés bonne expérience , un acceuil vraiment chaleureux , une équipe serviable et trés gentille , une ambiance agréable , comfort et propreté excellents",4647,Google Maps,Hicham cook pizza pasta,2025-07-26T22:40:13.513Z,0,,,,,,,
596372,موهيم,15560,tiktok,@mardoum,2026-01-02T18:07:52.596271,0,,,,,,,
203158,pas à l image d un contrat les tables et les chaises 1515 Marignan al horba sellek,64396,tiktok,@cintra,2026-01-02T21:34:49.021193,1,,,,,,,
465310,Endroit 8/10 + nourit (2/10 service 3/10),62620,tiktok,@allechante,2026-01-02T21:30:53.973706,0,,,,,,,
334260,حبة ڨاطو 45 الف,63050,tiktok,@allechante,2026-01-02T21:31:03.370958,0,,,,,,,
989621,ماشاء الله كل الأكل يشهي بالتوفيق.,9320,Facebook,Restaurant Tabarka Annaba,2025-12-23T20:49:08.000Z,0,,,,,,,
858549,Mohamed Solo لا امدلك باطل هيه شد فداك حساب ههههه,9671,Facebook,Dz Forest Restaura,2025-10-13T09:17:41.000Z,0,,,,,,,
465335,كنت نشقالو حتي سيدي عمار,61616,tiktok,@guellil._.tasnim,2026-01-02T21:25:43.488260,0,,,,,,,
989625,Ouvre à tlemcen wallah,45166,tiktok,@budz,2026-01-02T20:15:51.489973,2,,,,,,,
858554,مشاء الله ربي ايبارك,28028,tiktok,@amine.lacantine,2026-01-02T18:45:36.156431,1,,,,,,,
596419,بلاصة ماشاء الله … روح وعينك مغمضة عا ضمانتي … ناس طيبين وماكلا بنينة سعر معقول . كاين لوسع لدقاقس يلعبو يجربو. ماشاء الله,55050,tiktok,@luestro_annaba,2026-01-02T21:12:20.085755,0,,,,,,,
465358,عندك قبول الله يبارك,41216,tiktok,@street_food,2026-01-02T19:55:39.555342,1,,,,,,,
989653,مولاي باطو كاسي,23310,tiktok,@le_perchoir,2026-01-02T18:25:26.513989,0,,,,,,,
334296,"Une très bonne expérience comme d'habitude chez vous. Surtout avec le comptoiriste li 3endu un tatouage fi yedu ( mis tmuret ) il est très professionnel, respectueux et serviable bon courage .",7056,Google Maps,American Burger Factory,2025-07-09T23:35:45.970Z,0,,,,,,,
596444,yahasrah le bon vieux temps d Alger  [APPRECIATION],72330,tiktok,@pont_hydra,2026-01-02T22:13:20.381744,0,,,,,,,
989661,"Great dishes drinks and excellent vibe , always a wonderful date night with my husband",2386,Google Maps,HichamCook Grill House,2025-01-01T20:26:15.366Z,0,,,,,,,
334315,اللهم بارك في راهم، ما شاء تبارك الرحمن ربي يزيدكم من نعيمه و خيراته,66934,tiktok,@bladi_oran,2026-01-02T21:51:31.037594,0,,,,,,,
596466,نقولو سلام عليكم يقلك 12000دج,18360,tiktok,@helena,2026-01-02T18:16:11.110371,2,,,,,,,
727552,Déjeuner en terrasse ce matin super expérience Le service était fluide malgré le monde La serveuse était efficace souriante et très professionnelle Elle a su rester disponible sans être envahissante ce qui est appréciable On a été servis rapidement toujours avec le sourire Franchement un service comme ça ça fait toute la différence,7219,Google Maps,American Burger Factory,2025-06-04T16:32:17.494Z,0,,,,,,,
858628,Chicken and beef was so yummy but the fries were cold so we couldn’t eat it,5115,Google Maps,Casbah Istanbul القصبة اسطنبول,2025-08-23T09:00:10.734Z,0,,,,,,,
334347,"Du parkingeur au caissier passant par les serveurs tout le monde était gentil, serviable et à l'écoute. La cuisine était bonne. la quantité moyenne. personnellement je n'aime pas que les frites comme accompagnement j'aurai aimé que les accompagnement soient variés. J'ai aimé l'ambiance, pas trop de bruit. Je reviendrai certes mais occasionnellement car les prix ne sont pas donnés à tout le monde.",2600,Google Maps,HichamCook Grill House,2023-11-27T10:54:01.138Z,13,,,,,,,
203278,اسمحلي بصاح يغلي غرااااف,20690,tiktok,@labelladalger16,2026-01-02T18:19:42.861026,2,,,,,,,
989718,les meilleurs sont ceux de Bourgogne,72684,tiktok,@pont_hydra,2026-01-02T22:13:30.581072,0,,,,,,,
989723,انا يجيني كي تع برا السر انك ما تكتريش لفريت يعني تخدمي بالشوية,41606,tiktok,@street_food,2026-01-02T19:57:47.610721,0,,,,,,,
858658,اععع,11181,Facebook,Restaurant Casa Bella - Draria,2025-07-26T17:39:57.000Z,0,,,,,,,
596519,مع كل احتراماتي القبايل حضارة وهاربين بزاف بزاف ومستوى عالي,17742,tiktok,@le_dauphin_restaurant,2026-01-02T18:13:54.823470,0,,,,,,,
858673,l'insuline inclus f l'offre ?,495,instagram,"brother.ts
",2024-10-11T17:36:20.000Z,0,,,,,,,
727604,"Bon rapport qualité prix Serveur tout le temps présent et prêt à vous survivre juste petit bémol tout les Serveur ne parle pas français ou arabe, des fois ils ont du mal à comprendre Plat riche et copieux Décoration sympathique et propre",5478,Google Maps,قصبة اسطنبول,2023-07-21T17:43:02.705Z,0,,,,,,,
596532,o fennec c est kabyle les amies,25808,tiktok,@ofennec.officiel,2026-01-02T18:34:11.848419,5,,,,,,,
989762,الاسعار في المتناول ؟,71,instagram,american.burger_dz,2025-06-29T20:03:06.000Z,2,,,,,,,
858693,"Le cadre est agréable, la nourriture est bonne mais sans être exceptionnelle. En revanche, les prix sont trop élevés comparés à ceux d'autres restaurants turcs et syriens",5144,Google Maps,قصبة اسطنبول,2025-07-08T11:06:05.876Z,0,,,,,,,
858696,روحي استري روحك واتقي الله قبل مايسترك القبر،وهذا لي يجي ياكل الحوت على خاطرك غير جايح,13141,Facebook,Restaurant San Benito,2025-10-13T14:42:34.000Z,0,,,,,,,
465489,مليح بصح مشي فور و عندو سارفيس بزاف تقيل,49166,tiktok,@chicks_nook,2026-01-02T20:40:14.931483,1,,,,,,,
596561,Trop beau  un jour inchallah avec quelqu’un qui me mérite  [APPRECIATION],23566,tiktok,@jomane,2026-01-02T18:26:24.548390,2,,,,,,,
596563,Keche congelé oulla,11638,Facebook,Restaurant San Benito,2025-07-28T21:07:06.000Z,1,,,,,,,
727638,Un des meilleurs restaurant turque sur alger. Leurs plats sont bon,5383,Google Maps,Casbah Istanbul القصبة اسطنبول,2023-09-18T22:37:04.881Z,0,,,,,,,
334426,اسمحولي هذاك البيدون والله كنا نشربو فيه البقر,57802,tiktok,@_le216_,2026-01-02T21:17:32.193172,1,,,,,,,
727652,الماكلة التونسية اني معاك بنينة اما التركية والله ماهي بنينة كيما تاعنا نحكيلك عن تجربة,51504,tiktok,@broaster_chiken,2026-01-02T21:00:00.620393,1,,,,,,,
858728,Show us the menue,67758,tiktok,@kartaj_oran,2026-01-02T21:53:16.692251,0,,,,,,,
989801,والله فارغ و الخبز يابس جابولي ليفرور,30844,tiktok,@roi_du_fajitas,2026-01-02T19:08:41.599888,2,,,,,,,
858739,"J'adore, meme si c plutot cher",3354,Google Maps,تاج محل بن عكنون,2016-06-21T15:57:18.088Z,1,,,,,,,
596599,"Excellent restaurant ! Je l’ai essayé pour la première fois et, bien sûr, je deviendrai un client fidèle. Je vous recommande vivement ce restaurant",3567,Google Maps,Laurel Restaurant,2025-12-26T21:05:27.878Z,0,,,,,,,
858743,C pas bon et tro cher,6383,Google Maps,Casbah Istanbul,2019-09-25T22:53:00.885Z,2,,,,,,,
727696,الرقم,9175,Facebook,"

Sultan Restaurants",2025-10-20T17:05:52.000Z,0,,,,,,,
596629,الأسعار نتع محرز خاوتي,20388,tiktok,@labelladalger16,2026-01-02T18:19:36.224636,3,,,,,,,
858780,شحال البري,12639,Facebook,Restaurant Rais,2025-10-13T11:58:49.000Z,0,,,,,,,
858782,"Nous avons passé un moment exceptionnel dans ce restaurant à Alger. Dès notre arrivée, nous avons été accueillis avec une grande gentillesse par l’équipe, qui a vraiment été aux petits soins avec mon mari, moi-même et nos quatre enfants. Ils ont pris en compte le fait que nous jeunions ( veille de l’aid ) , et nous ont installés dans un espace VIP, ce qui a rendu notre expérience encore plus spéciale. La cuisine est tout simplement super bonne : des plats traditionnels algériens préparés avec soin, goût et finesse. On sent que chaque recette est travaillée et inspirée, avec des saveurs authentiques et généreuses. C’est rare de trouver un restaurant qui allie aussi bien qualité gastronomique et chaleur humaine. Le cadre est atypique, décoré avec goût et vraiment recherché. On sent un vrai souci du détail, à la fois dans l’ambiance et dans le service. Le personnel est d’une bienveillance remarquable : toujours présente, attentive, s’assure personnellement que tout se passe bien et que nous ne manquions de rien. Une mention spéciale pour ZItouna C’est une adresse que je recommande vivement à toute personne de passage à Alger, que ce soit en famille, en couple ou entre amis. Une vraie perle où l’on se sent accueilli comme chez soi. Merci pour ce moment !",3670,Google Maps,Laurel Restaurant,2025-06-05T20:37:55.102Z,0,,,,,,,
334497,تليفريو لبن جراح؟,8898,Facebook,"  Sultan Restaurants


",2025-11-14T22:15:01.000Z,0,,,,,,,
596655,تطور كبير سما,47284,tiktok,@street_food,2026-01-02T20:31:26.732606,0,,,,,,,
203448,راني مولي بالبوطي علاجالك,17178,tiktok,@casa_burger1,2026-01-02T18:11:30.275144,25,,,,,,,
858817,Très bon restaurant. plats délicieux. accueil chaleureux. personnels qualifiés.,5677,Google Maps,Casbah Istanbul القصبة اسطنبول,2022-05-28T13:03:14.362Z,0,,,,,,,
334539,fast food bassous Mr sandwich rué de Savoie Annaba ville,58740,tiktok,@maestro_dz13,2026-01-02T21:21:18.001988,2,,,,,,,
334556,لا حول ولاقوة الابالله,38076,tiktok,@kfc,2026-01-02T19:39:27.046883,0,,,,,,,
727772,روعة نشالله نجي نزوركم,14388,tiktok,@les_jumelles,2026-01-02T18:01:26.755353,0,,,,,,,
334560,قيوووووووووو كولو واحدكم يا ليموحوش,13031,Facebook,Restaurant San Benito,2025-10-27T09:55:48.000Z,0,,,,,,,
465634,نموت علي البالبو,13585,Facebook,Restaurant San Benito,2026-01-01T15:44:07.000Z,0,,,,,,,
596708,"Top Un bel endroit, de la bonne nourriture et un prix modeste",4558,Google Maps,هشام كوك بيتزا,2023-12-15T23:10:31.335Z,0,,,,,,,
989935,Win exact stp,15164,tiktok,@fouka.marine,2026-01-02T18:07:26.128057,4,,,,,,,
203505,les prix ayachkithan,37132,tiktok,@restaurant.madala,2026-01-02T19:34:46.646494,1,,,,,,,
727799,التوصيل,10632,Facebook,,2025-10-22T16:42:46.000Z,0,,,,,,,
596729,شحال ليفريزون للاربعاء,39700,tiktok,@benko.games,2026-01-02T19:43:06.957360,1,,,,,,,
203515,les Yassir c interdit en Algérie,24488,tiktok,@opium,2026-01-02T18:29:41.221321,0,,,,,,,
858883,Extrêment déçue ! Je suis allée en groupe pour goûter leurs pizzas on rentre j'avoue la décoration est super jolie ça fait un peu décors à l'Américaine. Déjà on passe 10 minutes debout ya pas de tables ensuite ils ont enfin réussis à nous trouver une table qui était remplie de fourmis on se pose on prend que nous. Après 10 minutes on nous ramène le menu on choisit nos pizzas et au final le serveur nous dit qu'il n'y a plus de pizza parceque le four est en panne ! Donc jai des fourmis sur ma table et j'ai un menu avec des pizzas mais il n'y plus de pizzas très mauvaise expérience.,4970,Google Maps,Hicham cook pizza pasta,2019-08-30T18:52:32.514Z,0,,,,,,,
596740,K'lit and ouahad restaurant mélange de poisson pour 2 personnes à 2500. DA bien mangé celui il nous propose une petite assiette mélange à 1500 DA ?,11731,Facebook,Restaurant San Benito,2025-07-26T20:51:38.000Z,0,,,,,,,
465670,هدا المطعم عاءلي تا سي سعودي ربي يرحمو كونت تجي نوكل الحوت فيه,56554,tiktok,@terre_et_mer_annaba,2026-01-02T21:15:46.819997,1,,,,,,,
989961,C’est éteint w’allah,45320,tiktok,@budz,2026-01-02T20:15:55.685277,0,,,,,,,
727820,Très bonne nourriture très bonne qualité service professionnel et très rapide je recommande fortement,2441,Google Maps,HichamCook Grill House,2024-08-28T23:17:14.479Z,0,,,,,,,
334618,c'est où svp?,28422,tiktok,@restaurant.primo,2026-01-02T18:46:23.351305,2,,,,,,,
727843,برج الكيفان و الثنية؟,44284,tiktok,@dzforestrestaurants,2026-01-02T20:11:44.775998,0,,,,,,,
334630,السومة تاعو تقدر تعقب بيها سمانة في الموزمبيق,9944,Facebook,"  Restaurant elassil








",2025-12-26T18:10:16.000Z,0,,,,,,,
203558,سروالك نتع خدمة هذك,46056,tiktok,@ifood_31,2026-01-02T20:18:15.240848,0,,,,,,,
334632,1962 pas de culture c'est une création française,35526,tiktok,@sinai,2026-01-02T19:28:15.389423,0,,,,,,,
596774,Franchement les filles c’est pas incroyable …,23264,tiktok,@le_perchoir,2026-01-02T18:25:24.838297,0,,,,,,,
727855,est-ce Halal ?,25714,tiktok,@ofennec.officiel,2026-01-02T18:34:10.148851,0,,,,,,,
858928,عندك الحق اختي الماكلة 000,58282,tiktok,@vilageneige_annaba,2026-01-02T21:19:49.301165,0,,,,,,,
203568,Chhel ? Bsh,44894,tiktok,@oumanger.oran,2026-01-02T20:14:36.267600,0,,,,,,,
858930,on cache pas nos goûts avec des épices nos plats sont bon sans camouflage,16684,tiktok,@user5834669559361,2026-01-02T18:10:45.705986,13,,,,,,,
727857,"Service minable, nourriture minable, frite inmangeable pour 4100 dinars c’est du gros foutage de gueule !",5863,Google Maps,Casbah Istanbul,2025-10-17T13:49:02.465Z,0,,,,,,,
858956,تيكو تياكو قسما بالله انتم مرضى,12794,Facebook,Restaurant San Benito,2025-10-12T22:44:55.000Z,0,,,,,,,
465741,chef house,58928,tiktok,@maestro_dz13,2026-01-02T21:21:21.380389,0,,,,,,,
334670,Découverte incroyable. Tout était très bon mention spécial pour le Smash burger Merci au serveur Mounir pour sa gentillesse. Nous reviendrons si Dieu nous le permet.,7259,Google Maps,American Burger Factory,2025-05-29T13:36:29.686Z,0,,,,,,,
990037,وفقك الله,10898,Facebook,Restaurant Casa Bella - Draria,2025-08-29T10:01:04.000Z,0,,,,,,,
203606,c'est dégueulasse les escargots  [COMPLAINT],73148,tiktok,@pont_hydra,2026-01-02T22:13:48.279116,0,,,,,,,
334678,ان شاءلله بربي,67468,tiktok,@bladi_oran,2026-01-02T21:51:47.464300,0,,,,,,,
990040,Here giving you support as well,22324,tiktok,@le_scenario,2026-01-02T18:23:54.862273,50,,,,,,,
858988,"كيفاه ليڨون تاكل "" باها "" رانا عنانبة مش لازم تفورسي",52682,tiktok,@uncles_burger_dz,2026-01-02T21:03:39.748646,1,,,,,,,
727924,Et les prix?,15344,tiktok,@fouka.marine,2026-01-02T18:07:32.483986,2,,,,,,,
990069,مين توصلوا تسمعوا سعر وحداخر,66422,tiktok,@barbecue_restaurant,2026-01-02T21:50:20.292381,0,,,,,,,
203644,"Parfait, bons produits cadre agréable. Service efficace et à l'écoute.",7134,Google Maps,Restaurant À Petit Feu,2025-04-21T15:39:18.653Z,0,,,,,,,
203646,حي سلام هذا في وهران,67694,tiktok,@kartaj_oran,2026-01-02T21:53:12.911390,0,,,,,,,
465793,احسن ملفاي في عنابة لا جاجا لا مسيو ملفاي,52952,tiktok,@patisserie_annaba,2026-01-02T21:04:18.982324,2,,,,,,,
596865,"S’il y avait 10 étoiles, je les mettrais sans hésiter. Client fidèle depuis l’ouverture de Hicham Cook El Achour, je peux affirmer avec confiance que ce restaurant est une référence en Algérie. À chaque visite, la qualité est au rendez-vous : service irréprochable, plats savoureux, ambiance conviviale.  Accueil chaleureux, personnel attentionné et professionnel,  Service rapide et organisé,  Hygiène impeccable, cadre propre et soigné,  Plats généreux, bien présentés et riches en saveurs,  Une carte variée à un rapport qualité/prix excellent. Ce soir-là, un petit souci sur une escalope. Rien de dramatique, mais j’ai été sincèrement impressionné par la réaction de l’équipe. Le chef est venu en personne, a écouté, compris, et réagi avec beaucoup de respect et de professionnalisme. Un vrai sens du service client. Mention spéciale aux burgers, toujours aussi consistants et bien travaillés. Et comme à chaque fois, tout le personnel – du serveur au caissier – était souriant, poli et à l’écoute. Nous avons même eu la chance de croiser Hicham lui-même : un homme modeste, passionné, proche de ses clients. Il incarne totalement l’esprit de son restaurant. En toute sincérité, c’est l’un des meilleurs restaurants du pays. Si vous cherchez un lieu où bien manger, être bien accueilli et ressortir satisfait à 100 %, c’est ici. Je recommande sans réserve. Une adresse incontournable. [RECOMMENDATION]",4658,Google Maps,Hicham cook pizza pasta,2025-07-09T22:57:00.854Z,0,,,,,,,
859013,The best restaurant  [APPRECIATION],24482,tiktok,@opium,2026-01-02T18:29:38.994569,0,,,,,,,
727951,القهوة ب40 الف ولاتاي ب10 الاف,16326,tiktok,@mardoum,2026-01-02T18:08:09.723277,0,,,,,,,
727956,اسمحلي قراو دايرحالة ومكلا ة مكان مكان. ولغلا,10852,Facebook,Restaurant Casa Bella - Draria,2025-07-27T11:25:04.000Z,2,,,,,,,
859030,It's too much overrated,6586,Google Maps,American Burger Factory,2025-11-10T08:27:17.975Z,0,,,,,,,
727963,Ces pas lui,63426,tiktok,@santorino,2026-01-02T21:32:16.733730,0,,,,,,,
203686,Oui oui je le confirme pleinement,33,instagram,6sens_pastry,2025-10-06T23:45:04.000Z,1,,,,,,,
990124,والله الي يجي ينعلها جرة الڤرلو وزيد الغلا يطرش,10387,Facebook,Restaurant Casa Bella - Draria,2025-12-16T21:08:14.000Z,0,,,,,,,
727987,sa a l air très sympa pour prendre un café avec une pâtisserie avec vous  [APPRECIATION],27208,tiktok,@ambiance_telemcen,2026-01-02T18:41:26.498588,0,,,,,,,
334774,"Pizza pas mal, j'aurai préférée gruyère plutôt que mozzarella. Service au top malgré qu'il y ai beaucoup de monde ils essaient d'être au petit soin tant bien que mal. Pas de musique donc au top mashaAllah. Propreté rien à dire c'est nickel. Dernier point ascenseur pour le handicapés et surtout Mousala très propre ! Qu'Allah mette la baraka dans ce restaurant.",4545,Google Maps,هشام كوك بيتزا,2023-12-20T13:22:34.930Z,1,,,,,,,
990134,قاع ب 1500 ولا غي الطبسي الاخير . فهمنا اخطينا من لامصو,12193,Facebook,Restaurant San Benito,2025-10-13T09:30:02.000Z,0,,,,,,,
727992,Les prix très très élevés . Chère. le sauveur est mécontent .,5875,Google Maps,Casbah Istanbul,2025-09-07T21:40:47.205Z,0,,,,,,,
465852,ماشاء الله كلشي شباب,67578,tiktok,@bladi_oran,2026-01-02T21:51:50.985605,0,,,,,,,
334782,"On a pris une côte de bœuf et entrecôte c'était très bon, mais l'attente a été très longue. Je trouve aussi que les prix sont un peu élevés .",2651,Google Maps,HichamCook Grill House,2023-09-02T23:00:34.149Z,1,,,,,,,
334784,aka depuis kan il a ouvert depuis même pas 2 mois ?,28608,tiktok,@american.burger.tizi,2026-01-02T18:47:27.891719,7,,,,,,,
596929,تينال الغلا,11233,Facebook,Restaurant Casa Bella - Draria,2025-07-27T09:03:47.000Z,0,,,,,,,
728003,هذا تاع سيدي يحيى يضربك للراس,24606,tiktok,@said_chef,2026-01-02T18:30:04.779753,1,,,,,,,
596933,tikerbabin c'est pas un plat algérien c'est un plat kabyle,26412,tiktok,@lovers_grill,2026-01-02T18:34:57.644759,0,,,,,,,
203721,يهدر و يطرش بزاقو فوق الحم.  [COMPLAINT],10960,Facebook,Restaurant Casa Bella - Draria,2025-07-29T01:22:42.000Z,2,,,,,,,
990166,C trop cher allah yehdik,4562,Google Maps,هشام كوك بيتزا,2023-12-15T17:02:34.064Z,0,,,,,,,
596953,c'est pas en Algérie ça impossible que soit l'Algérie,38124,tiktok,@kfc,2026-01-02T19:39:27.374301,0,,,,,,,
728030,Sarhat Hakiri ههههههه مسلم هو لي يدير خاتم و يدير حطة و يدير ريحة شابة و يلبس مليح توالي عندك شخصية و هيبة,9136,Facebook,"

Restaurant Casa Bella - Draria",2025-12-03T19:02:31.000Z,1,,,,,,,
203746,كليت عندو صح البنة تتكلم  [APPRECIATION] [RECOMMENDATION],48456,tiktok,@hafakafood,2026-01-02T20:35:29.188941,0,,,,,,,
596966,اول انهار شباب في الجزائر  الله يعاونك خويا,51708,tiktok,@quick_bite,2026-01-02T21:01:56.786368,114,,,,,,,
859119,Super belle endroit savez vous comment on peut les contacter,24678,tiktok,@laturquoisehotel,2026-01-02T18:30:26.774708,1,,,,,,,
728057,تكوموندي انت وزهرك,55044,tiktok,@luestro_annaba,2026-01-02T21:12:19.312138,1,,,,,,,
334844,بولحيا يقول الييييييييي ههههههه,11185,Facebook,Restaurant Casa Bella - Draria,2025-08-29T22:38:07.000Z,0,,,,,,,
596999,tout les restos Algerien ont le meme menu,33440,tiktok,@ambiancefood,2026-01-02T19:21:15.685774,0,,,,,,,
597001,Hsebth steak house,70114,tiktok,@chtibo_oran,2026-01-02T21:58:45.733163,0,,,,,,,
990220,Après 30 min d attente je m attendais à quelque chose de fou mais finalement c est deugeulasse vu le prix Et je vous conseille fortement de ne pas y aller et de ne prendre de dessert surtout la crêpe sois disant croustillante Bref c est nul Derhounaaaaaa,4437,Google Maps,هشام كوك بيتزا,2024-02-16T21:39:04.069Z,1,,,,,,,
728079,تحيا لعجج لف لف,9421,Facebook,Restaurant Tabarka Annaba,2025-12-25T21:12:28.000Z,0,,,,,,,
334867,Des plats raffinés. Une carte complète Un service au top Restaurant très propre,6857,Google Maps,Restaurant À Petit Feu,2025-07-19T18:17:33.341Z,0,,,,,,,
990234,presoisa  [APPRECIATION],29856,tiktok,@youzifood,2026-01-02T18:52:33.711059,0,,,,,,,
465955,عنابة زينة,62088,tiktok,@le.rooftop.annaba,2026-01-02T21:27:47.356294,0,,,,,,,
203811,تقولو سلام عليكم تخلص مليون,18282,tiktok,@helena,2026-01-02T18:16:08.811217,28,,,,,,,
597027,"C'est surement la meilleure table d'Alger et pour moi personnellement d'Algérie. Le cadre est très agréable et la diversité culinaire présente. C'est aussi riche en plats en sauces des cuisines locales ou occidentales, qu'en viandes ou poissons grillés. Le service y est aussi de bonne qualité. Bravo aux serveurs, de vrais gentlemen, je suis très impressionné.",3549,Google Maps,Caracoya,2017-08-21T18:09:37.970Z,1,,,,,,,
597030,كا اف سي ، ماشي كايافصي,37594,tiktok,@kfc,2026-01-02T19:39:13.548409,446,,,,,,,
728103,حبيت الاجواء [APPRECIATION] [BOUFFE],71624,tiktok,@jardina.coffee,2026-01-02T22:09:37.584058,1,,,,,,,
597032,خاطر خامج وبنين,42326,tiktok,@street_food,2026-01-02T19:58:05.325135,0,,,,,,,
990261,Ci des bonne prix wlh bonne courge,36858,tiktok,@restaurant.madala,2026-01-02T19:34:40.863637,1,,,,,,,
334910,"A vous de juger quand vous goûter Pizza n'a pas de goût, rien a voir avec la spécialité. J'espère que s'améliore.",4135,Google Maps,هشام كوك بيتزا,2024-12-25T23:13:31.173Z,0,,,,,,,
728130,بسيف باه فقتو بلي لازم ضفاف الواد كامل تتعمر مطاعم بداية موفقة,22238,tiktok,@le.balcon1,2026-01-02T18:23:12.556723,1,,,,,,,
597063,I'll come to France just for this,35782,tiktok,@sinai,2026-01-02T19:28:25.381634,0,,,,,,,
597068,حوجي ينا  [COMPLAINT],12955,Facebook,Restaurant San Benito,2025-10-12T21:03:25.000Z,0,,,,,,,
466002,ماما خطرة سيينا واحد ريسطو في بجاية عجبها و لينا كل يومين نروحو ليه هههه,21158,tiktok,@triple_,2026-01-02T18:22:02.778826,3,,,,,,,
990293,Sami King وين بلاصه,10854,Facebook,Restaurant Casa Bella - Draria,2025-10-18T22:11:05.000Z,0,,,,,,,
859246,Àĥmëď Bøùàita صلاة عبادة و عمل عبادة,9397,Facebook,,2025-12-19T01:40:48.000Z,0,,,,,,,
728175,Service et repas excellent. N'oubliez pas d'appeler pour réserver sinon vous risquez de ne pas trouver une table,2751,Google Maps,HichamCook Grill House,2023-03-24T21:47:55.756Z,0,,,,,,,
466030,"faudrait savoir d'où vient le poulet ses pas le poulet d'Algérie qui sera utilisé pas assez de qu'entité, Sinon le prix du poulet  ça va explosé",38922,tiktok,@kfc,2026-01-02T19:40:00.228563,0,,,,,,,
597105,Restaurant bien placé avec boisson alcoolisé Well placed restaurant with alcoholic drink,3518,Google Maps,Caracoya,2019-10-06T07:24:35.088Z,0,,,,,,,
990327,اي حاجة مسخة تجي بنينة,42130,tiktok,@street_food,2026-01-02T19:58:01.090636,0,,,,,,,
334971,السلام عليكم ربي يعينك لكن الكمية قليلة جدا لت تشبع طفل صغير والسعر راك علابالك,9112,Facebook,Restaurant Tabarka Annaba,2025-12-28T12:10:23.000Z,0,,,,,,,
728190,Hna 16 euros troh resto à volonté khoya et en plus mydirch 20 euros minimum 9 euros tacos menu yzidlek une boisson et une barquette de frites donc mathlfech khoya,46272,tiktok,@damisoran31,2026-01-02T20:21:56.697636,0,,,,,,,
334987,Acceuil et gout magnifique Merci lequipe ET bon courage,8478,Google Maps,American Burger Factory,2023-08-14T20:13:31.570Z,0,,,,,,,
466063,Aucun goût la sauce tomate n’est pas fameuse avec une pâte très fine et le fromage carrément absent franchement très très déçue,4393,Google Maps,هشام كوك بيتزا,2024-04-16T08:08:46.834Z,0,,,,,,,
203921,Service pitoyable ! Traitement des clients différent si locaux ou « immigrés » service très long . Je demande des frites c est visiblement un supplément mais pas pour les locaux. Comportement écœurantUn plat arrivé les 5 autres arrivés 45 min plus tard. Un coca attendu tout le repas. Un poulet froid et quand on signale au serveur il pose tous la main dessus pour vérifier si c est froid! Concernant les saveurs rien d interessant ni goûteux c est quelconque! Passez votre chemin,7136,Google Maps,Restaurant À Petit Feu,2025-04-19T20:49:51.509Z,0,,,,,,,
203923,ajouter des fleurs svp  sinon c'est super beau,26514,tiktok,@labelladalger16,2026-01-02T18:36:56.335071,1,,,,,,,
990369,واش عندكم كامل بش نشرو,10019,Facebook,"  Sultan Restaurants


",2025-11-12T19:04:17.000Z,0,,,,,,,
335016,غالي  باين,27102,tiktok,@seven.times,2026-01-02T18:39:23.648725,0,,,,,,,
859306,اوك,40460,tiktok,@woodchickendz,2026-01-02T19:45:50.912740,0,,,,,,,
335019,ماشاء الله انا بلاصتي مع لعشية نحب نشرب قهوتي عندهم,56208,tiktok,@the_chef_house_23,2026-01-02T21:14:34.099117,6,,,,,,,
466092,j'aimerais bien venir mais vue les commentaires j'ai changé d'avis,22038,tiktok,@maison_sardoudi,2026-01-02T18:22:38.675939,0,,,,,,,
597187,Nice food,8425,Google Maps,American Burger Factory,2023-12-22T21:33:24.910Z,0,,,,,,,
335047,ما شاء الله [APPRECIATION],69014,tiktok,@cote_oran,2026-01-02T21:57:40.623062,2,,,,,,,
597193,keep up the great work bro  [APPRECIATION],45178,tiktok,@budz,2026-01-02T20:15:51.490004,17,,,,,,,
990411,هههههه صح قاع فلخماج لي طيب فيه,41970,tiktok,@street_food,2026-01-02T19:57:56.860845,0,,,,,,,
990416,الله يبارك ان جاية فطور تركي كاين,58016,tiktok,@la.nouvelle.etoile0,2026-01-02T21:19:28.205391,1,,,,,,,
466131,Àĥmëď Bøùàita يخي كاين خمس صلوات فاليوم ولا حابو يبقى فالجامع,9396,Facebook,,2025-12-07T18:20:27.000Z,4,,,,,,,
728276,واش كاين لسوندويتش. كابن توصيل لمركز. فيزا تركيا برخادم,39714,tiktok,@benko.games,2026-01-02T19:43:06.957377,1,,,,,,,
990422,Très bon !,8534,Google Maps,American Burger Factory,2023-02-22T17:55:32.507Z,0,,,,,,,
990426,Faut pas y aller tout simplement,38292,tiktok,@kfc,2026-01-02T19:39:31.574314,0,,,,,,,
597224,ماكلتو مليحة علخر بنينة صح ومعاملة مليحة ثاني  [APPRECIATION],56210,tiktok,@the_chef_house_23,2026-01-02T21:14:34.099120,2,,,,,,,
990443,kayan la livraison l Alger centre,29288,tiktok,@elcuatro_burgers,2026-01-02T18:49:36.985410,0,,,,,,,
990445,هذا شحال كيما راه,39106,tiktok,@itchy_food,2026-01-02T19:41:07.242768,0,,,,,,,
335089,c'est ou svp,23764,tiktok,@leonard_restauran,2026-01-02T18:27:02.784714,0,,,,,,,
597242,"le style, la convivialité, les couleurs. bref trop de choses inadéquates pour un bon appétit.",14480,tiktok,@les_jumelles,2026-01-02T18:01:29.001317,0,,,,,,,
990460,The food was great but the service was so average and so slow,7230,Google Maps,Restaurant À Petit Feu,2024-11-09T07:21:14.323Z,0,,,,,,,
859398,كاين توصيل لبليدة ؟,29342,tiktok,@elcuatro_burgers,2026-01-02T18:49:37.864602,0,,,,,,,
466186,wesh kayen comme plat ? sawroulna menu njou naklo onachathoo,23744,tiktok,@leonard_restauran,2026-01-02T18:26:57.764660,1,,,,,,,
990487,حاسبو يقولي 100الف,47508,tiktok,@bazookadz,2026-01-02T20:32:25.582832,59,,,,,,,
335127,Mtouwem frites,35874,tiktok,@sinai,2026-01-02T19:28:28.070713,0,,,,,,,
728347,اللهم زد و بارك هادو ناس ملاح,39464,tiktok,@brother.tselbiar,2026-01-02T19:41:49.415445,0,,,,,,,
990494,واحد الوقت في 1993 في marche de meissunier mon frère,42764,tiktok,@pizza_carre,2026-01-02T20:00:30.284977,0,,,,,,,
466210,إن لم تستحي ففعل ماشيأة,11452,Facebook,Restaurant San Benito,2025-07-26T20:22:34.000Z,0,,,,,,,
204072,هل اكل الحلزون حلال [INQUIRY],72152,tiktok,@pont_hydra,2026-01-02T22:13:14.227726,3,,,,,,,
204083,لوزاغ [APPRECIATION],26300,tiktok,@lovers_grill,2026-01-02T18:34:55.974005,0,,,,,,,
204088,le menu aujourd'hui SVP.,46498,tiktok,@raniabgs1,2026-01-02T20:22:27.632051,0,,,,,,,
335161,Diro livraison,47252,tiktok,@snacko_hm,2026-01-02T20:30:20.376319,1,,,,,,,
466234,"Very beautiful place, with amazing reception",3493,Google Maps,Caracoya,2022-01-05T10:24:26.550Z,0,,,,,,,
466235,ازكي انا مزال مكليتش نجيب توفيق والا كيفاه !,40242,tiktok,@streetburger02,2026-01-02T19:44:11.216054,0,,,,,,,
859457,بزاف غالي 5000الناس تعيش بيها اسبوع,44486,tiktok,@dzforestrestaurants,2026-01-02T20:11:54.829323,0,,,,,,,
859462,Le service est trop longs vraiment après une heure d'attente nos pizza ce points enfin mais bien sur pas toutes les pizza ni les boissons encore les service reste beaucoup à faire.,4290,Google Maps,هشام كوك بيتزا,2024-07-12T20:00:20.167Z,0,,,,,,,
990538,تصيدوا فل بحر حوت وتخدموا شيرات تصيدوا بيهم باش يجي ويعاود يولي,13289,Facebook,Restaurant San Benito,2025-10-28T16:26:05.000Z,1,,,,,,,
466252,مكانش منها غير مافطرنا في شرشال بمليون منأمنكش شوف معاهم,11860,Facebook,Restaurant San Benito,2025-09-05T13:19:47.000Z,0,,,,,,,
204118,ربي يوفق [APPRECIATION],32326,tiktok,@restaurant_gizay,2026-01-02T19:15:25.042089,0,,,,,,,
990550,"I went to this place twice. The first time, we ordered something sweet, and we sat outside. The wait was ENDLESS ! we waited over 30 minutes for just two simple desserts. However, the food was good. But sitting outside, a lot of kids constantly came up asking for money (sadaqa), and the servers took their time getting them to leave. So, if you plan to sit down, it's better to sit inside. The second time, we sat indoors, so we weren’t disturbed by the kids. We arrived around 11:30 AM, and it wasn’t too crowded. We ordered pizzas, which were pretty good, but again, the wait was again unbearable : over an hour for just two pizzas. We were about to leave because we had classes in the afternoon, so we couldn’t fully enjoy our meal and had to rush through it to avoid being late for class. In short, if you have time to kill, go ahead, but I’d recommend sitting inside rather than outside. P. S. : Nearly half of the dishes on the menu they give you aren’t actually available",3728,Google Maps,Laurel Restaurant,2024-09-12T14:19:28.087Z,0,,,,,,,
859488,Twhcht les pancakes  [APPRECIATION] [COMPLAINT],504,instagram,"brother.ts
",2024-07-11T21:15:45.000Z,0,,,,,,,
728418,Best pastry,3826,Google Maps,L’Alchimiste Pâtisserie,2025-08-17T22:19:06.743Z,0,,,,,,,
990562,"Medium Quality service In, But the food is Tasty (burgers, Tacos) full of flavor and similar to the photos published on their official social media accounts.",8565,Google Maps,American Burger Factory,2022-10-15T09:14:17.411Z,0,,,,,,,
204134,T7lf en plus.,46400,tiktok,@damisoran31,2026-01-02T20:22:08.147947,1,,,,,,,
859495,تينال كيما المعي الغليض تاع ليستوما,11100,Facebook,Restaurant Casa Bella - Draria,2025-07-29T12:52:04.000Z,0,,,,,,,
728424,خويا خلي البرومونسيون حتى للعام الجاي نجي نفطر عندك كي نخرج من لافاك,40594,tiktok,@woodchickendz,2026-01-02T19:45:54.069238,0,,,,,,,
466278,مسند مشي طاكوس الله يبارك [APPRECIATION],65,instagram,american.burger_dz,2025-05-21T18:26:31.000Z,9,,,,,,,
466283,أجمل فريت اوملات,62434,tiktok,@benete_wahran,2026-01-02T21:30:31.743476,0,,,,,,,
859500,"L'un de mes restaurants preferée Deco au top et petite chose que j'apprecie on peut voir ce qui se passe en cuisine, serveurs tres accueilants , une trés bonne nouriture mise a part les tacos que je n'ai pas su tous aimé mais la pizza est delicieuse :miam:",5027,Google Maps,Hicham cook pizza pasta,2018-08-18T04:18:04.430Z,2,,,,,,,
204141,الحمد لله كي شفيت,68656,tiktok,@cote_oran,2026-01-02T21:57:29.321292,3,,,,,,,
466294,est ce que tous les sandwichs sont servis comme ça ! ?,36664,tiktok,@memelkateelkabda,2026-01-02T19:33:59.570097,0,,,,,,,
728444,Machalah bonne continuation  [APPRECIATION],35882,tiktok,@sinai,2026-01-02T19:28:28.070720,0,,,,,,,
990620,"C'était bon, les prix comme partout ailleurs (je parle des restos indiens), la déco est belle, les sauces sont exquises. Je remercie le personnel qui est aux petits soins, les serveurs sont vraiment très gentils, professionnels et rapides. Les plats sont copieux. Les pains naan étaient trop croustillants à mon goût, je préfère quand ils sont tendres mais sinon belle expérience.",3039,Google Maps,تاج محل بن عكنون,2025-01-05T15:59:24.524Z,0,,,,,,,
466332,N’importe quoi c’est du fake,38354,tiktok,@kfc,2026-01-02T19:39:33.331588,0,,,,,,,
990622,أكل عادي مقارنة بغلاء الاسعار لكل شئ حتى المشروبات الغازية كوكاكولا 1ل ب 250 دج,2656,Google Maps,HichamCook Grill House,2023-08-30T16:34:59.756Z,4,,,,,,,
990624,l'adresse exacte svp,25270,tiktok,@lovers_grill,2026-01-02T18:33:41.990864,0,,,,,,,
204214,ما شاء الله ولدي الله يحفظك,70816,tiktok,@bou_ham.ham,2026-01-02T22:01:44.224108,0,,,,,,,
990647,good morning New Yorkers,26502,tiktok,@labelladalger16,2026-01-02T18:36:56.335060,0,,,,,,,
466363,"sublime deco, sublime menus et surtout sublime Julio  [APPRECIATION]",14244,tiktok,@les_jumelles,2026-01-02T18:01:22.580399,1,,,,,,,
466384,أسعار خيالية للأسف كليت خطرة ومنزيدش نروح ليه,10735,Facebook,Restaurant Casa Bella - Draria,2025-12-07T08:19:03.000Z,1,,,,,,,
204244,انا كون مناكلش شوا نقابل لبحر قاع منقولش كليت,10794,Facebook,Restaurant Casa Bella - Draria,2025-07-26T21:42:18.000Z,22,,,,,,,
466394,Klit andou w cmndit a domicile top Taylor alger centre surtt les sandwichs ana dit poulet fromage diga blbenna,31110,tiktok,@taylor,2026-01-02T19:10:46.080116,43,,,,,,,
466396,oui c'est vrai bzf bnin ou équipe machaallah rabi y3awankoum  [APPRECIATION],28976,tiktok,@snacky_time_kouba,2026-01-02T18:47:53.129881,1,,,,,,,
466402,وبن جا,29622,tiktok,@turtles_snack,2026-01-02T18:50:58.578693,0,,,,,,,
204259,هادا كلش ب 150 راك كبير حشم,11603,Facebook,Restaurant San Benito,2025-07-27T09:43:14.000Z,0,,,,,,,
728548,قالك يولي ههههه,10361,Facebook,Restaurant Casa Bella - Draria,2025-12-07T15:49:59.000Z,0,,,,,,,
859620,c'est où draria,17886,tiktok,@casabelladraria,2026-01-02T18:14:47.932000,0,,,,,,,
728552,I felt in love with this place  [APPRECIATION],23536,tiktok,@jomane,2026-01-02T18:26:23.435937,26,,,,,,,
859626,C’est où svp,69880,tiktok,@chtibo_oran,2026-01-02T21:58:36.398811,0,,,,,,,
597483,غدوة نجي متفرمجاهليش منزش نجي [APPRECIATION],44780,tiktok,@le_neuf_food,2026-01-02T20:13:41.529737,0,,,,,,,
204267,Accueil 0 vendeuse désagréable vraiment,3809,Google Maps,L’Alchimiste Pâtisserie,2025-10-31T14:59:36.717Z,0,,,,,,,
466419,عجبتني تيان للبسهاا,58646,tiktok,@la.nouvelle.etoile0,2026-01-02T21:21:02.250244,0,,,,,,,
204275,نتي هيا البنة نيك الحوت,13030,Facebook,Restaurant San Benito,2025-10-13T13:41:39.000Z,0,,,,,,,
466422,قلشيني بديك الحوتة لي راها تحتك,13133,Facebook,Restaurant San Benito,2025-10-14T17:26:43.000Z,0,,,,,,,
335356,ضحكتك متعجبش,10980,Facebook,Restaurant Casa Bella - Draria,2025-08-27T00:50:08.000Z,0,,,,,,,
990718,Bateau cassé chef Moulay Alh yarhmo [APPRECIATION],22428,tiktok,@le_perchoir,2026-01-02T18:25:02.841762,97,,,,,,,
597504,dommage c est pas sur Marseille.  k allah vs aide [APPRECIATION] [COMPLAINT],35600,tiktok,@sinai,2026-01-02T19:28:18.081530,0,,,,,,,
728594,"Spécialités turques à 100%. Situé au 3ème étage ( food court )du centre commercial Garden City. Le restaurant est spacieux avec une terasse . La salle est bien décorée et lumineuse. Les espaces sont aménagées spécialement pour accueillir des familles. Le personnel est majoritairement turque ( parle arabe et français ! ), trés accueillant et souriant. La bouffe est bonne et surtout consistante. Le service est rapide. Le rapport qualité prix est correct.",5732,Google Maps,Casbah Istanbul القصبة اسطنبول,2021-10-16T18:12:51.214Z,2,,,,,,,
335379,وينراك,12648,Facebook,Restaurant Rais,2025-10-13T16:49:58.000Z,0,,,,,,,
204324,"En arrivant de Paris, j'ai visité ce lieu magique et j'en garde un délicieux souvenir",1113,instagram,jardina.coffee,2025-11-03T20:55:55.000Z,2,,,,,,,
728613,Très bon menu et tres bon service aussi,7358,Google Maps,American Burger Factory,2025-05-22T12:54:11.723Z,0,,,,,,,
335400,c'est un plaisir d'avoir un RESTAURANT exemplaire qui organise des événements familiales. bonne continuation.,66656,tiktok,@bladi_oran,2026-01-02T21:51:11.463920,1,,,,,,,
597549,قيو كولها نتي كلشي روحك تحيا باريس + اسبانيا رهي لكم,13860,Facebook,Restaurant San Benito,2025-12-18T23:55:36.000Z,0,,,,,,,
335406,قوة عن تجربة طاكوس فالقمة يعطيكم الصحة,1921,instagram,spartacos2019/,2025-10-08T19:43:29.000Z,102,,,,,,,
990786,انت عندك مليون سعر زهيد,19824,tiktok,@sultan,2026-01-02T18:17:23.351373,0,,,,,,,
990794,أين يقعد المطعم,11582,Facebook,Restaurant San Benito,2025-07-28T07:35:54.000Z,0,,,,,,,
204372,غطو وجها و سمعو غي لافوا تاعها,13614,Facebook,Restaurant San Benito,2025-12-20T21:40:10.000Z,0,,,,,,,
990805,Très belle expérience - peoduit frais,3639,Google Maps,Laurel Restaurant,2025-08-09T20:52:34.029Z,0,,,,,,,
728661,Mauvaise expérience fausse commandes mal traité !,4086,Google Maps,هشام كوك بيتزا,2025-05-25T12:16:06.561Z,0,,,,,,,
859740,10 ماريني راهي و 10 سكالوب راهي جاج دير 40 ماكس للبروش، و القلب حنا ما ناكلوهش.,43958,tiktok,@dzforestrestaurants,2026-01-02T20:11:33.052633,0,,,,,,,
597603,Tout tes bon chez vous surtout salade de poulpe,1817,instagram,sinai.dz,2025-06-05T18:52:35.000Z,0,,,,,,,
597609,‏اللهم أذق أهل غزة حلاوة الجبر بعد مرارة الصبر، اللهم أطعمهم من ثمار الجنة، واسقهم من حوض النبي ﷺ، اللهم ارزقهم فرحة تنسيهم قسوة هذه الأيام الثقيلة، اللهم اجبر كسر قلوبهم وإجعلهم لقضائك وقدرك صابرين، يارب كُن معهم وقوّهم وزدهم صبرا وآجرهم على صبرهم، اللهم أربط على قلوبهم فإنها لا تقوى ولا تستند إلا بك يا الله.,10000,Facebook,Dz Forest Restaura,2025-10-13T17:10:49.000Z,1,,,,,,,
466542,الله يبارك فيك,62210,tiktok,@hamidhamid806,2026-01-02T21:29:09.825896,0,,,,,,,
859763,commensal sa ee l'esturgeon sa n existe pas en Algérie se. n est même pas en mer,22072,tiktok,@maison_sardoudi,2026-01-02T18:22:38.675983,0,,,,,,,
335479,انا رحت عندو و ندمت,17844,tiktok,@casabelladraria,2026-01-02T18:14:47.824006,0,,,,,,,
597629,combien le prix pour ce Plat,33612,tiktok,@restaurant_gizay,2026-01-02T19:22:47.063827,0,,,,,,,
990858,وين لبلاصة هاذي,10945,Facebook,Restaurant Casa Bella - Draria,2025-07-27T09:00:28.000Z,0,,,,,,,
728720,tres bon prix sahitou,44040,tiktok,@dzforestrestaurants,2026-01-02T20:11:35.500168,0,,,,,,,
728723,وله نجيوك راكي نتي كروفات,13858,Facebook,Restaurant San Benito,2026-01-02T13:55:04.000Z,0,,,,,,,
335509,والله ما كانKFC,38270,tiktok,@kfc,2026-01-02T19:39:30.621224,0,,,,,,,
728725,الأسعار موجودة في لائحة الأطباق والاطباق كلها قمة الروعة والذوق والمعاملة ممتازة شكرا لكم واصلوا,10038,Facebook,Restaurant Tabarka Annaba,2025-12-23T22:32:14.000Z,0,,,,,,,
990872,Excellent plat pour ce que nous avons pris. On voyage. Nous reviendrons in shaa llah.,5620,Google Maps,Casbah Istanbul القصبة اسطنبول,2023-01-29T13:44:26.521Z,0,,,,,,,
728736,لهم بارك مشاءالله,66838,tiktok,@bladi_oran,2026-01-02T21:51:22.962950,1,,,,,,,
990881,عندكم وحد لسلاد بصح الغلا والكوى,17768,tiktok,@casabelladraria,2026-01-02T18:14:42.669457,3,,,,,,,
859810,يعطيك الصحة، tu es au top  [APPRECIATION],58414,tiktok,@la.nouvelle.etoile0,2026-01-02T21:20:57.061360,0,,,,,,,
990884,Une seule assiette 150 الف، c'est chère,11709,Facebook,Restaurant San Benito,2025-07-26T19:52:21.000Z,0,,,,,,,
335524,Thala aussi c'est la fontaine en kabyle  [APPRECIATION],27814,tiktok,@thala,2026-01-02T18:45:06.097510,0,,,,,,,
859816,"By far the best restaurant in the city. Highly recommended, you gonna feel like you are really in Istanbul. Except the taste of the food, also the service is high level.",5982,Google Maps,Casbah Istanbul,2024-05-05T21:10:43.274Z,1,,,,,,,
335536,شنو اسم الأغنيه,68252,tiktok,@le_petit_chalet,2026-01-02T21:54:57.317046,0,,,,,,,
466609,"un beau restaurant, au même niveau que les autres resto de la chaine casbah, il y a trop de monde .",6259,Google Maps,Casbah istanbul,2022-02-24T12:49:54.500Z,0,,,,,,,
728754,"Hahahahahahahaha avec 20 mille dinars ouallah Wahed les plats à la maison kheir 1 milliard de fois cette bouffe, enfin koul Wahed min twekheud",539,instagram,"brother.ts
",2025-11-11T14:20:30.000Z,0,,,,,,,
728755,"Vos sandwichs steak hachés sont super bons, et le temps d’attente est court, bon courage.",8549,Google Maps,American Burger Factory,2022-12-31T20:02:36.429Z,0,,,,,,,
990900,je suis une Tizi ouzienne wallah je ne connais pas,21582,tiktok,@maison_sardoudi,2026-01-02T18:22:25.678224,6,,,,,,,
990904,خهههه راهو عاجبنا لاكونتين العالمية,28142,tiktok,@amine.lacantine,2026-01-02T18:45:39.645137,1,,,,,,,
466623,"Une très bonne expérience personnelle sympa très accueillant, très bonne nourriture, plat très copieux, service impeccable, très très propre, par contre c'est un peu cher et le stationnement n 'est pas évident",3286,Google Maps,تاج محل بن عكنون,2018-07-26T20:53:52.713Z,5,,,,,,,
466630,مساكن هدا وين ذاقو بنة حنا من صغر ناكلوه و افضل موسم ف شتاء مع برد يعطي دفء للجسم و ممتعة,73202,tiktok,@pont_hydra,2026-01-02T22:13:49.961569,0,,,,,,,
335560,"I ordered a dish with boneless chicken thighs, fries, and bulgur, along with a salad and a can of Coca-Cola. A few hours later, I had severe vomiting and low blood pressure. The doctor confirmed it was most likely food poisoning caused by the meal I ate. I’m really disappointed with the hygiene at this restaurant. It’s unacceptable to get sick after a simple meal. I do not recommend this place at all. —————————————————— J’ai commandé un plat composé de cuisses de poulet désossées avec frites et borghol, accompagné d’une salade et d’une canette de Coca. Quelques heures après, j’ai eu de violents vomissements et une forte hypotension. Le médecin m’a confirmé que c’était très probablement dû à une intoxication alimentaire liée à ce repas. Je suis vraiment déçu par la qualité de l’hygiène dans ce restaurant. C’est inacceptable de tomber malade après un simple repas. Je ne recommande absolument pas cet endroit.",5888,Google Maps,Casbah Istanbul,2025-07-31T13:03:35.037Z,0,,,,,,,
466636,الطلبية فيها برغر blue و فريت و كوكا 1. 115 دج تحضير سريع جدا الفريت بارد طيبوه مع تراب مغسلوهش مليح البرغر كاليتي نقصت بزاف . شكيت كان واجد من قبل . طبعوهولي . وقت لي روحتلهم كان على الخمسة ونص عشية نهار الخميس 11 سبتمبر 2025,6624,Google Maps,American Burger Factory,2025-09-14T06:47:09.425Z,0,,,,,,,
859858,w kain li social fi rasso ihb plaic mkchrin w mahrogin w BLK ltem isrf plus .,70866,tiktok,@paradou_restaurant,2026-01-02T22:04:49.350330,0,,,,,,,
204504,Nous avons testé le sandwich viande ainsi que le Philly viande par un temps pluvieux et franchement c’était super bon. Sandwichs consistants mais en aucun cas gras ou qui laissent une sensation de lourdeur après dégustation. De la bonne junkfood,7523,Google Maps,American Burger said hamdine,2023-12-15T21:11:12.466Z,0,,,,,,,
859864,"Je connais Annaba c’est radis, c’est très beau, j’aimerais bien être là-bas",60786,tiktok,@seraidi.live.z,2026-01-02T21:22:58.311491,0,,,,,,,
990952,المطاعم فاخرة اكبر متحيلين ههه ياخذو اكثر طبق غير مكلف و احطو منو أربع قطع في طبق و يوهموا الي طلبوا انوا عم يشوف الجنة ههه الأثرياء سهل تخدعهم,73688,tiktok,@pont_hydra,2026-01-02T22:14:02.054138,0,,,,,,,
859885,On ne lève pas le petit doigt quand on mange,73008,tiktok,@pont_hydra,2026-01-02T22:13:41.377514,1,,,,,,,
466671,السومة [APPRECIATION],67324,tiktok,@bladi_oran,2026-01-02T21:51:43.061161,0,,,,,,,
466673,ام اقولو مش حاجة بصح انا حابة نجربو حق,52368,tiktok,@uncles_burger_dz,2026-01-02T21:03:31.530465,0,,,,,,,
466676,الصحة والعافية,27728,tiktok,@thala,2026-01-02T18:45:03.223419,0,,,,,,,
466678,Un régal  [APPRECIATION],6908,Google Maps,American Burger said hamdine,2025-07-08T14:58:57.797Z,0,,,,,,,
466681,Très beau resto personnel accueillant mais qui ne sourit pas et au départ le serveur m’a mis mal à l’aise parce que je voulais m’asseoir dans une table avec fauteuil parce que j’avais mon bébé qui était en train de dormir il m’a dit tu dois le mettre sur une chaise (on était 4personnes)puis on a changé de place et on est tombé sur un bon serveur très accueillant. Pour les plans le méchoui Était très tendre mais il y avait le goût de la cannelle ça m’a dérangé la Chorba m’a pas plu du tout on avait l’impression que c’était une chourba de cannelle et pour la côte de bœuf elle était trop bonne mais froide et pour le plat de la brochette je l’ai commandé avec de la crème fraîche ils se sont trompés Franchement restaurant à visiter Dommage on a pas vu Hichem cook D pris un tout petit peu exagéré,2949,Google Maps,HichamCook Grill House,2022-03-29T11:48:39.039Z,65,,,,,,,
335611,الله يبارك ربي يزيد في رزقكم,67034,tiktok,@bladi_oran,2026-01-02T21:51:32.679041,0,,,,,,,
466684,نعرفها عندهم بيتزا متتقارن مع حتي بيزيريا,28448,tiktok,@restaurant.primo,2026-01-02T18:46:27.194143,0,,,,,,,
597766,le bambou je confirme . méga pizza nonnn,58864,tiktok,@maestro_dz13,2026-01-02T21:21:20.566511,3,,,,,,,
728839,Sofiane Rab هي حشرة من حقها تعيش كيف كيف الذبانة مخلوقة من حقها تعيش كيم تحب تعيش نت,9105,Facebook,Restaurant Casa Bella - Draria,2025-12-22T13:56:44.000Z,0,,,,,,,
466706,صلاة محمد على لمضاوة نتاعك. نجيب طفيل كيفك و نموت. اي والله ما نزيد نقول لي ربي زيدني. ربي يحفظك عيني عليك باردة,39024,tiktok,@iso_food,2026-01-02T19:40:42.718268,0,,,,,,,
859928,Je le recommande service qualité prix,4693,Google Maps,Hicham cook pizza pasta,2024-05-13T16:55:09.536Z,0,,,,,,,
204572,رحتلو روعة ماشاء الله,18262,tiktok,@helena,2026-01-02T18:16:08.811091,4,,,,,,,
204575,"Excellent burger et sandwich, tacos pas trop à mon goût parcontre",8012,Google Maps,American Burger said hamdine,2021-05-02T13:53:28.736Z,0,,,,,,,
728865,Prix excessif mais la nourriture y est bonne,3304,Google Maps,تاج محل بن عكنون,2018-02-13T09:30:32.386Z,1,,,,,,,
466724,On a mangé là-bas jeudi passé on a pris des pizza vraiment benna mais la chose la plus remarquable chez eux c est le bon accueil bonne continuation,21080,tiktok,@triple_,2026-01-02T18:21:58.677014,7,,,,,,,
859941,شحال التوصيل الجزائر العاصمة,17154,tiktok,@casa_burger1,2026-01-02T18:11:29.349468,0,,,,,,,
859945,تالة معنتها الينبوع و لا العين تاع الماء,27430,tiktok,@thala,2026-01-02T18:44:44.642181,5,,,,,,,
728885,مهابل,16622,tiktok,@user5834669559361,2026-01-02T18:10:42.541754,12,,,,,,,
466745,Le pancréas ywali ywalwallll smahli rakom taragjo f l'estomac. l'obésité le diabète !,496,instagram,"brother.ts
",2024-10-11T13:14:38.000Z,0,,,,,,,
335684,البطاطا لازم طبقة رقيقة ماشي خشينة,54710,tiktok,@mr._brik,2026-01-02T21:11:20.717559,2,,,,,,,
728902,Bien mais trop chère,7212,Google Maps,American Burger Factory,2025-06-09T17:26:40.809Z,0,,,,,,,
728907,او حرام عليك اخويا تخرجنا في قلوبنا,10541,Facebook,"  Restaurant elassil








",2025-12-26T07:36:38.000Z,0,,,,,,,
728910,ما تنساش قول بسم الله,11810,Facebook,Restaurant San Benito,2025-08-24T20:23:13.000Z,0,,,,,,,
859984,Rien n’a dire excellent.,7317,Google Maps,Restaurant À Petit Feu,2024-08-15T16:27:58.900Z,0,,,,,,,
728914,والله يا tessغير نتا شيكور ومحتوى قوة  [APPRECIATION],54352,tiktok,@guellil._.tasnim,2026-01-02T21:08:25.236786,2,,,,,,,
859988,العالم راهو يطور في النكنلوجيا وانت تهدر على كرشك,11886,Facebook,Restaurant San Benito,2025-07-26T13:34:44.000Z,0,,,,,,,
466772,رانا نزوركم إن شاءالله,30610,tiktok,@gazouzafood2019,2026-01-02T19:05:30.032267,1,,,,,,,
728918,لازم لكارط؟,32658,tiktok,@seven.times,2026-01-02T19:17:48.667282,0,,,,,,,
991064,I agree  bzf chbeb [APPRECIATION],18594,tiktok,@helena,2026-01-02T18:16:14.600335,0,,,,,,,
335706,⁨معاملة 00⁩,76,instagram,american.burger_dz,2025-10-03T23:23:29.000Z,1,,,,,,,
466779,وين لاربعاء,43382,tiktok,@cassecroute_dz,2026-01-02T20:09:01.833550,0,,,,,,,
728929,السلام عليكم راك تقول بيتزا عفوا نوعيه ردي واسعار عاليه,1383,instagram,mega_pizza_elbiar,2025-09-16T19:00:51.000Z,0,,,,,,,
728930,"Pire expérience pour un gâteau d’anniversaire ! Alors d’habitude c’est beaucoup plus qualitatif ! Non seulement non respect du temps de livraison et à la fin un gâteau « moche » ! Les photos parlent d’elles meme ! Et depuis quand on met du gypsofil sur de la nourriture ? ! Et le clou du spectacle :le gâteau était totalement congelé ! On a tout jeté , anniversaire gâché",3822,Google Maps,L’Alchimiste Pâtisserie,2025-08-22T21:11:01.640Z,0,,,,,,,
204643,Bien faut faire sa faut les afficher bah yet3lmo mch a chaque fois tochkro les resto juste bah …….,58284,tiktok,@vilageneige_annaba,2026-01-02T21:19:49.301168,0,,,,,,,
466785,"Un très bon endroit pour manger, très propre, et le service est vraiment sympa et rapide. Et ce qui concerne la bouffe est trop délicieuse.",6896,Google Maps,Restaurant À Petit Feu,2025-07-11T21:14:09.062Z,0,,,,,,,
335717,بلاصة قتالة  [APPRECIATION],27156,tiktok,@ambiance_telemcen,2026-01-02T18:41:21.610675,1,,,,,,,
204650,الجزائر تطبع عن طريق kfc,38906,tiktok,@kfc,2026-01-02T19:39:59.233055,0,,,,,,,
204656,"Le nouvel endroit est super, très belle ambiance c'est propre, les serveurs sont polis et gentils MAIS étant un cliente régulière j'ai trouvé que aujourd'hui c'est pas ça, le pain était fin, trop de sauce à l'intérieur et le gout n'était pas équilibré. Je reviendrai quand même mais j'espère que la prochaine fois ça sera comme avant",6518,Google Maps,American Burger Factory,2025-12-21T18:49:38.471Z,0,,,,,,,
860018,a l'oranaise on le mange autrement (babouch)que jai jamais goûté,72188,tiktok,@pont_hydra,2026-01-02T22:13:17.221181,4,,,,,,,
335734,Grand merci à toute l’équipe. Tout est très bon.,6919,Google Maps,American Burger Factory,2025-07-16T14:36:44.618Z,0,,,,,,,
860025,Tout simplement pas bon. Pour le gout ca na pas de difference avec les burger a 150 da,6545,Google Maps,American Burger Factory,2025-11-30T20:01:23.918Z,0,,,,,,,
728956,اللهم بلغنا رمضان. وقد تبدلت أحوالنا للأفضل وانكشفت همومنا وملأت وبيوتنا الرحمة والسكينة قلوبنا  [APPRECIATION],989,instagram,hichamcookgrill,2025-12-23T18:49:07.000Z,33,,,,,,,
991106,في متناول لاعبي مانشستر سيتي,16274,tiktok,@mardoum,2026-01-02T18:08:08.760136,0,,,,,,,
335747,هدي راهي تبانلي مرحان لمخدومة فدار,493,instagram,"brother.ts
",2024-10-11T23:30:19.000Z,0,,,,,,,
335748,Normalement quand tu as une barbe aussi longue il faut la couvrir :question d’hygiène,11002,Facebook,Restaurant Casa Bella - Draria,2025-08-18T23:06:20.000Z,0,,,,,,,
204682,"Un service impeccable, personnel très spontané, American burger restera toujours mon préféré mondialement",7031,Google Maps,American Burger said hamdine,2025-05-18T14:51:11.072Z,0,,,,,,,
860044,C'est trop cher,12342,Facebook,Restaurant San Benito,2025-10-14T22:27:59.000Z,0,,,,,,,
860046,Allah ibarek les prix Macha Allah minrohagh a thamurth anadi inch'Allah agma,37000,tiktok,@restaurant.madala,2026-01-02T19:34:42.533371,1,,,,,,,
466832,je déconseille le mûrier,33248,tiktok,@seasons_rooftop,2026-01-02T19:20:55.484849,2,,,,,,,
204696,ازرب راح الحال، ماشي وقت الهدرة,929,instagram,hichamcookgrill,2025-12-11T21:27:54.000Z,10,,,,,,,
466844,مكاش كما لطيفة كلش بنين فها,66586,tiktok,@bakhcis_oran,2026-01-02T21:50:40.600987,13,,,,,,,
991133,Délicieux  [APPRECIATION],40632,tiktok,@sandwitch.yabki,2026-01-02T19:48:04.975735,1,,,,,,,
728990,حطلنا menue,70904,tiktok,@paradou_restaurant,2026-01-02T22:04:50.559572,1,,,,,,,
597921,"""Casbah Istanbul"" a été un véritable voyage culinaire et culturel. Je le recommande vivement à tous ceux qui recherchent une expérience gastronomique exceptionnelle dans un cadre charmant.",5424,Google Maps,قصبة اسطنبول,2023-10-09T22:29:54.540Z,0,,,,,,,
991139,الجميع في متناول الاسعار,18428,tiktok,@helena,2026-01-02T18:16:11.904528,0,,,,,,,
204716,متحلوش في وهران؟؟,501,instagram,"brother.ts
",2024-07-22T23:09:03.000Z,0,,,,,,,
860078,very nice job thanks again for everything,66418,tiktok,@barbecue_restaurant,2026-01-02T21:50:19.049095,3,,,,,,,
597955,"Le gérant à l'accueil est complètement désagréable ! Aucun sens d'hospitalité, il a l'impression de nous nourrir gratuitement ! Les plats sont assez bons mais rien d'exceptionnel.",6434,Google Maps,Casbah Istanbul,2018-12-22T20:29:04.556Z,1,,,,,,,
729032,وبن جاي من فضلك,12593,Facebook,Restaurant Rais,2025-10-14T12:40:51.000Z,0,,,,,,,
204753,الله يبارك بالتوفيق إن شاء الله,62294,tiktok,@hamidhamid806,2026-01-02T21:29:13.133399,1,,,,,,,
860116,Cherifi FE ههههه عبي,13358,Facebook,Restaurant San Benito,2025-10-13T18:54:04.000Z,1,,,,,,,
860126,Service lent,6644,Google Maps,American Burger said hamdine,2025-11-09T11:52:07.580Z,0,,,,,,,
204784,where exactly,46188,tiktok,@checkin.31,2026-01-02T20:20:48.790714,1,,,,,,,
860145,مليح سبعين بروش غير بخمسلاف ثلثمية وخمسين ويوكل عايلة كاملة لافالور تاع الدراهم لمكانش,44168,tiktok,@dzforestrestaurants,2026-01-02T20:11:40.511643,0,,,,,,,
991224,Chill food  [APPRECIATION],54476,tiktok,@meryam_officiel,2026-01-02T21:10:37.978650,5,,,,,,,
466942,قداه توصيل طوش فوق مطعم البستان,52772,tiktok,@mega_pizza,2026-01-02T21:03:54.669593,0,,,,,,,
598030,"Zakia Chadouli Merci beaucoup , Votre satisfaction est notre plus belle récompense",9068,Facebook,"

Sultan Restaurants",2025-10-21T00:25:02.000Z,1,,,,,,,
991250,Dans 2 semaine t'entends c'est un faux KFC comme le Starbucks,38430,tiktok,@kfc,2026-01-02T19:39:36.675685,1,,,,,,,
466963,congelé ta3touh 9atla,11771,Facebook,Restaurant San Benito,2025-08-31T23:18:18.000Z,0,,,,,,,
729110,زعما كي مجيتش,36544,tiktok,@seven.times,2026-01-02T19:31:36.932685,0,,,,,,,
598039,روحنا تما مشاء الله انتي برك روحتي نهار ماش تاعك هههه,58312,tiktok,@vilageneige_annaba,2026-01-02T21:19:50.055706,0,,,,,,,
729122,Merci beaucoup,4377,Google Maps,هشام كوك بيتزا,2024-04-24T13:18:37.309Z,0,,,,,,,
598053,كوزينتك في دارك ماكانش ما احسن منها حتى حمص بالكمون,59788,tiktok,@maestro_dz13,2026-01-02T21:21:46.483355,0,,,,,,,
991270,انا غير تشوف ثمن قرعة ماء 1litre 100da ما ندخل ما ناكل السيد يربح اكثر من المصنع لي خاسر آلات بالملاير و يبيع فيها اقل من 50da الجشع سبحان الله و زيد soupe الناس تبيع ب200da و هو 400da,16190,tiktok,@mardoum,2026-01-02T18:08:07.097711,0,,,,,,,
466994,توصيل للقبة اخي كاين,33660,tiktok,@restaurant_gizay,2026-01-02T19:22:47.885256,0,,,,,,,
860211,"The pizza didn't worth its price , it was so normal or lower than normal The water wasn't that good I don't recommend it at all",4183,Google Maps,هشام كوك بيتزا,2024-10-18T22:21:23.386Z,0,,,,,,,
467001,المرأة الخلاطة الصوصيالة لي تضال تحتك برجال تاع ناس كامل,13718,Facebook,Restaurant San Benito,2025-12-29T12:29:49.000Z,0,,,,,,,
335935,والله،طاكوس،بنة،،بالبركة [APPRECIATION],1913,instagram,spartacos2019/,2025-11-13T13:33:35.000Z,2,,,,,,,
860230,لا يما تحب تروح و كل بلدان العالم تحةدوسهم و تروح,21536,tiktok,@triple_,2026-01-02T18:22:12.076120,0,,,,,,,
991306,je me rappelle. de la chanteuse Dalida qui a chanté les années 70 ya hasraf la wahren,64290,tiktok,@cintra,2026-01-02T21:34:46.504825,7,,,,,,,
204889,bravo ala tsthel koul khier  [APPRECIATION],61568,tiktok,@guellil._.tasnim,2026-01-02T21:25:39.597095,3,,,,,,,
598109,منين جاية بزاف شابة,22744,tiktok,@le_perchoir,2026-01-02T18:25:12.072811,0,,,,,,,
991325,مناكلش نڨعد جيعان و الله ماناكل,13069,Facebook,Restaurant San Benito,2025-10-13T07:02:55.000Z,0,,,,,,,
991329,"Accueil chaleureux, service rapide, la nourriture est bonne et le personnel est très respectueux !",7026,Google Maps,American Burger said hamdine,2025-05-21T11:16:59.095Z,0,,,,,,,
335975,Service machalleh et les prix mlah,4227,Google Maps,هشام كوك بيتزا,2024-08-22T23:15:22.849Z,0,,,,,,,
991343,Malheureusement la forte migration italienne a annaba durant la période n’a pas ramené avec elle la culture de la pâtisserie,53052,tiktok,@patisserie_annaba,2026-01-02T21:04:21.547841,1,,,,,,,
860274,Je confirme excellent  [APPRECIATION],1037,instagram,hotspot_dz,2024-11-29T23:34:43.000Z,0,,,,,,,
335986,هو بروحو أون پغصون لوكان تفتشو ما تلقاش تحتو خمسين ألف و يقولك غير مية و خمسين,11516,Facebook,Restaurant San Benito,2025-08-18T19:52:54.000Z,1,,,,,,,
336003,ياطحاحنا مطعم يكون فيه ريزفاسيون كيقول لي فيه ديني دوسون ماشي مطعم اكل السريع، ماشي داخل يقول لك راك مريزرافي ولا لا ،اعلاه اللي يدخل ياكل يقعد ياكل مساعة18 الى 23 ياك كاين اللي يقعد ياكل ساعة ويخرج وياتي الحق الاخر والله الشي عجيب,2912,Google Maps,HichamCook Grill House,2022-05-12T23:28:54.158Z,6,,,,,,,
598148,le service est trop long,21992,tiktok,@maison_sardoudi,2026-01-02T18:22:36.976971,2,,,,,,,
336007,Plutôt déçu équipe complètement désorganisée les plats n'arrivent pas tous en même temps j'ai demandé 3 fois les sauces pour ma viande pour être servi alors pour le panier de pain on m'a complètement zappé le seul point fort c'est que j'ai demandé l'addition qui m'est parvenue de suite,7639,Google Maps,Restaurant À Petit Feu,2024-01-09T00:34:43.920Z,1,,,,,,,
729241,لوكان غير جا قريب ليا,11414,Facebook,Restaurant San Benito,2025-07-26T16:46:49.000Z,4,,,,,,,
467098,كاين وهران؟,31586,tiktok,@woodgrill_dz,2026-01-02T19:13:57.475406,0,,,,,,,
860316,dsl c trop chere et ya pas despasse matlaskine bazaf on et pas al'aize c juste de la pub faut voire f terain,20356,tiktok,@labelladalger16,2026-01-02T18:19:35.299505,2,,,,,,,
991393,كاياف سي,38108,tiktok,@kfc,2026-01-02T19:39:27.374262,1,,,,,,,
598185,Les personnels Les personnages,57196,tiktok,@_le216_,2026-01-02T21:17:18.845036,1,,,,,,,
729264,المريض الي ياكل من يديك,13739,Facebook,Restaurant San Benito,2025-12-29T11:39:25.000Z,0,,,,,,,
991416,"Un vrai régal ! Des plats savoureux, un service impeccable et une ambiance agréable. Félicitations au chef et à toute l’équipe pour leur professionnalisme et leur accueil chaleureux. Je recommande vivement",21984,tiktok,@maison_sardoudi,2026-01-02T18:22:36.976964,2,,,,,,,
729275,C où exact?,26582,tiktok,@labelladalger16,2026-01-02T18:37:02.385182,0,,,,,,,
729287,هذا طبق امراض القلب و المعدة,44650,tiktok,@dzforestrestaurants,2026-01-02T20:12:01.127764,0,,,,,,,
860364,خطرة اولى قريتها تموشنت,32440,tiktok,@restaurant_iceberg,2026-01-02T19:16:41.139520,1,,,,,,,
205005,Amazing food and service 100 percent recommend and very family friendly,8170,Google Maps,American Burger Factory,2025-01-26T20:02:00.926Z,0,,,,,,,
598221,il fallait la remettre en place tout de suite.,16966,tiktok,@user5834669559361,2026-01-02T18:10:52.141272,1,,,,,,,
467153,وين جي؟,379,instagram,"brother.ts
",2024-07-01T13:40:56.000Z,0,,,,,,,
729298,مكانش احسن من ليرسطو تاع برحال بنة و نضافة و معاملة,56452,tiktok,@the_chef_house_23,2026-01-02T21:14:43.146147,0,,,,,,,
205012,Excellente pizza et lasagnes. Les serveurs sont bien accueillant,4417,Google Maps,هشام كوك بيتزا,2024-03-02T21:50:09.666Z,0,,,,,,,
205017,البيتزا بنينة ولكن كي جا السارفور باش يشد لاكومند قلنالو على لابرومو بدا يمص في القارص ويقول ممممم بصح تطول تطول بزاااف ،كشغل حبنا نطلبو شيء آخر وصح البيتزا طوووووولت بزاف باش جات . بصح للأمانة البيتزا بنينة ونظيفة تسما بالمختصر كان مشكل تع سارفور يعني سارفيس,3974,Google Maps,هشام كوك بيتزا,2025-12-22T00:05:33.169Z,0,,,,,,,
598246,وشنو هو احسن مطعم يقدم اكل بحري ؟,19448,tiktok,@sultan,2026-01-02T18:17:12.034346,3,,,,,,,
467175,Régalez vous les kararilas et mercii pour la Pub [APPRECIATION],68686,tiktok,@cote_oran,2026-01-02T21:57:31.022406,4,,,,,,,
991463,Ça me coupe l’appétit si on me sert comme ça,57758,tiktok,@_le216_,2026-01-02T21:17:31.501477,0,,,,,,,
991477,دخلة كانت ساهلة ههههه,18426,tiktok,@helena,2026-01-02T18:16:11.904526,0,,,,,,,
991480,"Oui c’est beau, franchement j’aime bien les serveurs Ils sont gentils mais dommage c’est chère bazar Bien sûr, il y a beaucoup de restaurant bien à Tizi ouzou",28680,tiktok,@american.burger.tizi,2026-01-02T18:47:32.303280,0,,,,,,,
336120,هدا كاسكروط الحم بلحم ربي إبارك,12607,Facebook,Restaurant Rais,2025-10-13T15:12:20.000Z,0,,,,,,,
598271,250Da maximum hasb Les ingrédients ma fih walo,53300,tiktok,@piadzo_food23,2026-01-02T21:07:09.087759,2,,,,,,,
991488,vs chargez que sur les vidéos,43246,tiktok,@tastycroustydz15,2026-01-02T20:05:12.220789,12,,,,,,,
729347,des voleurs des bandits,58118,tiktok,@vilageneige_annaba,2026-01-02T21:19:45.812469,0,,,,,,,
860430,Restaurant propre classe net nourriture très bonne rapport qualité prix au rendez-vous,6382,Google Maps,Casbah Istanbul,2019-10-01T16:51:20.739Z,0,,,,,,,
598287,vive l'humanité   [APPRECIATION],68918,tiktok,@cote_oran,2026-01-02T21:57:37.920161,2,,,,,,,
467217,chic e classe vraiment  très bn continuation [APPRECIATION],59990,tiktok,@the_throne_annaba,2026-01-02T21:22:24.294513,1,,,,,,,
205077,يالطيف طمبة,57826,tiktok,@_le216_,2026-01-02T21:17:32.327779,0,,,,,,,
860438,200 الف ااااه [APPRECIATION],33694,tiktok,@restaurant_gizay,2026-01-02T19:22:48.740737,0,,,,,,,
598303,Serait-il possible d’indiquer les prix afin de faciliter notre choix ? Merci d’avance,3821,Google Maps,L’Alchimiste Pâtisserie,2025-08-26T17:40:40.103Z,0,,,,,,,
336159,"On arrive en famille à l'entree, les serveurs et le chef de salle nous vois pendant 3 min mais personne ne vient se présenter pour nous donner une table ou nous accompagner du coup on choisit une salle de notre propre chef, la première sentait une odeur bizzare du coup on passe à la deuxième. Quelques minutes plus tard un serveur vient et on fait une commande avec entrée et plusieurs plats dont deux avec des pâtes, l'êtree arrive mais 15 min plus tard le serveur revient pour nous dire que les pâtes ne sont pas disponible, le cuisiner qui fait les pattes n'est venu aujourd'hui mdr, franchement vous ne pouvez pas dire ça au client en leur donnant le menu du coup nous avons annulés les plats et c'est la dernière fois que nous revenons chez vous par contre un merci au barman cocktail super Ps: la pièce où on été, on dirait la chambre froide d'une boucherie tellement il faisait froid",7313,Google Maps,Restaurant À Petit Feu,2024-08-18T18:20:23.198Z,0,,,,,,,
598307,les prix c'est trop cher,71368,tiktok,@dwiretelazz,2026-01-02T22:08:42.206627,3,,,,,,,
598310,سمحلي خالوطة ماشي هكذا يكلو الناس المرڨاز يمشي وحدو والكبد يمشي وحدو واللحم المرحي يمشي وحدو مع التوابع باقي صدر الدجاج والسمك,12625,Facebook,Restaurant Rais,2025-10-29T13:03:07.000Z,1,,,,,,,
860455,Da mouh bon courage  [APPRECIATION],72282,tiktok,@pont_hydra,2026-01-02T22:13:19.581581,2,,,,,,,
729392,ما كان ما كان و زيد دوموندي حاجة تقعد عام و نتا تسنا,55090,tiktok,@panera_41,2026-01-02T21:12:51.917586,1,,,,,,,
991558,متابعينك متوكلهمش الحوت؟,16356,tiktok,@mardoum,2026-01-02T18:08:10.555291,0,,,,,,,
205129,وفقك الله ، الله بارك,10936,Facebook,Restaurant Casa Bella - Draria,2025-07-26T22:38:35.000Z,0,,,,,,,
336204,في القمة اذا حاب تتمتع صح,4199,Google Maps,هشام كوك بيتزا,2024-09-22T03:56:13.358Z,1,,,,,,,
860493,for express +citron,44968,tiktok,@plaquiste_oran,2026-01-02T20:15:28.996297,0,,,,,,,
860504,مكانش منها حسان الله يهديك هاذوك قاع ب1500 دج,12101,Facebook,Restaurant San Benito,2025-10-13T21:42:22.000Z,1,,,,,,,
598368,▆▆▆▆▆▆▆▆▆▆▆▆▆▆▆▆▆▆▆▆▆▆▆▆▆▆▆▆▆▆▆▆▆▆▆▆▆▆▆▆▆▆▆▆▆▆▆▆▆▆▆▆▆▆▆▆▆▆▆▆▆▆▆▆▆▆▆▆▆▆▆▆▆▆▆▆▆▆▆انسخ وأزعج التفاهة,16084,tiktok,@mardoum,2026-01-02T18:08:03.913122,0,,,,,,,
729440,بسم لله ماشاء الله اللهم زد وبارك,47372,tiktok,@street_food,2026-01-02T20:31:31.945200,0,,,,,,,
205167,نعرفو كامل نمرمطو لباجي,11786,Facebook,Restaurant San Benito,2025-10-03T14:01:04.000Z,0,,,,,,,
336243,Très bon accueil ! Super bon ! Le serveur Mounir est super gentil et très accueillant ! Je reviendrais avec plaisir !,6820,Google Maps,American Burger said hamdine,2025-07-30T21:32:19.069Z,0,,,,,,,
991615,L’équipe had les prix li fla vidéo réel الأسعار لي فالفيديو أسعارنا الحقيقية، مرحبا بيكم,2038,instagram,"the____bakery
",2025-05-19T20:02:32.000Z,715,,,,,,,
336259,wassim,51178,tiktok,@broaster_chiken,2026-01-02T20:59:52.764718,0,,,,,,,
598412,انا نشبع ب 30الف,20930,tiktok,@sultan,2026-01-02T18:21:27.397959,0,,,,,,,
991629,بوشقللو,73452,tiktok,@pont_hydra,2026-01-02T22:13:55.187380,0,,,,,,,
991635,نعم مرطوا مكان مفظل لى شواء,63624,tiktok,@silyon69,2026-01-02T21:33:10.495909,2,,,,,,,
467353,الله أبارك خوي لعزيز هذي غيبة  [APPRECIATION],41058,tiktok,@derby.food,2026-01-02T19:50:09.883794,1,,,,,,,
598435,Le menu pour 2000 da,8891,Facebook,"  Sultan Restaurants


",2025-11-13T18:09:28.000Z,0,,,,,,,
729526,rien a dire allah ybarak le top du top surtout le service et le personnel sont vraiment gentil et souriant on est très fier d'avoir un resto pareil bon courage pour la suite allah yzidlak w ybaraklak f malak khona chef hichem cook,4324,Google Maps,هشام كوك بيتزا,2024-06-04T19:20:51.477Z,0,,,,,,,
729533,Endroit a conseiller,7308,Google Maps,Restaurant À Petit Feu,2024-08-23T09:34:04.368Z,0,,,,,,,
336332,تبارك الله وغدوة إن شاء الله راني عندك,9231,Facebook,Restaurant Tabarka Annaba,2025-12-23T23:54:45.000Z,0,,,,,,,
991696,حسبتهم سواسوا,43760,tiktok,@dzforestrestaurants,2026-01-02T20:11:30.146773,82,,,,,,,
467410,كل عام ونتي بخير مريم  [APPRECIATION],71716,tiktok,@dwiretelazz,2026-01-02T22:10:27.435769,0,,,,,,,
467415,"Endroit cosy, avec un personnel très accueillant et souriant. QUE DIRE DES PLATS juste exquis ! Je recommande à 100%.",6078,Google Maps,Casbah istanbul,2024-06-24T16:36:36.088Z,0,,,,,,,
991703,"Très déçu je dirais que cest un fast food et pas un restaurant, jai lhabitude de commander chez eux et faire une livraison mais cest ma premiere visite. Apres quelques minutes d’attente on nous sert l’entrée (salade cesare qui navait rien avoir avec une salade cesar) sans meme pas mettre une mise en place ni couvert ni rien la table était vide, perso je demande le pain le serveur me réponds par ma nakhdmoch lkhobz le truc le plus bizzare que jai jamais entendue , un restau sans pain…! on redemande a un autre serveur qui nous dit quil va lancer car ils ont un pains cuit a l’instant. la suite arrive les plats étaient trempés simple aucun effort, je demande les sauce on me ramene des mini boits de harissa en plastique jetable (ce qui nest pas normal pour un sois disant restaurant) on demande les boissons on nous dit qu’il ya que hamoud pas grave on demande une bouteille…quelques minutes après on redemande le serveur pour les boissons… il fait des allers retours sans les ramener on redemande une 3 eme fois et la il par il nous ramene une canette et une paille et 3 goblet des gobelets dans un restaurant! Revérifier votre service insisté sur la qualité",4062,Google Maps,هشام كوك بيتزا,2025-07-05T23:58:08.075Z,0,,,,,,,
598488,La nourriture est bonne sans plus. Le poulet est assez sec. Assez cher pour ce que c'est.,5876,Google Maps,Casbah Istanbul,2025-08-31T16:29:29.616Z,0,,,,,,,
729563,سكر التنزيل,18606,tiktok,@helena,2026-01-02T18:16:14.600346,0,,,,,,,
336349,c'est le pire restaurant que j'ai connu j'étais avec ma petite famille il a installé devant moi c'est copains pour voire le match PSG RM au qu'un resp,22152,tiktok,@maison_sardoudi,2026-01-02T18:22:40.358791,0,,,,,,,
729566,"Ce n’est pas du saumon c’est de l’espadon. C’est trop cher, il y a plus de la sauce que de la crevette !",11681,Facebook,Restaurant San Benito,2025-07-29T23:57:57.000Z,0,,,,,,,
598498,Good food had been served. Nice staff. Nice atmosphère,5216,Google Maps,Casbah Istanbul القصبة اسطنبول,2024-09-17T11:39:08.103Z,0,,,,,,,
991718,ça se voit que c'est des très bons produits bien préparé en plus des prix super accessible bravo,36966,tiktok,@restaurant.madala,2026-01-02T19:34:42.473855,1,,,,,,,
598514,Bravo frère [APPRECIATION],55914,tiktok,@mfood.annaba,2026-01-02T21:14:13.763880,2,,,,,,,
598516,"Je recommande vivement ! Des plats délicieux, cuisine variée de quoi répondre à tout les goûts, Personnel au petit soin. A part le stationnement difficile, j'ai passé un bon moment avec la famille.",7743,Google Maps,Restaurant À Petit Feu,2023-10-05T21:56:39.596Z,1,,,,,,,
860670,"Franchement c’est 0000000000 comme restaurant pas propre moi aussi j’ai trouvé un cheveux wallah et en plus le smoothie que j’avais demandé à la banane, il me l’a ramené tout noir ce qui fait il était pas frais et je lui fais la remarque aussi en gros c’est nul  [COMPLAINT]",58238,tiktok,@vilageneige_annaba,2026-01-02T21:19:48.374322,0,,,,,,,
598532,Kayn oued roman ?,29312,tiktok,@elcuatro_burgers,2026-01-02T18:49:37.059658,0,,,,,,,
598534,قلت كلشي غي وين جاي مقلتش ولباج,18568,tiktok,@helena,2026-01-02T18:16:14.469253,0,,,,,,,
991757,روحي تعطي قتلك نقلشك دارهمك هم لي يقلشوك,13183,Facebook,Restaurant San Benito,2025-10-13T15:53:53.000Z,0,,,,,,,
729622,يكثرو زيت  [COMPLAINT],41706,tiktok,@street_food,2026-01-02T19:57:49.362766,1,,,,,,,
205336,مناطق راك شايف,38086,tiktok,@kfc,2026-01-02T19:39:27.047123,0,,,,,,,
991769,يرحم بوك ديرنا فيديو على لاديستيناسيو انطلاقا من صداد على خاطر ماقبطت والو في انفاص للجامعة,44716,tiktok,@le_neuf_food,2026-01-02T20:13:39.027195,0,,,,,,,
598569,Coup de cœur  restaurant à petit feu kouba Pour moi c la meilleure pizza part à apport a son prix [APPRECIATION],7932,Google Maps,Restaurant À Petit Feu,2023-05-18T12:51:58.593Z,1,,,,,,,
336432,"Au lieu d’aller au restaurant, qu’elle aille voir un psychiatre. Y a un sérieux complexe d’infériorité ! Vive la cuisine Algerienne  [APPRECIATION]",16732,tiktok,@user5834669559361,2026-01-02T18:10:46.252501,1,,,,,,,
598577,"le prix a révisé , un endroit familial, très bon accueil, sauf le prix je le trouve chère  [APPRECIATION]",17762,tiktok,@casabelladraria,2026-01-02T18:14:42.669452,7,,,,,,,
991802,des escargots aux beurre salé ail et fines herbes,72328,tiktok,@pont_hydra,2026-01-02T22:13:20.381742,0,,,,,,,
860731,انا رحتلهم مشاء الله,58170,tiktok,@vilageneige_annaba,2026-01-02T21:19:46.701419,0,,,,,,,
598593,نشري وحدي مرتي طيبلي غي لفري . نتوما تخلطو هدا بهادا,13827,Facebook,Restaurant San Benito,2025-12-27T16:30:55.000Z,0,,,,,,,
205385,Kherraz Mohamed روح كول وعند لاكاس وريلو الفيديو هذا ههههههه، بصحتك خويا. ولا ماعجباتكش أعطيها هههههه,11419,Facebook,Restaurant San Benito,2025-07-26T21:39:14.000Z,5,,,,,,,
860747,خويا ما تزعلش مني يرحم با باباك يبارك لك في والله ما تزعلش مني خويا والله العظيم كاينه ناس رايت نموت بالجو خويا بعدنا هنا في الجزائر ولا في بلد مسلمه واحده اخرى في فلسطين واحد اخر بلا بلا واحده اخرى ويعطيك الرزق من عند الله منين يا صاحبي انت وجه خير الله يبارك نموت تبعش الناس واحد اخرين ياتيك ال الرزقم من السماء صاحبي حتى يفيض عليك انت حتى وليتي تقول يا ربي اسمح لي يا ربي اسمح لي,10900,Facebook,Restaurant Casa Bella - Draria,2025-07-27T14:44:41.000Z,0,,,,,,,
598620,C ou en France ? [APPRECIATION],35160,tiktok,@sinai,2026-01-02T19:28:05.224193,0,,,,,,,
467559,Serveur radman,8167,Google Maps,American Burger Factory,2025-01-28T12:00:23.347Z,0,,,,,,,
729708,wayn f les allemands,56466,tiktok,@nacer.fast.food,2026-01-02T21:14:57.264645,0,,,,,,,
991856,كاين لفيروز,17064,tiktok,@casa_burger1,2026-01-02T18:11:25.343896,0,,,,,,,
467570,Le prix pour le plat ?,73154,tiktok,@pont_hydra,2026-01-02T22:13:48.279120,0,,,,,,,
336499,صح يهبل انشاءالله حتى المطبخ تاعو يكون يشعل بالنقى كما برا,18562,tiktok,@helena,2026-01-02T18:16:14.469248,0,,,,,,,
205432,كاين توصيل في رمضان,40368,tiktok,@woodchickendz,2026-01-02T19:45:49.110917,0,,,,,,,
336511,Quelle adresse?,12095,Facebook,Restaurant San Benito,2025-10-13T20:52:16.000Z,0,,,,,,,
336519,بيه فيه لوسخ برك سيدتي وهو عنصر مهم. في أكل الشوارع,42148,tiktok,@street_food,2026-01-02T19:58:01.090654,0,,,,,,,
991894,كاين توصيل لباب زوار ? !,40402,tiktok,@woodchickendz,2026-01-02T19:45:49.945483,0,,,,,,,
598682,Elle juge nos merveilleux plats algériens … Alors qu'elle mange du carton dans son bled !,16746,tiktok,@user5834669559361,2026-01-02T18:10:46.256479,221,,,,,,,
336545,اني فلغربه قريب نهبط بإذن الله تعالى نجيب يما ونجيكم,29700,tiktok,@pizzeria.sadoki,2026-01-02T18:51:31.392709,0,,,,,,,
336557,هذا صاروخ باليستي ياصاحبي الله يبارك,12587,Facebook,Restaurant Rais,2025-10-13T22:39:37.000Z,0,,,,,,,
205507,صح بنين قراف,30992,tiktok,@roi_du_fajitas,2026-01-02T19:08:44.077729,0,,,,,,,
860875,تاكلو و تسكت كي يروح سبد نعرفو,72582,tiktok,@pont_hydra,2026-01-02T22:13:26.277505,0,,,,,,,
336592,merciii américain burger c très bon service,6732,Google Maps,American Burger said hamdine,2025-09-28T12:52:33.464Z,0,,,,,,,
205520,Service macha lah,8132,Google Maps,American Burger Factory,2025-01-29T15:28:50.007Z,0,,,,,,,
598753,"Disrespectful, eating half menu in half menu out, so disrespectful، favoritism and low moral principles",6121,Google Maps,Casbah Istanbul,2023-05-08T10:53:21.097Z,0,,,,,,,
205542,بصحتكم و باربيكيو هذي خبزتها فيها يا الشيخ,39994,tiktok,@streetburger02,2026-01-02T19:44:05.348597,0,,,,,,,
467688,Les crêpes kano mes meilleurs mais maintenant nuuul,2155,instagram,wonder_food.s,2025-09-10T12:05:01.000Z,2,,,,,,,
205549,Votre tacos est infecte et immangeable. 7acha na3mat rabi . par contre le burger est bon,6641,Google Maps,American Burger said hamdine,2025-11-13T21:43:57.964Z,0,,,,,,,
598767,Franchement déçu c cher et le service long long café froid le service nul j’ai payé une somme on étais 20 personne mais c pas top,62622,tiktok,@allechante,2026-01-02T21:30:53.973709,0,,,,,,,
467696,اك كي قلتي تاكل BAha . عاود اسمع روحك,52762,tiktok,@uncles_burger_dz,2026-01-02T21:03:41.467082,0,,,,,,,
729840,Tarif des deux menu svp,1278,instagram,lestwins.restaurant,2025-12-21T00:33:15.000Z,0,,,,,,,
467698,le bateau baba hsen une très grande legent,33766,tiktok,@restaurant_gizay,2026-01-02T19:22:49.605445,0,,,,,,,
336633,Merci beaucoup khouya hichem hamrtlna wjahna [APPRECIATION],927,instagram,hichamcookgrill,2025-12-12T10:15:43.000Z,1,,,,,,,
336634,vous faites des livraisons a Douera et dite moi le prix du box,48636,tiktok,@otsy.burger,2026-01-02T20:35:48.188237,0,,,,,,,
992013,Adam Ismael واش خلات من لعرا مزال غير تبقى زلطة,12907,Facebook,Restaurant San Benito,2025-10-13T11:27:50.000Z,1,,,,,,,
467728,حيلة حتى في طبسي تع ماكلة,11538,Facebook,Restaurant San Benito,2025-09-05T21:54:52.000Z,0,,,,,,,
729884,les prix c'est pas impeut abusé ?,24462,tiktok,@opium,2026-01-02T18:29:38.994542,1,,,,,,,
598814,Chhal ydir had le plat familial svp,9821,Facebook,"  Restaurant elassil








",2025-12-30T02:12:05.000Z,0,,,,,,,
205598,اني صائم ياربي خرجني من البلاد أن شاء الله حتى نموت,47702,tiktok,@bazookadz,2026-01-02T20:32:35.168873,0,,,,,,,
860965,Expérience satisfaisante. personnels très qualifiés et pro. bonne cuisine.,7201,Google Maps,Restaurant À Petit Feu,2024-12-02T19:10:07.999Z,0,,,,,,,
336695,"C’est la quatrième fois que je viens ici et je suis toujours aussi satisfaite. Les plats sont trop bons, les pizzas sont succulentes, leurs paellas sont bonnes et généreusement garnies. On va revenir a coup sûr",7765,Google Maps,Restaurant À Petit Feu,2023-09-15T21:15:28.925Z,2,,,,,,,
860984,قولي وشحال خلصت ههه,30228,tiktok,@rombalfood,2026-01-02T18:56:32.308158,0,,,,,,,
860994,Et dire que je viens pas cet été pour en manger ! Hâte de venir en prendre plus tard InshaAllah  [APPRECIATION],1124,instagram,jardina.coffee,2025-08-13T17:30:55.000Z,3,,,,,,,
336709,"I decided not to dine there because the host (man), a man who spoke Turkish or French, was extremely rude. When I informed him that I only spoke Arabic or English, he seemed annoyed and pointed outside, indicating we should leave. I strongly discourage visiting such places where hospitality and proper treatment of clients are lacking.",5974,Google Maps,Casbah Istanbul,2024-06-25T02:10:12.885Z,1,,,,,,,
205641,✮ les jumelle ma chérie,14526,tiktok,@les_jumelles,2026-01-02T18:01:29.929736,0,,,,,,,
336714,و نتي داخلة فmenu,13326,Facebook,Restaurant San Benito,2025-10-13T05:15:01.000Z,0,,,,,,,
205648,Sahraoui Radhwane يسمى كيشغل في العاصمة تخلع فينا ! انا مانيش نهدر على روحي باش انت تفهم وكي نحب نفطر العاصمة نعرفها زنقة زنقة فهمت انا نحكي على السعر قتلو تسرق وفعلا يسرق احشموا على رواحكم ساعدوا الناس ارحموا من في الأرض يرحمكم من في السماء,9972,Facebook,Dz Forest Restaura,2025-10-13T11:44:29.000Z,1,,,,,,,
992082,صحا عيدكم,30432,tiktok,@lasombra.dz,2026-01-02T18:58:25.645101,1,,,,,,,
467796,"Plat de saumon avec un persil non lavé à 1600 Da. المعدنوس ماشي مغسول Vraiment déçu de la qualité de service. La seule chose positive, la décoration.",4551,Google Maps,هشام كوك بيتزا,2023-12-18T19:02:57.612Z,10,,,,,,,
336733,"Prix trop élève , restaurant réserver au classe aristocrate",2899,Google Maps,HichamCook Grill House,2022-05-25T12:55:22.940Z,3,,,,,,,
861024,"J'y ai été en décembre dernier, je ne comprends pas les avis ou les commentaires méchants alors que le restaurant est plein ! Rien à dire, quantité copieuse, qualité au rendez-vous, prix abordable par rapport à ce qui est proposé ! Je recommande vivement et j'y retournerai sûrement insha'Allah Bravo !",2794,Google Maps,HichamCook Grill House,2023-02-01T13:09:59.591Z,0,,,,,,,
861028,On en parle de sa beauté ?,34022,tiktok,@taylot,2026-01-02T19:23:28.957319,82,,,,,,,
861029,ياو نتا حييييييلي هدرة غير على ميلونج 150,11503,Facebook,Restaurant San Benito,2025-08-22T16:43:55.000Z,0,,,,,,,
861040,عباس انا راني واجد في كل وقت عيط نجيك . بصحتك,16324,tiktok,@mardoum,2026-01-02T18:08:09.723275,0,,,,,,,
205681,"Très bonne cuisine, le concept extraordinaire, accueil très chaleureux, seul bémol le service très long mais ils restent courtois, et les prix assez cher.",2627,Google Maps,HichamCook Grill House,2023-10-07T23:08:07.433Z,0,,,,,,,
336759,علي قصي 150 الف طبسي,11422,Facebook,Restaurant San Benito,2025-08-20T11:50:59.000Z,0,,,,,,,
729982,C’est bon chez eux oui mais Faites attention c’est trop cher,32898,tiktok,@sinai,2026-01-02T19:18:29.605393,0,,,,,,,
598916,J'ai jamais imaginé que nedkhol dans un restaurant. Et le serveur yqoli rana nssiqo akheredj après weli Niveau bas. A éviter surtout le service,8591,Google Maps,American Burger Factory,2022-07-21T16:18:53.429Z,0,,,,,,,
729992,"Les burger simples, sauce fromagère pas bonne, les tacos simple aussi",6612,Google Maps,American Burger Factory,2025-10-15T09:57:29.951Z,0,,,,,,,
992139,روني بالكور [APPRECIATION],42860,tiktok,@pizza_carre,2026-01-02T20:00:32.044353,0,,,,,,,
861074,غدوى لغذا عندك,56474,tiktok,@nacer.fast.food,2026-01-02T21:14:57.264652,1,,,,,,,
467859,أسأل الله العظيم أن أراك في جنة الفردوس أنت و والديك أنت قلبك مليح تستهل الدعاء و الله كون جيت بخير عليا غير نخلصلك عمرة على هاذي الرجلة لي فيك بارك الله فيك وفي حسن النية لي فيك,49758,tiktok,@farouk.tacos,2026-01-02T20:42:08.671784,2,,,,,,,
730005,"Première chose qui marque en arrivant : l'accueil est rapide et efficace. On vous trouve une table rapidement et on vous installe sans attendre. Les serveurs sont bien choisis, disponibles et à l'écoute, ce qui rend l'expérience agréable. Côté plats, on retrouve un menu turc classique, idéal pour les connaisseurs. Les plats sont bien présentés, les portions sont correctes. Le service est plus ou moins rapide, surtout pour un week-end, ce qui reste raisonnable. Concernant les prix, chacun aura son avis, mais certains plats me semblent un peu chers. La salle est grande, mais l'ambiance reste agréable, sans trop de bruit. Un endroit que je conseille pour un dîner en famille ou entre amis.",5146,Google Maps,قصبة اسطنبول,2025-06-30T23:57:48.964Z,0,,,,,,,
467869,بالشفا عليك,112,instagram,american.burger_dz,2025-07-04T16:25:19.000Z,1,,,,,,,
598948,اكل ومعه صك غفران للجنة,11190,Facebook,Restaurant Casa Bella - Draria,2025-07-27T00:45:40.000Z,0,,,,,,,
205738,ماشاء الله بالتوفيق فخر واعتزاز مقهى بمعايير عالمية  [APPRECIATION],71614,tiktok,@jardina.coffee,2026-01-02T22:09:37.584047,0,,,,,,,
861115,"Quand j'ai vu les critiques, j'ai hésité, je trouve que les algerois sont très sévère et que ce n est pas souvent justifier Pour avoir été plusieurs fois à istanbul, j'ai retrouvé dans mon assiette un parfum et une touche de là-bas J'ai beaucoup aimé ce restaurant et j t retournerai certainement",6108,Google Maps,Casbah istanbul,2024-01-11T13:00:14.886Z,0,,,,,,,
336827,vie est belle,29192,tiktok,@snacky_time_kouba,2026-01-02T18:47:59.123842,0,,,,,,,
598973,localisation ?,18600,tiktok,@helena,2026-01-02T18:16:14.600340,0,,,,,,,
205770,Delogu président Delogu président  [APPRECIATION],25390,tiktok,@lovers_grill,2026-01-02T18:33:45.357481,1,,,,,,,
467920,Bad experience Big flop Pizza saumon = 0 Pasta bolognaise = 0 Very expensive without any value The only yummy thing is soda,4143,Google Maps,هشام كوك بيتزا,2024-12-21T14:39:33.136Z,0,,,,,,,
336848,bon courage mon frère,30732,tiktok,@american.burger.tizi,2026-01-02T19:06:44.890066,1,,,,,,,
467928,Support me with subscribe girlz,23272,tiktok,@le_perchoir,2026-01-02T18:25:24.838303,0,,,,,,,
467935,J’ai essayé celui d’alger centre c’était trop bon excellent service et propreté c’est à refaire,31208,tiktok,@taylor,2026-01-02T19:10:50.805823,0,,,,,,,
599013,وربي يهديكم ف أسعار قاع,47686,tiktok,@bazookadz,2026-01-02T20:32:31.660252,0,,,,,,,
730094,ma mère aussi n'aime pas y'aller au restaurant mais pour dépenser sur c frères et sœurs normale,21170,tiktok,@triple_,2026-01-02T18:22:02.778839,0,,,,,,,
467953,diri les vidéos w ma trepondich 3la les commentaires ze3ma?,69872,tiktok,@chtibo_oran,2026-01-02T21:58:36.398805,1,,,,,,,
861179,بالبراكة لكن نتمنا فالداخل يعكس الصورة لي فالخارج كاين مطعم الديكور ماشاء الله عالم اخر لكن دخلت نغسل إيديا تشوكيت عندي عام مادخلتش ليه مي والله ماسميت اسمو لواحد اديكورك ماشاء الله,49448,tiktok,@kik.sfood21,2026-01-02T20:41:11.566259,2,,,,,,,
205820,Bravo service parfait Merci ( fsres),6673,Google Maps,American Burger Factory,2025-09-05T22:46:52.774Z,0,,,,,,,
730117,Service et accueil chaleureux mais rien avoir avec le pizza  [COMPLAINT],4450,Google Maps,هشام كوك بيتزا,2024-02-08T18:28:15.383Z,0,,,,,,,
205829,Le prix des pizas,9564,Facebook,,2025-11-07T20:38:52.000Z,0,,,,,,,
992269,واش من جيها العز,33572,tiktok,@restaurant_gizay,2026-01-02T19:22:45.945041,0,,,,,,,
205842,خدمة شابة [APPRECIATION],18662,tiktok,@helena,2026-01-02T18:16:16.153755,0,,,,,,,
467988,Ils sont vraiment dingues .,16950,tiktok,@user5834669559361,2026-01-02T18:10:51.232503,3,,,,,,,
861213,Les prix très exagère.,7277,Google Maps,Restaurant À Petit Feu,2024-09-18T11:15:10.403Z,0,,,,,,,
336926,bien mi nnksedd a zouh n souma bn courage  [APPRECIATION],37054,tiktok,@restaurant.madala,2026-01-02T19:34:43.545600,1,,,,,,,
861216,Vous avez manger tout ça ! ?,39506,tiktok,@le_1675,2026-01-02T19:42:31.954326,0,,,,,,,
599072,جوستمون، الببوش ما ينتكلش بالتقزويد,72242,tiktok,@pont_hydra,2026-01-02T22:13:18.232273,2,,,,,,,
336932,Service rapide et trop délicieux tacos,6670,Google Maps,American Burger Factory,2025-09-05T22:55:34.644Z,0,,,,,,,
468015,طبق طبرقة تسربيوه بارد الشخشوخة كمية خلاه,9417,Facebook,Restaurant Tabarka Annaba,2025-12-30T19:14:47.000Z,0,,,,,,,
599088,بيه طايب في حديدة مصدية,42544,tiktok,@street_food,2026-01-02T19:58:14.130605,0,,,,,,,
468019,نولي ديما نجي عندكم انا في عنابت [APPRECIATION],53450,tiktok,@thaisty_dz,2026-01-02T21:07:25.946592,3,,,,,,,
599095,يوسف ڨول صاحبك راني هنا والله مانحشمك في ماكلا,67370,tiktok,@bladi_oran,2026-01-02T21:51:44.633959,0,,,,,,,
599112,ربي يعينك لعزيز  [APPRECIATION],51750,tiktok,@quick_bite,2026-01-02T21:01:58.708704,1,,,,,,,
730185,تكلحت حسبتكم في عنابة ظهرتو بعاد,33538,tiktok,@ambiancefood,2026-01-02T19:21:18.294289,0,,,,,,,
468045,votre adresse svp intéressé par votre offre,30730,tiktok,@american.burger.tizi,2026-01-02T19:06:44.890049,1,,,,,,,
336974,و نوع لا بات واش ؟,30176,tiktok,@farouk.tacos,2026-01-02T18:56:13.270203,0,,,,,,,
730191,سوق برج بوعريريج,41898,tiktok,@street_food,2026-01-02T19:57:54.385375,0,,,,,,,
861263,trai bon loukan njib 25 personne pour leftour simple et bonne avec des boissons Bein chehl tsqmlivraiment intéressé [APPRECIATION],18518,tiktok,@helena,2026-01-02T18:16:13.075217,0,,,,,,,
205909,"The food is good , the service is excellent, but the place is too noisy and u can't get much privacy, u'll be sitting too close to people u don't know.",5285,Google Maps,Casbah Istanbul القصبة اسطنبول,2024-04-18T17:18:26.346Z,0,,,,,,,
336982,فقط,44216,tiktok,@dzforestrestaurants,2026-01-02T20:11:41.303505,0,,,,,,,
599128,"La soupe manquait de sel, le pain de l'iskander était dur, ezme acide, service peu rapide. Le sourire n'est présent qu'en caisse au moment de payer. Décevant, je m'attendais à beaucoup mieux en voyant du monde attendre dehors.",6280,Google Maps,Casbah Istanbul,2022-03-23T21:08:21.446Z,2,,,,,,,
861273,Pour deux personnes 1500 da,11685,Facebook,Restaurant San Benito,2025-07-26T19:38:49.000Z,0,,,,,,,
468058,الله يبارك شهيتنا,61654,tiktok,@guellil._.tasnim,2026-01-02T21:25:44.586427,0,,,,,,,
468062,Restaurant impeccable et gastronomique menu varié et des plats super bon les uns comme les autres et surtout un personnel accueillant et professionnel,3234,Google Maps,تاج محل بن عكنون,2019-10-24T04:49:10.006Z,0,,,,,,,
468063,مايفوتش 300 الف,44660,tiktok,@dzforestrestaurants,2026-01-02T20:12:02.219687,0,,,,,,,
336996,Pizza délicieuses et services parfaits,4144,Google Maps,هشام كوك بيتزا,2024-12-19T11:07:29.955Z,0,,,,,,,
730215,Le goût est la quantité مضمونة  [APPRECIATION] [RECOMMENDATION],50240,tiktok,@chapati_team,2026-01-02T20:59:01.076961,0,,,,,,,
599145,Il été mieux,8467,Google Maps,American Burger Factory,2023-08-29T21:36:29.105Z,0,,,,,,,
730219,يدور بالمغرف,895,instagram,hichamcookgrill,2025-12-18T19:48:21.000Z,3,,,,,,,
861297,Trop cher pour ce que c’est ! Je le connais bien ce resto . ( le goût n’est pas terrible ),22066,tiktok,@maison_sardoudi,2026-01-02T18:22:38.675977,0,,,,,,,
992381,الماء بعشرة الاااف إحذر ياجورج إنه فخ,16332,tiktok,@mardoum,2026-01-02T18:08:09.723281,0,,,,,,,
205953,على حساب الشوفة هذا كسكروط تاع 100 ألف,12729,Facebook,Restaurant Rais,2025-10-12T23:04:07.000Z,0,,,,,,,
992392,و الله مبنين كامل حشا نعما اول مرة منقدرش ناكل ماكلة دومونديت شاورما حشا نعمة ناشفة,49396,tiktok,@chicks_nook,2026-01-02T20:40:21.809546,0,,,,,,,
205962,Friendly staff. Clean restaurant the food was amazing. I see my self come back here,6226,Google Maps,Casbah Istanbul,2022-08-23T23:43:50.814Z,0,,,,,,,
861325,1. 5€ un café en France,12470,Facebook,Restaurant Rais,2025-10-13T15:58:10.000Z,1,,,,,,,
599186,علابلكم بلي يبيع الكيتشوب و المايوناز,17070,tiktok,@casa_burger1,2026-01-02T18:11:25.343900,0,,,,,,,
599197,"Terrible servers, I ordered 4 items, they brought me 3 wrong dishes. Unprofessional servers. The service took too long and the food was just normal, nothing special. Very disappointed.",2593,Google Maps,HichamCook Grill House,2023-12-10T14:52:00.208Z,0,,,,,,,
337058,بالتوفيق إنشاء الله. بلادي,67056,tiktok,@bladi_oran,2026-01-02T21:51:33.584044,0,,,,,,,
468131,75 الف هييتهلاعغب هغبةخعل خعرىه ناباعب هلبيعه 299 الف هدا واش فهمت,24970,tiktok,@woodgrill_dz,2026-01-02T18:32:03.111926,0,,,,,,,
337061,Accueil merveilleux équipe superbe pizza top du top,4493,Google Maps,هشام كوك بيتزا,2024-01-07T20:53:32.180Z,0,,,,,,,
599207,الله يبارك شاف  [APPRECIATION],24572,tiktok,@said_chef,2026-01-02T18:30:03.474875,1,,,,,,,
861352,رضواااان خويا وين غيبتك لعزيز,42592,tiktok,@street_food,2026-01-02T19:58:35.599214,1,,,,,,,
730284,ثوم : انا واش دخلني,34676,tiktok,@le_carre_restaurant,2026-01-02T19:24:40.033294,0,,,,,,,
599221,الله يعطيك خير خويا,45868,tiktok,@ifood_31,2026-01-02T20:18:09.131421,0,,,,,,,
992439,البيتزا والخدمات ما شاء الله ولكن الأسعار غالية شوية.,4478,Google Maps,هشام كوك بيتزا,2024-01-15T19:43:03.039Z,0,,,,,,,
861370,Agneau  agnon  [COMPLAINT],994,instagram,hichamcookgrill,2025-12-25T12:20:50.000Z,2,,,,,,,
337095,"I’m very disappointed in this restaurant. The service was extremely slow, the food was a complete disaster—overcooked and tasteless—and it felt like their main focus was just to profit, without any concern for quality or customer satisfaction.",3404,Google Maps,Caracoya,2024-08-05T21:41:08.340Z,0,,,,,,,
468170,trop bon YESSSS,25250,tiktok,@lovers_grill,2026-01-02T18:33:10.856931,0,,,,,,,
861390,"Le lieu est super bien décoré avec un grand soin aux détails. Les pizzas sont bonnes mais pas au niveau d'autres enseignes moins chères et du coup meilleures. Par contre, un 5/5 pour les desserts et le service. Bonne continuation.",4178,Google Maps,هشام كوك بيتزا,2024-10-23T22:53:05.266Z,0,,,,,,,
992463,win blsa,45836,tiktok,@ifood_31,2026-01-02T20:18:07.968434,1,,,,,,,
468174,وهران ،حسبتو فلعاصمه,45152,tiktok,@budz,2026-01-02T20:15:51.006869,0,,,,,,,
468177,صدقناك,55178,tiktok,@panera_41,2026-01-02T21:12:54.102876,1,,,,,,,
599250,الفرق فالغاز هو يطيب بغاز البوتان القرعة البطاطا طيب في عقلها,41554,tiktok,@street_food,2026-01-02T19:57:46.733807,1,,,,,,,
206037,يحفف عندي,20400,tiktok,@labelladalger16,2026-01-02T18:19:36.224657,0,,,,,,,
468181,"Les serveurs nous ont accueilli avec un grand sourire le resto est très bien décoré, propre superbe ambiance, le service rapide et excellent. La pizza végétarienne était tés basique ainsi que les deux autres plats à savoir : spaghetti bolognaise et lasagnes aux champignons très limites. Le chocolat fondant et tiramisu une tuerie. Je reviendrai sûrement et Sans rancune.",4355,Google Maps,هشام كوك بيتزا,2024-05-10T21:11:28.861Z,0,,,,,,,
206042,Très bonne accueil ainsi qu'un service assez rapide. Ambiance sympathique avec beaucoup d'espace. Cuisine variée et de bonne qualité.,2331,Google Maps,HichamCook Grill House,2025-08-07T00:41:29.096Z,0,,,,,,,
730334,احكولنا على الاسعار باه نشوفو رواحنا نروحولو ولا نشرو قرنطيطة خير,19180,tiktok,@helena,2026-01-02T18:16:29.502804,0,,,,,,,
861416,شكون لي خدعك؟ڨالو لي نلبسها جي عليا [COMPLAINT],30498,tiktok,@lasombra.dz,2026-01-02T18:58:27.351196,0,,,,,,,
206058,trops classe,14498,tiktok,@les_jumelles,2026-01-02T18:01:29.929688,0,,,,,,,
206066,قعدة تاع 7 نورمال,44252,tiktok,@dzforestrestaurants,2026-01-02T20:11:43.250400,0,,,,,,,
206095,le 216,59294,tiktok,@maestro_dz13,2026-01-02T21:21:28.086033,0,,,,,,,
468240,من الأفضل قارورة زجاج وشكرا,65108,tiktok,@restaurant_marisco,2026-01-02T21:40:04.468070,2,,,,,,,
992528,ههههه كامل 150 وين مكان,12089,Facebook,Restaurant San Benito,2025-10-13T08:09:44.000Z,0,,,,,,,
861458,"Tout est bon, surtout la viande, mais c’est un peu cher en général. La sauce est délicieuse, et l’ambiance est agréable. Il y’a des cabines pour les familles un concept plutôt bien mais il faut absolument réserver pour la grande salle, car il y a toujours du monde.",2316,Google Maps,HichamCook Grill House,2025-08-26T17:32:50.004Z,0,,,,,,,
599317,"Algérie , Maroc deux pays amazigh qui se battent de qui est plus arabe que l’autre ! A bon entendeur",16804,tiktok,@user5834669559361,2026-01-02T18:10:47.938158,0,,,,,,,
730394,number one   [APPRECIATION] [RECOMMENDATION],32260,tiktok,@le_carre_restaurant,2026-01-02T19:14:54.860330,2,,,,,,,
337180,Le film l'opium et le bâton thala.,27912,tiktok,@thala,2026-01-02T18:45:09.210907,1,,,,,,,
730397,Sarhat Hakiri عليه الصلاة والسلام. ماقلتش كلام عيب، نعرفو من لي كان ذراري، وصح واش قلت.,9246,Facebook,,2025-12-03T20:31:20.000Z,1,,,,,,,
337183,وعله متسموش أسمي بيالعربي,52336,tiktok,@uncles_burger_dz,2026-01-02T21:03:29.974271,0,,,,,,,
861473,The Indian food is amazing there!,3227,Google Maps,تاج محل بن عكنون,2019-12-03T23:12:38.376Z,0,,,,,,,
861477,Sa devient trop trop cher . donc je zappe c'est bon . pourtant j'étais fidèle,20204,tiktok,@sebs_garden,2026-01-02T18:18:15.045279,0,,,,,,,
730409,زاد خدمو روعة البارح برك بقيت نشوف معاه .,58410,tiktok,@la.nouvelle.etoile0,2026-01-02T21:20:57.061356,0,,,,,,,
468267,"De passage à Alger pour quelques jours nous avons manger 2 fois dans ce restaurant. Produits de qualité et assiette copieuse, service irréprochable, équipe très sympathique et souriante. Nous reviendrons",8027,Google Maps,Restaurant À Petit Feu,2023-01-18T22:17:21.535Z,0,,,,,,,
468274,Oh c’est magnifique trop bien l’idée et le présentation vive les tagines made in dz [APPRECIATION],69586,tiktok,@cote_oran,2026-01-02T21:58:03.252596,0,,,,,,,
730424,les année 2009 ou 2011,42768,tiktok,@pizza_carre,2026-01-02T20:00:30.284982,0,,,,,,,
206142,The best,7098,Google Maps,American Burger Factory,2025-07-01T22:52:09.348Z,0,,,,,,,
468290,علاه ما تخدموش ورى الفطور,55672,tiktok,@braise.tacos5,2026-01-02T21:13:47.891661,1,,,,,,,
468291,Un pure délice,7540,Google Maps,American Burger Factory,2025-05-18T19:08:43.299Z,0,,,,,,,
206151,مادرتوناش جناح للسنكوشي,50808,tiktok,@broaster_chiken,2026-01-02T20:59:45.758621,0,,,,,,,
730442,"Excellente pizza, l'une des meilleures d'Alger, beau restaurant, excellent service",4457,Google Maps,هشام كوك بيتزا,2024-02-05T05:50:22.853Z,0,,,,,,,
861514,ووووين,32298,tiktok,@restaurant_gizay,2026-01-02T19:15:25.042069,0,,,,,,,
337231,Vous êtes loin du top burger ou pizza,613,instagram,budz.dz,2024-09-30T20:54:12.000Z,0,,,,,,,
337236,"Je suis très déçue . Non seulement ma commande n'a pas été respectée (j'avais demandé et bien précisé un sandwich sans salade ni tomate ), le fromage était de mauvaise qualité et pas bon du tout ma commande n'a pas été respectée. Franchement, je m'attendais à bien mieux sur tout avec l ouverture du nouveau resto Je ne reviendrai pas.",7921,Google Maps,American Burger Factory,2025-02-10T20:34:52.686Z,0,,,,,,,
337246,هدوا قاع ١. 150 الف,11877,Facebook,Restaurant San Benito,2025-07-26T16:45:21.000Z,0,,,,,,,
206194,عندك بيتزا روعه  [APPRECIATION],30620,tiktok,@gazouzafood2019,2026-01-02T19:05:30.032274,0,,,,,,,
861556,"Très bon restaurant, familial et convivial. Très bon accueil, service rapide et bien rythmé, propreté impeccable, plats très bons et bien présentés, prix un peu élevés mais tout à fait justifiés. Il faut prévoir un temps d'attente pour avoir une table, mais c'est très bien organisé, il suffit de s'annoncer en arrivant en donnant un nom et le nombre de convives. Petite bémol, au moment de grands services, tous les plats sur la carte ne sont pas toujours disponibles.",5433,Google Maps,Casbah Istanbul القصبة اسطنبول,2023-06-09T07:43:11.188Z,2,,,,,,,
206198,هايل الله يبارك لي حاب يذوق البنة طبعا,2757,Google Maps,HichamCook Grill House,2023-03-18T18:45:33.503Z,0,,,,,,,
861561,Magnifique MA CHAA ALLAH,14,instagram,6sens_pastry,2025-06-14T20:17:49.000Z,4,,,,,,,
599417,c’est le prix du bled aussi ?,35822,tiktok,@sinai,2026-01-02T19:28:26.254483,0,,,,,,,
206217,وبن في ديلي برهيم,43402,tiktok,@cassecroute_dz,2026-01-02T20:09:01.833565,0,,,,,,,
861580,المصداقية عند اخي ماريسكو,63558,tiktok,@restaurant_marisco,2026-01-02T21:32:33.191097,1,,,,,,,
861584,les plus : endroit familliale avec securite propre service fficace avec le sourire point negatif: endroit bruyant avec des enfant qui crient et qui courent dans tois les sens. la carte est trop cher pour ce que c est c etait bien mais je ne pense pas revenir rachid,2445,Google Maps,HichamCook Grill House,2024-08-23T06:41:06.062Z,0,,,,,,,
337296,I asked to takeaway my half plate When I went to the cashier they told me that by mistake my takeaway has been thrown And instead they didn’t offer nothing and even no one came to explain they send the waiter to apologize,6539,Google Maps,Restaurant À Petit Feu,2025-09-23T11:13:05.911Z,0,,,,,,,
337299,Amazing staff food and restaurant the delivery service is amazing,3012,Google Maps,تاج محل بن عكنون,2025-07-15T17:26:17.259Z,0,,,,,,,
861594,afficher les prix SVP,25602,tiktok,@ofennec.officiel,2026-01-02T18:34:06.556546,1,,,,,,,
468381,magnifique restaurant  [APPRECIATION],21926,tiktok,@maison_sardoudi,2026-01-02T18:22:36.412441,0,,,,,,,
206242,موسخ وبنين,41966,tiktok,@street_food,2026-01-02T19:57:56.860839,0,,,,,,,
992676,يخدم روعة مشاء الله و الماكلة تاعو بزاااف بنينة صح  [RECOMMENDATION],30500,tiktok,@aymen.woody,2026-01-02T18:58:42.116244,1,,,,,,,
206246,"Testé aujourd'hui pour la 1ère fois, super bon !",1976,instagram,sushigardendz,2025-12-21T16:23:57.000Z,1,,,,,,,
337329,عائلة صدوقي فخامة الاسم تكفي ناس خدامين ما شاء الله الله يوفقك خويا بلال  [APPRECIATION],29696,tiktok,@pizzeria.sadoki,2026-01-02T18:51:29.152748,2,,,,,,,
730547,"Accueil sympa les prix raisonnable, j'ai bien aimé les petits gens qui bossent bonne continuation.",4784,Google Maps,Hicham cook pizza pasta,2022-11-25T15:02:01.891Z,0,,,,,,,
599486,salam c'est où exactement,35850,tiktok,@sinai,2026-01-02T19:28:27.105078,0,,,,,,,
992703,لفيلة عين الله روعة تعشيت فيها,26812,tiktok,@seven.times,2026-01-02T18:39:13.736956,0,,,,,,,
730563,C’est le prix de France ou Algérie?,45590,tiktok,@budz,2026-01-02T20:16:06.818054,0,,,,,,,
599494,"I think it's one of the fewest restaurants where my digestive system has never suffered. The quality of food is very high and delicious, the prices are reasonable, the reception is great. I think the only thing to add for their services is to have a better and developed reservation system.",2384,Google Maps,HichamCook Grill House,2025-01-06T07:04:32.638Z,0,,,,,,,
468427,Le problème c'est où se garer.,61150,tiktok,@la.criee,2026-01-02T21:24:42.236913,4,,,,,,,
861647,mais où ça. en Algérie. hummm. bisertek,35290,tiktok,@sinai,2026-01-02T19:28:07.984108,0,,,,,,,
861653,من فضلك شحال أو إذا تخدموا خدمة التوصيل,30898,tiktok,@roi_du_fajitas,2026-01-02T19:08:42.393441,1,,,,,,,
992726,Je n'arrive pas à accéder à votre menu !,57,instagram,a_petit_feu_kouba,2024-03-04T11:17:13.000Z,0,,,,,,,
730592,tout le menu est extrêmement cher un burger a 1200da ! et les plats son basic rien de surprenant,2896,Google Maps,HichamCook Grill House,2022-05-30T22:02:38.439Z,4,,,,,,,
206320,C'était une belle soirée,65270,tiktok,@vibe.bistrot,2026-01-02T21:42:45.680596,1,,,,,,,
992760,وين جيا لبلاصة,32294,tiktok,@restaurant_gizay,2026-01-02T19:15:25.042042,0,,,,,,,
468474,الأسد,72032,tiktok,@signature.dz,2026-01-02T22:12:12.164724,0,,,,,,,
337407,ضرك نجو نشرو متضربناش برك,51716,tiktok,@quick_bite,2026-01-02T21:01:56.786374,9,,,,,,,
730623,"J'aime bcp ce restaurant et j'y retourne souvent, plats généreux, service réactif.",5824,Google Maps,Casbah istanbul,2025-08-30T00:07:13.069Z,0,,,,,,,
206336,علاش الريل يخرجلي على 2 تاع ليل,2081,instagram,triple.r.restaurant,2025-09-16T01:21:42.000Z,0,,,,,,,
730628,C est moyen j en ai vu mieux,3643,Google Maps,Laurel Restaurant,2025-08-07T21:26:21.839Z,0,,,,,,,
730632,Tt nos tarte d'anniversaire sont de l'alchimiste et ça merite je vous le conseil vivement,3882,Google Maps,L’Alchimiste Pâtisserie,2024-05-23T22:23:07.072Z,0,,,,,,,
861707,خطيك مل مكلا تاع برا,47476,tiktok,@street_food,2026-01-02T20:31:34.405188,0,,,,,,,
599564,Très chère pour nous les pauvres algériens,11866,Facebook,Restaurant San Benito,2025-07-27T02:10:48.000Z,0,,,,,,,
337426,همهم بطونهم دينهم دراهمهم قبلتهم نسائهم شهوة البطن وشهوة الفرج وهو أول ما يتعفن من الجثة,11231,Facebook,Restaurant Casa Bella - Draria,2025-07-27T18:41:49.000Z,0,,,,,,,
599578,mon cartier  [APPRECIATION],39784,tiktok,@le77tizi,2026-01-02T19:43:41.435650,1,,,,,,,
206362,restaurant le pêcheur,58764,tiktok,@maestro_dz13,2026-01-02T21:21:18.793019,1,,,,,,,
992804,Derlih fromage bazef rah nachif,40096,tiktok,@streetburger02,2026-01-02T19:44:07.919432,0,,,,,,,
992813,بالتوفيق,35196,tiktok,@sinai,2026-01-02T19:28:06.172498,0,,,,,,,
337454,الله يبارك نقا و معاملة,29704,tiktok,@pizzeria.sadoki,2026-01-02T18:51:31.392721,3,,,,,,,
206383,علاش تاكلوه تعرفو قيمتو غذائية,73560,tiktok,@pont_hydra,2026-01-02T22:13:57.935753,0,,,,,,,
468526,Miam miam les incontournables [RECOMMENDATION],72440,tiktok,@pont_hydra,2026-01-02T22:13:22.268029,1,,,,,,,
206387,سلام عليكم ماخصكمش خدام الله يعونكم,65904,tiktok,@cote_oran,2026-01-02T21:46:20.536580,0,,,,,,,
861754,لوكان انا نخلي خدمتي و قرايتي و نجي ماكلة سبق,15552,tiktok,@mardoum,2026-01-02T18:07:49.011711,0,,,,,,,
992827,"J'avais vraiment hâte d'essayer Hichem cook, mais malheureusement, l'expérience n'a pas été à la hauteur. La nourriture était assez décevante, en particulier la viande, qui était sèche et manquait de la jutosité attendue. La viande était trop cuite et pas assez assaisonnée, ce qui a rendu le repas moins agréable. Le personnel était poli et l'ambiance agréable, mais c'est la qualité de la nourriture qui compte vraiment.",2392,Google Maps,HichamCook Grill House,2024-12-20T17:08:45.671Z,0,,,,,,,
992829,"J'y suis allé un jour de semaine avec ma femme, il n'y avait pas trop de mondes, calme comme endroit. La décoration est on va dire minimaliste. Toilettes propres. Les plats étaient très épicés. Ça coûte cher mais les assiettes sont bien remplies",3033,Google Maps,تاج محل بن عكنون,2025-02-13T08:48:57.836Z,0,,,,,,,
206398,بنين بصح زدتو فالأسعار ونقصتو فالكمية بصح الأتراك كامل هكا تحبو تستغباو الشعب تعنا,5277,Google Maps,Casbah Istanbul القصبة اسطنبول,2024-05-19T11:31:15.040Z,0,,,,,,,
992831,I LOVE ITT! i just hope they add (gobi manchurian) to their menu cuz its the tastiest indian dish everr!,3225,Google Maps,تاج محل بن عكنون,2019-12-28T15:43:45.218Z,0,,,,,,,
992837,Wallah je connais c en bas de chez moi,21794,tiktok,@maison_sardoudi,2026-01-02T18:22:32.454508,0,,,,,,,
730695,"Excellent restau sur Alger, accueil au top, personnels sympa, la bouff et bonne. La déco top et surtout hyper grand Je recommande ce restaurant",7445,Google Maps,Restaurant À Petit Feu,2024-07-09T13:25:14.947Z,1,,,,,,,
206415,والله لراه يقول بلي سومة مليحة قلو روح داوي على روحك,10288,Facebook,Dz Forest Restaura,2025-10-13T23:01:21.000Z,0,,,,,,,
599634,GRILL the best  [RECOMMENDATION] [BOUFFE],52580,tiktok,@uncles_burger_dz,2026-01-02T21:03:37.677958,0,,,,,,,
730726,MERCI BRAVO MME POUR L'INFO DE BEN BEETO ORAN,13709,Facebook,Restaurant San Benito,2025-12-31T11:08:17.000Z,0,,,,,,,
337513,بالمرجان ماتجيش بنينة. فيف نيتيلا,498,instagram,"brother.ts
",2024-10-11T12:36:01.000Z,0,,,,,,,
337517,C vrm bon la bas les haters en commentaire vrm vous abusé c vrai que y’a beaucoup de monde mais la nourriture vraiment propre ça vaut le coup d’attendre,25398,tiktok,@lovers_grill,2026-01-02T18:33:45.357492,1,,,,,,,
468599,"Très bonne expérience pour ma part, ceux qui disent que c'est chère et une arnaque je comprend pas en quoi c'est chère ( imedlek ha9 drahmek ) L'acceuil est parfaite le service parfait la cuisson comme demandé et bien faite, le riz basmati est bon les frites sont bien , pour la bonne quantité des plats + bonne cuisson + bon services sa vaut bien le prix au total + 3000da de plus comparer a si on aurait manger a cheraga ou draria mais c'est incomparable la qualité (4 personne) , je vous conseiller d'aller tester par vous même et pour un début commander la salade SESAR et vous jugerai par vous même si sa vaut le coup de rester.",2839,Google Maps,HichamCook Grill House,2022-12-10T22:04:28.652Z,7,,,,,,,
206459,"Nice place , nice music and food . I strongly recommend for people who are seeking nice place to eat Turkish food in Algiers Algeria",6230,Google Maps,Casbah istanbul,2022-09-03T19:02:59.669Z,0,,,,,,,
468611,عشريييننلف,51702,tiktok,@quick_bite,2026-01-02T21:01:56.786363,210,,,,,,,
730758,What about the prices,26554,tiktok,@labelladalger16,2026-01-02T18:37:01.458466,0,,,,,,,
599699,Où se situe le lieu ?,22462,tiktok,@le_perchoir,2026-01-02T18:25:02.841806,0,,,,,,,
599705,ثالة هي عينصر,27744,tiktok,@thala,2026-01-02T18:45:03.223438,0,,,,,,,
730779,علاه يا هو كاين ناس ما عندها وشهيتهم,11300,Facebook,Restaurant Casa Bella - Draria,2025-07-28T16:33:56.000Z,0,,,,,,,
730781,j'ai essayé celui dalger centre j'ai pas du tt aime,31116,tiktok,@taylor,2026-01-02T19:10:46.080353,165,,,,,,,
599718,سبحان الله لبارح كن بطبونة مكسرة اليوم ولى كمخلوع ،طليقتو ربي يكون معاك بفففف وربي يرزقك ويفرحك بوليدك,992,instagram,hichamcookgrill,2025-12-26T14:16:07.000Z,4,,,,,,,
861865,A wonderful place  [APPRECIATION],20206,tiktok,@sebs_garden,2026-01-02T18:18:15.045280,0,,,,,,,
599733,216  Chapuis [APPRECIATION],59744,tiktok,@maestro_dz13,2026-01-02T21:21:41.229215,0,,,,,,,
337600,كفيها حتى بنة معمرة بالسكر و دير لحريق ههههههه,42926,tiktok,@pizza_carre,2026-01-02T20:00:34.519508,0,,,,,,,
599746,Which restaurant is this?,22674,tiktok,@le_perchoir,2026-01-02T18:25:10.456082,0,,,,,,,
861908,زيدو حطولنا le menu,22234,tiktok,@le.balcon1,2026-01-02T18:23:12.556719,1,,,,,,,
599765,واو ماشاء الله تبارك الله عليكم روعة الله يباركلكم إبني نتمنا تكون من نصيبي,67476,tiktok,@bladi_oran,2026-01-02T21:51:48.096298,0,,,,,,,
337624,ماشاء الله نضافة معاملة ذوق لاكن غالية شوية برك,5936,Google Maps,Casbah Istanbul,2024-12-13T17:20:53.322Z,0,,,,,,,
337654,Une meilleure restaurant en Algérie de côté de qualité de service et les plats,6490,Google Maps,Restaurant À Petit Feu,2025-11-17T22:57:11.960Z,0,,,,,,,
337667,والحوتا تاعك كيش تنتكل,13334,Facebook,Restaurant San Benito,2025-10-14T19:39:06.000Z,1,,,,,,,
861956,Bravo Sofiane et Idir c’est un plaisir et une joie de vous revoir  très bonne continuation  [APPRECIATION],660,instagram,californiacafedz,2025-08-20T22:44:40.000Z,2,,,,,,,
599820,Le problème en Algérie c’est que les restaurants sont trop bruyant faut trouver une solution à ça ! sinon la bouffe est trop bonne,17882,tiktok,@casabelladraria,2026-01-02T18:14:47.931997,0,,,,,,,
861968,un beau duo deux grand chefs machaallah toujours au top le CARRÉ jamais déçu tout est parfait de l'accueil à la nourriture sans oublié biensur notre cher et agréable barman dont ses kocktail sont succulent bonne continuation le CARRÉ  [APPRECIATION] [RECOMMENDATION],1198,instagram,le_carre_restaurantalg,2025-05-14T10:12:27.000Z,1,,,,,,,
861977,ما عنديش 200 الف خو  [APPRECIATION],71004,tiktok,@paradou_restaurant,2026-01-02T22:04:53.993378,0,,,,,,,
206618,c'est très beau. très bon continuation  [APPRECIATION] [RECOMMENDATION],56904,tiktok,@papillons827,2026-01-02T21:16:42.512630,0,,,,,,,
993057,وين هي,62496,tiktok,@allechante,2026-01-02T21:30:49.256859,0,,,,,,,
730915,Your page is  let me know if you ever need content shot  [APPRECIATION],1711,instagram,restaurant.cezam,2025-10-18T02:58:01.000Z,0,,,,,,,
861990,ماشاء الله وتبارك الله رائع ، إنشاء الله اندير عيد ميلاد امي عندكم اذا اكتب الله .,66680,tiktok,@bladi_oran,2026-01-02T21:51:13.515489,1,,,,,,,
861991,dit moi juste un truc vous avez mangé le tt toute seule bsahtek vraiment,39546,tiktok,@le_1675,2026-01-02T19:42:35.045158,0,,,,,,,
993078,"Alors j y suis allé en Mai, 3 personnes, 1 salade césar, 1 pizza burratta 1/2 langouste et ses légumes, 1 Saida, 1 hamoud = 18000 Da. Explosé ! J ai pris mon dessert dans la Pâtisserie à côté.",20178,tiktok,@sebs_garden,2026-01-02T18:18:15.045243,1,,,,,,,
468794,"Excellent accueil, excellente cuisine. Pour les nostalgiques d'Istanbul.",5323,Google Maps,قصبة اسطنبول,2024-05-14T21:57:53.384Z,6,,,,,,,
993099,l'équipage pourquoi c'est dans un bateau  ? ?,57432,tiktok,@_le216_,2026-01-02T21:17:22.899556,0,,,,,,,
993102,top ma Star,48932,tiktok,@le77tizi,2026-01-02T20:39:01.344203,1,,,,,,,
993107,مكانش في باست ديليفري,39830,tiktok,@streetburger02,2026-01-02T19:43:58.833981,4,,,,,,,
993109,"Je ne comprends pas pourquoi lorsque Vous devenez célèbre vous augmentez les prix et vous diminuez la qualité. Je suis votre client depuis 3 ans, mais la dernière fois c'était catastrophe La nourriture était froide le sandwich n'était pas plein comme d'habitude C'est triste. Maintenez votre qualité",7572,Google Maps,American Burger Factory,2025-05-17T17:07:48.807Z,0,,,,,,,
206688,menus indisponible entièrement . salade de fruits raté. les jus pas trop top. Tiramisu pas bon . crème brûlé très bonne. qualité pas au niveau du prix. expérience à oublier,2352,Google Maps,HichamCook Grill House,2025-05-25T13:59:26.818Z,0,,,,,,,
468837,"Tres bien mangé, tout etait trop bon. Large choix, pour tous les gouts et bourses. Excellent service et rapide ! Bravo à vous .",7846,Google Maps,Restaurant À Petit Feu,2023-07-23T20:45:47.322Z,0,,,,,,,
862053,Medi Bengriche بغابة بن مراد برج الكيفان وهذا هو الموقع https://maps. app. goo. gl/TJSKoH1ae6Mn7c9f9? g_st=ac,9612,Facebook,Dz Forest Restaura,2025-10-26T04:30:00.000Z,0,,,,,,,
468838,وين إيكزكت,1151,instagram,L’ENTRACTE,2025-08-09T16:26:41.000Z,0,,,,,,,
599921,"Un accueil chaleureux 5/5 un grand restaurant clean et bien décoré , les serveurs sont professionnels au petits soins . Le service est rapide ! La nourriture alors oui elle est bonne , le poulet est tendre bien mariné MAIS tous les plats sont décorés de la même manière on a l'impression de manger la même chose au niveau de tout le restaurant. C'est assez copieux mais j'aurais aimé un plat plus équilibré y a plus de féculents qد et peu de fibres ! Si les responsables lisent mon message améliorer ce côté là svp. Le prix légèrement plus cher qu'ailleurs mais franchement c'est plus beau et propre aussi qu'ailleurs aussi . Les sanitaires aussi sont super cleans . Voilà je le recommande pour une sortie entre amis couple ou famille ou même en solo comme je l'ai été . J'espère juste qu'ils améliorent l'accompagnement des plats . A bientôt",5756,Google Maps,Casbah Istanbul القصبة اسطنبول,2021-05-26T21:11:02.750Z,3,,,,,,,
468859,بلا خبز او ماء شحال,44264,tiktok,@dzforestrestaurants,2026-01-02T20:11:43.250416,0,,,,,,,
993151,زوميلنا الميلونج ماشفناش مليح,12048,Facebook,Restaurant San Benito,2025-10-13T13:08:17.000Z,0,,,,,,,
468864,القوريدييييس,198,instagram,amine_la_cantine,2025-09-01T19:57:45.000Z,1,,,,,,,
599952,"Très bel endroit, à priori bien entretenu, les plats sont très copieux et plutôt bons, service et accueil corrects, mais je n'accorde que 4/5 parce que j'ai pris la peine de faire une réservation la veille mais qu'ils n'ont malheureusement pas pris en considération, une fois sur place et après qlq petites minutes d'attente, ils ont fini par nous faire une place. Je recommande malgré ce petit incident.",5792,Google Maps,Casbah Istanbul القصبة اسطنبول,2019-12-30T22:17:47.720Z,0,,,,,,,
337809,Rien à dire tout était parfait je recommande,7314,Google Maps,Restaurant À Petit Feu,2024-08-17T22:16:59.194Z,0,,,,,,,
731028,تبعث لحمادي شحال,31576,tiktok,@woodgrill_dz,2026-01-02T19:13:55.381417,1,,,,,,,
206747,ميجيش كيما تاع خويا طونطون Haddad على كل حال ربي يعاونك,41946,tiktok,@street_food,2026-01-02T19:57:55.159992,0,,,,,,,
468892,لمن استطاع البه سبيلا,10413,Facebook,"  Restaurant elassil








",2025-12-17T15:11:04.000Z,0,,,,,,,
206748,احسن شورما فلبليدة,20282,tiktok,@obaidafood1,2026-01-02T18:18:58.699174,1,,,,,,,
337823,ملتقى الألوان,71594,tiktok,@california_cafe,2026-01-02T22:09:07.992987,0,,,,,,,
862115,راك وليت كثر من سليم الأكول.,16312,tiktok,@mardoum,2026-01-02T18:08:09.723267,0,,,,,,,
993200,ربي اعاونكم [APPRECIATION],30172,tiktok,@farouk.tacos,2026-01-02T18:56:13.270199,0,,,,,,,
862128,Trop trop bon je recommande  [APPRECIATION],1964,instagram,sushigardendz,2025-08-20T11:45:58.000Z,3,,,,,,,
206772,Le serveur a été très très gentil avec pour un algérien,16802,tiktok,@user5834669559361,2026-01-02T18:10:47.938155,0,,,,,,,
337862,لوكان نربح نرسل ميمتي انشاء الله,66960,tiktok,@bladi_oran,2026-01-02T21:51:31.037620,0,,,,,,,
337865,وشبيك منك بالصح كيفاش ماكانش في عنابة عنابة كامل عادو يديروه Grill and chill يديرو كيف هكا بعد,52184,tiktok,@uncles_burger_dz,2026-01-02T21:03:26.511077,1,,,,,,,
337869,c était bon mais revoyer la sauce sur les frites elle a aucun goût ! courage en Algérie c est un challenge,45414,tiktok,@budz,2026-01-02T20:15:57.681440,1,,,,,,,
206798,امممممم تشهي بصحتو لي داها,44232,tiktok,@dzforestrestaurants,2026-01-02T20:11:41.303522,0,,,,,,,
206800,ميتين قبل ما نجو,33974,tiktok,@restaurant_gizay,2026-01-02T19:22:55.708525,0,,,,,,,
468945,ta3 rouge,34594,tiktok,@le_carre_restaurant,2026-01-02T19:24:34.186910,2,,,,,,,
337874,maweritch les prix des plats,70948,tiktok,@paradou_restaurant,2026-01-02T22:04:52.707346,0,,,,,,,
731089,"Nous avons eu une expérience de repas extrêmement décevante. D’abord, le serveur avait une très mauvaise attitude : en nous apportant un plat, une frite est tombée sur la table, et il l’a ramassée pour la remettre dans l’assiette, comme si nous n’avions rien vu. Ensuite, nous avons ressenti une attitude discriminatoire : ils ont tenu des propos désobligeants sur les Chinois. Enfin, le dessert — une glace turque — a d’abord été oublié. Nous avons attendu très longtemps, et quand il a finalement été servi, nous avons découvert un petit caillou dedans. Du début à la fin, ce fut une expérience déplorable qui nous a complètement gâché la soirée.",5815,Google Maps,Casbah istanbul,2025-09-23T19:15:40.142Z,0,,,,,,,
600019,الله يبارك عمل جد جد رائع,28086,tiktok,@amine.lacantine,2026-01-02T18:45:37.890064,1,,,,,,,
862165,اطباق عادية تقليدية منزلية اسعار مرتفعة المكان جميل استقبال جميل تقديم وجبات بطيء جدا,2917,Google Maps,HichamCook Grill House,2022-05-06T11:25:05.879Z,3,,,,,,,
731095,ربي يعاونك ان شاء الله,42562,tiktok,@street_food,2026-01-02T19:58:29.600657,0,,,,,,,
993241,"Edit : the food quality has gotten a lot worse now . I wouldn't recommend going there . Meilleure pizza à Alger , surtout cannibale et 4 fromages . a ne pas rater",4849,Google Maps,Hicham cook pizza pasta,2022-03-13T13:26:45.639Z,1,,,,,,,
993243,مكليتش عندك بصح نتا راجل زين الله يوفقك,62218,tiktok,@hamidhamid806,2026-01-02T21:29:09.825903,1,,,,,,,
206812,Azzeddine Messen ريقل برك وكتاه ونكملوها ان شاءالله ههه,10606,Facebook,"  Restaurant elassil








",2025-12-27T17:48:40.000Z,1,,,,,,,
206817,Je recommande à 100%,5565,Google Maps,قصبة اسطنبول,2022-07-27T22:46:39.657Z,0,,,,,,,
993251,pour moi meilleur cuisine c algerien,32900,tiktok,@sinai,2026-01-02T19:18:29.605395,8,,,,,,,
468968,مدابيهم يراجعوا الاسعار و الكوكتال ماشي بزاف عجبني مدابينا يحسنو 5/10,63118,tiktok,@allechante,2026-01-02T21:31:05.048401,0,,,,,,,
993277,"La grillade était délicieuse, les frites un peu moins réussies. Les prix restent raisonnables et l’ambiance familiale nous a fait passer un très bon moment.",2309,Google Maps,HichamCook Grill House,2025-09-12T20:11:23.174Z,0,,,,,,,
600064,Miammy  [BOUFFE],63622,tiktok,@silyon69,2026-01-02T21:33:10.495908,0,,,,,,,
731139,الواحد يتبعك و ياكل معاك,15572,tiktok,@mardoum,2026-01-02T18:07:52.596301,0,,,,,,,
600067,Non mchi Ghali Hadik hiya blasa chaba w service chbab machalah je recommande  [APPRECIATION],63200,tiktok,@restaurantcarthage,2026-01-02T21:31:23.193364,0,,,,,,,
731140,"Un restaurant nul, la quantité de la nourriture est peu, un service très lent, des plats d'un gargotier pas d'un restaurant et les prix très exagérés",7177,Google Maps,Restaurant À Petit Feu,2025-01-04T20:49:16.975Z,0,,,,,,,
337927,"Le sandwich “philly” est bon mais la viande j’ai l’impression n’est pas fraîche, et la poutine viande les frites à l’intérieur machi taybine bien sinon la présentation est magnifique.",8015,Google Maps,American Burger said hamdine,2021-03-21T13:50:36.449Z,0,,,,,,,
862217,"The food was so so good, mounir the waiter was such a welcoming person, he made us feel really good and excited to taste the food! This will definitely not be the last time we come to American burger",6999,Google Maps,American Burger said hamdine,2025-06-08T13:08:01.927Z,0,,,,,,,
337946,الماكلة تاع التمرميد تحلى,43074,tiktok,@melonge_dz,2026-01-02T20:02:40.534850,1,,,,,,,
862237,الله ينعل بوه لي علمك الإشهار,13838,Facebook,Restaurant San Benito,2025-12-18T09:57:57.000Z,0,,,,,,,
731168,أين يق،محلك,17814,tiktok,@casabelladraria,2026-01-02T18:14:46.930868,0,,,,,,,
337957,سكالوب بالخبز,12403,Facebook,Restaurant Rais,2025-10-15T07:48:54.000Z,10,,,,,,,
993320,شكرا جزيلا بارك الله فيك,41266,tiktok,@street_food,2026-01-02T19:55:41.427905,1,,,,,,,
862258,Nulle comme produit Frites pas cuites Hamburger froid Boissons chaudes et j enpasse,4825,Google Maps,Hicham cook pizza pasta,2022-06-22T11:52:33.322Z,1,,,,,,,
862261,Et le prix monsieur,10291,Facebook,"  Restaurant elassil








",2025-12-20T06:39:51.000Z,0,,,,,,,
862262,Le couple danse super bien  [APPRECIATION],23380,tiktok,@moonzrestaurant,2026-01-02T18:25:43.601970,1,,,,,,,
731193,"Decent place, good hospitality. Food is normal not very special in terms of variety or taste.",4936,Google Maps,Hicham cook pizza pasta,2020-09-10T00:06:52.393Z,0,,,,,,,
862271,كاين توصيل سيدي عمار,55770,tiktok,@mfood.annaba,2026-01-02T21:14:11.208296,1,,,,,,,
862272,وش هذا بصح وضح,33664,tiktok,@restaurant_gizay,2026-01-02T19:22:48.188015,0,,,,,,,
600133,شغل لافار ديرها. ديرها كل. يوم. مكاش. لي. يسري. حبب.,47586,tiktok,@bazookadz,2026-01-02T20:32:29.908460,0,,,,,,,
206926,Bon restaurant de viande au global. Les serveurs sont nombreux et aux petits soins. La viande est goûteuse et bien assaisonnée ! Le dessert et cocktail sont également bien réussis. Je recommande vivement. Seul bémol : nous n'avons pas aimé les fromages servis en entrée et pourtant nous sommes des adeptes des restaurants turques.,5070,Google Maps,قصبة اسطنبول,2025-09-15T18:30:45.798Z,0,,,,,,,
469088,ؤتقلشوه بالفاطورة يادر Hadji Mohamed Iyad,13315,Facebook,Restaurant San Benito,2025-10-13T21:29:40.000Z,0,,,,,,,
469093,وفاها حتة عباس مردوم,16264,tiktok,@mardoum,2026-01-02T18:08:08.760127,0,,,,,,,
469096,la marocainne critique la sauce blanche,16832,tiktok,@user5834669559361,2026-01-02T18:10:48.766828,0,,,,,,,
206956,طلعلي فيديو على 4. 45 تاع صباح,34092,tiktok,@taylot,2026-01-02T19:23:32.173140,1,,,,,,,
993391,الكذب عامل حالة,55146,tiktok,@panera_41,2026-01-02T21:12:53.237324,1,,,,,,,
862327,ياناس صلو على نبي ماشي هكذا أنا ملي بدات المقاطعة وأنا ضده باسكو قضية فلسطينية قضية سياسة ماشي قضية اقتصادية ڨاع علبالنا بلي لوكان يحبسو ڨاع كي كوكا كي kec . من الجزائر مايتبدل ولاو هذا المقاطعة.,38848,tiktok,@kfc,2026-01-02T19:39:56.682385,0,,,,,,,
338044,بصحتك خويا  [APPRECIATION],15730,tiktok,@mardoum,2026-01-02T18:07:55.305481,0,,,,,,,
993406,"Leurs plats sont nuls ni quantités ni qualité prix cher, par contre leurs pizzas sont moyennement bonnes, la j'avais pris pizza fruits de mer en fait il y'avais que le calamar qui était dure a haché et des crevettes, d'après mon ami il a sentis que c'était du surgelé mais d'après le serveur c'est du frais et allahu a3lam, et on a pris comme dessert le fondant au chocolat bien sur ils l'ont réduit il est devenu plus petit par apport a son prix qui est de 900 da ça reste cher. Points positifs salle très belle chaise confortables accueille chaleureuse.",7543,Google Maps,Restaurant À Petit Feu,2024-04-29T16:17:12.849Z,3,,,,,,,
469119,l Égypte lol l histoire n oubli pas,33038,tiktok,@sinai,2026-01-02T19:18:32.721302,0,,,,,,,
206979,قبل ضرك ماكانش خاصتا الكمية قليلة خلاه plat 180da ميوكلش عبد واحد  [APPRECIATION],55084,tiktok,@panera_41,2026-01-02T21:12:51.917579,18,,,,,,,
469124,Ils ont la meilleure pizza que j'ai dégusté,4971,Google Maps,Hicham cook pizza pasta,2019-08-28T19:36:47.041Z,0,,,,,,,
993420,Top top fort Mr le gerant bachir les anciens,8320,Google Maps,American Burger Factory,2024-05-21T21:32:36.904Z,0,,,,,,,
862360,أصحاب المطاعم رجعتوها نساء من الاكل ترجع حاجة أخرى احشمو على عرضكم,13443,Facebook,Restaurant San Benito,2025-12-15T20:27:36.000Z,0,,,,,,,
862362,"Bravo les orannais pour votre professionalisme, vous êtes là fierté d Algérie",69050,tiktok,@cote_oran,2026-01-02T21:57:41.442014,1,,,,,,,
993435,Des complexés de mama frança qui mange des escargots de bourgogne ! Je préfère largement El babouche,72976,tiktok,@pont_hydra,2026-01-02T22:13:40.547279,0,,,,,,,
207005,Toujours un plaisir de manger dans ce restaurant !,7741,Google Maps,Restaurant À Petit Feu,2023-10-08T13:16:08.018Z,1,,,,,,,
469155,Essayé pour la première fois et pas déçu du tout Plat très bons et très copieux Serveur très très tres aimables. Jy reviendrais,6072,Google Maps,Casbah Istanbul,2023-08-19T20:02:56.856Z,0,,,,,,,
993444,"L’accueil et le service est plutôt médiocre Pain dur ( on dirait que c’est du pain de la veille réchauffé), Plat normal et rien d’exceptionnel. Tarif excessif, trop élevé par rapport au produit qui est vendu",6227,Google Maps,Casbah Istanbul,2022-08-23T14:45:24.707Z,1,,,,,,,
338091,Personnel très sympathique et accueillant à recommander,7061,Google Maps,American Burger said hamdine,2025-05-14T17:09:58.905Z,0,,,,,,,
600236,la terre est marocaine vraiment 48%,16614,tiktok,@user5834669559361,2026-01-02T18:10:42.541748,1,,,,,,,
600247,الكنجلي راهو داير حالة,11449,Facebook,Restaurant San Benito,2025-08-16T13:42:46.000Z,0,,,,,,,
338104,اخينا تاخد رأيى اقلبها بوراك خير,44594,tiktok,@dzforestrestaurants,2026-01-02T20:11:59.457746,0,,,,,,,
862405,C’est un magnifique restaurant je l’adore,21930,tiktok,@maison_sardoudi,2026-01-02T18:22:36.412444,0,,,,,,,
862408,ليبري زيدين [APPRECIATION],52306,tiktok,@uncles_burger_dz,2026-01-02T21:03:29.079502,0,,,,,,,
600273,vous êtes les meilleurs,23810,tiktok,@leonard_restauran,2026-01-02T18:27:03.640729,1,,,,,,,
731354,Excellent rooftop,17542,tiktok,@seven.times.luxury,2026-01-02T18:13:14.935340,0,,,,,,,
207071,chaleureux et aimable personelle,3552,Google Maps,Caracoya,2017-03-31T15:14:11.833Z,1,,,,,,,
207083,ayooo rebi catastrophe aucun goût les plat nssen semhiyi kan,21932,tiktok,@maison_sardoudi,2026-01-02T18:22:36.412446,0,,,,,,,
862447,the best bonne continuation  [APPRECIATION],33432,tiktok,@ambiancefood,2026-01-02T19:21:15.650061,0,,,,,,,
338171,"Un endroit sympathique comme en famille et entre amis , personnel poli et professionnel j'ai pu le testé pas mal de fois un peu déçu pour leurs menu salade .",5000,Google Maps,Hicham cook pizza pasta,2019-01-30T12:42:18.654Z,1,,,,,,,
993531,Number one  [APPRECIATION],30134,tiktok,@bigmamaconstantine,2026-01-02T18:55:20.577376,1,,,,,,,
469247,هاد القمليسات تاع لي ڤيديو عندهم toutes la même voix,10325,Facebook,,2025-10-20T11:35:53.000Z,1,,,,,,,
469254,كيتشوف فل مواقع والواقع مشيشي كيفكيف,41148,tiktok,@derby.food,2026-01-02T19:50:11.585804,0,,,,,,,
862475,عندي خمس دقائق ملي جيتك,30600,tiktok,@gazouzafood2019,2026-01-02T19:05:30.032261,1,,,,,,,
469266,"Super resto ! Nous avons passé un super moment. Le service était +++++++ Tout était propre, beau, il n'y avait absolument rien à dire. En termes de nourriture c'était très bon, nous avons pris du poulet mariné piquant, qui n'était pas du tout piquant et un chouia sec. Les crevettes n'étaient malheureusement plus dispo. On s'est rabattu sur du rouget, c'était bon, nous avons demandé à ce qu'ils changent l'accompagnement, et c'était ok pour eux. Et nous avons pris de la noisette d'agneau la cuisson était super. En cocktail nous avons pris le 3 étages, c'était sympa. Un mojito, c'était basique. Et un jus de citron. En dessert un tiramisu qui n'était absolument pas bon du tout. Vraiment ça ne passait pas ! Le côté négatif pour ma part, c'est que sur la carte nous n'avons pas un visu sur les accompagnements, il faut demander à chaque fois quel est l'accompagnement. Puis dans les cocktails par exemple ""bleu de la mer"" nous ne savons pas ce que c'est, et lorsque je demande, on me répond que c'est un mojito avec du sirop bleu mais qu'on ne sait pas c'est quoi comme goût mais ça rappel la mer. J'aurais aimé savoir ce que c'est. Parceque goût qui rappel la mer, c'est très flou, pour ma part je comprends que c'est salé. C'est très bizzar. Donc voilà ! En conclusion c'est un super resto !",2410,Google Maps,HichamCook Grill House,2024-10-30T09:57:39.131Z,1,,,,,,,
862483,I was surprised There is No place where to wash your hands before eat ! There is no toilet in the restaurant and you have to go out for public one and pay for it. Food was okay chicken breast half cooked you have to ask for well done. Was a birthday of one lady they switch off the lights and no music for birthday ! Owner at the door keep starting at people like a security guard ! No tap water by the way. I don’t like to see plastic bottles on my table and I prefer glass jar than it but it wasn’t available Kunafa désert was okay,6181,Google Maps,Casbah Istanbul,2022-10-27T11:41:04.243Z,0,,,,,,,
862487,possible avec des cure-dent,73436,tiktok,@pont_hydra,2026-01-02T22:13:55.187367,0,,,,,,,
862488,"Excellent, y a rien a dire, c'est une valeur sûre, les plats sont délicieux et le service est impecable, par contre, c'est super épicées, je recomande la sauce butter grevy , elle est très bonne et pas trop épicées, la mixette de viande a 2950 da vous offre un assortiment de toutes les viandes qu'ils proposent, et le pein au fromage est un incontournable.",3273,Google Maps,تاج محل بن عكنون,2018-12-14T14:05:59.918Z,2,,,,,,,
731417,Donuts fourré?,1457,instagram,mimas_donuts,2025-05-11T17:42:45.000Z,0,,,,,,,
600348,تقلدو في التوانسة,9326,Facebook,Restaurant Tabarka Annaba,2025-12-27T22:06:05.000Z,0,,,,,,,
993576,على حساب واش راني نقرأ ونسمع البلا هذا يدير 350 ألف نتا وصحابك يعني للشخص الواحد 87الف.,31594,tiktok,@woodgrill_dz,2026-01-02T19:13:57.475419,2,,,,,,,
469299,Merci pour cette belle soirée et merci au chef on a très bien mangé  [APPRECIATION],1206,instagram,le_carre_restaurantalg,2026-01-01T17:41:42.000Z,2,,,,,,,
338229,لكي الله يا غزة. الله ما انصر اخواننا المجاهدين في فلسطين,18300,tiktok,@helena,2026-01-02T18:16:10.202498,4,,,,,,,
862519,Très très bon gâteaux et très bon service je vous recommande fortement cette adresse,3890,Google Maps,L’Alchimiste Pâtisserie,2024-02-05T20:17:38.472Z,2,,,,,,,
600381,bravo on arrive,61208,tiktok,@la.criee,2026-01-02T21:24:45.600229,1,,,,,,,
338238,المرقاز يخسر ذوق الكبدة,12741,Facebook,Restaurant Rais,2025-10-14T12:18:10.000Z,0,,,,,,,
600395,Mon meilleur ptit monde à Annaba Seraidi,60292,tiktok,@seraidi.live.z,2026-01-02T21:22:47.257343,0,,,,,,,
862539,bonne apeti,73480,tiktok,@pont_hydra,2026-01-02T22:13:56.081907,0,,,,,,,
338265,ما شاء الله على هذا المطعم في بلدي الغالي الجزائر,18634,tiktok,@helena,2026-01-02T18:16:15.458434,0,,,,,,,
862556,C grave chère je préfère manger a la maison avec des plats spéciaux 3la des plats normal avec des prix haka,2955,Google Maps,HichamCook Grill House,2022-03-22T21:44:57.797Z,13,,,,,,,
469348,شويا نتاع ورد هذا مكان,18334,tiktok,@helena,2026-01-02T18:16:10.235654,1,,,,,,,
862567,علاش راكم تهدرو علا فرنسا يازح مافهمتش تنيأ امها خرنسا هادي,46350,tiktok,@damisoran31,2026-01-02T20:22:01.562092,0,,,,,,,
862576,Service pas mal les employés sont sympa. Mais à 600da j'ai eu droit à un filly chease steak rempli de cartilage et submergé de sauce. La poutine est également bourré de sauce trop salée dommage car le poulet dedans était bon.,8628,Google Maps,American Burger Factory,2022-05-12T16:04:12.242Z,0,,,,,,,
862581,خويا علي غير انت لي عرفتها طفيتها تحياتي لك,64040,tiktok,@restauranttrattoriaoran,2026-01-02T21:34:08.809219,1,,,,,,,
862586,Un service sympa La décoration super Et lka3da bien,3640,Google Maps,Laurel Restaurant,2025-08-09T17:46:49.705Z,0,,,,,,,
338303,غير نتفكر بلي صرفت 200 الف ننسى واش معنتها سولاجي,70894,tiktok,@paradou_restaurant,2026-01-02T22:04:50.559564,0,,,,,,,
207244,بصحة لي كلا  [RECOMMENDATION],29986,tiktok,@three_,2026-01-02T18:53:45.873442,1,,,,,,,
731533,dans tes reves,69618,tiktok,@cote_oran,2026-01-02T21:58:04.730302,0,,,,,,,
993689,la dresse svp,25586,tiktok,@lovers_grill,2026-01-02T18:33:50.475865,0,,,,,,,
600485,c'est chère,27224,tiktok,@ambiance_telemcen,2026-01-02T18:41:26.498606,0,,,,,,,
338344,امبعد يقولك يبيعو غالي طبسي فريت 600 دج و طبسي صغير فيه لحم 1200 و هدا الحطة شكون يخلصها,31826,tiktok,@entracte,2026-01-02T19:14:24.034744,0,,,,,,,
207277,"excellent, la cuisine algérienne est la meilleure",25676,tiktok,@ofennec.officiel,2026-01-02T18:34:09.355917,1,,,,,,,
731568,الحمدلله,48590,tiktok,@hafakafood,2026-01-02T20:35:34.018610,0,,,,,,,
207284,Très content de voir que l’Algérie s’ouvre au monde,37938,tiktok,@kfc,2026-01-02T19:39:24.509722,2,,,,,,,
993717,Ça donne vraiment l’envie de tester ces junkies [BOUFFE],33164,tiktok,@new_yorkais,2026-01-02T19:20:36.126421,6,,,,,,,
338360,تبغو بنة الصدا,42538,tiktok,@street_food,2026-01-02T19:58:14.130601,0,,,,,,,
338367,نحلفلك بواش لا فدار افضل من هذا بدوبل,42048,tiktok,@street_food,2026-01-02T19:57:59.469221,1,,,,,,,
600514,وين هذا ؟,31916,tiktok,@entracte,2026-01-02T19:14:26.559939,1,,,,,,,
731588,ياربي تصدقلي مع أمي,66918,tiktok,@bladi_oran,2026-01-02T21:51:29.289412,0,,,,,,,
207301,جميل الله يبارك يعطيك العافيه,43862,tiktok,@dzforestrestaurants,2026-01-02T20:11:32.019815,0,,,,,,,
338374,تبعيين،،،بنوشات،،،،ولا سبعين بروشات،،،،،،ولا ربعيين بروشات،،،، راك تهف في الغاشي بهذي الهدرة تع التبلعيط,9699,Facebook,Dz Forest Restaura,2025-10-12T20:55:13.000Z,53,,,,,,,
600520,La derniere fois j'ai commandé un fish burger kan zit 9dim w les frites mayeteklouch 3efthom. veuillez ameliorer les ingredients litakhedmo bihom svp,540,instagram,"brother.ts
",2025-11-01T12:40:30.000Z,1,,,,,,,
862664,وش من بلاصة هادي,53142,tiktok,@la.tranche.23,2026-01-02T21:05:47.693136,0,,,,,,,
207308,Magnifique restaurant avec de bons plats une ambiance agréable et des saveurs à découvrir,5315,Google Maps,قصبة اسطنبول,2024-07-18T22:56:14.537Z,0,,,,,,,
469454,Mansøur Møu Řad كاين حنا في البليدة كاين و يعطيك قيس 50 الف قيس 80 الف قيس 100الف علي حساب دراهمك,9723,Facebook,Dz Forest Restaura,2025-10-13T12:41:02.000Z,2,,,,,,,
862672,ou je peux trouver le menu pizza et les sandwiches svp,62528,tiktok,@allechante,2026-01-02T21:30:51.792727,0,,,,,,,
338387,"en gros vous loué une table avec vue, et vous mangez des trucs standard et payer le max",61064,tiktok,@roofttop_anaba,2026-01-02T21:24:26.678006,0,,,,,,,
731612,دجي تتعشا تلقى روحك متزوج,13638,Facebook,Restaurant San Benito,2025-12-22T13:38:39.000Z,0,,,,,,,
207330,raisonnable pour 5000da  [APPRECIATION],43818,tiktok,@dzforestrestaurants,2026-01-02T20:11:31.252330,5,,,,,,,
338403,بصحتك,48474,tiktok,@hafakafood,2026-01-02T20:35:30.820701,0,,,,,,,
862692,le meilleur restaurant d'Alger,32286,tiktok,@le_carre_restaurant,2026-01-02T19:14:54.860348,1,,,,,,,
469490,c vraiment pas cher pour 2 personnes,66196,tiktok,@ambassadeurs,2026-01-02T21:47:49.680023,0,,,,,,,
993782,هداك الحانوت لي لاصق مع الباب تع الجامعة جاي وحدوا,43416,tiktok,@cassecroute_dz,2026-01-02T20:09:05.572129,3,,,,,,,
993787,ماكلتهم كي قيعانهم لخدامة في الف وليروح ميرجعش دومنديت موخيطو جابهولي كعت خارج علامة 10\0,20008,tiktok,@villa_frere,2026-01-02T18:17:42.664362,0,,,,,,,
862718,تقشرت رحت لألجي ؟,24266,tiktok,@spotter.dz,2026-01-02T18:27:31.753233,4,,,,,,,
731646,Hum ça m’a donné carrément envie  [APPRECIATION],36028,tiktok,@sinai,2026-01-02T19:28:32.455796,0,,,,,,,
207365,ربي يبارك خويا,55956,tiktok,@mfood.annaba,2026-01-02T21:14:14.531659,1,,,,,,,
207368,"Lieu sympa, burger plutôt bon.",6830,Google Maps,American Burger Factory,2025-07-25T16:32:22.270Z,0,,,,,,,
338455,شوفو حل جديد,28532,tiktok,@restaurant.primo,2026-01-02T18:46:28.898328,1,,,,,,,
207385,C'était très bon mais trop cher aussi. Le service était bien mais pour l'atmosphère il yavait trop de monde.,6120,Google Maps,Casbah Istanbul,2023-05-13T15:56:08.913Z,0,,,,,,,
731682,هادي هيا لي فاتحا كونط فلكسي ونقلشك كام,13657,Facebook,Restaurant San Benito,2025-12-29T10:23:11.000Z,0,,,,,,,
207395,وتحلف وتقول والله,46324,tiktok,@damisoran31,2026-01-02T20:21:58.803913,2,,,,,,,
862756,"Très bel accueil le personnel vraiment chaleureux, répond super rapidement au téléphone. nourriture très bonne rien à dire (un p’tit penchant pour smash burger avec sauce fromagère et combo fries)tout est carré frais et c est une dinguerie . saber",6734,Google Maps,American Burger said hamdine,2025-09-21T11:45:14.036Z,0,,,,,,,
207398,على حساب الاسعار هذا المكان تع ابناء الوزراء و المسؤولين و المعاليم الكبار,2898,Google Maps,HichamCook Grill House,2022-05-26T20:49:05.422Z,3,,,,,,,
600622,Accueil chaleureux des plats généreux le propriétaire très gentil je le recommande vivement,8201,Google Maps,Restaurant À Petit Feu,2022-11-01T20:54:09.616Z,1,,,,,,,
469557,ولحوتا نتاعك تقلاشها وحده,13366,Facebook,Restaurant San Benito,2025-12-16T12:15:48.000Z,0,,,,,,,
207413,الناس القانعة ربي يحفظكم  [APPRECIATION],43934,tiktok,@dzforestrestaurants,2026-01-02T20:11:33.052616,1,,,,,,,
469558,"Rien à dire, tout est au top",7673,Google Maps,Restaurant À Petit Feu,2023-12-01T11:58:59.113Z,1,,,,,,,
731709,500الف,44008,tiktok,@dzforestrestaurants,2026-01-02T20:11:34.553653,1,,,,,,,
338494,"Juste corrigez, on dit pas leur bouffe, ce n'est pas très classe, dite leur nourriture, sans rancune  [APPRECIATION]",71492,tiktok,@dwiretelazz,2026-01-02T22:08:48.271695,1,,,,,,,
207424,غيل اعطيها شراك تسنى الكدب فالكدب,11668,Facebook,Restaurant San Benito,2025-07-27T21:39:26.000Z,0,,,,,,,
600641,كاين التوصيل?,70818,tiktok,@bou_ham.ham,2026-01-02T22:01:44.224112,0,,,,,,,
600657,ربي يأجرك في مصيبتك ويخلفك خيرا منها خويا هشاف فلتصبر ولتحتسب . نشوفوك خير ملي كنت إن شاء الله نت رجل طيب ،نحسبك على خير وتستاهل كل خير ،ونعاونوا خونا قدر المستطاع.,2884,Google Maps,HichamCook Grill House,2022-06-24T10:11:12.074Z,1,,,,,,,
207443,كاين الزيتون الحار,13445,Facebook,Restaurant San Benito,2025-12-16T07:20:18.000Z,0,,,,,,,
993888,وكي طلعلي الفيديو دروك شعال نخلص؟!,18438,tiktok,@helena,2026-01-02T18:16:11.981814,1,,,,,,,
469608,Pas trop bon,6525,Google Maps,American Burger Factory,2025-12-09T17:11:03.832Z,0,,,,,,,
731773,تم .,66440,tiktok,@barbecue_restaurant,2026-01-02T21:50:20.292407,0,,,,,,,
600706,[APPRECIATION] [COMPLAINT],32108,tiktok,@entracte,2026-01-02T19:14:34.160488,1,,,,,,,
338564,kayen bent wahrane et self mon plaisir ama chef assad delai d attente kbir prix exorbitants,66604,tiktok,@bakhcis_oran,2026-01-02T21:50:40.601002,1,,,,,,,
469656,اعلاه خلات حتى نخلط كما هك سبحان تعيطو غير على الخلا كول حاجة برك و ربي و رحمتو,12626,Facebook,Restaurant Rais,2025-10-13T16:10:41.000Z,0,,,,,,,
207521,انا قبل مانكله نحوس على كيردو ولا مكانش ندبر كاش خيمار ونقلع لبرا منه ايا كل حبا فيها حفنة زعتر وحفنة نوخا,72276,tiktok,@pont_hydra,2026-01-02T22:13:19.581232,2,,,,,,,
993967,meilleure pizza et surtout les burgers,39460,tiktok,@brother.tselbiar,2026-01-02T19:41:49.415440,0,,,,,,,
338609,Juteux,46982,tiktok,@seven_burgers,2026-01-02T20:24:51.470812,1,,,,,,,
862912,قولنا شفيها لاسواري متشروش الحوت في بحر,66158,tiktok,@restaurant_mani,2026-01-02T21:47:16.832863,0,,,,,,,
207561,9a3da c vrai chaba mais là qlt des repas  par rapport le prix,15396,tiktok,@fouka.marine,2026-01-02T18:07:33.991903,0,,,,,,,
731852,هادي طوليي تخدم لاطول,13478,Facebook,Restaurant San Benito,2025-12-23T11:05:28.000Z,0,,,,,,,
207566,Y'a des lasagnes?,63994,tiktok,@restauranttrattoriaoran,2026-01-02T21:34:07.936834,3,,,,,,,
731863,كلش ب 150 ولا غير الميلونج  تبان خداع الروجي,11578,Facebook,Restaurant San Benito,2025-07-29T21:58:10.000Z,0,,,,,,,
338654,Frero j ai mangé chez un kebab turc j ai pris un sandwich escalope mariné wallah j ai fini 3 mois a l hôpital,29770,tiktok,@easy.cheesy,2026-01-02T18:52:02.828334,2,,,,,,,
338659,ما كان ما كان,53338,tiktok,@piadzo_food23,2026-01-02T21:07:11.411492,0,,,,,,,
994023,شكون انت,66210,tiktok,@ambassadeurs,2026-01-02T21:47:49.680040,0,,,,,,,
338679,"Service nul. On a attendu 1h30 On nous a servi deux plats qu'on a fini par payer en guise d'excuse. Trop chère pour rien Vraiment je déconseille ce restaurant. Ils ne savent qu'encaisser l'argent. Ils aiment beaucoup l'argent du coup ils ne laissent rien passer. S'ils peuvent vous facturer le verre d'eau ils le feraient. Mauvaise expérience, à fuire",7146,Google Maps,Restaurant À Petit Feu,2025-04-01T21:56:48.995Z,0,,,,,,,
469761,Hakima Constantine يزيد يشويلك كبش وزوج كيلو كبدة خير الله يبارك السيد داير عرض هبال بزوج دورو,9747,Facebook,Dz Forest Restaura,2025-10-13T02:09:57.000Z,0,,,,,,,
207622,نجيب الفيديو ونجي نكل عندك ابعثلي العنوان ولا تخادع في كمية,11824,Facebook,Restaurant San Benito,2025-10-15T22:16:42.000Z,0,,,,,,,
862984,وأنت واش vrai,38034,tiktok,@kfc,2026-01-02T19:39:26.429117,0,,,,,,,
207630,"Je ne me suis pas rendu dans ce restau depuis plus de 10 ans. Hier, j’y étais et j’ai constaté que le décor fut totalement changé. A mon avis, l’ambiance était bien meilleure à l’époque. En ce qui concerne la cuisine et les saveurs je retrouve les mêmes qu’avant. Chose qui m’a fait vivre de bon souvenirs. Je recommande ce restaurant pour ceux qui adorent les plats épices  et je le déconseille pour les gens à estomac sensible. Faites le plein ds votre portefeuille avant de vous y rendre. [APPRECIATION]",3000,Google Maps,تاج محل بن عكنون,2025-08-29T12:56:18.256Z,0,,,,,,,
600848,امبو لخطرة لي فاتت دينا سوفلي و طاكوس كرعة مونادى اكتر من ميتينلف,53586,tiktok,@mega_pizza_annaba,2026-01-02T21:07:53.787975,0,,,,,,,
862996,مشاء الله الاستقبال كان مليح و الخدمة كانت جد رائعة و الاجوال راقية و رائعة اما الاكل فكان في القمة مشاء الله اعجبني كثيرا المكان حتى لي يخدموا لتم محترمين و يعرفوا يتعاملوا يعطيهم Vip الصحة و اعجبني ايضا وضع اماكن مغلقة الاسعار كان مناسبين مع الاكل و الخدمات,6597,Google Maps,Restaurant À Petit Feu,2025-08-14T18:25:49.775Z,0,,,,,,,
207643,فيه كبة مشوية,19534,tiktok,@sultan,2026-01-02T18:17:16.703732,0,,,,,,,
338717,شحال. هدا. الكسكروت.,12621,Facebook,Restaurant Rais,2025-10-13T23:08:16.000Z,0,,,,,,,
207648,خليل رحماني و انت علاه جوز من ثم ، طيب لروحك و متشريش عليهم,10715,Facebook,Dz Forest Restaura,2025-10-14T10:14:57.000Z,0,,,,,,,
207649,Gega pizza c’était nuuuul la bouffe immangeable une tres mauvaise expérience,1187,instagram,"lagegarestaurant
",2025-11-29T19:58:49.000Z,3,,,,,,,
207654,انا و اله نخا ف الاسعار ?,48028,tiktok,@rahmani_food,2026-01-02T20:34:22.211721,0,,,,,,,
863017,win extt,56550,tiktok,@terre_et_mer_annaba,2026-01-02T21:15:46.819987,0,,,,,,,
600892,ناس مراض الوقت اللي وصلنا ليه,10723,Facebook,Dz Forest Restaura,2025-10-13T12:54:27.000Z,0,,,,,,,
863037,البيتزا النوع الذي يحتوي على قطع (كورفيت ) سبب لي تسمم أنا و 2 من العائلة,4600,Google Maps,Hicham cook pizza pasta,2025-12-14T07:45:59.444Z,0,,,,,,,
731978,Seriously?,17150,tiktok,@casa_burger1,2026-01-02T18:11:29.349464,0,,,,,,,
731983,لابلاك لي طيب عليها فيها دهون تع اللحم والفيونداشي وزيد تاكلها الهواء الطلق ماتتغمش بريحة الطياب كي طيبها تجيك واجدة,41542,tiktok,@street_food,2026-01-02T19:57:46.733788,1,,,,,,,
600912,انا ديما عندو ماشاء الله,29698,tiktok,@pizzeria.sadoki,2026-01-02T18:51:29.152751,2,,,,,,,
994131,itchi  sus,39350,tiktok,@itchy_food,2026-01-02T19:41:13.058209,1,,,,,,,
207700,"انا نربح 500, 000 في الاسبوع يسمى نجي ناكل بها اعطوني رايكم",10678,Facebook,Dz Forest Restaura,2025-10-14T09:14:27.000Z,0,,,,,,,
338772,زيد شويا يقولك بيتزا بومبا وبيتزا موكحلة حتى يخرجلنا فدبابة,47718,tiktok,@bazookadz,2026-01-02T20:32:35.168893,0,,,,,,,
994143,الله يهدينا,66058,tiktok,@restaurant_mani,2026-01-02T21:47:12.759942,0,,,,,,,
207716,Worst pizza ever i swear,4111,Google Maps,هشام كوك بيتزا,2025-02-13T09:49:28.785Z,0,,,,,,,
994153,شعب تاع كرشوا برك,11355,Facebook,Restaurant Casa Bella - Draria,2025-09-14T09:22:49.000Z,0,,,,,,,
207722,انا خدمته بزاف في فرنسا مشاءالله زيد معاها wok l l,39956,tiktok,@streetburger02,2026-01-02T19:44:04.635096,2,,,,,,,
994156,سبحان الله تشبهي صورة صوتا لصحبتي قبايلية سارة  [APPRECIATION],72510,tiktok,@pont_hydra,2026-01-02T22:13:24.030661,0,,,,,,,
600940,هاعرضني,15712,tiktok,@mardoum,2026-01-02T18:07:54.294113,0,,,,,,,
600942,في متناول محرز و مازا .,10999,Facebook,Restaurant Casa Bella - Draria,2025-07-30T11:43:21.000Z,0,,,,,,,
338800,"5/5 tout est bon, restaurant calme et grand ! Beaucoup de choix.",7282,Google Maps,Restaurant À Petit Feu,2024-09-13T14:08:05.135Z,0,,,,,,,
994166,يغني كيماجرج وسوف روعة كان مزهي تيبازة,23768,tiktok,@leonard_restauran,2026-01-02T18:27:02.784717,0,,,,,,,
994167,عنوان,64052,tiktok,@restauranttrattoriaoran,2026-01-02T21:34:08.809232,1,,,,,,,
863100,وين هاد المكان وشحال لبلا داك,11239,Facebook,Restaurant Casa Bella - Draria,2025-07-28T09:06:56.000Z,0,,,,,,,
732042,J’ai mangé c’était bon et propre l’accueil Mashalah merci l’équipe,65596,tiktok,@lauthentic_oran,2026-01-02T21:45:03.194645,0,,,,,,,
994190,يحل روتار ومش كلش واجد,51930,tiktok,@rays_annaba,2026-01-02T21:02:49.867656,0,,,,,,,
863119,Merci pr l’adresse de cet été in shaa الله,45370,tiktok,@budz,2026-01-02T20:15:56.664396,0,,,,,,,
338837,"Excellent ! Immense espace superbement décoré façon US des années 59-60 Les tables pas collées les unes aux autres. Mobilier nickel Propreté irréprochable Personnel aux petits soins Qualité des produits 1er choix et les saveurs sont bien présentes Niveau tarifs, très corrects. Oubliez le snobisme de Sidiyaya et venez ici vous faire plaisir.",4959,Google Maps,Hicham cook pizza pasta,2019-11-16T22:33:05.969Z,0,,,,,,,
994201,Restaurant chic au saveur américaine mashallah  [APPRECIATION] [RECOMMENDATION],60016,tiktok,@the_throne_annaba,2026-01-02T21:22:25.152140,1,,,,,,,
469916,Possible de connaître les tarifs svp ?,1258,instagram,lestwins.restaurant,2025-12-16T17:17:28.000Z,0,,,,,,,
994240,et les prix stp?,45334,tiktok,@budz,2026-01-02T20:15:55.685301,2,,,,,,,
994242,"Ce fut excellent, je recommande le blue burger.",7962,Google Maps,American Burger said hamdine,2022-01-13T14:18:53.754Z,0,,,,,,,
469968,الله يبارك ما عندي ما نقول ماكل شابه بزاف استقبل ربي يحفظكم,60854,tiktok,@maestro_dz13,2026-01-02T21:23:30.472063,1,,,,,,,
994257,صل الله عليه و سلم,67972,tiktok,@meatlove5,2026-01-02T21:54:10.911667,0,,,,,,,
994262,علاه عدنا مطاعم او ليبيتزيريا واش نديرو بهادا؟,37626,tiktok,@kfc,2026-01-02T19:39:17.543582,63,,,,,,,
338905,wesh moonir Moon ?,69602,tiktok,@cote_oran,2026-01-02T21:58:04.730289,0,,,,,,,
863194,Makanch climatisation homaaan w les prix nar w les serveurs mchanfiiiiine,62690,tiktok,@allechante,2026-01-02T21:30:54.860441,1,,,,,,,
207833,"Nous avons pris 1 café, lieu propre, personnel bienveillant, dommage pas de salle de prière si petit pourrait être l'endroit ce serait à méditer",5417,Google Maps,قصبة اسطنبول,2023-10-29T20:33:11.601Z,0,,,,,,,
469986,oui mais elle n'a plus de place pour ce mois de ramadan c'est archi complet je suis deg,27854,tiktok,@thala,2026-01-02T18:45:06.606604,0,,,,,,,
732138,service 7/10,26520,tiktok,@labelladalger16,2026-01-02T18:36:56.335076,0,,,,,,,
863211,achamat abouch,73062,tiktok,@pont_hydra,2026-01-02T22:13:43.110959,0,,,,,,,
732143,هو بنين بصح انا مناكلش الحار وقيل غير انا رني نشوف كامل يحبو جاني حار لالا؟,30890,tiktok,@roi_du_fajitas,2026-01-02T19:08:42.393436,1,,,,,,,
470004,n'importe te quoi. avec les mains c'est mieux,73638,tiktok,@pont_hydra,2026-01-02T22:14:00.132675,0,,,,,,,
470008,"Bon, mais petite salle, donc mangé seul.",8864,Google Maps,American Burger Factory,2016-11-29T14:19:38.650Z,0,,,,,,,
601094,صلاح الدين إناس أنس فريت 100 الف متسرقوش ناس,9759,Facebook,Dz Forest Restaura,2025-10-13T15:19:58.000Z,1,,,,,,,
207881,هدا واش كليت عندهم. ولكم التعليق,20896,tiktok,@sultan,2026-01-02T18:21:26.579788,0,,,,,,,
207883,للأسف أصبحت أسوء بيتزا ننصح ماكالله تروحو تخسرو دراهمكم فالباطل رحت يمكن أربع مرات ولا خمسة بعد الإفتتاح تالمو عجبتني كل سمانة نروح ناكل ولكن اصبحت الخدمات 0 العجينة 0 رقيقة يابسة فالجوانب االجبن 0,4350,Google Maps,هشام كوك بيتزا,2024-05-12T21:51:29.623Z,1,,,,,,,
207896,Ahmed Ahmed زدت عليها شويا تاع احسن مطعم في الجزائر مالا كون تروح لسطيف واش يصرالك تشوف العجب خو,8941,Facebook,Restaurant Casa Bella - Draria,2025-12-07T21:07:42.000Z,2,,,,,,,
207904,"incroyable, c’est vraiment le mot! Tout était parfait, l’accueil, la nourriture, les prix. Ils ont été adorables avec mon bébé. Passage OBLIGATOIRE à Alger !",2564,Google Maps,HichamCook Grill House,2024-01-27T12:12:08.435Z,0,,,,,,,
994344,Très bonne nourriture et du vin !,3542,Google Maps,Caracoya,2018-03-30T11:31:29.253Z,2,,,,,,,
338986,مشاء الله,28884,tiktok,@snacky_time_kouba,2026-01-02T18:47:51.583971,3,,,,,,,
207926,je n'ai pas trouvé la cité triangle sur maps ni bnp,39600,tiktok,@le_1675,2026-01-02T19:42:36.070454,1,,,,,,,
470070,الله يبارك بالتوفيق مزيد من التألق,67334,tiktok,@bladi_oran,2026-01-02T21:51:43.061168,0,,,,,,,
470071,Un lieu que j'ai adorer j'espère que sa ne vas pas changer d'ici la . Tout était à la hauteur merci à l'équipe,8621,Google Maps,American Burger Factory,2022-05-29T12:09:04.485Z,0,,,,,,,
470084,ويلي جاع دكا في نص ليل هذا واش عندو يخربشو لمشاعر ياجدك,17272,tiktok,@casa_burger1,2026-01-02T18:11:31.955574,0,,,,,,,
470108,Très très bonne,7589,Google Maps,American Burger Factory,2025-05-17T03:01:00.892Z,0,,,,,,,
994402,win exactement fi Annaba,52770,tiktok,@mega_pizza,2026-01-02T21:03:54.669556,0,,,,,,,
601188,وينف ولاية وليدي,55794,tiktok,@mfood.annaba,2026-01-02T21:14:11.298155,0,,,,,,,
732261,rich people problems,72654,tiktok,@pont_hydra,2026-01-02T22:13:28.912632,0,,,,,,,
601193,رأيي في المكان اعجبني الجلوس في الخارج رأيي في الاكل مقارنة بالسعر فهو غير جييد بالنسبة لي اخذت طاكوس و كان الجبن المستعمل فيه نوعية رديئة و غير لذيذة الطاكوس كان صغير ايضا مقارنة بالسعر كنت انتظر الافضل و استعمال اجبان جيدة في الاكل اتمنى ان تنتبهوا لهذا,8676,Google Maps,American Burger Factory,2021-10-10T10:36:58.554Z,0,,,,,,,
863351,Franchement c’est 10/10 la deco le service les plats et même les prix sont magnifiques,6380,Google Maps,Casbah Istanbul,2019-10-08T12:22:52.965Z,0,,,,,,,
470140,"Pas terrible, des frites catastrophiques, le tacos pateux, le sandwich philly steack acceptable. La livraison à 300 da pour 1km et demi de trajet.",8527,Google Maps,American Burger Factory,2023-03-05T16:46:49.369Z,0,,,,,,,
863365,"Elle a eu peut-être un mauvais comportement, mais désolé rien ne vaut la cuisine marocaine la meilleure du monde",17034,tiktok,@user5834669559361,2026-01-02T18:10:53.819492,1,,,,,,,
339092,لاموات عندهم ميلونج ب 170 الف انت بروحك تنخلع كي تاكله بنة وكاليتي وكونتيتي فوووور,11990,Facebook,Restaurant San Benito,2025-10-13T20:26:51.000Z,0,,,,,,,
339093,Bravo belle décoration et bel endroit,61262,tiktok,@la.criee,2026-01-02T21:24:46.512356,1,,,,,,,
863393,نموت عليه وراني نتوحم علاه حنا في غرب مكانش حوس عليه قاع راجلي ملقاهش,73708,tiktok,@pont_hydra,2026-01-02T22:14:02.054170,0,,,,,,,
208036,قول طريق الأربعاء يعرفوها,30588,tiktok,@gazouzafood2019,2026-01-02T19:05:30.032248,1,,,,,,,
470181,au fennec oui  [APPRECIATION],25822,tiktok,@ofennec.officiel,2026-01-02T18:34:12.788097,0,,,,,,,
732331,يهبل نعشق لبحر ممكن لبلاصة وين هذي نجي وحدي نجوز ليلة تاع ليوم [APPRECIATION],32420,tiktok,@restaurant_iceberg,2026-01-02T19:16:41.139496,2,,,,,,,
994490,كتلتني ديرو ابينو,67412,tiktok,@bladi_oran,2026-01-02T21:51:45.536816,0,,,,,,,
863419,Très belle table. Merci pour cette soirée à Alger,3558,Google Maps,Caracoya,2016-07-31T19:47:00.914Z,0,,,,,,,
208066,il fallait la mettre à la porte tout simple un dégage bien mérité,16740,tiktok,@user5834669559361,2026-01-02T18:10:46.256471,99,,,,,,,
339138,غير الخير,10477,Facebook,Dz Forest Restaura,2025-10-12T21:44:07.000Z,0,,,,,,,
732354,هادي نتاع كول هنا و موت هيه ههههه على هادي بنينة,42190,tiktok,@street_food,2026-01-02T19:58:01.955919,0,,,,,,,
994499,On ne parle pas la bouche pleine !,73614,tiktok,@pont_hydra,2026-01-02T22:14:00.132566,0,,,,,,,
470217,J’arrive  [APPRECIATION],2235,instagram,teyr_ellil,2025-03-12T19:22:52.000Z,1,,,,,,,
208077,Bon service bonne cuisine,7015,Google Maps,American Burger Factory,2025-07-10T23:33:03.269Z,0,,,,,,,
208088,endroit paradisiaque Paradis sur terre,60140,tiktok,@seraidi.live.z,2026-01-02T21:22:44.123212,0,,,,,,,
470236,الله يبارك نتمنوا نزوروكم بإذن الله,67298,tiktok,@bladi_oran,2026-01-02T21:51:42.147274,0,,,,,,,
863459,cher et pas bon,25422,tiktok,@lovers_grill,2026-01-02T18:33:47.165183,19,,,,,,,
732388,"Il est magnifique ils sont gentils mais vraiment faut revoir le service. Ce n'est pas normal de ne pas avoir une large variété de gâteaux, si ya des gâteaux ya pas de crêpes, alors que c'est mentionné sur la carte. En été ya pas de glaces . c'est vraiment un commentaire qui j'espère sera constructif (visite il ya quelques jours). Bon courage  [APPRECIATION]",1245,instagram,lepetitchaletoran,2025-05-21T17:54:14.000Z,1,,,,,,,
208117,c' est une perte d'argent,5531,Google Maps,قصبة اسطنبول,2022-10-24T16:54:12.570Z,0,,,,,,,
470275,وردة قالت باطل ماكلة خالصة من عند مول ريسطو هنا تفهم بلي لبحر تزيدولو سعيدة ولمعندهمش مساكن ماتشوفوش معاهم,57310,tiktok,@_le216_,2026-01-02T21:17:20.584076,0,,,,,,,
339207,"Un endroit calme, propre et très accueillant Bonne continuation  [RECOMMENDATION]",73836,tiktok,@eclipses_coffee_restau,2026-01-02T22:14:13.223481,2,,,,,,,
732424,Si vous voulez passer un moment de délice. Prix correcte Les grillades sont très bonnes Copieux Je recommande,7142,Google Maps,Restaurant À Petit Feu,2025-04-07T20:36:28.455Z,0,,,,,,,
994567,Service long,6939,Google Maps,American Burger said hamdine,2025-07-04T12:53:18.988Z,0,,,,,,,
863498,"La nourriture était très délicieuse j'ai commandé un mezze et hamburger et t-bon et cammamber fondue, je vous recommande Et aussi le service est chwiya",2637,Google Maps,HichamCook Grill House,2023-09-21T15:16:31.307Z,0,,,,,,,
208140,Très bonne expérience. Service top Déco top Plat top Propreté plus que top Et la moussala c'est la cerise sur le gâteau. Bi tawfiq la prochaine insha Allah.,7930,Google Maps,Restaurant À Petit Feu,2023-05-18T23:27:26.071Z,1,,,,,,,
732430,ديقولاس. La vue est catastrophique,43108,tiktok,@hocine.chapati,2026-01-02T20:03:46.401463,0,,,,,,,
601359,Ena f Fernand ville m3rftch win Ntoma ext,29830,tiktok,@youzifood,2026-01-02T18:52:33.710863,2,,,,,,,
601368,Par contre l’accueil est nuuuuyp,63582,tiktok,@silyon69,2026-01-02T21:33:07.064747,0,,,,,,,
208155,Simple  la propreté et la qualité des produits est notre priorité,49492,tiktok,@kik.sfood21,2026-01-02T20:41:12.870540,2,,,,,,,
863525,service très long erreur sur les commandes et oubli de certains plats pour pratique 2 million à la fin bof ya mieux,66374,tiktok,@elbey_oran,2026-01-02T21:50:01.826415,1,,,,,,,
601383,Pépite,31428,tiktok,@restaurantmonegasque,2026-01-02T19:13:04.840993,0,,,,,,,
339243,هدا فيلم رعب,51718,tiktok,@quick_bite,2026-01-02T21:01:56.786376,9,,,,,,,
470322,الفريت يبغي الوسخ باش يجي بنين,42194,tiktok,@street_food,2026-01-02T19:58:01.955922,0,,,,,,,
339251,الله يبارك بسم الله ماشاء الله,11319,Facebook,Restaurant Casa Bella - Draria,2025-08-31T08:23:56.000Z,0,,,,,,,
601397,نشري من عندكم دايما ماكلة صح بنينة  [APPRECIATION],43408,tiktok,@cassecroute_dz,2026-01-02T20:09:01.833571,1,,,,,,,
994613,Il est top ce restaurant,24504,tiktok,@opium,2026-01-02T18:29:41.221360,0,,,,,,,
470333,وين العنوان,33942,tiktok,@restaurant_gizay,2026-01-02T19:22:55.708496,0,,,,,,,
863558,الفقير والله مايسمع بيهن,10242,Facebook,"  Restaurant elassil








",2025-12-20T21:22:16.000Z,0,,,,,,,
601416,beh c'est des prix resonable bon continuation,36718,tiktok,@restaurant.madala,2026-01-02T19:34:33.432639,3,,,,,,,
208210,"De tous temps et partout dans le monde, il y a des etablissements de differents niveaux de qualite et de prix. Il faut aller là ou notre statut nous le permet Je suis instituteur ce n'est pas pour moi",14372,tiktok,@les_jumelles,2026-01-02T18:01:25.734796,0,,,,,,,
470356,دوك هدا شوا الشوا يتكل فالمشوا طفيرعليه,10846,Facebook,Restaurant Casa Bella - Draria,2025-09-29T11:09:46.000Z,2,,,,,,,
601431,طبرقة و الوليمة و البستان,58774,tiktok,@maestro_dz13,2026-01-02T21:21:18.793035,6,,,,,,,
339301,Ahhh mon endroit préféré,70338,tiktok,@le_petit_chalet,2026-01-02T22:00:18.870944,1,,,,,,,
601447,Lhaj moulay bateau cassé  [APPRECIATION],22550,tiktok,@le_perchoir,2026-01-02T18:25:07.867929,3,,,,,,,
863594,الروجي نبان خداع . ! ؟؟؟,12383,Facebook,Restaurant San Benito,2025-10-13T08:43:06.000Z,1,,,,,,,
470379,Trop fort Yartik Saha Frérot [APPRECIATION] [BOUFFE],56004,tiktok,@mfood.annaba,2026-01-02T21:14:16.148198,0,,,,,,,
208243,"On a du attendre plus de 1h30 pour trouver une place, apres ils nous ont mit dans un box ou on voit vraiment rien , et puis la pizza elle est vraiment pas bonne pour son prix, bref ca sera ma dernière fois",4579,Google Maps,هشام كوك بيتزا,2023-12-09T19:50:19.560Z,0,,,,,,,
732533,خويا حبس المحاجب وايديتي,49898,tiktok,@m7ajeb,2026-01-02T20:44:29.461582,301,,,,,,,
994678,"franchement, un flop ce resteau.",24452,tiktok,@opium,2026-01-02T18:29:38.994518,11,,,,,,,
994680,بالصحة عليك  [APPRECIATION],55338,tiktok,@askim_food,2026-01-02T21:13:28.670722,1,,,,,,,
863611,Surcoté par rapport à la qualité proposée. Prix exagérés Brioche oubliée,3887,Google Maps,L’Alchimiste Pâtisserie,2024-03-12T01:11:21.897Z,2,,,,,,,
863615,اللهم انصر اهل غزة,11270,Facebook,Restaurant Casa Bella - Draria,2025-07-30T19:03:28.000Z,0,,,,,,,
208257,"C’est parmi mes resto préféré et permis les meilleurs d’ailleurs :accueil , services , personnel , professionalism, bonne bouffe , ambiance il yas tous ce qu’on cherche bravo et bonne continuation  [APPRECIATION]",32270,tiktok,@le_carre_restaurant,2026-01-02T19:14:54.860337,14,,,,,,,
339334,نخلص 700في الشهر حسبي الله ونعم الوكيل,10589,Facebook,"  Restaurant elassil








",2025-12-18T19:33:40.000Z,0,,,,,,,
208265,"Déçu par mon plat qui contenait une grosse quantité de beurre liquide… c’était écœurant… je n’ai pas pu finir mon assiette… Un conseil au chef, il est préférable de mettre le beurre dans un bol à part… laissez au client le choix… Le boulgour était sans goût et la viande était sèche Le cadre du restaurant était convenable et les serveurs étaient professionnels même si ils ont oublié d’apporter les sauces… on les attends encore",5549,Google Maps,قصبة اسطنبول,2022-08-26T05:40:52.793Z,3,,,,,,,
470410,كيلو روز و 50 غرام جاج,40216,tiktok,@streetburger02,2026-01-02T19:44:10.396883,0,,,,,,,
732555,ça donne pas envie  [COMPLAINT],411,instagram,"brother.ts
",2025-01-11T16:20:04.000Z,0,,,,,,,
601493,ان نحبو بزاف منجيش ناكل الله يبرك مشالله,72544,tiktok,@pont_hydra,2026-01-02T22:13:25.580878,0,,,,,,,
863642,Je vous conseille d'y aller déguster,8349,Google Maps,American Burger Factory,2024-05-14T19:31:38.766Z,0,,,,,,,
470429,حالا,23774,tiktok,@leonard_restauran,2026-01-02T18:27:02.784722,1,,,,,,,
601503,J’avoue c’est trop bon,46174,tiktok,@thaisty_dz,2026-01-02T20:20:31.663088,2,,,,,,,
601507,احسن مطعم والله,33588,tiktok,@restaurant_gizay,2026-01-02T19:22:47.063794,2,,,,,,,
208304,Le meilleur restaurant à Alger il se trouvait à l intérieur même du jardin d essaie je ne sait pas si il est tjrs d actualité ou pas ?,70996,tiktok,@paradou_restaurant,2026-01-02T22:04:53.914392,0,,,,,,,
994737,"Extrêmement chère pour une assiette donner kebab tomate froide, 4 frites, 4 lammel de kebab seul le blé était correct. Cela reste un Beau restaurant. Je n y retourne pas!",6170,Google Maps,Casbah istanbul,2023-05-11T22:43:41.450Z,0,,,,,,,
339389,لكان وريتنا كي تاكل ولا غي إشهار,11932,Facebook,Restaurant San Benito,2025-10-25T20:46:45.000Z,1,,,,,,,
470466,"Qualité de service irréprochable, rapidité, le personnel est très aimable. Le plus : les frites sont incroyablement bonnes. Bonne continuation.",6915,Google Maps,American Burger said hamdine,2025-07-07T13:42:50.752Z,0,,,,,,,
339397,klit 3ndou poutine mashallah very delicious,30210,tiktok,@rombalfood,2026-01-02T18:56:32.308131,10,,,,,,,
732617,كليت في méga في chapwi ما شاء الله,58998,tiktok,@maestro_dz13,2026-01-02T21:21:22.102207,0,,,,,,,
994767,aucun goût igetfen d les prix ar lqa3 oumezough  [COMPLAINT],22006,tiktok,@maison_sardoudi,2026-01-02T18:22:37.799217,0,,,,,,,
470480,رانا فالقبة الغلاء والكوا بزاف بزاف,8907,Facebook,"

Sultan Restaurants",2025-10-20T13:25:51.000Z,4,,,,,,,
732630,Service Tacos Burger (normalement cest votre spécialité mais je suis déçu. ),8643,Google Maps,American Burger Factory,2022-01-30T12:07:36.600Z,1,,,,,,,
863705,Chose très importante il se trouve où ?,15008,tiktok,@lassiette.algeroise,2026-01-02T18:06:52.360679,0,,,,,,,
339430,تروح يڤولك لابرومو لبارح,43788,tiktok,@dzforestrestaurants,2026-01-02T20:11:30.146865,2,,,,,,,
470509,Perso c pas à mon goût . Y’a mieux et de loin,66016,tiktok,@cote_oran,2026-01-02T21:46:27.407706,0,,,,,,,
601582,on dirait 1 endroit au Bangladesh,43102,tiktok,@hocine.chapati,2026-01-02T20:03:46.401458,0,,,,,,,
994802,السعر 5000 تلف مكان مكان المشكلة ننصحكم,52712,tiktok,@uncles_burger_dz,2026-01-02T21:03:40.624916,0,,,,,,,
732661,par contre le couscous c'est le façon  vous le faites avec des œufs,36264,tiktok,@sinai,2026-01-02T19:28:42.387745,0,,,,,,,
732674,vous êtes les meilleures sur alger  [APPRECIATION],1947,instagram,sushigardendz,2025-08-26T19:12:09.000Z,2,,,,,,,
863752,بديناا,30394,tiktok,@lasombra.dz,2026-01-02T18:58:22.671364,1,,,,,,,
601616,فهمنا للاخ كل شي 150الف ولا كي نجو تقولنا لالا,11981,Facebook,Restaurant San Benito,2025-10-12T21:42:12.000Z,0,,,,,,,
339475,c’est quant est ce que les soirées svp ?,23792,tiktok,@leonard_restauran,2026-01-02T18:27:03.640699,0,,,,,,,
208407,غلطت و دخلت عندكم للاسف مازال فيا الدين و كون غير تشبع ماعليش كلشي حساب حتى الخبز يا لطيف و كي تجي تخلص تقول جيت تخطبو في بنتو يبقى يتكسل تقول داير فيك مزية,9207,Facebook,Restaurant Casa Bella - Draria,2025-12-07T08:01:32.000Z,4,,,,,,,
601627,Vous êtes le bienvenu chez nous  [BOUFFE],30236,tiktok,@rombalfood,2026-01-02T18:56:32.308169,1,,,,,,,
732706,60 الف سومة تاع برشني,55658,tiktok,@askim_food,2026-01-02T21:13:35.596572,0,,,,,,,
208426,"Bon accueil, Service rapide , plats identiques à ce qu’on commande , il y’a de la saveur à l’image de la Turquie , places de stationnement disponibles.",5231,Google Maps,قصبة اسطنبول,2025-02-11T12:26:52.021Z,0,,,,,,,
994859,انا دنيا قع ونا نحوس عليك,15710,tiktok,@mardoum,2026-01-02T18:07:54.294110,0,,,,,,,
994862,La prochaine fois nchlh quand je descends a annaba j vais visiter . Ça à l’air bon,61046,tiktok,@roofttop_anaba,2026-01-02T21:24:23.414515,1,,,,,,,
208433,لاحول ولاقوة الابالله علجل الدراهم مم النساء يصورهم اله المستعان,10644,Facebook,,2025-12-22T21:27:18.000Z,0,,,,,,,
339506,لا حول ولا قوه الا بالله حسبنا الله ونعم الوكيل في كل ضالم مفسد لنا الله غزة غزة غزة,38026,tiktok,@kfc,2026-01-02T19:39:26.429111,0,,,,,,,
994867,Very good taste with affordable prices,3180,Google Maps,تاج محل بن عكنون,2022-01-18T04:20:22.182Z,0,,,,,,,
732731,Hamza Chaib نفس الملاحظة,10240,Facebook,Restaurant Tabarka Annaba,2025-12-24T10:32:42.000Z,0,,,,,,,
470589,الميقا ماكلتهم بنينة كليت عندهم كامل مازال هذه نزيد نزورها ان شاء الله  [APPRECIATION],1413,instagram,megapizza.boussouf,2025-11-30T10:50:08.000Z,6,,,,,,,
339518,راكي من نيتك تقولي في اسماء الحوت محبيتيش تحبسي . يا ودي فريتوملات دوبل بيض شحال دير,13560,Facebook,Restaurant San Benito,2025-12-31T11:55:41.000Z,0,,,,,,,
601667,Un bon service je remercie Monsieur ghilass pour son accueil et son sourire et je souhaite un bon courage pour toute l’équipe de américain burger,7256,Google Maps,American Burger Factory,2025-06-01T13:54:54.191Z,0,,,,,,,
732741,الاكلً كويس بس ممكن تعملوا label للسندويتش و خصوصا لما يكون اكتر من ساندويتش في نفس الاوردر علشان الزبون يعرف ويش ياكل مي يتفاجئ في الاخير انه تبدلت الاكل مع بعض,6754,Google Maps,American Burger Factory,2025-08-22T20:17:59.184Z,0,,,,,,,
208454,Le prix,1518,instagram,niwafood,2025-05-25T15:48:45.000Z,0,,,,,,,
208457,Service top et rapide Repas vraiment excellent je recommande En famille on sait régaler,3128,Google Maps,تاج محل بن عكنون,2023-03-04T21:22:19.529Z,0,,,,,,,
470606,مرحبا بكم أمهات نخدم اللباس التقليدي القبائلي للأطفال بمناسبة يناير,1988,instagram,the____bakery,2025-12-30T13:04:52.000Z,2,,,,,,,
339538,c'est quelle jour qu'il y a des bons truc comme la autant de variétés de plats je suis venu la semaine dernière c'était pas pareil.,26290,tiktok,@lovers_grill,2026-01-02T18:34:55.204687,3,,,,,,,
863827,Jsusi en vacances en Algérie je vais y allez je suis loin d'Oran mais haisoul,45118,tiktok,@budz,2026-01-02T20:15:48.052564,3,,,,,,,
994900,encore kdhoubettew,70132,tiktok,@chtibo_oran,2026-01-02T21:58:45.733178,0,,,,,,,
339543,ناكله في الجنة,40420,tiktok,@woodchickendz,2026-01-02T19:45:50.018484,0,,,,,,,
732760,restaurant top,59858,tiktok,@oscar_restaurant,2026-01-02T21:22:05.755994,1,,,,,,,
470617,J'y suis allée 3 fois et chaque fois déception. L'hygiène est catastrophique cela ne doit pas coûter beaucoup d'énergie que de maintenir une salle de restaurant propre et attractive. Le personnel revient de l'extérieur manipule la nourriture sans se laver les mains ni mettre des gants. Pendant ce temps le personnel discute et se moque des clients. Une jeune femme sûrement une copine est passée derrière le comptoir touchait ses longs cheveux sur une boîte à pizza. La nourriture est servie froide et avec beaucoup de retard plus de 45 minutes d attente alors que nous étions 2 dans la salle. Si vous ne corrigez pas cela plus personne ne viendra la concurrence est rude. Personnellement je n' y retournerai plus et par sécurité je ne recommande pas à mon entourage.,627,instagram,budz.dz,2024-10-22T00:35:48.000Z,9,,,,,,,
863833,في شحن على  السويد ؟,39110,tiktok,@itchy_food,2026-01-02T19:41:08.088600,0,,,,,,,
863835,رمضان مبارك لجميع الأمة الإسلامية,7978,Google Maps,American Burger Factory,2025-02-05T14:47:49.468Z,0,,,,,,,
339565,"catastrophe, pas De clims, services super long pas De sanitaire(en travau) [COMPLAINT]",62632,tiktok,@allechante,2026-01-02T21:30:53.973724,0,,,,,,,
732782,"Nothing special. I have been eating in many places in Algeria and I would say this is the place that I didn't really enjoy. Food is basic, prices are a bit expensive for what it is but mainly there is nothing special. You can literally eat in so many other places. Maybe it's good for rich families who live in Alger and 'ever experience French food. But for me it wasn't a good experience. The waiters and the person at the entrance were nice though.",3401,Google Maps,Caracoya,2024-08-14T21:26:16.344Z,0,,,,,,,
863854,"Bonjour, L'hôtesse d'accueil été très accueillante et souriante. L'un des serveurs ou responsable de salle Turque rigide avec sourire glacial. Le houmous que j'ai pris, j'en ai mangé bien plus bon, la quebeh je doute fort qu'elle soit faite avec du Bourghol, j'ai pris un autre truc je ne sais pas comment il s'appelle payer a 1350 dz sensé contenir de la viande hachée, lol c'était des poussières de viande hachée j'en doute fort que ça a atteint les 100gr. Enfin j'ai fini le Mr rigide même pas me dit ça va c'était bon , il voulait juste m'imposer un dessert c'est tout ce qu'il l'intéressé , il m'a accompagné a la caisse il été deux turque un il m'a accompagné et l'autre resté juste à côté de moi et me regardait bizzatrement, la caissière très agréable, les deux Mr ils ont attendu jusqu'à ce que je finisse de payer et ils ont quitté les lieux. Le amazon et le restau du 2 ème sont de loin beaucoup meilleures en qualité de nourriture prix et acceuil.",5184,Google Maps,Casbah Istanbul القصبة اسطنبول,2025-01-23T13:37:46.940Z,0,,,,,,,
339569,le meilleur  [RECOMMENDATION],51974,tiktok,@rays_annaba,2026-01-02T21:03:07.004473,1,,,,,,,
339588,زوج حبات صولا وزوج سوران و حبة بوڨا و ربع حبات فوباجو و كلها كونجلي و ربع حبات سلاطة بمليون,13121,Facebook,Restaurant San Benito,2025-10-13T00:24:16.000Z,0,,,,,,,
601747,ماتنقي ماوالو,13571,Facebook,Restaurant San Benito,2025-12-30T07:16:48.000Z,0,,,,,,,
208534,happy days c'est le meilleur son aucun doute,28674,tiktok,@american.burger.tizi,2026-01-02T18:47:31.474900,0,,,,,,,
863905,تهدرو على كلش غير السومة تخافو منها والله تخافو يهرب عليكم الغاشي,10544,Facebook,"  Restaurant elassil








",2025-12-26T21:29:31.000Z,0,,,,,,,
208548,خوتي لطيفة نمبر وان,66540,tiktok,@bakhcis_oran,2026-01-02T21:50:36.560288,7,,,,,,,
601772,علاه تذكرت صحاب نقرة كي قاله تجي عندنا سنتارينو,13318,Facebook,Restaurant San Benito,2025-10-13T14:14:55.000Z,0,,,,,,,
470700,حميس 40الف,15700,tiktok,@mardoum,2026-01-02T18:07:54.294098,0,,,,,,,
470708,Ahmed Bayoud حنا في الجزائر ورانا كيفهم قتلنا مرض والفقر,12868,Facebook,Restaurant San Benito,2025-10-13T05:57:16.000Z,0,,,,,,,
995001,"À fuir Très déçu de mon expérience dans ce restaurant. On a attendu extrêmement longtemps avant d’être servis, et le serveur a tout simplement oublié de passer notre commande après l’avoir prise. Il est revenu bien plus tard pour la redemander. Quand on a enfin été servis, les frites étaient froides et la pizza était extrêmement huileuse. Et malgré tous ces problèmes, aucun geste commercial n’a été proposé. Franchement, je ne recommande pas.",5838,Google Maps,Casbah istanbul,2025-07-22T20:54:11.502Z,0,,,,,,,
208570,"Accueil chaleureux, service rapide et attentionné, burger très délicieux. A recommander !",6865,Google Maps,American Burger said hamdine,2025-07-17T19:57:09.027Z,0,,,,,,,
732859,"bonjour , j'ai besoin de vous conseiller",27836,tiktok,@thala,2026-01-02T18:45:06.606583,0,,,,,,,
863951,هذي البلاصة بالذات فطرنا فيها . كلشي شبلب,32386,tiktok,@restaurant_iceberg,2026-01-02T19:16:36.932751,0,,,,,,,
470739,Nabil Pvc راهي عريانة شيخ ؟؟,12906,Facebook,Restaurant San Benito,2025-10-13T12:10:32.000Z,1,,,,,,,
863955,"Great experience overall , the staff were very welcoming , the service was quick , it was a little bit expensive for its value , but still a very pleasant dinner ,",4186,Google Maps,هشام كوك بيتزا,2024-10-10T16:29:48.186Z,0,,,,,,,
732885,"La seule chose qui est super bien reconnue au Maroc, c’est la Thaïlande, j’espère que t’as compris",16640,tiktok,@user5834669559361,2026-01-02T18:10:45.373077,0,,,,,,,
208601,"Super restaurant pour manger avec une variété de choix. Le restaurant dispose même de salle vip pour être isolé. L’accueil est très chaleureux , le service courtois et rapide. Le décor est magnifique avec plusieurs salles et étages. Adresse à retenir si vous êtes de passage à Alger.",7878,Google Maps,Restaurant À Petit Feu,2023-06-16T09:10:44.974Z,1,,,,,,,
339681,Il fait une réservation ou on peut y aller directement?,22258,tiktok,@cezam,2026-01-02T18:23:30.708538,0,,,,,,,
208619,Aw 150 Alf f plat sghir hakda lol,12136,Facebook,Restaurant San Benito,2025-10-13T11:38:26.000Z,0,,,,,,,
208623,Je valide pas j’ai eu mauvaise expérience ici,58662,tiktok,@la.nouvelle.etoile0,2026-01-02T21:21:02.250258,0,,,,,,,
339698,"salam, si tu donne pas l'adresse, comment tu veut que te trouve",36130,tiktok,@sinai,2026-01-02T19:28:35.422911,0,,,,,,,
601845,Tacos curry et le meilleur cordon bleu W service top  [APPRECIATION],20912,tiktok,@sultan,2026-01-02T18:21:26.579807,0,,,,,,,
339703,Merci pour les commentaires  nkmloo hakda wlh ytsgmo kml  [APPRECIATION],20334,tiktok,@labelladalger16,2026-01-02T18:19:35.299475,11,,,,,,,
208631,korea town Los Angeles c vrai wahran chaba besah mataheblounech  [APPRECIATION] [BOUFFE],69798,tiktok,@chtibo_oran,2026-01-02T21:58:33.935708,0,,,,,,,
601854,خوتكم يموتو بالجوع في غزة و نتوما لهيين في كروشكم,12244,Facebook,Restaurant San Benito,2025-10-13T10:58:43.000Z,0,,,,,,,
208646,"Étant une habituée depuis des années et ayant essayé tous leurs burgers et sandwichs, American Burger restera toujours mon coin favori, service rapide malgré le monde qu’il y’avait et bien évidement le goût et la propreté sont toujours au rendez-vous, pour l’ambiance c’était assez sympa et cozy , bravo et bonne continuation",7512,Google Maps,American Burger Factory,2025-05-21T05:19:04.007Z,0,,,,,,,
208647,"Our first date , first feeling, first birthday and the last love with the last person the best ever [APPRECIATION]",32220,tiktok,@le_carre_restaurant,2026-01-02T19:14:51.260333,91,,,,,,,
864010,غالية متروحش,31740,tiktok,@entracte,2026-01-02T19:14:17.379706,1,,,,,,,
995090,"J'ai vraiment aimé l'endroit, le personnel, le menu (surtout la pizza qui est très bonne) et les prix sont vraiment abordables.",4954,Google Maps,Hicham cook pizza pasta,2020-01-07T13:19:25.011Z,0,,,,,,,
601893,"Excellent accueil, portion généreuse et exquis. Chapeau bas au chef",2836,Google Maps,HichamCook Grill House,2022-12-16T16:07:36.017Z,1,,,,,,,
995110,السر المقلى المدودة و الزيت لمعاودة,42112,tiktok,@street_food,2026-01-02T19:58:00.340568,0,,,,,,,
470823,فرق كبير بين الواقع والمواقع,36684,tiktok,@memelkateelkabda,2026-01-02T19:33:59.570121,1,,,,,,,
732985,dommage  [APPRECIATION],15372,tiktok,@fouka.marine,2026-01-02T18:07:33.220380,0,,,,,,,
732999,faut avoir de l'argent pour que tu sois respecter ces comme ça la vie,28726,tiktok,@american.burger.tizi,2026-01-02T18:47:33.266970,0,,,,,,,
733003,Food was meh and some sandwiches were cold. Waiting time is terrible. Self service idea is badly implemented,7834,Google Maps,American Burger Factory,2025-02-28T17:42:12.060Z,0,,,,,,,
733005,طاكوس ديالو ديڨة  بزاف بنين,20856,tiktok,@sultan,2026-01-02T18:21:22.579146,3,,,,,,,
733010,"Le service est très professionnel, ça se voit que les serveurs sont formés. La nourriture est excellente et très généreuse. Le Murgh Makhani est bon mais un peu trop sucré, le korma est juste parfait.",3070,Google Maps,تاج محل بن عكنون,2024-07-14T09:59:43.706Z,0,,,,,,,
995156,البحر يتكلم,15502,tiktok,@fouka.marine,2026-01-02T18:07:36.650675,1,,,,,,,
864089,"Un endroit respectueux familial, propre, la pizza et les pâtes étaient bonnes, je le recommande",4212,Google Maps,هشام كوك بيتزا,2024-09-02T14:51:22.359Z,0,,,,,,,
208733,On le mange avec les mains pas besoin de pincettes,72714,tiktok,@pont_hydra,2026-01-02T22:13:34.548332,0,,,,,,,
733029,"""قالوا إن اللي يفتح كافيه KFC أو فرع له في ورقلة بيصير مليونير باليورو، حسب الأسطورة. """,38916,tiktok,@kfc,2026-01-02T19:40:00.228556,0,,,,,,,
470896,قرعة كليت عندو ماكان والو بيتزا ملتصلحش وزيد غالي جاي شباب برك,20420,tiktok,@labelladalger16,2026-01-02T18:19:36.965676,0,,,,,,,
733054,مخصكمش خدام الله يحفضك,13280,Facebook,Restaurant San Benito,2025-10-13T11:35:26.000Z,0,,,,,,,
864130,"tout à fait ça ce voir la tranquillité, un beau coin comême  [APPRECIATION]",21722,tiktok,@maison_sardoudi,2026-01-02T18:22:30.984890,0,,,,,,,
864131,الماكلة وللخرا هذا وش تعرفو,11209,Facebook,Restaurant Casa Bella - Draria,2025-07-28T16:55:38.000Z,0,,,,,,,
733060,الماكلة جاتني باردة ساعة وانا نستنى حلف عليهم ربي معاهم,19926,tiktok,@villa_frere,2026-01-02T18:17:40.968496,2,,,,,,,
733078,كاين عروسة البحر,12947,Facebook,Restaurant San Benito,2025-10-13T15:19:37.000Z,0,,,,,,,
339867,الله الله [APPRECIATION],34996,tiktok,@sinai,2026-01-02T19:28:03.462398,0,,,,,,,
208801,راح انسقسيكم وينوااا الغاشي,58408,tiktok,@la.nouvelle.etoile0,2026-01-02T21:20:57.061354,0,,,,,,,
733090,اقوى وحدة تع الجوكر,55152,tiktok,@panera_41,2026-01-02T21:12:53.237329,0,,,,,,,
339891,Emplacement exacte sur maps svp,60310,tiktok,@seraidi.live.z,2026-01-02T21:22:47.257370,0,,,,,,,
733108,وعليكم السلام ورحمه الله وبركاته بالتوفيق  [APPRECIATION],35074,tiktok,@sinai,2026-01-02T19:28:04.344022,0,,,,,,,
864182,دخلت عندو ال نكومنداها اقلي مكانش,56270,tiktok,@the_chef_house_23,2026-01-02T21:14:35.421510,0,,,,,,,
470977,Très bonne més le service ampues més parfait mersi,5438,Google Maps,Casbah Istanbul القصبة اسطنبول,2023-05-29T20:39:12.666Z,1,,,,,,,
602054,Ammmmm c bon  [APPRECIATION],36036,tiktok,@sinai,2026-01-02T19:28:33.477081,0,,,,,,,
864201,Qu’Allah fructifie votre restaurant  [APPRECIATION],35116,tiktok,@sinai,2026-01-02T19:28:05.172181,0,,,,,,,
208853,مرحنا لا نايت لا مورنينڨ,23610,tiktok,@jomane,2026-01-02T18:26:25.906218,0,,,,,,,
733142,في عين الله هذي,26820,tiktok,@seven.times,2026-01-02T18:39:13.736962,1,,,,,,,
864222,Mohamed Solo اشري واحد مقالك روح بسيييف تجهلو الواحد  [RECOMMENDATION],10498,Facebook,Dz Forest Restaura,2025-10-14T22:08:07.000Z,0,,,,,,,
471009,"Incroyable endroit là cuisine est vraiment magnifique c est la deuxième fois que je viens, toujours aussi bon",3109,Google Maps,تاج محل بن عكنون,2023-08-28T20:36:21.640Z,0,,,,,,,
733157,Dégradation totale,6867,Google Maps,American Burger said hamdine,2025-07-16T23:05:44.850Z,0,,,,,,,
995309,Atmosphère agréable et personnel au petit soin  [APPRECIATION],26870,tiktok,@seven.times,2026-01-02T18:39:15.374422,1,,,,,,,
471033,Vive la mouette,12199,Facebook,Restaurant San Benito,2025-10-13T18:41:38.000Z,1,,,,,,,
733179,والله ما تحشم خوتي عام و هو يقولي نعرضك للعشى و جامي عيطلي,66856,tiktok,@bladi_oran,2026-01-02T21:51:27.165984,1,,,,,,,
339971,لوكان كملتها كيسلي وخلاص قالو كيافسي,37992,tiktok,@kfc,2026-01-02T19:39:25.427757,1,,,,,,,
995337,svp plus de détails concernant les heures d'été merci,24642,tiktok,@laturquoisehotel,2026-01-02T18:30:17.426553,2,,,,,,,
208910,Tres bon coin avec un service impeccable & une bouffe délicieuse. Je vous conseille vivement d’y aller,7974,Google Maps,American Burger Factory,2025-02-05T21:14:34.312Z,0,,,,,,,
208918,شحال بنين بصح يدور على القلب,55354,tiktok,@askim_food,2026-01-02T21:13:28.670740,0,,,,,,,
864284,نظافة بنة حسن إستقبال و معاملة 100٪,51994,tiktok,@rays_annaba,2026-01-02T21:03:08.680022,4,,,,,,,
864291,"A fuir, arrivée à 12h20 départ 13h37 sans avoir était servi dans l'intervalle, nous aurons eu des reproches du serveur pour notre choix de repas qui a engendré le retard de service je vous prie de nous excuser pour notre outrecuidance, j'avoue que l'erreur était de vous choisir, repas gâché payé pour emporter ce qui devait être un moment de détente pour l'anniversaire de ma sœur durant notre pause déjeuner car malheureusement nous travaillons, 10 ans après de bon souvenirs vous avez perdu des clients fidèles, bon vent et bonne Mer.",3439,Google Maps,Caracoya,2023-11-29T14:17:37.580Z,0,,,,,,,
864296,Comme si tu me dit prend l’avion juste pour goûter tes langoustes   [BOUFFE],192,instagram,amine_la_cantine,2025-08-14T18:37:57.000Z,10,,,,,,,
864299,فريد لعزيز  كلش لووووكس [APPRECIATION],40990,tiktok,@derby.food,2026-01-02T19:50:05.693612,3,,,,,,,
340022,eviction,61000,tiktok,@jnina_concept,2026-01-02T21:23:49.000738,0,,,,,,,
471100,اسم المطعم من فضلكم,15272,tiktok,@fouka.marine,2026-01-02T18:07:31.468932,0,,,,,,,
208956,فكرتوني و سخفتوني و أنا بعيدة,51656,tiktok,@mfood.plus,2026-01-02T21:01:24.075544,0,,,,,,,
208970,En 31 /12 2026 inchallah,66034,tiktok,@restaurant_mani,2026-01-02T21:47:12.759925,0,,,,,,,
864330,باغي ناكلك انتي ازييين,13708,Facebook,Restaurant San Benito,2025-12-21T05:30:51.000Z,0,,,,,,,
340044,وتحيا الجزيرة,10969,Facebook,Restaurant Casa Bella - Draria,2025-07-27T22:52:17.000Z,0,,,,,,,
602190,"Bonsoir, Après un dîner au restaurant en famille ce soir. Résultat ? je conseil fortement les plats étaient très très bons et je remercie hayub notre serveur au top. Merci beaucoup",3735,Google Maps,Laurel Restaurant,2024-08-08T23:06:43.435Z,0,,,,,,,
733262,كاين توصيل باينام,9908,Facebook,,2025-10-20T13:25:17.000Z,0,,,,,,,
864344,التقلاش بالكونجلي الفري والله ماتخدموه,13057,Facebook,Restaurant San Benito,2025-10-13T18:56:19.000Z,0,,,,,,,
471129,"très bon accueil, très bon service, repas super bon. On reviendra pour manger toute la carte",6595,Google Maps,Restaurant À Petit Feu,2025-08-14T22:38:06.898Z,0,,,,,,,
471135,Tu a vu bien les reportages au bled sur hygiène dans les boulangeries et restaurants j inventé rien j aime mon pays mais pas les crado,63904,tiktok,@silyon69,2026-01-02T21:33:16.602439,0,,,,,,,
995432,خليل رحماني كي يقعلك بصحتو و بصحتك  [COMPLAINT],9957,Facebook,Dz Forest Restaura,2025-10-13T00:23:45.000Z,0,,,,,,,
733290,Ahmed Bayoud ناس تموت بالجوع حط تلفونك و اغلق fcbk تاعك ما تشوفش اشهار تاع مطعم واش حبيتوهم يحكمو الحيط و يبكو و يخلو ولادهم للشر و انت علاه راك تروح تخدم حبس خدمتك تضامنا مع غزة هاذو 20 خدام ديرلهم شهرية ولا دخلهم سونطراك يصلحو تراب دقيقة ما يزيدوهاش تما,12825,Facebook,Restaurant San Benito,2025-10-13T16:33:19.000Z,0,,,,,,,
864366,dontella wn jay exactly,58720,tiktok,@maestro_dz13,2026-01-02T21:21:18.001971,2,,,,,,,
602223,"Personnel machallah rien à dire souriant et courtois, Le personnel turque fait l'effort de vous comprendre. Le thé est gratuit après le déjeuner.",6232,Google Maps,Casbah istanbul,2022-08-13T23:32:11.547Z,0,,,,,,,
471153,وبن بلص,49188,tiktok,@chicks_nook,2026-01-02T20:40:16.100234,1,,,,,,,
471155,بلاصة في شباب  [APPRECIATION],70292,tiktok,@le_petit_chalet,2026-01-02T22:00:17.984148,1,,,,,,,
602236,ماكلاة شابة ولكن انت تعفنها,12083,Facebook,Restaurant San Benito,2025-10-12T23:30:59.000Z,0,,,,,,,
209020,صحاب الدراهم يضربوا غير الحبة الطرية,27112,tiktok,@seven.times,2026-01-02T18:39:23.648736,0,,,,,,,
864392,Le général Eisenhower il était venu dîner plusieurs fois au cintra vers les années 50,64620,tiktok,@cintra,2026-01-02T21:34:54.273390,0,,,,,,,
209032,"L’arnaque du siècle! Pizzas avec une sauce tomate acide! Aucune saveur et des serveur sans convivialité. Pâtes aux fruits de mer? Pâtes aux déchets de la mer! 2 moules et calamars surgelés (avec la même sauce acide! ) aucune fraîcheur! Et le tout pour 8, 000 dinars! Du vol oui!",4124,Google Maps,هشام كوك بيتزا,2025-01-11T23:31:58.884Z,0,,,,,,,
471179,Très délicieux,7724,Google Maps,Restaurant À Petit Feu,2023-10-16T16:53:27.472Z,1,,,,,,,
864395,toooop sacson.,64386,tiktok,@cintra,2026-01-02T21:34:49.021184,0,,,,,,,
995476,لي راكم تقولولو غالي من نيتكم؟ ماشي موالفين تروحو لي ريسطو؟ رانا ناكلو بلا بولي سامبل ب 1200 دج,908,instagram,hichamcookgrill,2025-07-27T17:18:24.000Z,5,,,,,,,
995480,Expérience très agréable. Tout était au top,2314,Google Maps,HichamCook Grill House,2025-08-28T14:05:52.377Z,0,,,,,,,
471195,مطعم روع واصلو تستحقو كل شئ,8823,Google Maps,American Burger Factory,2018-06-16T20:24:48.182Z,0,,,,,,,
995485,وين بلاصة هذي,43820,tiktok,@dzforestrestaurants,2026-01-02T20:11:31.252331,0,,,,,,,
733342,House تحيا ياسر ارواح تتعلم عند ياسر المحل تاع ياسر في البرج 12 اكتار ارواح مرحبا بلجميع,47648,tiktok,@bazookadz,2026-01-02T20:32:30.908241,0,,,,,,,
471201,اين الموقع لاطاي اصلا هربت،  [BOUFFE],30492,tiktok,@lasombra.dz,2026-01-02T18:58:27.351190,0,,,,,,,
602282,خاوتي نسقسيكم كيفاش يقدرو ينيطويو الحالة هكدا,9202,Facebook,Restaurant Casa Bella - Draria,2025-12-07T21:57:16.000Z,1,,,,,,,
340139,win exactemnt,22738,tiktok,@le_perchoir,2026-01-02T18:25:12.072802,0,,,,,,,
995503,"J'ai été déçu par les plats qui m'ont été présentés J'avais mangé dans ce restaurant il y a 18 mois et j'avais trouvé les plats présentés délicieux avec une viande goûteuse, tendre et parfumé Comme je revenais à Alger je voulais renouveler l'expérience mais je n'ai retrouvé aucune des saveurs; la viande était mal cuite et avait un arrière goût comme si elle était mal conservée, le pain servi était dur voire rassi et le boulgour avait un goût de plat cuit et recuit et surtout moisi Je n'ai pas fini mon assiette et regrette bien la qualité perdue d'autant que les prix restent élevés pour un service aussi médiocre En parlant du service; durant le repas, il y avait une personne qui passait le balai ! Un service digne d'un vulgaire Macdonald de 3ème zone",5172,Google Maps,قصبة اسطنبول,2025-06-19T23:22:53.754Z,0,,,,,,,
209071,زوج روندلات كلامار كونجلي حبة بيزوڨ حبة روجي تاع يومين ب 1500دج. خويا . هداك طبسي نحطو فيه الفلفلة خويا صغير بزاف. كروفات بلاصوص انا راني نشوف لاصوص بلاصوص تاع طومايس,11368,Facebook,Restaurant San Benito,2025-07-26T13:09:02.000Z,46,,,,,,,
733378,55 حسن الاستقبال,62256,tiktok,@hamidhamid806,2026-01-02T21:29:12.264889,1,,,,,,,
733379,500 الف نتعشا بيها 9 ايام بلا روز وبيري وطرف كويس,44572,tiktok,@dzforestrestaurants,2026-01-02T20:11:57.717696,0,,,,,,,
471238,والله معلابالي بصح جامي يجي كيما تاع برا  [BOUFFE],42484,tiktok,@street_food,2026-01-02T19:58:08.773034,0,,,,,,,
209094,"Je n'ai pas aimé, ce n'était pas bon",2609,Google Maps,HichamCook Grill House,2023-11-09T06:44:35.198Z,0,,,,,,,
864456,Livreur 0774070628,65222,tiktok,@restaurant_marisco,2026-01-02T21:40:10.172033,0,,,,,,,
733385,اغلى مطعم لازم تساوم قبل ماتاكل,11259,Facebook,Restaurant Casa Bella - Draria,2025-07-29T14:20:16.000Z,0,,,,,,,
995530,"Excellent place to go to , this is the first time we eat indian's food and it was very good and spicy and clean ! Great surprise! W'll be back. Congratulations to the team.",3172,Google Maps,تاج محل بن عكنون,2022-03-28T20:40:19.753Z,1,,,,,,,
471244,المداخلة يحبون أن يدخلوه كثيرا,11086,Facebook,Restaurant Casa Bella - Draria,2025-09-09T14:42:01.000Z,0,,,,,,,
340173,"Dans l'ensemble sa va, juste les prix un élève  [APPRECIATION]",5370,Google Maps,Casbah Istanbul القصبة اسطنبول,2023-09-22T07:36:38.376Z,3,,,,,,,
602319,Je me suis fait 200 bornes de Béjaïa a Alger pour sauver une bonne pizza finalement je t'ai déçu.,4659,Google Maps,Hicham cook pizza pasta,2025-07-08T21:52:27.430Z,0,,,,,,,
602329,سلام على طقم سفن تايمز,1800,instagram,seven_times_la_villa,2025-07-23T20:39:51.000Z,0,,,,,,,
209116,لاإله إلا الله محمد رسول,11103,Facebook,Restaurant Casa Bella - Draria,2025-07-28T15:19:20.000Z,0,,,,,,,
471267,Salam vous faite la livraison sur calytous merci,9463,Facebook,,2025-10-29T19:49:14.000Z,1,,,,,,,
864498,ماشاء الله ثمن معقول انسان يفرح روحه هو امه انشاء الله,11785,Facebook,Restaurant San Benito,2025-07-28T22:47:06.000Z,0,,,,,,,
340215,testé et approuvé,71858,tiktok,@amine.lacantine,2026-01-02T22:11:32.919560,0,,,,,,,
995576,en fain a beau et classe endroit a annaba  [APPRECIATION] [RECOMMENDATION],61192,tiktok,@la.criee,2026-01-02T21:24:45.600214,2,,,,,,,
471288,Livraison oued semar kayen,9567,Facebook,,2025-10-30T17:54:09.000Z,1,,,,,,,
995581,"I ordered two of their most expensive steaks, a burger and sides, to be honest the steaks were overcooked in places and undercooked in places, my wife's steaks was so tough she couldn't eat it. Shame to waste such a good piece of meat, the burger was pretty tasty and the chips were good but the star of the show was the camembert fondue I wish I didnt order the steak to be honest",2312,Google Maps,HichamCook Grill House,2025-08-31T05:38:10.368Z,0,,,,,,,
733439,Mais pourquoi l'armée est partout Corée du Nord ou quoi ?,28732,tiktok,@american.burger.tizi,2026-01-02T18:47:33.266978,0,,,,,,,
602371,Mohamed Med صي جزاير مسحت ديون لجماعة لونساج,12813,Facebook,Restaurant San Benito,2025-10-13T11:16:51.000Z,0,,,,,,,
995588,Good Turkish food,5921,Google Maps,Casbah Istanbul,2025-03-19T22:40:09.873Z,0,,,,,,,
471310,ملانج. و عطبه نص. الطبصي. 250 الف.,11623,Facebook,Restaurant San Benito,2025-10-12T21:20:29.000Z,0,,,,,,,
995599,Le prix svp,749,instagram,elmarssem.dz,2023-12-03T21:12:55.000Z,0,,,,,,,
864531,"Monsieur Ghiles a été très agréable et serviable et accueillant, un endroit agréable une personne souriante. Allez y les yeux fermés. Il y a aussi une très belle terrasse.",7536,Google Maps,American Burger Factory,2025-05-18T21:00:06.183Z,0,,,,,,,
995607,"100% turque, très bon , très délicieux , établissement propre , personnel propre . le prix plus au moins , je dirais même un tous petit peu cher , mais on comparent à ce qu’il présente c’est assez correct.",6446,Google Maps,Casbah Istanbul,2018-08-27T10:44:57.902Z,0,,,,,,,
602391,ربي يوفقك و يقوي رزقك خويا لعزيز,51768,tiktok,@quick_bite,2026-01-02T21:01:58.708720,1,,,,,,,
864540,500 نعرض بيها الحومة على فطور ف موناكو,44016,tiktok,@dzforestrestaurants,2026-01-02T20:11:35.500140,0,,,,,,,
340257,"It's called American Burger but the management is Algerinized, when you order outside, you won't be a priority for them, people who's inside get the quickest customer service ever existed. i ended up waiting for more than 30min for my tacos and burgers. the food is 6/10",7862,Google Maps,American Burger said hamdine,2022-08-29T14:34:04.008Z,0,,,,,,,
209189,قاطعوه كما حنا مقاطعينو هوا أو ماكدونال,38554,tiktok,@kfc,2026-01-02T19:39:42.221351,0,,,,,,,
733478,Bonne bouffe mais la salle est exigue,8526,Google Maps,American Burger Factory,2023-03-06T11:54:17.621Z,0,,,,,,,
340269,KFC  dégager moi ça de L'Algérie [COMPLAINT],38710,tiktok,@kfc,2026-01-02T19:39:50.998437,0,,,,,,,
602414,هاذا كامل صندوق تاع حوت,12994,Facebook,Restaurant San Benito,2025-10-13T07:50:59.000Z,0,,,,,,,
995644,ارواح تاكل نص عتروس ب 500,44544,tiktok,@dzforestrestaurants,2026-01-02T20:11:56.278202,0,,,,,,,
864578,avant d'aller dans ce genre d'endroit merci de bien préparer 7000 dinars minimum,33034,tiktok,@sinai,2026-01-02T19:18:32.721297,2,,,,,,,
995653,l'adresse srtpl,25598,tiktok,@ofennec.officiel,2026-01-02T18:34:06.556540,0,,,,,,,
602437,oui mais c'est où exactement quelle wilaya,36106,tiktok,@sinai,2026-01-02T19:28:34.439341,0,,,,,,,
995680,شكون يقولي واش من ولاية,43844,tiktok,@dzforestrestaurants,2026-01-02T20:11:32.019795,0,,,,,,,
602473,بالتوفيق [APPRECIATION] [RECOMMENDATION],70348,tiktok,@le_petit_chalet,2026-01-02T22:00:19.687356,0,,,,,,,
995692,بصحاتكم,66790,tiktok,@bladi_oran,2026-01-02T21:51:21.249692,1,,,,,,,
864620,bonjour c'est où ça SVP,31894,tiktok,@entracte,2026-01-02T19:14:25.768442,1,,,,,,,
602479,وين بلاصة هدي,32182,tiktok,@entracte,2026-01-02T19:14:36.058772,1,,,,,,,
209265,"Clean, comfortable ambiance, great service, decorated nicely, kind staff, prayer rooms, varied menu, good with kids, able to sit large groups. only good things to say.",6570,Google Maps,Restaurant À Petit Feu,2025-08-28T14:35:11.644Z,0,,,,,,,
864635,مور ريستورو مخبي روحه ونتي ديريله إشهار  وفالتالي يعطيك صوميل للنهار,13221,Facebook,Restaurant San Benito,2025-10-12T23:25:18.000Z,1,,,,,,,
995744,ديري قيمة لروحك وحشمي كيهادي نقلشك سيدي!,12913,Facebook,Restaurant San Benito,2025-10-14T19:27:57.000Z,0,,,,,,,
602541,الاسعار الله يبارك شريت سلاد نورمال ب500 والبيتزا لقيت فيها طونبة حية و زوج ولاد فاميلي عرضتهم ياكلو معايا,2341,Google Maps,HichamCook Grill House,2025-07-17T22:17:26.368Z,0,,,,,,,
602545,eeeeh ouiii s'était ici le rdv. tà wouleds Wahran la classe  [APPRECIATION],64382,tiktok,@cintra,2026-01-02T21:34:49.021179,0,,,,,,,
471489,كليت طاكوس ستاك لحم ڨراف عاصي فرماج يبان ماشي كاليتي بلنسبة ليا rtacos خير,7218,Google Maps,American Burger Factory,2025-06-05T10:46:44.562Z,0,,,,,,,
471492,ou exactement cvp,36856,tiktok,@restaurant.madala,2026-01-02T19:34:40.250820,0,,,,,,,
733652,cheese ta3 story w ta3 sah machi kifkif,39414,tiktok,@brother.tselbiar,2026-01-02T19:41:44.169650,1,,,,,,,
471511,"The burgers and cheesy fries are okay But the Philly cheese steak was horrible, the meet so hard to chew.",8721,Google Maps,American Burger Factory,2021-04-27T14:52:49.469Z,0,,,,,,,
995819,"Quoi vous dire, ma sœur et ma cousine ont choppé une intoxication suite à un déjeuner la bas. franchement je le recommande pas sauf si vous voulez finir aux toilettes . Une hygiène douteuse combinée à une caissière pas du tout professionnelle",6166,Google Maps,Casbah istanbul,2023-05-23T20:56:45.633Z,1,,,,,,,
209398,اكثر من ساعة من الانتظار,4297,Google Maps,هشام كوك بيتزا,2024-07-05T19:14:06.096Z,0,,,,,,,
733693,excellent surtout avec du beurre et persil au four  [APPRECIATION],73610,tiktok,@pont_hydra,2026-01-02T22:14:00.132552,0,,,,,,,
995843,Donner leurs la force  [APPRECIATION],53474,tiktok,@thaisty_dz,2026-01-02T21:07:25.946609,0,,,,,,,
340485,مطعم رائع . حسن استقبال . و أكل عالمي . نظافة و ظرافة,6533,Google Maps,Restaurant À Petit Feu,2025-10-09T19:02:06.820Z,0,,,,,,,
995846,و انت تجي معاهم ولالا في البلا,13187,Facebook,Restaurant San Benito,2025-10-13T12:30:42.000Z,0,,,,,,,
209415,Pourquoi mettre Oran alors que ce n’est pas là-bas ? Pour faire parler les gens dans les commentaires !,69766,tiktok,@chtibo_oran,2026-01-02T21:58:33.586457,3,,,,,,,
340497,"Excellent restaurant, nous avons adoré chaque plat servis. Notion special pour le butter chicken et le tikka massala qui étaient délicieux. Rien à envier et même meilleur que les restaurants indien de Paris les plus réputés par exemple. Service au top, portion astronomiquement énorme. Prendre un seul butter chicken pour deux suffiraient amplement tant les portions sont généreuse. Ambiance agréable, décoration traditionnelle, bon rapport qualité quantité prix. Nous recommandons avec ardeur !",3064,Google Maps,تاج محل بن عكنون,2024-08-21T21:34:25.244Z,0,,,,,,,
995860,Face Au siège de la federation du stade 5 juillet,32586,tiktok,@seven.times,2026-01-02T19:17:41.334080,0,,,,,,,
864789,Howa chebb mi service 0 mlkher,20488,tiktok,@labelladalger16,2026-01-02T18:19:37.844204,0,,,,,,,
471574,"Les sandwichs sont très bons, les tacos aussi. Bref tt est bon, seul hic, on n'a jamais pu s'attabler, trop de monde.",8578,Google Maps,American Burger Factory,2022-09-08T12:58:06.947Z,1,,,,,,,
471577,زمن التفاهات,11194,Facebook,Restaurant Casa Bella - Draria,2025-07-28T19:53:22.000Z,0,,,,,,,
602658,تقلاش في سومة,12940,Facebook,Restaurant San Benito,2025-10-13T12:38:40.000Z,3,,,,,,,
733730,احسن مطعم في الجزائر هو المطعم الشعبي وفي الاحياء الشعبية,58060,tiktok,@vilageneige_annaba,2026-01-02T21:19:43.333766,0,,,,,,,
209450,la légende et vrai je recommande fortement,25832,tiktok,@ofennec.officiel,2026-01-02T18:34:12.788105,4,,,,,,,
602667,Une femme très riche en culture . Yen à pas beaucoup comme toi mais bon,27620,tiktok,@thala,2026-01-02T18:44:57.723077,0,,,,,,,
864810,Jamais compris pourquoi le personnel est aigri ! Je l’ai regretté ! Essayez de faire des efforts sur ça !,62786,tiktok,@allechante,2026-01-02T21:30:57.321137,0,,,,,,,
864822,وين هدي بعد فعنابة,61366,tiktok,@denatelo_annaba,2026-01-02T21:25:02.416292,1,,,,,,,
995902,تع الكبدة خير تع دجاج معجبنيش ياسر مش حاجة ومعمر توابل بصح الكبدة 10/10 يهبل,51666,tiktok,@mfood.plus,2026-01-02T21:01:24.075557,0,,,,,,,
602691,"Makla meshi bnina, w 9lila bzef , le poulet pané d’hamburger fih rihet zite 9edima. Delivery w la quantité des gratins kanet vraiment 9lila.",3765,Google Maps,Laurel Restaurant,2024-03-20T19:53:16.859Z,2,,,,,,,
340547,عطينا عنوان خويا,66402,tiktok,@barbecue_restaurant,2026-01-02T21:50:19.049069,1,,,,,,,
209480,Je recommande fortement. Un delice ! Merci. Je reviendrais sans hesitation.,5551,Google Maps,قصبة اسطنبول,2022-08-25T20:37:53.803Z,0,,,,,,,
602697,شهادة حق خدمتكم شابة,49692,tiktok,@gosto_fast_food,2026-01-02T20:41:40.144259,1,,,,,,,
209487,naftar fi dari avec mes anfans c'est mieux,27940,tiktok,@thala,2026-01-02T18:45:10.803268,0,,,,,,,
340561,Ou je peux stationner là-bas,31192,tiktok,@taylor,2026-01-02T19:10:49.671860,0,,,,,,,
864853,bon courage,24396,tiktok,@differencefood,2026-01-02T18:29:19.390497,1,,,,,,,
864857,وأين راحو ليزالي,23996,tiktok,@spotter.dz,2026-01-02T18:27:24.951432,5,,,,,,,
733810,Zizou Blk حفظت تاع محروق الاكيد لو شكا الزبون راح يعمل على طلبه انا وحدة نفضل هكا,9640,Facebook,"  Restaurant elassil








",2025-12-16T12:34:00.000Z,1,,,,,,,
864883,Mansøur Møu Řad ارواح عند. البشي لبرايجي في حراقة تاكل المرقاز واللحم والغرنوق والدوارة والزليف بخمسمياتالف خير واش حبيت,10228,Facebook,Dz Forest Restaura,2025-10-13T20:55:58.000Z,1,,,,,,,
471673,كاين توصيل لشاموناف,47746,tiktok,@snackcheesekou.ko,2026-01-02T20:32:49.728567,0,,,,,,,
209537,اسم الاغنية,52338,tiktok,@uncles_burger_dz,2026-01-02T21:03:29.974273,0,,,,,,,
733829,Bonsoir mon frère,68792,tiktok,@cote_oran,2026-01-02T21:57:34.598221,2,,,,,,,
340616,"Très bon service, passage à 22:44 serveurs aimables et disponibles.",4381,Google Maps,هشام كوك بيتزا,2024-04-21T21:53:00.420Z,0,,,,,,,
471692,ما شاء الله.,67030,tiktok,@bladi_oran,2026-01-02T21:51:32.679037,0,,,,,,,
602777,Je suis en vacances pour manger des plats algériens ne pas des plats français,60946,tiktok,@maestro_dz13,2026-01-02T21:23:34.394618,1,,,,,,,
340646,"Endroit familial, c'est bon et le service est assez rapide.",7740,Google Maps,Restaurant À Petit Feu,2023-10-09T20:35:21.427Z,1,,,,,,,
471726,الله يوفقكم  [APPRECIATION],47000,tiktok,@bou_ham.ham,2026-01-02T20:26:01.349484,0,,,,,,,
864943,Chevalley c gratuit! ?,29356,tiktok,@elcuatro_burgers,2026-01-02T18:49:38.698062,0,,,,,,,
864945,ملاحا خويا المحتوى تبعك في تتطور,52342,tiktok,@uncles_burger_dz,2026-01-02T21:03:29.974278,0,,,,,,,
996033,الإشهار ماشي هاكة يا. !,13169,Facebook,Restaurant San Benito,2025-10-14T14:51:13.000Z,0,,,,,,,
602817,À republier the first in dz,17314,tiktok,@restaurantmonegasque,2026-01-02T18:12:03.406645,0,,,,,,,
209605,كيفاش نروح لها من سيدي عاشور,60972,tiktok,@jnina_concept,2026-01-02T21:23:49.000716,0,,,,,,,
340677,تحيا الشلف,39978,tiktok,@streetburger02,2026-01-02T19:44:04.635719,0,,,,,,,
996040,"I went with my friend and we ordered an iced coffee chocolate, and a Frappuccinno Caramel. I was surprised that they give me a macchiato Caramel instead of Frappuccinno. i told the server that he may confused the order but he told me that it's the right order, and i told him if there Frappuccinno is served hot because he gave me a hot drink a'd Frappuccinno should be a cold drink. anyway he take the drink and put inside some ice cube and returned it back to me. i was surprised and i can't give any comments, i will leave the picture so you can judge by your self.",3783,Google Maps,Laurel Restaurant,2024-01-18T11:05:26.553Z,2,,,,,,,
864977,اخويا دير البيب بشورط؟!,53354,tiktok,@piadzo_food23,2026-01-02T21:07:11.411503,0,,,,,,,
864983,"c’est un endroit sympathique, c’est propre, c’est bon, le personnel est respectueux a recommander…",7084,Google Maps,American Burger said hamdine,2025-04-18T19:10:37.719Z,0,,,,,,,
340697,العنوان المطعم لو سمحت,9088,Facebook,Dz Forest Restaura,2025-10-13T18:04:17.000Z,2,,,,,,,
996058,بزاف غالي لزملك على أقل 5 حبات باش تسهر,65098,tiktok,@racyms_restaurant,2026-01-02T21:39:49.702975,1,,,,,,,
733919,اه من بكري ندخل ليه بيتزا لباس لبري صفا,20338,tiktok,@labelladalger16,2026-01-02T18:19:35.299481,3,,,,,,,
471787,في بالك 500 الف باطل,9693,Facebook,Dz Forest Restaura,2025-10-12T17:06:59.000Z,181,,,,,,,
602862,J’ai eu des sales frites remplie d’huile dessus mais le burger etait bon,45186,tiktok,@budz,2026-01-02T20:15:52.195862,0,,,,,,,
209648,"Excellent , une variété de plats aux couleurs de la Turquie Une salle plus grande serait la bienvenue",6428,Google Maps,Casbah Istanbul,2019-02-01T01:54:34.979Z,0,,,,,,,
471795,girl c ou?  [APPRECIATION],23532,tiktok,@jomane,2026-01-02T18:26:23.435933,0,,,,,,,
996097,مسكين الجزائري يشوف برك باالعين,10674,Facebook,,2025-12-26T13:59:33.000Z,0,,,,,,,
865028,مشاء الله تبارك الله ربي ازيدك ويحفظك من كل شر و مكروه يارب العالمين,2960,Google Maps,HichamCook Grill House,2022-03-21T16:19:11.725Z,1,,,,,,,
209679,ce n'est pas gastronomique pour toute cette beauté du lieu .,14308,tiktok,@les_jumelles,2026-01-02T18:01:24.676970,0,,,,,,,
340754,"J’avais l’habitude de manger chez Casbah, mais ce sera malheureusement ma dernière visite. Je n’ai vraiment pas apprécié la nourriture. La viande hachée était dure et sans saveur et le bourghel n’avait absolument aucun goût on aurait dit qu’il avait été cuisiné sans sel. De plus, les prix sont excessifs et ne correspondent pas à la qualité servie.",5154,Google Maps,Casbah Istanbul القصبة اسطنبول,2025-05-22T16:24:58.478Z,0,,,,,,,
996114,pk comparer avec l Europe ? très jolie Allah ybarek,20580,tiktok,@labelladalger16,2026-01-02T18:19:40.345532,0,,,,,,,
209684,الاسعار كي دايرة هادا حمودة,28476,tiktok,@restaurant.primo,2026-01-02T18:46:27.194190,0,,,,,,,
340758,Mñ Ñadjet شكرا اختي,8940,Facebook,Restaurant Casa Bella - Draria,2025-12-08T01:14:16.000Z,0,,,,,,,
865047,le prix c'est abusé quand même,34984,tiktok,@sinai,2026-01-02T19:28:02.656664,0,,,,,,,
471831,واه غالي,33372,tiktok,@ambiancefood,2026-01-02T19:21:14.858961,0,,,,,,,
733987,طايسطي,53556,tiktok,@thaisty_dz,2026-01-02T21:07:30.875953,0,,,,,,,
209700,"Casbah Istanbul is a nice spot located inside the Mall of Bab El Zouar. You usually need a reservation because it’s often crowded. The food is good, and the service is fast with professional staff. However, the prices are over-exaggerated, the space is quite narrow, and there’s no toilet available.",5906,Google Maps,Casbah Istanbul,2025-06-17T22:58:48.174Z,0,,,,,,,
602925,I find Tanger more expensive than Spain and more expensive even in uk,17776,tiktok,@casabelladraria,2026-01-02T18:14:42.669463,0,,,,,,,
209710,je voudrais commander,48638,tiktok,@otsy.burger,2026-01-02T20:35:48.188239,0,,,,,,,
471862,واش هاد الكمية.,9636,Facebook,Restaurant Tabarka Annaba,2025-12-23T17:15:45.000Z,0,,,,,,,
340796,يا سلام. ديرها في الڤول,9701,Facebook,"  Restaurant elassil








",2025-12-16T17:55:45.000Z,1,,,,,,,
471875,000 خلاه لا تعامل لا ماكلة ان شاء الله يحسنو منهم,58286,tiktok,@vilageneige_annaba,2026-01-02T21:19:49.301172,0,,,,,,,
471878,Qui vient avec moi ? Je vous en prie.,25732,tiktok,@ofennec.officiel,2026-01-02T18:34:10.148868,0,,,,,,,
734023,J’ai pas aimé le goût khawti,49140,tiktok,@chicks_nook,2026-01-02T20:40:13.796729,1,,,,,,,
865099,tsss bonne continuation [APPRECIATION],52218,tiktok,@uncles_burger_dz,2026-01-02T21:03:27.374759,1,,,,,,,
209740,Comment resservez s’il vous plaît ?,13982,tiktok,@le_dauphin_restaurant,2026-01-02T18:00:53.697112,0,,,,,,,
865101,مشالله بنة و خدمة واحترام,53144,tiktok,@la.tranche.23,2026-01-02T21:05:47.693139,1,,,,,,,
865102,انسان راقي والبنة لحقتنا  [APPRECIATION],229,instagram,amine_la_cantine,2025-12-20T17:14:12.000Z,24,,,,,,,
209743,je viens sa m manque,36012,tiktok,@sinai,2026-01-02T19:28:32.455782,0,,,,,,,
471890,les meilleurs  [APPRECIATION],48640,tiktok,@otsy.burger,2026-01-02T20:35:48.188240,0,,,,,,,
209747,C'est très bon et ils sont accueillants. j'y vais souvent  [APPRECIATION],35720,tiktok,@sinai,2026-01-02T19:28:23.544320,0,,,,,,,
209750,très trop grave chère,22074,tiktok,@maison_sardoudi,2026-01-02T18:22:38.675985,0,,,,,,,
471895,بالتوفيق بصح لازم تحسنو الخدمات برك سارفيس عاطل ياسر ما توصل الماكلة نكون شبعت و هذا راي قداه نواحد جا عندكم,58048,tiktok,@la.nouvelle.etoile0,2026-01-02T21:19:29.928765,4,,,,,,,
734044,Franchement déçus comparativement au même restaurant du centre commercial de Ben Aknoun. Il a fallu demander qu'on demande à réchauffer tous les plats servis. Nous ne reviendrons pas de si tôt.,6343,Google Maps,Casbah Istanbul,2020-03-15T20:40:15.008Z,1,,,,,,,
340829,ياسر والله,53582,tiktok,@mega_pizza_annaba,2026-01-02T21:07:53.787969,0,,,,,,,
865119,إلياس ربي يوفقك [APPRECIATION],30774,tiktok,@piatto,2026-01-02T19:07:24.027489,0,,,,,,,
734049,الرخا يدهش,9623,Facebook,Dz Forest Restaura,2025-10-13T17:24:42.000Z,2,,,,,,,
996199,سلسة مطاعم تركية بالعاصمة الجزائر تقدم مختلف الاكلات التركية ، في الحقيقة هناك تراجع كبير في الخدمات مع ارتفاع في الاسعار لدى المطعم و لا توجد هناك تجديدات في نوعية الاكلات طيلة سنوات يقدمون نفس الاكلات,6247,Google Maps,Casbah Istanbul,2022-07-17T18:51:56.248Z,2,,,,,,,
340841,"Très bons gâteaux, je recommande vivement",3811,Google Maps,L’Alchimiste Pâtisserie,2025-10-03T12:38:31.548Z,0,,,,,,,
209769,يحيى شريف,10020,Facebook,"  Sultan Restaurants


",2025-11-12T00:17:50.000Z,0,,,,,,,
340872,معناها هاذوا یفوتوا الملیون,11563,Facebook,Restaurant San Benito,2025-07-27T07:56:18.000Z,0,,,,,,,
471949,"Top 3 c Miro, twins, le carré",25006,tiktok,@el_marssem,2026-01-02T18:32:16.408981,0,,,,,,,
471952,Excellente soirée super familial dans ce resto Personnel très attentionné au petit soin avec les clients Les portions très copieuse الله y barik Service rapide Rien à dire Un sans faute Des grandes salles pour être à l’aise Je recommande à 100%,6960,Google Maps,Restaurant À Petit Feu,2025-06-10T21:31:55.364Z,0,,,,,,,
471954,une pizza fade je n'ai jamais vu ça,27354,tiktok,@lamignonne06bejaia,2026-01-02T18:43:24.120348,1,,,,,,,
734107,نفس ديكور تقريبا,19378,tiktok,@helena,2026-01-02T18:16:40.733228,0,,,,,,,
865180,Je suis très déçu. Je vous conseille pas,7667,Google Maps,Restaurant À Petit Feu,2023-12-08T20:23:26.524Z,0,,,,,,,
209821,ملاح,51078,tiktok,@broaster_chiken,2026-01-02T20:59:50.991566,0,,,,,,,
340894,و السومة ؟,20518,tiktok,@labelladalger16,2026-01-02T18:19:37.931959,0,,,,,,,
471971,restaurant la nouvelle étoile chapuis top,59384,tiktok,@maestro_dz13,2026-01-02T21:21:30.810716,0,,,,,,,
209830,تعرفي تتكلمي يعطيك صحه وربي يوفقك حنونه,13125,Facebook,Restaurant San Benito,2025-10-12T23:09:12.000Z,1,,,,,,,
471975,et les prix ?,62686,tiktok,@allechante,2026-01-02T21:30:54.860436,1,,,,,,,
471978,سندويتش صح يبان هايل ولذيذ ومقردع باللحم ولكن في نفس الوقت أكيد يقردع الجيب وهامش الربح فيه مبالغ فيه جدا لدرجة الهربة تسلك ههههه,12736,Facebook,Restaurant Rais,2025-10-13T21:18:08.000Z,0,,,,,,,
340915,"Très bonne pâtisserie faite avec des ingrédients de qualité ! Ayant oublié de comptabiliser une baguette, on me l’a gentiment offert !",3940,Google Maps,L’Alchimiste Pâtisserie,2021-10-22T10:06:18.648Z,1,,,,,,,
603074,the Best le carré,32238,tiktok,@le_carre_restaurant,2026-01-02T19:14:51.260350,1,,,,,,,
996295,J en sors de celui de l akid il est hyper sale . faites un effort et niveau restauration pas bon,45452,tiktok,@budz,2026-01-02T20:15:58.944580,0,,,,,,,
865227,تروح تشري بالخوف,51700,tiktok,@quick_bite,2026-01-02T21:01:56.786361,330,,,,,,,
603091,Avec ou sans réservation ?,633,instagram,californiacafedz,2024-10-22T11:07:07.000Z,0,,,,,,,
209882,35 فالجي,46274,tiktok,@damisoran31,2026-01-02T20:21:56.697643,0,,,,,,,
340967,Hamid Le Grand راني درتلك كابتور تخلصها غالية تسب في الرسول عليه الصلاة والسلام,10315,Facebook,Dz Forest Restaura,2025-10-13T02:02:43.000Z,0,,,,,,,
209907,"Je ne recommande pas vraiment . Les sandwichs ne sont vraiment pas à la hauteur, la qualité des ingrédients laisse à désirer et la présentation est plutôt négligée. Ce n'est pas ce à quoi je m'attendais pour le prix. Mais le pire, c'est l'arnaque à la livraison. Quand j'ai commandé par téléphone, on m'a annoncé un tarif de 500 DA, mais à l'arrivée, le livreur m'a réclamé 600 DA. C'est franchement inacceptable et ça donne une mauvaise impression de leur service. Je ne reviendrai pas et je conseille de faire attention avant de commander.",7272,Google Maps,American Burger said hamdine,2025-01-03T22:45:26.249Z,0,,,,,,,
734210,مكملة قرايتها,28088,tiktok,@amine.lacantine,2026-01-02T18:45:37.890075,1,,,,,,,
865289,Heureuse année à vous et votre équipe  [APPRECIATION],730,instagram,diyarbakir_restaurant_,2026-01-01T11:09:37.000Z,1,,,,,,,
996363,حق ربي غير ما يفوت 500الف,941,instagram,hichamcookgrill,2025-08-12T20:31:25.000Z,2,,,,,,,
603148,"J’adore El El marsem , c’est un de mes endroits préférés ! J’espère te voir là-bas en story ou en live",22198,tiktok,@el_marssem,2026-01-02T18:22:56.313318,0,,,,,,,
341009,toujours une longueur d'avance bravo,72264,tiktok,@pont_hydra,2026-01-02T22:13:19.397939,2,,,,,,,
996374,Zina Zina كليتي عندهم؟,9071,Facebook,Dz Forest Restaura,2025-10-30T08:27:14.000Z,0,,,,,,,
209943,"Kunafa Pistache 1/10 on ne sent ni le gout de la Pistache ni le goût de la kunafa , c’est extrêmement sucrée à cause du sirop. Le Katmer était bon 9/10",5185,Google Maps,Casbah Istanbul القصبة اسطنبول,2025-01-20T14:09:30.226Z,1,,,,,,,
996376,اذا كان الكل 150معليش واذا كان طبسي واحد راك امريض,11800,Facebook,Restaurant San Benito,2025-08-22T13:35:03.000Z,0,,,,,,,
996386,La pâtisserie est sublime mais un conseil votre vitrine c'est les vendeuses et non pas la pâtisserie alors sourire c'est gratuit. Merci,3825,Google Maps,L’Alchimiste Pâtisserie,2025-08-20T11:35:14.576Z,0,,,,,,,
865328,حنا الفقراء منعرفوش هذو صوالح,57372,tiktok,@_le216_,2026-01-02T21:17:21.327073,1,,,,,,,
472117,Service,8429,Google Maps,American Burger Factory,2023-12-16T20:57:55.996Z,0,,,,,,,
734270,Algeria always the Best [APPRECIATION],60326,tiktok,@seraidi.live.z,2026-01-02T21:22:47.965517,0,,,,,,,
209982,كيما يقول لمثل خامج وبنين  [APPRECIATION],42160,tiktok,@street_food,2026-01-02T19:58:01.955890,0,,,,,,,
209987,"Hi everyone, my friend and I went for lunch at the Tajmahal we were welcomed by the friendly staff, we ordered our meals which by the way were delish and then a nasty man came upstairs & started shouting at two staff members ! unprofessional and completely incompetent especially that the nasty man was the manager. The food was good , waiters were very friendly but the manager was just nasty.",3215,Google Maps,تاج محل بن عكنون,2020-03-19T18:05:27.969Z,0,,,,,,,
209988,علاه حتى ليوم باه خرجلي عنااااه عنااااه,30160,tiktok,@bigmamaconstantine,2026-01-02T18:55:25.607800,0,,,,,,,
603203,كي نتفكر,68266,tiktok,@le_petit_chalet,2026-01-02T21:54:57.317071,1,,,,,,,
865353,بصحتكم الاكل يبدو بنين ماشاء الله,67184,tiktok,@bladi_oran,2026-01-02T21:51:38.881876,0,,,,,,,
210006,Il est le meilleur,7529,Google Maps,American Burger Factory,2025-05-19T17:52:53.422Z,0,,,,,,,
996452,Red pepper  le bambou [APPRECIATION],58792,tiktok,@maestro_dz13,2026-01-02T21:21:18.803229,2,,,,,,,
603240,Très bon endroit à visiter Merci spécialement pour fares,6654,Google Maps,American Burger Factory,2025-09-08T21:35:57.448Z,0,,,,,,,
472175,je confirme  [APPRECIATION],53000,tiktok,@patisserie_annaba,2026-01-02T21:04:19.834318,1,,,,,,,
472177,و الله سعر معقول ، ربي يباركلكم ان شاء الله,8945,Facebook,Dz Forest Restaura,2025-10-13T19:08:26.000Z,5,,,,,,,
472182,je l'ai manger cette été a sidi yahia a Hydra et c'est excellent,40250,tiktok,@streetburger02,2026-01-02T19:44:11.216063,0,,,,,,,
865404,قاتلك من خارج الوطن,62550,tiktok,@allechante,2026-01-02T21:30:51.792757,3,,,,,,,
734340,the best wlh  [APPRECIATION],49530,tiktok,@kik.sfood21,2026-01-02T20:41:13.847258,1,,,,,,,
734347,Just perfect,6646,Google Maps,American Burger said hamdine,2025-11-01T21:43:21.459Z,0,,,,,,,
341139,Moyens où on pourra mangé des bons escargots je le mange ici mais ma mère elle nous préparer toute petite Azull,73354,tiktok,@pont_hydra,2026-01-02T22:13:53.360535,0,,,,,,,
996504,"Too much time waiting, the food was not good, besides the staff was not communicative",3635,Google Maps,Laurel Restaurant,2025-08-14T19:37:45.031Z,0,,,,,,,
603293,c'est où svp,14806,tiktok,@khiteelrouh,2026-01-02T18:06:28.018838,0,,,,,,,
996517,Looks cute  [APPRECIATION],22758,tiktok,@le_perchoir,2026-01-02T18:25:12.857934,0,,,,,,,
865455,The atmospher was clean and calme but kunafa and katmer were bad i'm so disappointed Sweets unvalued try another place if you want kunafa,5057,Google Maps,Casbah Istanbul القصبة اسطنبول,2025-11-12T08:26:16.092Z,0,,,,,,,
210110,n'oublier pas le prix en même temps svp pour ne pas nous choqué Merci,64900,tiktok,@restaurant_marisco,2026-01-02T21:37:50.542904,0,,,,,,,
865481,livraison ?,50110,tiktok,@king_food23,2026-01-02T20:58:41.719081,0,,,,,,,
472274,C’est ça le vrai menu du peuple !,55932,tiktok,@mfood.annaba,2026-01-02T21:14:13.776298,4,,,,,,,
210141,new yorkais Le meilleur  [APPRECIATION],33220,tiktok,@new_yorkais,2026-01-02T19:20:40.455345,0,,,,,,,
996579,الله يبارك الله يبارك جوعتني,17190,tiktok,@casa_burger1,2026-01-02T18:11:30.275159,1,,,,,,,
734439,c'est vraiment beau se restaurant a oran l'Algérie c'est magnifique  [APPRECIATION],14646,tiktok,@les_jumelles,2026-01-02T18:01:33.204537,5,,,,,,,
603378,C'est bon mais c chèr,6335,Google Maps,Casbah Istanbul,2020-10-12T19:12:01.515Z,0,,,,,,,
210164,العنوان من فظلك,53080,tiktok,@express_sandwish,2026-01-02T21:05:12.135914,0,,,,,,,
734453,ايه او الماكلة بميتين,71170,tiktok,@paradou_restaurant,2026-01-02T22:05:03.494341,0,,,,,,,
734455,مطعم الرايس - Restaurant Rais bonne continuation et bon appétit,12475,Facebook,Restaurant Rais,2025-10-14T10:12:59.000Z,1,,,,,,,
472314,هذا بكل وماش غالي,33512,tiktok,@ambiancefood,2026-01-02T19:21:17.323047,0,,,,,,,
734459,Déco magnifique service agréable,6001,Google Maps,Casbah Istanbul,2023-12-04T09:35:03.261Z,0,,,,,,,
341245,"Bonjour, on passe peut-être demain",61176,tiktok,@la.criee,2026-01-02T21:24:42.236949,1,,,,,,,
210174,Kabyles ds grands chefs   [APPRECIATION] [TREATMENT],73264,tiktok,@pont_hydra,2026-01-02T22:13:50.812679,0,,,,,,,
210196,تم تم تم تم تم,33326,tiktok,@ambiancefood,2026-01-02T19:21:12.263623,1,,,,,,,
341272,Not a surprising place beside the service and the atmosphere that is one of the best in Alger,4082,Google Maps,هشام كوك بيتزا,2025-06-07T15:57:58.252Z,0,,,,,,,
341279,super !,36272,tiktok,@sinai,2026-01-02T19:28:42.387751,0,,,,,,,
210217,"Plats pas très bon , viande pas tendre , certains d'entre nous trop cuite , d'autres pas assez , une chenille sur une feuille de salade mal lavée , service médiocre , serveurs pas souriants, très mauvais rapport qualité-prix",2752,Google Maps,HichamCook Grill House,2023-03-24T10:31:36.672Z,0,,,,,,,
996655,كي يكثر عليكم الغاشي تعودوا تكوروا و اخلاص .,10958,Facebook,Restaurant Casa Bella - Draria,2025-07-28T17:22:52.000Z,0,,,,,,,
210224,"Belle ambiance! Service rapide, très gourmand, grosse portion pour le prix",7857,Google Maps,American Burger Factory,2025-02-25T19:20:43.301Z,0,,,,,,,
603442,سكانبو وين راهو عليلو,49154,tiktok,@chicks_nook,2026-01-02T20:40:14.931472,1,,,,,,,
996662,موقع من فضلك,47998,tiktok,@rahmani_food,2026-01-02T20:34:21.487341,0,,,,,,,
603450,Très bon a recommander,7042,Google Maps,American Burger said hamdine,2025-05-15T11:36:30.185Z,0,,,,,,,
210235,"Restaurant très propre avec une ambiance agréable et une déco soignée, le personnel est vraiment accueillant, souriant et à l’écoute. On y mange bien, les plats sont généreux et savoureux, même si parfois certaines viandes manquent un peu de tendreté, gros coup de cœur pour le pain fait maison tout juste sorti du four et servi avec des olives en attendant la commande, un vrai plaisir, le stationnement est facile (parking privé gratuit ), en résumé, un bon rapport qualité prix pour ce type de restaurant, je recommande.",2360,Google Maps,HichamCook Grill House,2025-04-15T10:32:23.839Z,0,,,,,,,
341307,La cuisine est nul la nourriture est vraiment pas bonne Les prix son excessivement chère surtout comparer a la qualité de la nourriture Leur pizza est pas bonne je préfère de loins la pizza qui se vend dehors les serveur sont gentil L’ambiance est pas cool Bord je déconseille,5170,Google Maps,Casbah Istanbul القصبة اسطنبول,2025-02-15T18:32:00.283Z,0,,,,,,,
210238,le meilleur rcym,65062,tiktok,@racyms_restaurant,2026-01-02T21:39:48.951958,1,,,,,,,
996679,نتي نشريه قاع ونقسيو,13023,Facebook,Restaurant San Benito,2025-10-13T12:17:05.000Z,0,,,,,,,
210254,كخوڨغ أك فاهم,1106,instagram,imstarvingfood,2023-03-08T21:54:33.000Z,1,,,,,,,
603473,"La nourriture très bonne , mais le service super nulle je déconseille fortement.",5749,Google Maps,Casbah Istanbul القصبة اسطنبول,2021-07-01T08:48:22.163Z,0,,,,,,,
734546,ثمن هدا الكسكروت يتجاوز 250الف ياكل فيه اسبوع كامل واحد مسكين.,12751,Facebook,Restaurant Rais,2025-10-14T02:01:30.000Z,0,,,,,,,
865625,تنجم تقولنا السعر,12623,Facebook,Restaurant Rais,2025-10-13T20:07:42.000Z,0,,,,,,,
341345,"Le cassoulet c’est une gastronomie toulousaine , bon appétit   [APPRECIATION] [BOUFFE]",223,instagram,amine_la_cantine,2025-12-21T06:04:24.000Z,3,,,,,,,
865639,اللهم دومها نعمة يا رب على كل محتاج ان شاء الله كاش نهار ربي يعوضنا و نزورها,66716,tiktok,@bladi_oran,2026-01-02T21:51:15.191977,1,,,,,,,
603510,C'est la police et la gendarmerie qui classe les fast food? I 1 En 2 mois classé meilleurs! Vous serez dans le Guinness des records.,28602,tiktok,@american.burger.tizi,2026-01-02T18:47:27.891713,18,,,,,,,
734585,تستاهل كل خير شاف حميد ربي يبارك غني عن التعريف,62264,tiktok,@hamidhamid806,2026-01-02T21:29:12.264895,1,,,,,,,
210305,Je viendrai avec toutes ma famille avec plaisir  [APPRECIATION],25662,tiktok,@ofennec.officiel,2026-01-02T18:34:08.502896,2,,,,,,,
996738,Yacine Bouakaz ڨال بعين نتا الي مافهمتش برك هههه,9980,Facebook,Dz Forest Restaura,2025-10-14T14:07:54.000Z,0,,,,,,,
865676,هذا يشري اللحم ب 700 دج للكيلو و يبيعو 4000 دج ل 300 غرام ههههههه,32852,tiktok,@seven.times,2026-01-02T19:17:53.922395,0,,,,,,,
603543,"Bad experience Noisy, the music is repetitive and too loud They took too long to prepare a simple order ( burgers - tenders) They serve only Pepsi products The burger was carbonized Fries and tenders were disgusting probably due to overuse of the oil I don't recommend.",4846,Google Maps,Hicham cook pizza pasta,2022-03-24T22:24:00.939Z,1,,,,,,,
734619,تطور كبير  هكا  ارباااك,47468,tiktok,@street_food,2026-01-02T20:31:33.634775,0,,,,,,,
341405,خليل رحماني واش حبيبنا أنت تزيد الماء للبحر شحال يدير فريت و الحميس و قرعة حمود لا يتعدى ربعين ألف كيفاش راك تحسب أنت,10647,Facebook,Dz Forest Restaura,2025-10-13T15:00:56.000Z,0,,,,,,,
996766,Trop bien dommage ya pas ça dans le sud  [APPRECIATION],36244,tiktok,@sinai,2026-01-02T19:28:41.305524,0,,,,,,,
472486,20euro tjibha fe une heure et demie,46308,tiktok,@damisoran31,2026-01-02T20:21:57.960190,0,,,,,,,
210343,Pas très riche la gastronomie algérienne !,25246,tiktok,@lovers_grill,2026-01-02T18:33:10.856928,1,,,,,,,
210352,ختي ماشي زوج خطوات 2كلم,30716,tiktok,@tastino7,2026-01-02T19:06:20.334658,5,,,,,,,
734653,Wellah la nourriture n’es pas bonne le méchoui et crame tellement des morceaux minuscules je vous jure  [COMPLAINT],11091,Facebook,Restaurant Casa Bella - Draria,2025-08-26T20:29:39.000Z,0,,,,,,,
734659,وين جا هدا المطعم,16424,tiktok,@soltane.el.kababe,2026-01-02T18:08:26.876213,0,,,,,,,
472547,انا نطيبها بنفس الطريقة فدار وبرا بصح لي برا تجي بنينة خير من تاع الدار من عند ربي,41504,tiktok,@street_food,2026-01-02T19:57:43.732926,55,,,,,,,
210404,"Déjà, on ne sait pas de quoi part ce débat. Elle n'a pas été injurieuse. Elle n'a. Rien critiqué, c'est de la mauvaise foi ! Elle a le. Droit de préférer la cuisine marocaine et aimer la cuisine algérienne, c'est quoi ça ? Déjà toi tu es une des origines de cette guerre et sherazade pareil ! La cuisine marocaine est bien meilleure et TOUT LE MONDE LE SAIT",17006,tiktok,@user5834669559361,2026-01-02T18:10:53.059379,0,,,,,,,
341475,الله يبارك فيك وزيد,41238,tiktok,@street_food,2026-01-02T19:55:41.427879,2,,,,,,,
210408,3 million 3 adultes 2 enfants bourak rien a l’interieur soupe pas une soupe quand on lui a fait le reproche il a dis c pas une soupe il y a plus de soupe les restos d ouvrier sont 10x mieux,13988,tiktok,@le_dauphin_restaurant,2026-01-02T18:00:53.697120,8,,,,,,,
734717,look how beautiful omg,22822,tiktok,@le_perchoir,2026-01-02T18:25:14.639724,3,,,,,,,
472575,غزة راهي تموت من البرد  والجوع . احكيوا علاها مسكينة,10816,Facebook,Restaurant Casa Bella - Draria,2025-08-03T21:24:32.000Z,5,,,,,,,
996867,Ahahah mais on est d’accord qu’on les voit plus dans les commentaires,16828,tiktok,@user5834669559361,2026-01-02T18:10:48.766822,0,,,,,,,
734724,"Très bonne pizza, surtout la pizza cannibale, décoration originale et service impeccable, on c'était plein d'une Pizza qui avait un problème, le serveur nous a offert une deuxième.",4855,Google Maps,Hicham cook pizza pasta,2022-01-21T19:39:16.517Z,0,,,,,,,
603653,"*Le hamburger était vraiment délicieux*, le sandwich aussib avec les ingrédients la viande, le pain ou la sauce. Mention spéciale pour le _smash burger_ avec son assiete de fromage fondue pour le rinçage — une vraie tuerie! *La poutine était très bonne*, mais assez lourde pour l’estomac. Il faut avoir un bon appétit pour finir le bol. *Côté rapport qualité-prix*, c’est très satisfaisant: on était trois personne on a bien mangé, et ça nous a coûté seulement 3500 dinars. Franchement, c’est pas cher du tout. *Petit bémol*: il n’y avait que des canettes à 150 dinars, avec des petits bouteilles d'eau c'est un peu chères, et pas de grandes bouteilles disponibles. *Le tacos*, en revanche, n’était pas très convaincant qui ne sont pas leur spécialité évidemment",6771,Google Maps,American Burger said hamdine,2025-08-27T13:45:56.928Z,0,,,,,,,
341510,بوتين الله يبارك خويا  [APPRECIATION],47840,tiktok,@streetburger02,2026-01-02T20:33:30.644046,1,,,,,,,
603665,يايما هد قاع تاكلو وحدها,57424,tiktok,@_le216_,2026-01-02T21:17:22.899544,0,,,,,,,
472597,"Vitela Daya Ce n est pas que italien, nuance , il y en a pour tous les goûts !",9428,Facebook,Restaurant La Napolitana,2023-10-10T21:58:08.000Z,1,,,,,,,
210462,"De bons hamburgers delicieux et tt, mais un peu restreint si on veut deguster surplace",8830,Google Maps,American Burger Factory,2018-04-26T11:04:40.741Z,1,,,,,,,
603678,الله يهديكم قبل مائدتكم يعزيكم في راسكم يا شعب مسلم بالفطرة فقط لكان جيتو تعرفو واش معناه الهالوين ماتحتافلو بيه كارثة,652,instagram,californiacafedz,2024-11-01T22:05:34.000Z,0,,,,,,,
603681,Il est ou le zviti ?,35034,tiktok,@sinai,2026-01-02T19:28:03.488695,0,,,,,,,
603700,ناكلو باطل,12946,Facebook,Restaurant San Benito,2025-10-13T16:14:16.000Z,0,,,,,,,
341557,Le bambou,59768,tiktok,@maestro_dz13,2026-01-02T21:21:42.202154,0,,,,,,,
734774,عجبتني تاع سيدهم يحيا تحياتي ليك,60,instagram,american.burger_dz,2025-09-02T02:52:35.000Z,1,,,,,,,
734775,مشي نتي الي تقلشيني ، دراهمي يقلشوني [RECOMMENDATION],12990,Facebook,Restaurant San Benito,2025-10-14T11:54:47.000Z,0,,,,,,,
996921,رب يوفق ويبارك. نتمناو نحلوا كيفو مع دعواتكم.,11219,Facebook,Restaurant Casa Bella - Draria,2025-07-29T22:36:22.000Z,0,,,,,,,
865849,قلبي الصغير لا يتحمل وزيد يخرجولي غير في الليل بسم الله مشاء الله تبارك الرحمن ربي يباركلك في صحتك,2094,instagram,triple.r.restaurant,2025-10-11T22:21:58.000Z,1,,,,,,,
603706,"Mashallah c'était très bon, un des meilleurs restaurants. À bientôt !",3732,Google Maps,Laurel Restaurant,2024-08-13T12:55:03.515Z,0,,,,,,,
210498,تاع دار مافيهاش لخماج برك كلش نضيف,42418,tiktok,@street_food,2026-01-02T19:58:07.057169,0,,,,,,,
603724,Price please,748,instagram,elmarssem.dz,2023-12-13T10:38:43.000Z,0,,,,,,,
210520,"Très beau restaurant, super service notamment Farès qui s’est occupé de notre table, salade turc et grillade un délice je met 5 *",5621,Google Maps,Casbah Istanbul القصبة اسطنبول,2023-01-25T20:05:34.115Z,0,,,,,,,
210525,restaurant classe en algérie,71036,tiktok,@paradou_restaurant,2026-01-02T22:04:54.797520,0,,,,,,,
341598,والله جيت و حبيت ناكل السردين بصح ما نعرفش وين,20304,tiktok,@labelladalger16,2026-01-02T18:19:31.025206,1,,,,,,,
734843,"Excellent, le service rapide et impeccable !",5573,Google Maps,قصبة اسطنبول,2022-06-10T17:21:07.078Z,0,,,,,,,
603776,Ta3 stitou7 had resttaurant,15210,tiktok,@fouka.marine,2026-01-02T18:07:30.666185,1,,,,,,,
603777,مشاء الله اللهم بارك,14266,tiktok,@les_jumelles,2026-01-02T18:01:23.636715,0,,,,,,,
996994,"Très bon endroit à visiter, Bien situé Bonne nourriture",5771,Google Maps,Casbah Istanbul القصبة اسطنبول,2021-03-05T18:07:55.057Z,0,,,,,,,
734854,had video normalement a signaler psk hada tbahlil b nass place to be aya w nass li9lha tawhi ch had chkil,69966,tiktok,@chtibo_oran,2026-01-02T21:58:41.072193,0,,,,,,,
734877,le meilleur [APPRECIATION],26,instagram,6sens_pastry,2025-12-03T15:15:04.000Z,1,,,,,,,
210591,"Hôtesse d’accueil dotée d’aucun sens d’accueil, une envie immédiate de faire demi-tour et de choisir un autre endroit.",6081,Google Maps,Casbah istanbul,2024-05-30T20:13:02.448Z,0,,,,,,,
734885,J'ai envie de monter a Alger juste pour ça  [APPRECIATION],1121,instagram,jardina.coffee,2025-08-13T12:58:12.000Z,3,,,,,,,
210600,اغلب الاكل جزائري وعلاه اسمو طبرقة,10121,Facebook,Restaurant Tabarka Annaba,2025-12-27T21:19:45.000Z,0,,,,,,,
472752,"Very nice and spacious restaurant with different themes for each level. We got different plates to try a variety of what they offer and this is my opinion: The chich tawook was really good, you can't really go wrong with it. The cordon Bleu was also good, the rice lacked flavor tho and the gratin included was too cold. The 'cote d'agneau' was a bit too hard to chew on but it had flavor. I forgot the name of the last dish but it was meat with nuts. This was my least favorite because it was too sweet and didn't have a sweet/savory balance. Service was good and the place was clean. I understand the hype.",7499,Google Maps,Restaurant À Petit Feu,2024-05-14T13:08:21.918Z,5,,,,,,,
997042,ربي يعاونك اخي,47354,tiktok,@street_food,2026-01-02T20:31:30.885859,0,,,,,,,
341684,اك سير البيزاريو من ايطاليا,51564,tiktok,@broaster_chiken,2026-01-02T21:00:01.526230,0,,,,,,,
341689,N’importe quoi comme prestation zéro . c’est juste pour qui vas gratter un plat ?,25770,tiktok,@ofennec.officiel,2026-01-02T18:34:11.048579,0,,,,,,,
997049,"Endroit simple en dirais un food courts. La bouffe normal genre avec le slogan ""Américain"" en s'attendent a un goût fort. Le service 3/10. Le prix pour le goût je déconseille, il le vaut pas.",8722,Google Maps,American Burger Factory,2021-04-13T12:39:40.467Z,0,,,,,,,
734911,Délice,5584,Google Maps,قصبة اسطنبول,2021-03-04T15:26:31.721Z,0,,,,,,,
472770,"Service lamentable deja on est venu pour regarder le match la tele ne faisait que bloque , y’avais du monde certes mais j’ai lancé ma commande au bout de 20 min puis au bout de 45 autres minutes j’entends le serveur dire qu’il a oublié de lancer la table 72 (ma table ducoup) je lui ai dis d’annuler la commande et je suis sorti",7144,Google Maps,Restaurant À Petit Feu,2025-04-03T15:46:48.926Z,0,,,,,,,
210628,"The food was so so, the meat was extremely salted, we complained about it but they didn't do anything . well although I had a bad experience but I encourage them to make some progress and taste the meat before serving it .",2634,Google Maps,HichamCook Grill House,2023-09-25T00:42:27.982Z,0,,,,,,,
997064,Franchement j’ai pas aimer,7985,Google Maps,American Burger said hamdine,2021-11-24T13:08:44.081Z,1,,,,,,,
341720,Mohamed Dachir,9404,Facebook,"Restaurant La Napolitana









",2023-10-06T17:00:10.000Z,1,,,,,,,
472796,رحت ليه خطرة و مانزيدش نولي ليه ويعجبك الحال سانيتار مفتوح بين تع نساء و تع الرجال !,10460,Facebook,Restaurant Casa Bella - Draria,2025-12-08T12:20:01.000Z,0,,,,,,,
734952,Tres tres bien décorer machaallah,14396,tiktok,@les_jumelles,2026-01-02T18:01:26.755363,0,,,,,,,
866037,"Le glacier d à côté n est pas mal aussi , un vrai maître en la matière , prudence pour les gourmands .",23388,tiktok,@moonzrestaurant,2026-01-02T18:25:43.601975,1,,,,,,,
341749,qu'allah fructifie votre commerce inchaallah  [APPRECIATION],35272,tiktok,@sinai,2026-01-02T19:28:07.777401,0,,,,,,,
997113,كاين توصيل؟,40398,tiktok,@woodchickendz,2026-01-02T19:45:49.945477,0,,,,,,,
603902,نخليلك رقمي كل ما تحتاج عيطلي نجي,16278,tiktok,@mardoum,2026-01-02T18:08:08.760139,0,,,,,,,
997120,la bouffe et trop bonne j'ai trop aimé,64656,tiktok,@citoyennedumondedz,2026-01-02T21:35:18.906352,1,,,,,,,
734979,"j'ai toujours bien mangé chez vous, rarement deçue",33444,tiktok,@ambiancefood,2026-01-02T19:21:15.685782,0,,,,,,,
341774,les temps d'attente et certains serveurs sont à revoir . aucun scrupule à faire passer leur connaissances devant nos yeux . dommage !,26200,tiktok,@don_sido_,2026-01-02T18:34:36.355681,1,,,,,,,
210706,Je suis venu il ya un peti moment en famille. Machallah propreté et service au top Je le conseille fortement,64738,tiktok,@msiiirdaa13,2026-01-02T21:35:51.931842,3,,,,,,,
472851,Toujours top surtt la dernière pièce que j'ai commandé c'était tellement bon,3920,Google Maps,L’Alchimiste Pâtisserie,2022-09-21T14:49:26.158Z,1,,,,,,,
866068,مطعم نظيف و جميل و خدمة جد رائعة و الكل يخدمك بابتسامة و شباب تبارك الله تجربة جميلة و ليلة رائعة بفضل العمال شكرا لهم,5550,Google Maps,قصبة اسطنبول,2022-08-26T00:05:40.031Z,0,,,,,,,
997144,très beau et bon mais aussi un gros problème de stationnement surtout la journée,18572,tiktok,@helena,2026-01-02T18:16:14.469258,0,,,,,,,
735001,Bonjour si nous souhaitons manger dans la salle aquarium . Est-il possible de réserver?,1172,instagram,L’ENTRACTE,2025-04-15T17:14:29.000Z,1,,,,,,,
341786,"Je mets un coup de cœur  pour la cuisine de Hicham Cook, qui reste excellente — vraiment rien à dire sur la qualité des plats. En revanche, un coup de gueule pour le staff (serveurs et, dans une moindre mesure, le caissier). Le jeudi 9 octobre 2025, je suis passé avec un ami pour dîner. Nous nous sommes installés, mais le serveur est allé servir une table arrivée après nous et il nous a laissé attendre longtemps. Je ne pense pas qu’il l’ait fait exprès, mais un peu plus d’attention serait la bienvenue — surtout qu’il n’y avait pas encore beaucoup de monde (nous étions là avant 19h15). Quand je suis allé voir le caissier pour lui demander de m’envoyer un serveur, il m’a simplement répondu : “le menu est là-bas, servez-vous”. Or, le propriétaire sait très bien que ce genre de choses fait partie du service. Malheureusement, ses employés ne semblent pas partager le même sens du professionnalisme. Quant au caissier, je lui reproche un petit manque de réactivité : il a les caméras sous les yeux, il pouvait remarquer la situation. Même lorsque j’ai emporté moi-même la moitié de mon sandwich jusqu’à la caisse, il n’a pas pris la peine de demander si tout allait bien. Pourtant, il n’y avait pas de rush particulier. Je laisse ce commentaire non pas pour critiquer gratuitement, mais parce que Hicham fait vraiment de son mieux pour satisfaire sa clientèle. C’est quelqu’un de bien, passionné par son travail, et il mérite la réussite. J’espère simplement que son équipe saura bientôt être à la hauteur de sa vision. [APPRECIATION]",4013,Google Maps,هشام كوك بيتزا,2025-10-14T08:45:03.337Z,0,,,,,,,
472860,C’est trop bon,25190,tiktok,@lovers_grill,2026-01-02T18:33:07.362123,1,,,,,,,
735007,Excellente pizza Les tagliatelles au saumon également un délice allahi barek Petit conseil pour la pizza poulet couper les morceaux de poulet un peu plus petit sinon le goût est excellent ne rien changer,4172,Google Maps,هشام كوك بيتزا,2024-10-31T18:23:04.827Z,0,,,,,,,
735008,الحاجة سيريدي. طبرقة216 [APPRECIATION],58936,tiktok,@maestro_dz13,2026-01-02T21:21:21.380397,0,,,,,,,
210725,واو المطعم كلش هلو وله كانت تجربة رائعة كل شيء فيه حلو و مرتب و الأكل كان رائع لهيك بعطيه 5 نجوم لأنو ابيستحق,3501,Google Maps,Caracoya,2020-12-18T21:01:19.005Z,2,,,,,,,
210734,السومة صح ما تتبدلش بصح الميلونج يتبدل  جامي تلقاه كيما في لا فيديو  [APPRECIATION],11861,Facebook,Restaurant San Benito,2025-07-29T21:38:06.000Z,0,,,,,,,
210746,الدراهم هوما لي يقلشو . وفتونس ولا اوروبا اما هنا راه غير شكيل,13757,Facebook,Restaurant San Benito,2025-12-31T18:07:17.000Z,0,,,,,,,
603964,"Très bon accueil, service efficace. Et excellente qualité du repas, Notamment Les pizzas , elle sont très très bonnes vraiment. , Très légère, La pâte est excellente , on sent qu'elles sont faites avec des produits de qualité On a même retenté l'expérience en livraison et ça a été vraiment très rapide et toujours aussi bon Merci à toutes l'équipe [APPRECIATION]",4601,Google Maps,Hicham cook pizza pasta,2025-12-05T21:02:20.777Z,0,,,,,,,
997181,أمين أمين يحب ان يستر النساء فى الحلال لا تغلط (صلى الله عليه و سلم),10809,Facebook,Restaurant Casa Bella - Draria,2025-09-03T12:13:57.000Z,1,,,,,,,
472893,"Lah y barek mais faut mettre des protège barbes , les poiles da tombe",11070,Facebook,Restaurant Casa Bella - Draria,2025-09-23T02:53:00.000Z,0,,,,,,,
210751,les tromp l'oeil dispo pour tt les jours?,27216,tiktok,@ambiance_telemcen,2026-01-02T18:41:26.498597,0,,,,,,,
603973,كيان كيان توصيل بوزريعة,31654,tiktok,@woodgrill_dz,2026-01-02T19:13:58.136727,1,,,,,,,
866119,واش من نوع اللحم. قط ولا داب,12656,Facebook,Restaurant Rais,2025-10-12T20:02:49.000Z,0,,,,,,,
866140,مكان المحل,54408,tiktok,@mfood.annaba,2026-01-02T21:09:29.929152,0,,,,,,,
472924,le meilleur,30956,tiktok,@roi_du_fajitas,2026-01-02T19:08:43.362441,1,,,,,,,
341856,معجبتهمش باش يرشيرلك بيتزا ولا طاكوس ب مليون نورمال عادي,43950,tiktok,@dzforestrestaurants,2026-01-02T20:11:33.052628,0,,,,,,,
472929,Okssim b allah j'ai payé aujourd'hui le 30 / 07 /24 le prix de 5500 da pour 6 pizza a emporter arrivé a la maison surprise pizza cramée la garniture végétarienne zéro la pate môle pas croustillante une très mauvaise expérience a éviter a éviter a éviter !,4270,Google Maps,هشام كوك بيتزا,2024-07-30T22:25:01.654Z,1,,,,,,,
472956,"attend mais je connais ce monsieur, c'est le restaurant du pont.",72144,tiktok,@pont_hydra,2026-01-02T22:13:14.227719,108,,,,,,,
735100,يشبه لوليد تاع طيور الجنة لا لا,49348,tiktok,@chicks_nook,2026-01-02T20:40:20.804447,0,,,,,,,
866178,وين بالضبط.,15268,tiktok,@fouka.marine,2026-01-02T18:07:31.468928,0,,,,,,,
604035,مبروك بتوفيق,20072,tiktok,@darlmima,2026-01-02T18:17:59.402207,1,,,,,,,
997270,كل مانشوف وجهك نتفكر تسنيم,52678,tiktok,@uncles_burger_dz,2026-01-02T21:03:39.748642,1,,,,,,,
866200,mwalfa nrouh lihom bzf mai grave service t9iiiiiiil bzf yanssawek  [COMPLAINT],20556,tiktok,@labelladalger16,2026-01-02T18:19:38.979235,0,,,,,,,
735133,وين هذي [APPRECIATION],31832,tiktok,@entracte,2026-01-02T19:14:24.440187,2,,,,,,,
866216,Zadma ça reste mon avis alors que j'apprécie le Mr Quantité naksa par rapport au prix,4218,Google Maps,هشام كوك بيتزا,2024-08-28T14:01:39.713Z,0,,,,,,,
866218,بصح الظلمة بزاف,32560,tiktok,@restaurant_iceberg,2026-01-02T19:16:43.981188,0,,,,,,,
997293,pour quoi a partir ? c'est au kilo ? 17 mais a partir de 17,25278,tiktok,@lovers_grill,2026-01-02T18:33:41.990871,2,,,,,,,
210874,لانو مش بانكس,41824,tiktok,@street_food,2026-01-02T19:57:52.064426,0,,,,,,,
735162,c'est le resto à Amine ?,35274,tiktok,@sinai,2026-01-02T19:28:07.777403,0,,,,,,,
735167,Lieu agréable et bonne cuisine.,2551,Google Maps,HichamCook Grill House,2024-02-20T22:07:00.184Z,0,,,,,,,
866246,مكانش. منه. بش. تعمر. لزبوان. هاك,12514,Facebook,Restaurant Rais,2025-10-30T07:12:25.000Z,1,,,,,,,
997322,كايت توصيل عين توتة,24338,tiktok,@raclitta,2026-01-02T18:28:19.451952,0,,,,,,,
604113,بشحال من فضلك,10467,Facebook,"  Restaurant elassil








",2025-12-16T15:26:36.000Z,0,,,,,,,
473043,el boustane c la meilleure,61826,tiktok,@maestro_dz13,2026-01-02T21:26:54.391224,0,,,,,,,
604116,كايافسي [INQUIRY],38036,tiktok,@kfc,2026-01-02T19:39:26.429119,0,,,,,,,
866263,j viendrai nchallah,35288,tiktok,@sinai,2026-01-02T19:28:07.984098,0,,,,,,,
735196,لا أود ان اعيد التجربة إطلاقا كانت تجربة سيئة حقا من ناحيةجودة الطعام المقدم و السعر المبالغ فيه,5107,Google Maps,قصبة اسطنبول,2025-08-08T13:07:18.651Z,0,,,,,,,
866268,Euh  déjà 3 ans et a chaque fois que je retourne à Annaba il y a encore des nouveaux restaurants dans la même rue vive ma ville  [APPRECIATION],61414,tiktok,@denatelo_annaba,2026-01-02T21:25:04.435292,9,,,,,,,
604133,vous avez beaucoup de courage vu la convertibilité du dinars mais l'argent c'est pas tout راحة البال bravo bravo bravo,45104,tiktok,@budz,2026-01-02T20:15:48.052548,19,,,,,,,
473073,هادي،هي،جنته،فدنيا،اما،فلاخرة،الله،اعلم,57356,tiktok,@_le216_,2026-01-02T21:17:21.327048,1,,,,,,,
473078,كونت كي نحب ناكل حاجة ندي ختي دورك ختي تزوجة وراهي في فرنسا معامن نروح دورك,34168,tiktok,@taylot,2026-01-02T19:23:34.622400,0,,,,,,,
735227,كليت الاكل المكسيكي فالمكسيك راني متشوق نهبط لبلاد ونذوق عندك مدام راك فالحومة  [APPRECIATION],1612,instagram,"quesadillasbk
",2025-06-10T20:07:15.000Z,3,,,,,,,
473096,prix في متناول خارج الوطن يا مواطن,63058,tiktok,@allechante,2026-01-02T21:31:03.371150,0,,,,,,,
342028,نبغي كلمت نقلشك وسمحلي,13542,Facebook,Restaurant San Benito,2025-12-30T17:57:50.000Z,0,,,,,,,
342033,Service rapide bravos a tous mes compliments pour mr le gérant,8397,Google Maps,American Burger Factory,2024-03-05T17:49:34.845Z,0,,,,,,,
210968,c'est ou a alger c'est très joli [APPRECIATION],31912,tiktok,@entracte,2026-01-02T19:14:25.768455,2,,,,,,,
997408,رحت مرتين عند american burger اول مرة كنت طلبت تاكوس و غراتان دجاج الطاكوس كان في العادي ماهوش حاجة واو يعني مقارنة بسعروا هو نفس التاكوس لي نوكل فيه عند باقي المحلات الغراتان كان بنين بصح خسراتو حاجة الي هي البطاطا المقلية داخل القراتان ما استنيتش مكان بهاذي الشهرة يحطوا بطاطا مقلية في الغراتان من داخل مع الاجبان السندويتش شكلوا في الصورة يجبلكم الخبر كان متحوف بنين بزاف و معمر اجبان و يستاهل السعر تاعو المليح هو لي صوص لي عندو تاع كلش و بزاف بنان تسما لوكان مش هاذوك لي صوص البنان ماكنتش رح نكمل التاكوس تاع المرة الاولى الاسعار مليحة مقارنة بالأكل المطعم جد ضيق و صغير و كاين غاشي يعني ماشي باه تروح تريح و تبقا تحكي الاز و الناس يستناو و يشوفوا معاك اخرك تاكل ليه ليه و تنوض يعني الناس لي حتبة تروح تقصر لا انصحها,8406,Google Maps,American Burger Factory,2024-02-18T01:00:21.606Z,5,,,,,,,
473121,زيت نتاع الدار نقية وهاذي زيت 40,41600,tiktok,@street_food,2026-01-02T19:57:47.610713,2,,,,,,,
473122,كاين منك زوز؟ لضرك ما عرفتش لبلاصة قدقد,51720,tiktok,@quick_bite,2026-01-02T21:01:56.786378,0,,,,,,,
210987,راني هنا عيطلي,15718,tiktok,@mardoum,2026-01-02T18:07:55.305468,0,,,,,,,
997425,Mdrrr le Maroc a 20 ans d’avance,38472,tiktok,@kfc,2026-01-02T19:39:37.741063,0,,,,,,,
604215,Tout était parfait juste une remarque par rapport au placement des tables que j'ai trouvé un peu serré mais c'était pas mal sa passe. Bonne continuation led gars,2601,Google Maps,HichamCook Grill House,2023-11-25T20:18:06.062Z,0,,,,,,,
342078,"Restaurant propre, accueil impeccable, bouffe goûteuse, rien à voir avec celui de Kouba qui se trouve dans un état lamentable !",2327,Google Maps,HichamCook Grill House,2025-08-11T17:28:23.775Z,0,,,,,,,
866367,إجو عندك ميجوش عند الحوت,12919,Facebook,Restaurant San Benito,2025-10-12T22:54:00.000Z,0,,,,,,,
211008,قولنا سومة انتاع كل واحد,48092,tiktok,@rahmani_food,2026-01-02T20:34:23.891615,0,,,,,,,
473153,خامج و بنين,42188,tiktok,@street_food,2026-01-02T19:58:01.955917,0,,,,,,,
342081,Ah bon ! je le mange avec un aiguille,73668,tiktok,@pont_hydra,2026-01-02T22:14:01.029696,0,,,,,,,
866377,الله يباارك قوة نتا  [APPRECIATION],42578,tiktok,@street_food,2026-01-02T19:58:29.600673,1,,,,,,,
473170,"Je vous conseille d' emporter jamais sur place service médiocre et minables, aucun professionnalisme. On s'était mis d'accord pour regarder le match sur place, ils n'ont jamais tenu parole. Les burgers sont bon",7711,Google Maps,American Burger Factory,2025-04-16T19:39:05.125Z,0,,,,,,,
211027,نكري في فندق ومانكريش فيها,61368,tiktok,@denatelo_annaba,2026-01-02T21:25:02.416294,4,,,,,,,
866390,ou exactement,21640,tiktok,@maison_sardoudi,2026-01-02T18:22:29.028037,0,,,,,,,
473175,الصدق و المصداقية الله يبارك  [APPRECIATION],64850,tiktok,@restaurant_marisco,2026-01-02T21:36:42.002955,1,,,,,,,
735326,3200 [COMPLAINT],47552,tiktok,@bazookadz,2026-01-02T20:32:28.315682,0,,,,,,,
866407,Bousbirienne,16630,tiktok,@user5834669559361,2026-01-02T18:10:42.541761,16,,,,,,,
211050,كيشغل تصولدي,44604,tiktok,@dzforestrestaurants,2026-01-02T20:11:59.457754,0,,,,,,,
342134,انا سموني سنارة ولبحر عايش كما موكلي لغابة و شواية,13736,Facebook,Restaurant San Benito,2025-12-25T01:59:51.000Z,0,,,,,,,
866425,y'a aussi food,31252,tiktok,@taylor,2026-01-02T19:10:51.519782,1,,,,,,,
473213,انا هدا كي نسمعو يهدر نشبع سبحان الله  جماعة لي تروح عندو قاتلهم الشر ولا قاتلهم الهم,696,instagram,chaway_zaimm,2025-07-09T11:17:26.000Z,0,,,,,,,
342146,غلقوه بعد ٢٤ ساعة ارتاحو,38580,tiktok,@kfc,2026-01-02T19:39:43.088278,0,,,,,,,
342151,حسابي جديد أبوني,36054,tiktok,@sinai,2026-01-02T19:28:33.477105,0,,,,,,,
473227,"J’ai commandé quatre trompe l’œil, donc deux étaient congelés. Nous avons fait une réclamation, le responsable nous a crier dessus et nous a manqué de respect, en me disant qu’il ALLAIT ME RAMENER UNE FEMME POUR ME TAPER! ( DOK NJIBLEK MRA TA3TIK SAWTA! ) A FUIR.",62784,tiktok,@allechante,2026-01-02T21:30:57.321135,2,,,,,,,
735376,تحيا فوفو,32442,tiktok,@restaurant_iceberg,2026-01-02T19:16:41.139522,0,,,,,,,
211088,كنت فاالمترو. اوبير. خادم,15726,tiktok,@mardoum,2026-01-02T18:07:55.305478,0,,,,,,,
473246,werona la cuisine a l intérieur machi men bera,21254,tiktok,@triple_,2026-01-02T18:22:04.417988,0,,,,,,,
473248,خطراكش خامج وبنين,42370,tiktok,@street_food,2026-01-02T19:58:06.183255,0,,,,,,,
473253,الجزائر مشاء الله رامي في تطور نشاء الله نروحو بعيد,47318,tiktok,@street_food,2026-01-02T20:31:30.576907,0,,,,,,,
342187,"Endroit calme et spacieux, la déco juste magnifique, réception chaleureuse, service pas vraiment, et inactif mais je comprends que vu le grand nombre de clients la gestion de service a été mauvaise, et pour la nourriture vraiment délicieuse et bonne, les prix abordable",7552,Google Maps,Restaurant À Petit Feu,2024-04-13T20:57:20.856Z,3,,,,,,,
604334,كلشي مغربي الأكل و الموسيقى,65994,tiktok,@cote_oran,2026-01-02T21:46:24.009649,0,,,,,,,
473262,Quand on rentre dans le restaurant il y a directement une délicieuse odeur de curry avec un petite mare avec quelques poissons quand on monte à l’étage un petit aquarium avec plusieurs poissons de divers races niveau plat rien à dire meilleur restaurant indien que j’ai mangé dans ma vie les serveurs sont très sympa les plats sont comme dans l’image très jolies et les plats sont vraiment très très très généreux j’ai mangé la moitié du plat je n’arrivais plus un bouché. Bref en gros c’est le meilleur restaurant indien dans toute l’Algérie pour moi. Merci au serveurs très gentils et encore c’était délicieux.,3071,Google Maps,تاج محل بن عكنون,2024-06-29T22:03:45.955Z,0,,,,,,,
997552,je valide les meilleures  [APPRECIATION],33398,tiktok,@ambiancefood,2026-01-02T19:21:15.650002,1,,,,,,,
342201,يعطيكم الصحة المعاملة عندكم كانت هايلةالماكلة بنينة و حتى لي يخدمو كانو روعة شكرا خاص لغيلاس و ميليسا على حسن التعامل الله يبارك,8147,Google Maps,American Burger Factory,2025-01-28T17:46:37.207Z,0,,,,,,,
997563,t'es nulle en français semhili diri les cours wela dokhli CCF,42706,tiktok,@my_pizza,2026-01-02T19:58:59.743670,1,,,,,,,
211137,I recommande this restaurant,3790,Google Maps,Laurel Restaurant,2023-11-17T13:36:30.216Z,3,,,,,,,
342236,ملاحظة فقط. الشاف قولولو ما تكثرش الكمون فاللحم. ولا بالاك في زهري انا ضهرت يدو كبيرة فالمقادير,51690,tiktok,@mfood.plus,2026-01-02T21:01:24.075585,0,,,,,,,
604386,Nice authentic Indian cuisine,3050,Google Maps,تاج محل بن عكنون,2024-10-28T16:25:13.265Z,0,,,,,,,
342250,بريفي,17100,tiktok,@casa_burger1,2026-01-02T18:11:28.513015,0,,,,,,,
604397,يحصرا كنت تدخلها 18 في عمري,70864,tiktok,@paradou_restaurant,2026-01-02T22:04:49.350328,6,,,,,,,
735478,Les trompes œil et autres pâtisseries sont très bons,3872,Google Maps,L’Alchimiste Pâtisserie,2024-08-23T21:55:51.388Z,1,,,,,,,
866556,"Tout est parfait , très bonne cuisine , à visiter même en famille Accueil chaleureux , personnel souriant top",6997,Google Maps,American Burger Factory,2025-07-13T22:22:12.166Z,0,,,,,,,
604425,Sarhat Hakiri ربي عطاه باركاو ماتقودو لازم تلقاو عفسة تكريتيكيو فيها ة,9247,Facebook,,2025-12-03T23:51:56.000Z,1,,,,,,,
604429,الله يعطيك ضربة شهيتنا,12781,Facebook,Restaurant Rais,2025-10-13T17:28:10.000Z,0,,,,,,,
473359,0 sens du service ! à fuir !,36252,tiktok,@sinai,2026-01-02T19:28:41.305529,0,,,,,,,
342289,"Lila Hadj معليش اختي بصح كي تاكليهم نورمال تستقام لك 500, 000 امسحكي راهو يدير في الاشهار زعما شغل دار لنا تخفيض هذه ما كانش منها 70 بروشات الاكثريه مركاز وسكالوب",10176,Facebook,Dz Forest Restaura,2025-10-13T07:01:34.000Z,2,,,,,,,
211221,أختاه الله يعاونك ويقدرك ربي يفرج عليك بخبزة أخرى هادي شدي يدك بيها لكن ماتبقايش فيها نتي ولا غيرك,13123,Facebook,Restaurant San Benito,2025-10-13T11:27:54.000Z,0,,,,,,,
211225,خليل رحماني هداك انت يحشولك,10654,Facebook,Dz Forest Restaura,2025-10-13T18:14:31.000Z,0,,,,,,,
997658,وين بلاصة أخي  [COMPLAINT],12133,Facebook,Restaurant San Benito,2025-10-14T05:35:14.000Z,0,,,,,,,
866594,win exactement ?,27182,tiktok,@ambiance_telemcen,2026-01-02T18:41:21.610696,1,,,,,,,
211253,مراكمش تردوا مراكمش تخدموا ؟؟؟,518,instagram,"brother.ts
",2024-12-03T14:56:56.000Z,1,,,,,,,
866615,درنا عيد ميلاد هناك والله توب ومش غالي برابور بلايص اخرين ومعاملة هايلة كنا. خايفين يكون غالي مي العكس بلاصة تهبل,18648,tiktok,@helena,2026-01-02T18:16:15.604014,0,,,,,,,
997691,Le nom du restaurant svppp?,15284,tiktok,@fouka.marine,2026-01-02T18:07:31.672988,2,,,,,,,
211267,"Super déçue du nouveau magasin avant la quantité était là y avait des quantités généreuses, des gants et des lingettes fournies là il faut les payer? Bref j'ai pas aimé",6540,Google Maps,American Burger Factory,2025-12-06T18:22:41.901Z,0,,,,,,,
735556,لحق ملاحة,53236,tiktok,@piadzo_food23,2026-01-02T21:06:21.623236,0,,,,,,,
604490,كنت راح نقولك غالية بصح كي زدت معاهم قرعة قازوز خلاص هديك هي 500 الف,44618,tiktok,@dzforestrestaurants,2026-01-02T20:12:00.943143,0,,,,,,,
211277,ناس عنابة وين جات مديرية املاك الدولة بليييز,60822,tiktok,@maestro_dz13,2026-01-02T21:23:30.471851,4,,,,,,,
604495,بارك الله فيك منجي منولي,8959,Facebook,Restaurant Casa Bella - Draria,2025-12-06T16:30:34.000Z,8,,,,,,,
866648,اكان عرضتي يا خويا هههه نجي نفطر معاك,16280,tiktok,@mardoum,2026-01-02T18:08:08.760141,0,,,,,,,
735581,Il fallait la mettre dehors cette conne.,16680,tiktok,@user5834669559361,2026-01-02T18:10:45.705983,36,,,,,,,
604515,Li rahom yqolo rali cv chwiya qatalkoum bllik fih fourage w fih la fraise w fih ganache machi b chantilly hada wllh ghir hadik hiya,1997,instagram,the____bakery,2025-12-30T15:11:18.000Z,1,,,,,,,
604526,Tout est parfait j'ai été plusieurs fois en famille,5776,Google Maps,Casbah Istanbul القصبة اسطنبول,2020-11-29T08:22:49.341Z,0,,,,,,,
473465,burger classic 1200 da  [COMPLAINT],18522,tiktok,@helena,2026-01-02T18:16:13.075220,0,,,,,,,
473469,Vous faites la livraison,9407,Facebook,"Restaurant La Napolitana









",2023-10-23T18:07:42.000Z,0,,,,,,,
211335,APRS tsib grelou on the top counter,18636,tiktok,@helena,2026-01-02T18:16:15.458435,0,,,,,,,
342415,C cher,2853,Google Maps,HichamCook Grill House,2022-11-22T04:42:53.814Z,0,,,,,,,
342421,Invitation à Cenwes,11314,Facebook,Restaurant Casa Bella - Draria,2025-07-30T05:26:47.000Z,0,,,,,,,
866712,عن تجربة بنة نققيين الله يبارك ربي يقدركم وي فقطم,30504,tiktok,@aymen.woody,2026-01-02T18:58:42.116264,0,,,,,,,
211354,ماشاء الله بالتوفيق [APPRECIATION],18680,tiktok,@helena,2026-01-02T18:16:16.153775,0,,,,,,,
997786,سعيد سعيد انسان ماشاء الله,10879,Facebook,Restaurant Casa Bella - Draria,2025-10-02T20:46:44.000Z,0,,,,,,,
342429,Bon courage mon frère et bonne continuation,36976,tiktok,@restaurant.madala,2026-01-02T19:34:42.473862,1,,,,,,,
997802,انا مناكلش الحوت و عجبني المحل ديالك وش نقدر ناكل,31812,tiktok,@entracte,2026-01-02T19:14:24.034728,6,,,,,,,
342444,"Service catastrophique et la bouffe n'est pas ouf. J'ai attendu très longtemps juste pour avoir le menu et un long moment pour être servie, sachant que c'était à 15h donc j'imagine même pas comment ça se passe à midi. J'ai pris du poulet grillé sauce champignons, le poulet était pas mal, par contre l'accompagnement n'était pas très bon. J'ai déjeuné en terrasse, elle était trop encombrée. À déconseiller",3691,Google Maps,Laurel Restaurant,2025-01-10T18:50:24.007Z,0,,,,,,,
997827,cool when I visit Algerie agian I'll really want to come over [APPRECIATION],31858,tiktok,@entracte,2026-01-02T19:14:24.440222,2,,,,,,,
473542,يا ربي ومتوحمة كيفاش دير  [COMPLAINT],1344,instagram,mahroussaglace,2025-10-06T23:33:01.000Z,0,,,,,,,
211402,un très bel endroit,56582,tiktok,@terre_et_mer_annaba,2026-01-02T21:15:46.820187,0,,,,,,,
735692,très bon avertissement chapeau  [APPRECIATION],50966,tiktok,@broaster_chiken,2026-01-02T20:59:48.252200,0,,,,,,,
735695,"C'est excessivement cher, un millefeuille à 400 DA, je pense que c'est irrationnel, pour la note je donnerai un nul pour le prix.",3868,Google Maps,L’Alchimiste Pâtisserie,2024-10-14T08:45:31.654Z,0,,,,,,,
211419,La récolte de kif marocain de cette année est de mauvaise qualité.,17032,tiktok,@user5834669559361,2026-01-02T18:10:53.819478,0,,,,,,,
604637,Pour l’endroit et la deco c vraiment 10/10 mais pour le côté de la nourriture c’est à 5/10 vraiment y a rien de spécial les frites étaient toutes vertes la tables n’était pas bien clean le prix est exagéré pour un goût pareille qu’on peut l’avoir dans une pizzeria normal à moitié prix,4963,Google Maps,Hicham cook pizza pasta,2019-10-08T12:20:14.142Z,1,,,,,,,
473574,Lieu sympa mais service désastreux et nourriture très vite gavante,6620,Google Maps,American Burger Factory,2025-09-18T22:58:45.751Z,0,,,,,,,
866790,"Nul, catastrophique, Très déçue ! Aucun accueil, obligés de dresser notre table alors que 5 serveurs discutaient. Après 1h15, toujours pas nos pizzas : nous sommes partis. Restaurant grand mais vide de service, juste du bluff.",4018,Google Maps,هشام كوك بيتزا,2025-09-10T18:14:33.800Z,0,,,,,,,
997864,Zaki Zaki Zaki انا نهدر على السعر ! واش دخل كبير ولا صغير ويقول أربعة كومنبار مليح عندك انت يكذب وهو حاط أربعة مورسوات تاع كومنبار وانت جاي تريكلامي عليه وعندك انت السعر نورمال ! وانا ماني جاي ناكل عندو ولا حاب ناكل عندو نعرف العاصمة خير منك ومنو مفهوم ونعرف وين ناكل واقسم بالله راك تهدر مع واحد كنت نخدم في مطعم ضخم في نيس ) لاكوت دازير ) نعرف انواع الماكولات والا طباق اقسم بالله والله انت وهو لا تعرفها ولا تسمع بيها ولم تراها حتى في الفيسبوك ولا تأكلها انت وهو حتان تموت ! انا نقصد ارحموا من في الأرض يرحمكم من في السماء وراك مع واحد مفور ومعاود !,9973,Facebook,Dz Forest Restaura,2025-10-13T15:55:03.000Z,1,,,,,,,
342510,كون درتي الماكلة في سيكوب خير من لغميقة على الأقل يبان معمر,9423,Facebook,Restaurant Tabarka Annaba,2025-12-24T12:22:21.000Z,5,,,,,,,
997875,الثمن من فضلكم,10212,Facebook,"  Restaurant elassil








",2025-12-26T19:30:58.000Z,0,,,,,,,
735734,Try winners and chezpetitburger,34086,tiktok,@taylot,2026-01-02T19:23:32.084511,0,,,,,,,
735735,en peut venir prendre le petit déjeuner,34576,tiktok,@restaurantmonegasque,2026-01-02T19:24:02.147603,0,,,,,,,
473599,حط لاسعار,20776,tiktok,@labelladalger16,2026-01-02T18:19:45.451992,0,,,,,,,
342530,Délice  [APPRECIATION],790,instagram,elmarssem.dz,2025-07-16T23:53:41.000Z,0,,,,,,,
342534,شابا والولاد ولبنات ماشء الله ساغفيس سريع بصح عندكم السخااااااااااانة,63074,tiktok,@allechante,2026-01-02T21:31:04.202451,0,,,,,,,
604684,حي سلام نعرفهم,67756,tiktok,@kartaj_oran,2026-01-02T21:53:16.692250,1,,,,,,,
997901,Cest la sauce au beurre qui est Bon,72362,tiktok,@pont_hydra,2026-01-02T22:13:21.460811,1,,,,,,,
604686,شهتني اخي و الله ربي يبارك,54682,tiktok,@mr._brik,2026-01-02T21:11:19.594969,1,,,,,,,
604685,j'ai mangé boulevard des 2 lions et ils nous ont servi les burger avant les   [BOUFFE],45586,tiktok,@budz,2026-01-02T20:16:06.818041,0,,,,,,,
211471,Livraison cheraga ch7al?,40456,tiktok,@woodchickendz,2026-01-02T19:45:50.912734,2,,,,,,,
211480,Merci Mouhand!,73182,tiktok,@pont_hydra,2026-01-02T22:13:49.131778,0,,,,,,,
342556,الوليمة 216,58912,tiktok,@maestro_dz13,2026-01-02T21:21:20.642864,1,,,,,,,
342559,Not up to the level of European restaurants,4114,Google Maps,هشام كوك بيتزا,2025-02-06T13:51:45.432Z,0,,,,,,,
211492,القهوة 20 الف خويا روجي فما ادراك بالباقي,56224,tiktok,@the_chef_house_23,2026-01-02T21:14:35.405727,0,,,,,,,
997926,كلشي ب150 [INQUIRY],11750,Facebook,Restaurant San Benito,2025-07-28T01:47:29.000Z,0,,,,,,,
866861,L’ancien restaurant la coupole je pense Nn,14116,tiktok,@les_jumelles,2026-01-02T18:01:16.708080,32,,,,,,,
997934,بصح هذا نذوق بيه و لا نفطرو بيه,39932,tiktok,@streetburger02,2026-01-02T19:44:04.469175,0,,,,,,,
342575,tess dirlna dégustation fi A qoua park T3 rchgon [APPRECIATION],50308,tiktok,@quick_bite,2026-01-02T20:59:16.814031,1,,,,,,,
604721,هادا ف القبة حومتي و ما نعرفوش وريلنا حانوت من برا بش نعرفو,30372,tiktok,@lasombra.dz,2026-01-02T18:58:22.671344,1,,,,,,,
997937,bravo les jeunes,7007,Google Maps,American Burger said hamdine,2025-05-29T12:49:11.298Z,0,,,,,,,
604730,l´adresse?,56872,tiktok,@papillons827,2026-01-02T21:16:41.193402,0,,,,,,,
211515,ماشاء الله بنة وتحفة ربي يكمل,1799,instagram,seven_times_la_villa,2025-07-23T20:19:37.000Z,0,,,,,,,
997966,انا توحمت عليه فرمضان وين حوسو ملقاوليش,41626,tiktok,@street_food,2026-01-02T19:57:48.416264,3,,,,,,,
604752,pkoi y a écrit pâtisserie oriental sur la carte? ce sont des pâtisseries algériennes,25146,tiktok,@le_tassili,2026-01-02T18:32:49.783549,2,,,,,,,
604756,اهرب يا جورج إنه فخ,12117,Facebook,Restaurant San Benito,2025-10-12T22:29:55.000Z,0,,,,,,,
211540,Un service rapide et des produits de bonnes qualités,6674,Google Maps,American Burger Factory,2025-09-05T12:57:42.579Z,0,,,,,,,
342618,je confirme mais trop cher,21792,tiktok,@maison_sardoudi,2026-01-02T18:22:32.454505,0,,,,,,,
342619,c'est vrai le meilleur mille feuilles à Annaba,53014,tiktok,@patisserie_annaba,2026-01-02T21:04:20.697119,0,,,,,,,
997986,cintra kabaret c'est derrière rueelle,64374,tiktok,@cintra,2026-01-02T21:34:49.020956,0,,,,,,,
735843,Pizza qui ne mérite pas vrm,4022,Google Maps,هشام كوك بيتزا,2025-08-28T22:28:40.714Z,0,,,,,,,
997988,حطولنا الموقع من فضلكم,60900,tiktok,@maestro_dz13,2026-01-02T21:23:33.442470,0,,,,,,,
866921,Hanane Boutobza on vous attend. Marhba,9283,Facebook,"Restaurant La Napolitana









",2023-10-07T12:52:18.000Z,0,,,,,,,
342660,غااااااالي,32676,tiktok,@seven.times,2026-01-02T19:17:48.707515,6,,,,,,,
604807,Livraison disponible,2030,instagram,the____bakery,2025-08-02T16:41:07.000Z,2,,,,,,,
604808,Ça donne une seule envie…y aller…. et y rester  [APPRECIATION],60376,tiktok,@seraidi.live.z,2026-01-02T21:22:49.679186,0,,,,,,,
211599,La bouffe reste à désiré la paella pour un plat de 3 mille dinars un flop le riz tres cuit et fade les fruit de mer ne sont pas frais pour la pizza la pâte est une pâte pour metlou3 loin d'être une vrai pizza,7694,Google Maps,Restaurant À Petit Feu,2023-11-14T18:43:31.839Z,1,,,,,,,
866967,نقطة مفهمتهاش الإنتقاد للبنت ولا لمول المحل مهما حسد علا الإنسان ان يتجنبه ربي يوفق كل واحد في مايرضي الله,13104,Facebook,Restaurant San Benito,2025-10-13T16:19:15.000Z,0,,,,,,,
866973,شجعوه ونصحوه بلاكش ميعرفش اخطيكم من التعليق السلبية متخدمش bonsoirboالسباحة شجعوه,56668,tiktok,@terre_et_mer_annaba,2026-01-02T21:15:50.047945,1,,,,,,,
866984,لازم تهدر بالفرنسية باش تاكلو ويكون قبايلي لي مطيبو. سينون مادرنا والو,73672,tiktok,@pont_hydra,2026-01-02T22:14:01.029699,0,,,,,,,
604843,bateau  cassé  [APPRECIATION],23312,tiktok,@le_perchoir,2026-01-02T18:25:26.514030,0,,,,,,,
866990,Magnifique pizza et un très bon service,4537,Google Maps,هشام كوك بيتزا,2023-12-21T22:49:33.843Z,0,,,,,,,
211630,prix exagéré,2962,Google Maps,HichamCook Grill House,2022-03-20T22:44:00.558Z,15,,,,,,,
342715,"Formidable, chaleureux, tres propre, copieux et surtout délicieux",5716,Google Maps,Casbah Istanbul القصبة اسطنبول,2021-12-12T16:49:22.795Z,0,,,,,,,
998077,"J’ai été hier le Burger et les frites étaient bons mais l’endroit n’est pas propre et les toilettes n’en parlons même pas j’étais déçue il faut revoir l’hygiène chaises remplies de gras, le sol également je n’irai pas une seconde fois",628,instagram,budz.dz,2024-10-19T08:02:49.000Z,3,,,,,,,
604861,"Acceuil chaleureux, endroit propre, un tres bon service mais cest vraimment cher",3246,Google Maps,تاج محل بن عكنون,2019-08-03T12:21:52.078Z,1,,,,,,,
342722,"Essaye scotish , le carré et nour el hani ain benian",25008,tiktok,@el_marssem,2026-01-02T18:32:16.408982,17,,,,,,,
604867,"Il se situe plus à Kristel , il est quand même à 20 km d’Oran",70302,tiktok,@le_petit_chalet,2026-01-02T22:00:18.009011,0,,,,,,,
867010,mon père  [APPRECIATION],73556,tiktok,@pont_hydra,2026-01-02T22:13:57.935750,0,,,,,,,
867013,Chou Lee شوف هس,11396,Facebook,Restaurant San Benito,2025-07-27T18:30:19.000Z,0,,,,,,,
473799,Qu as-tu proposé ? Peut-être que je suis le plus chanceux,67454,tiktok,@bladi_oran,2026-01-02T21:51:47.464291,0,,,,,,,
867021,livraison l ruisseau chhal,30990,tiktok,@roi_du_fajitas,2026-01-02T19:08:44.077727,0,,,,,,,
211663,Et vous avez mangé tout ça . . mais bien sûr.,21288,tiktok,@triple_,2026-01-02T18:22:04.495494,0,,,,,,,
998097,"Très bonne découverte, service rapide, les plats étaient bons et les prix sont dans les standards actuels",7744,Google Maps,Restaurant À Petit Feu,2023-10-05T20:33:41.289Z,1,,,,,,,
998103,الأسعار والله مقبوله حسب الديكور الجميل و النضافة ماشاء الله  [APPRECIATION],14272,tiktok,@les_jumelles,2026-01-02T18:01:23.636723,0,,,,,,,
473818,Meilleur restaurant Turque pour moi,5347,Google Maps,قصبة اسطنبول,2024-05-02T21:32:33.154Z,0,,,,,,,
998114,كون غير تخيروني باش نحي ناكل عندكم,67290,tiktok,@bladi_oran,2026-01-02T21:51:42.147267,0,,,,,,,
998116,Need this in London,34764,tiktok,@sinai,2026-01-02T19:27:57.400165,3,,,,,,,
473828,البيض طايب زيادة .,54648,tiktok,@mr._brik,2026-01-02T21:11:19.594927,0,,,,,,,
211686,بوينان راك مليح,41038,tiktok,@derby.food,2026-01-02T19:50:08.945287,1,,,,,,,
342760,الحق يقااال تحفة [RECOMMENDATION],18658,tiktok,@helena,2026-01-02T18:16:16.153750,0,,,,,,,
604914,(وَقَالُوا الْحَمْدُ لِلَّهِ الَّذِي أَذْهَبَ عَنَّا الْحَزَنَ ۖ إِنَّ رَبَّنَا لَغَفُورٌ شَكُورٌ) من قرأها يضع قلب ويتابعنا فضلاً  [APPRECIATION],9838,Facebook,Dz Forest Restaura,2025-10-13T14:57:04.000Z,1,,,,,,,
473853,Ola Chetteuf ان شاء الله  [APPRECIATION],9617,Facebook,"  Restaurant elassil








",2025-12-16T19:21:07.000Z,0,,,,,,,
342798,Triple r,21052,tiktok,@triple_,2026-01-02T18:21:58.676976,0,,,,,,,
998159,الله يبرك ابابا,50266,tiktok,@chapati_team,2026-01-02T20:59:01.076981,0,,,,,,,
342806,c’est où svp,56910,tiktok,@papillons827,2026-01-02T21:16:42.512644,0,,,,,,,
736023,Un voyage en Algérie en France [APPRECIATION] [RECOMMENDATION],35022,tiktok,@sinai,2026-01-02T19:28:03.462446,0,,,,,,,
736022,خيمت بن عزوز كيفكيف,58156,tiktok,@vilageneige_annaba,2026-01-02T21:19:46.701158,0,,,,,,,
473889,"Une équipe jeune et dynamique , une déco originale coup de coeur  pour la formule petit déjeuner bravo à l'équipe american dinner",5017,Google Maps,Hicham cook pizza pasta,2018-10-23T09:16:58.182Z,0,,,,,,,
473890,Quand vous faites une pub il fau donner le nom et l’adresse svp,15260,tiktok,@fouka.marine,2026-01-02T18:07:31.468921,0,,,,,,,
473901,je suis cuisiner et je te dit que même mélange ́d'épices ydiroh dans les mêmes plats poulet poisson viande,16672,tiktok,@user5834669559361,2026-01-02T18:10:45.373119,4,,,,,,,
342830,مطعم طبرقة [APPRECIATION],59408,tiktok,@maestro_dz13,2026-01-02T21:21:32.352822,2,,,,,,,
473905,مشاءالله كل شئ بالبراكة,56870,tiktok,@papillons827,2026-01-02T21:16:41.193400,0,,,,,,,
867125,وين المحل باش مانجيش,73740,tiktok,@pont_hydra,2026-01-02T22:14:03.016169,0,,,,,,,
736070,ak tetmskher ndkhoul n9oulou a3tini sandwitch flouka,1855,instagram,snacky_time_kouba,2025-06-08T20:34:31.000Z,11,,,,,,,
736072,Un big flop service très très lent et nulle et en plus li tgoulhoum aliha ygoulk mkanch,1572,instagram,pausa_oran,2025-08-19T19:56:12.000Z,1,,,,,,,
605002,Très bien mangé personnel aux top,6886,Google Maps,American Burger Factory,2025-07-16T21:59:41.146Z,0,,,,,,,
342861,وين المكان؟ ؟؟,56618,tiktok,@terre_et_mer_annaba,2026-01-02T21:15:48.336841,1,,,,,,,
342871,رني حاب ناكل  لحوتا نتاعك  [APPRECIATION] [BOUFFE],13775,Facebook,Restaurant San Benito,2025-12-17T14:18:07.000Z,0,,,,,,,
605022,win ? c ou svp ? c est en Algérie ?,17852,tiktok,@casabelladraria,2026-01-02T18:14:47.824013,0,,,,,,,
473953,ذهبنا اليوم الى المطعم انا والاولاد الحالة راهي كارثة معمرة دبان والله ماقدرناش نقعد ادينا البيتزا امبورتي والطعم سيء والاسعار غالية,4818,Google Maps,Hicham cook pizza pasta,2022-08-11T17:44:48.697Z,0,,,,,,,
342884,نهار نجي لألجي نعيطلك [APPRECIATION],16352,tiktok,@mardoum,2026-01-02T18:08:10.555287,0,,,,,,,
867177,في حالة بصح,51536,tiktok,@broaster_chiken,2026-01-02T21:00:01.526193,0,,,,,,,
998251,والله غير راني نتوحم معنديش باش نجي ناكول مفضلك خبي ماكل راك شهيتني,10918,Facebook,Restaurant Casa Bella - Draria,2025-09-11T02:24:29.000Z,2,,,,,,,
342895,c est quoi les mouches qui tournent,18142,tiktok,@casabelladraria,2026-01-02T18:14:54.619323,0,,,,,,,
998259,L’un de mes restos préférés !,3563,Google Maps,Laurel Restaurant,2025-12-29T12:40:30.055Z,0,,,,,,,
736116,"Staff accueillant et poli, repas de qualité et copieux si vous etes gourmands, places confortable. Idéal pour des repas en famille ou en famille",3037,Google Maps,تاج محل بن عكنون,2025-01-27T20:04:19.882Z,0,,,,,,,
867195,Les prix vraiment  [APPRECIATION],37106,tiktok,@restaurant.madala,2026-01-02T19:34:44.959953,1,,,,,,,
867197,راني حابة نعرف مولها كي صراله,38952,tiktok,@kfc,2026-01-02T19:40:00.958396,0,,,,,,,
998274,c mon restaurant à Alger Est.,24622,tiktok,@laturquoisehotel,2026-01-02T18:30:17.426536,1,,,,,,,
473992,Meilleur accueil machallh bonne priix [APPRECIATION],1565,instagram,pausa_oran,2025-10-06T19:30:39.000Z,0,,,,,,,
211848,قولي باسم الله,72454,tiktok,@pont_hydra,2026-01-02T22:13:23.049280,0,,,,,,,
998288,Et une longue barbe,43814,tiktok,@dzforestrestaurants,2026-01-02T20:11:31.252326,2,,,,,,,
867220,J'ai hâte de goûter leur bourrata ça donne envie  [APPRECIATION],9303,Facebook,"Restaurant La Napolitana









",2023-10-24T07:08:32.000Z,1,,,,,,,
998294,والله عنابة كل لاتتسعا ريسطورون مليحة تاكل فيها,50776,tiktok,@broaster_chiken,2026-01-02T20:59:44.958898,1,,,,,,,
605079,أنا درت عرسي فيه بي ندير برود و بن زينة في 1997,70896,tiktok,@paradou_restaurant,2026-01-02T22:04:50.559565,0,,,,,,,
867223,"Algérie la puissance, tout y est comme à la maison, hummmmbravo pour la publicité, dommage que vs ns soyez pas sur Bordeaux  [APPRECIATION]",36030,tiktok,@sinai,2026-01-02T19:28:32.455797,0,,,,,,,
736156,chahitouni,28180,tiktok,@amine.lacantine,2026-01-02T18:45:40.649867,0,,,,,,,
867234,Un délice la maison fi bariz [APPRECIATION],34906,tiktok,@sinai,2026-01-02T19:28:00.128128,1,,,,,,,
736165,Très bonne pâtisserie. Nous avons tester tout les trompe l'oeil. un régal . Le gâteau noisette est délicieux. Une adresse sûre que je recommande.,3841,Google Maps,L’Alchimiste Pâtisserie,2025-06-21T22:54:59.794Z,0,,,,,,,
867244,مشاوي التيغر [APPRECIATION],59106,tiktok,@maestro_dz13,2026-01-02T21:21:23.893688,0,,,,,,,
211897,The best pizza ever chez Ray’s  [APPRECIATION],51934,tiktok,@rays_annaba,2026-01-02T21:02:49.867664,0,,,,,,,
998333,الله يبارك وين بلاصة,47330,tiktok,@street_food,2026-01-02T20:31:30.576942,1,,,,,,,
605120,غالطه ثاله معنها العين او العنصر يعمرو منها الماء,27884,tiktok,@thala,2026-01-02T18:45:07.867056,1,,,,,,,
211914,نتقلش في داري عندي لطيبلي,12954,Facebook,Restaurant San Benito,2025-10-13T05:03:44.000Z,0,,,,,,,
998353,ايه يفتح و يعاود يغلق عادي,37604,tiktok,@kfc,2026-01-02T19:39:17.543551,605,,,,,,,
474071,هاعرضيني  [APPRECIATION],1092,instagram,imstarvingfood,2024-09-21T20:40:57.000Z,1,,,,,,,
211927,Le prix? c combien stp,26136,tiktok,@don_sido_,2026-01-02T18:34:33.255291,0,,,,,,,
998362,"Le meilleur endroit à Oran, caractérisé par son luxe et son beau goût",62576,tiktok,@allechante,2026-01-02T21:30:53.140163,2,,,,,,,
211932,il a l'air de galère à manger la viande. elle doit être hyper dur,25426,tiktok,@lovers_grill,2026-01-02T18:33:47.165187,1,,,,,,,
211935,400 da seulement ?,46570,tiktok,@oumanger.oran,2026-01-02T20:23:51.156861,25,,,,,,,
736226,Magnifique sa l’aire trop bon ! Ils prévoient pas d’ouvrir à oran ?,1977,instagram,sushiima_dz,2025-04-19T20:51:56.000Z,3,,,,,,,
867311,خصني خدمة في ريستورو في درارية,31878,tiktok,@entracte,2026-01-02T19:14:25.718953,0,,,,,,,
343025,"C’est du gâchis, un super endroit mais bondé de monde. On s’entend à peine à l’intérieur, les serveurs sont guindés, hyper lents et se trompent dans les commandes. Et Mahrez est hyper désagréable au parking ! Hâte de vous retrouver au Val D’hydra.",2221,instagram,teyr_ellil,2025-03-27T19:32:33.000Z,7,,,,,,,
474100,انا روحت عندها في قطارة عنابة مي ماكلة ميش خلاص بنينة بصح القعدة او الاطلالة هايلة,58172,tiktok,@vilageneige_annaba,2026-01-02T21:19:46.701421,0,,,,,,,
211968,"Pour le moment, pour moi, la meilleur endroit pour bien manger. Bon rapport qualité prix. parts genereuses. Bien frequenté. Bon service. J y vais souvent en famille oubien quand je veux inviter quelqu un.",5810,Google Maps,Casbah istanbul,2025-10-21T12:58:55.026Z,0,,,,,,,
211971,[COMPLAINT],52578,tiktok,@uncles_burger_dz,2026-01-02T21:03:37.677947,0,,,,,,,
998417,c'est très bon mais pas pour votre portefeuille,5958,Google Maps,Casbah Istanbul,2024-09-13T00:22:40.840Z,0,,,,,,,
474130,la belle époque  [COMPLAINT],64448,tiktok,@cintra,2026-01-02T21:34:50.086062,1,,,,,,,
343066,La base ga3 li hiya sauce soja sucré madarhech et lieu ydir sauce thaï dar sauce barbecue ! La 3ala9a m3a la vrai recette [COMPLAINT],40264,tiktok,@streetburger02,2026-01-02T19:44:11.216248,0,,,,,,,
211995,"A fuire! Prix exorbitants, serveurs incompétents, tacos rempli de frittes on déguste à peine la viande, à ne pas essayer.",8761,Google Maps,American Burger Factory,2020-02-05T11:49:56.475Z,0,,,,,,,
474145,Rien de spécial à Béjaïa ikll,27342,tiktok,@lamignonne06bejaia,2026-01-02T18:43:24.120329,7,,,,,,,
998436,J’y crois pas ils sont contente d’avoir un kfc moi j’y aller à celui du Maroc jetait une gamine mdr,37748,tiktok,@kfc,2026-01-02T19:39:19.608385,256,,,,,,,
998437,سر المسألة بلاك شوفونت والزيت معاود  [APPRECIATION],41900,tiktok,@street_food,2026-01-02T19:57:54.385395,0,,,,,,,
605224,غير الاكل هذاك مكان,60952,tiktok,@maestro_dz13,2026-01-02T21:23:34.394623,0,,,,,,,
605228,Faites comme les corses y en aura plus,38652,tiktok,@kfc,2026-01-02T19:39:46.641899,0,,,,,,,
867374,دراهم يدير طريق فلبحر الله يرزقنا من حيث لا نحتسب,57440,tiktok,@_le216_,2026-01-02T21:17:22.899566,1,,,,,,,
605233,"My experience at Casbah Istanbul was nothing short of excellent. What impressed me the most was the warm welcome and the outstanding service. The staff is professional and friendly, making you feel right at home. The decor beautifully blends Ottoman elegance with Maghrebi artistry, creating a charming atmosphere. As for the Turkish cuisine, it was delicious and thoughtfully prepared. I highly recommend this restaurant to anyone looking for an authentic Turkish dining experience in the heart of Algiers",5155,Google Maps,Casbah Istanbul القصبة اسطنبول,2025-05-19T12:56:57.517Z,0,,,,,,,
343093,"Nice place , nice burger , my problem is about the 2 min chewing meat",7865,Google Maps,American Burger said hamdine,2022-08-16T18:03:15.576Z,0,,,,,,,
736316,مطعم الأثرياء متشقاوش طبقة المنهزمة تعيونا بتعليقات غالي ووو,19214,tiktok,@helena,2026-01-02T18:16:31.069230,0,,,,,,,
605247,ألف مبروك,20034,tiktok,@darlmima,2026-01-02T18:17:55.879576,1,,,,,,,
605251,Barquette . Braquette  [COMPLAINT] [RECOMMENDATION],54544,tiktok,@meryam_officiel,2026-01-02T21:10:40.421514,24,,,,,,,
736327,اعرضني نفرحك,16166,tiktok,@mardoum,2026-01-02T18:08:06.266959,0,,,,,,,
212049,ou exactement stp,15236,tiktok,@fouka.marine,2026-01-02T18:07:30.666209,0,,,,,,,
736338,un délice  [RECOMMENDATION],52052,tiktok,@rays_annaba,2026-01-02T21:03:09.992457,2,,,,,,,
998483,"Magnifique resto, serveurs à l'écoute et des plats succulents. surtout la kunafa!",5801,Google Maps,Casbah Istanbul القصبة اسطنبول,2019-09-20T04:29:23.457Z,2,,,,,,,
867420,راحة نفسية,22656,tiktok,@le_perchoir,2026-01-02T18:25:10.325584,1,,,,,,,
343138,The best service from rabah . thanks for everything,5161,Google Maps,Casbah Istanbul القصبة اسطنبول,2025-04-17T13:07:23.626Z,0,,,,,,,
343140,Franchement déçu de la pizza ! J'y suis allé spécialement pour goûter la pizza du chef Mourad le visuel y'étais mais la pâte était une vraie déception. Dommage !,7876,Google Maps,Restaurant À Petit Feu,2023-06-21T18:15:02.328Z,0,,,,,,,
212091,الرجال يدهم بنين. هدا هوا سر البنة [APPRECIATION],41980,tiktok,@street_food,2026-01-02T19:57:56.860861,0,,,,,,,
212092,"So i tried this restaurant twice before giving my opinion. The service was good for a take-out (15min max) Unfortunately the food was not delicious both times, the 1st i had a burger and the cheese just felt infected i thought that it was just me so i decided to go a second time for a fair review. The second time i had a tacos M for 600da ( too expensive) and i regretted it honestly it was full of cheese that i felt like eating 1kg of melted cheese. u could taste nothing but it, i didn’t finish it and i unfollowed their page cause i was fooled with their advertising & i wont be coming back unfortunately. Expensive  Not delicious  I don’t recommend it  [COMPLAINT]",8743,Google Maps,American Burger Factory,2020-11-10T19:46:47.110Z,6,,,,,,,
474240,Menu avec les prix arrête de vendre des rêves,10093,Facebook,"  Sultan Restaurants


",2025-10-30T15:51:59.000Z,1,,,,,,,
343169,Bouchentouf Palikao Aliziane والله عندك الحق يولي كي البلاستيك و ناشف,9561,Facebook,"  Restaurant elassil








",2025-12-19T23:57:11.000Z,0,,,,,,,
867459,oui je confirme c'est le meilleur j'adore,44836,tiktok,@oumanger.oran,2026-01-02T20:14:31.695015,5,,,,,,,
605320,سوكة,13227,Facebook,Restaurant San Benito,2025-10-13T09:00:45.000Z,0,,,,,,,
736393,"Très tres déçue commande passer par téléphone accepté, il me dit sa sera pret dans 15 minutes, j'arrive sur place et on me dit qu'on a pas reçu une commande a votre nom, en plus il etait ml poli il pqrlait a 2 personnes en meme temps plus jamais",8379,Google Maps,American Burger Factory,2024-04-14T20:58:08.736Z,0,,,,,,,
998543,مغارة علي بابا,11204,Facebook,Restaurant Casa Bella - Draria,2025-07-27T13:09:35.000Z,0,,,,,,,
474258,beau mon pays  [APPRECIATION],60206,tiktok,@seraidi.live.z,2026-01-02T21:22:45.454098,4,,,,,,,
212114,Merlon مافيهش الشوك أصلا بلاكذب,12296,Facebook,Restaurant San Benito,2025-10-12T19:20:50.000Z,0,,,,,,,
867477,ممكن العنوان من فضلكم ،,23910,tiktok,@leonard_restauran,2026-01-02T18:27:07.248978,0,,,,,,,
867479,مشعلين النار,16292,tiktok,@mardoum,2026-01-02T18:08:08.760150,0,,,,,,,
736417,"Un des bons restaurants d'Alger, c'est de la nourriture simple mais savoureuse. Il ne faut pas trop se fier sur les mauvaises choses que quelques fois des gens mettent concernant le restaurant. J'ai appris que, hélas, pleins de personnes qui n'ont même pas visité le restaurant écrivent n'importe quoi afin d'avoir un statut sur Google ou critiquent pour critiquer. Le service était bon et la nourriture était bonne à comparer à d'autres places qui ont plus d'étoiles.",6233,Google Maps,Casbah istanbul,2022-08-11T13:11:24.987Z,3,,,,,,,
998565,"Les Pizzas sont excellentes, le service rapide et les serveurs tres aimables et à l'ecoute du client Bravo A la prochaine inchallah",4360,Google Maps,هشام كوك بيتزا,2024-05-04T21:16:49.051Z,0,,,,,,,
343220,بازوكي وحدك برك,47690,tiktok,@bazookadz,2026-01-02T20:32:35.168859,0,,,,,,,
474292,نت الله يبارك لا راكي عاد تم نجو عندكم ولا تبدل لقْروب الله يعاونهم,13185,Facebook,Restaurant San Benito,2025-10-12T21:40:01.000Z,0,,,,,,,
343225,لي نقولولهم اقولنا مكانش و كي اخيرا درنا كوموند قاتلها قالتلها دجاج جابتلها viande hachée  worst experience ever,67806,tiktok,@kartaj_oran,2026-01-02T21:53:18.216428,1,,,,,,,
343228,صح ماكلة بنينة كليت عندو العام الي فات,20314,tiktok,@labelladalger16,2026-01-02T18:19:31.025225,1,,,,,,,
343252,Hiba Bou وعلاش كي نبيعو زوج كيلو حوت بيهم بالروز و الشلاظة تاعهم ما تقولوش نبيعو رخيس؟! هذا هو الزبون الجزائري  على اساس انو الحوت راهو يتباع باطل فالاسواق، يا اختي راناكامل ولاد بلاد وحدة وكامل نعرفو الحوت بلي غالي فالجزائر ولكن اعلمي انو نبيع قلمن بزاف مطاعم لي كيما تاعي بدون ذكر الاسماء  نهاية يوم موفق,9549,Facebook,"  Restaurant elassil








",2025-12-16T16:27:54.000Z,36,,,,,,,
343257,الحوت والحوت مادارت فينا الله يبارك [APPRECIATION],9484,Facebook,"  Restaurant elassil








",2025-12-16T19:32:39.000Z,3,,,,,,,
343267,الدبان من عندكم ولا نسيت تحسبو,9698,Facebook,Dz Forest Restaura,2025-10-12T19:26:54.000Z,73,,,,,,,
867555,Top je penses que c le meilleur prix ya pas mieux,55848,tiktok,@mfood.annaba,2026-01-02T21:14:12.053392,22,,,,,,,
736498,t’as pas pris la burrata la meilleure que j’ai manger de mv,16484,tiktok,@torero.alger,2026-01-02T18:09:00.058075,28,,,,,,,
605432,confirmez nous le foie veau agneau ou poulet ?,44090,tiktok,@dzforestrestaurants,2026-01-02T20:11:38.303309,0,,,,,,,
605433,Je recommande vivement  qualité et prix [APPRECIATION] [BOUFFE],62634,tiktok,@allechante,2026-01-02T21:30:53.973727,0,,,,,,,
867578,لازم يكون معفون باش يكون بنين,42066,tiktok,@street_food,2026-01-02T19:57:59.469243,0,,,,,,,
998667,Menu so small try to fix it,1011,instagram,hotspot_dz,2025-10-19T11:23:42.000Z,1,,,,,,,
736525,"On a commandé le gâteau chez l’Alchimiste un vendredi matin et ils ont pu le préparer pour l’après-midi, ce qui était super rapide. Le gâteau paraissait un peu petit, ( pour un 6 parts ) surtout pour son prix de 4000 Da . Cependant, en le goûtant, c’était vraiment un pur délice, avec une crème au beurre exquise et de la vraie pâte d’amandes … Tout était à sa place et c’était succulent! Je donne 4 étoiles à cette pâtisserie.",3879,Google Maps,L’Alchimiste Pâtisserie,2024-06-23T09:09:45.410Z,0,,,,,,,
998674,ب 500 الف نشري موال,44210,tiktok,@dzforestrestaurants,2026-01-02T20:11:40.625296,0,,,,,,,
343316,Le meilleur restaurant  [APPRECIATION],61828,tiktok,@maestro_dz13,2026-01-02T21:26:54.391227,1,,,,,,,
736543,adresse svp avec le menue c possible,60966,tiktok,@jnina_concept,2026-01-02T21:23:49.000514,1,,,,,,,
605474,C'est où,10994,Facebook,Restaurant Casa Bella - Draria,2025-07-27T07:39:43.000Z,0,,,,,,,
736550,السلام و عليكم و رحمة الله أسوء تجربة جزت عليها و إن شاء الله متتعاودش ساعة و ربع و أنا نستنى باش ديت الطلب تاعي ( smash Burger nd fries ) كاين ناس جاو مورايا داو ال ordre تاعهم و كلاو و راحو و حنا مزالنا قاعدين نستناو fr كارثة بقاع المقاييس المكان ضيق بزاف تلقا ناس واقفين فوق راسك يستناو ياكلو السارفيس تقيل ال cashier تقول راك جاي تطلب عندو دكا نجو للماكلة لي يستنى ساعة باش يدي smash يقول هاد Burger extraordinary الخبز مليح طري و بنين البصل محروق و طاغي على قاع البرغر اللحم fade مفيهش قاع ذوق زوج حبات كورنيشون يعومو في بحر الصوص الصوص لي فيها تشبه لصوص maison لي تلقاها فال fast foods تاع زوج دورو الفرايز محروقين nd soggy ‍ حاولو تحسنو من خدماتكم كارثة إنسان يقعد ساعة fr a burger,8395,Google Maps,American Burger Factory,2024-03-06T18:16:31.568Z,1,,,,,,,
736563,Quel endroit,62736,tiktok,@allechante,2026-01-02T21:30:55.613329,0,,,,,,,
605496,بصراحة راني نشوفه مطعم عادي جدا ممكن على جال مجموعة من الأشياء الأثرية ما يستالهش غاع هدوك الأسعار باش تكون غالية بزاف تبغي تجيب عايلة نتاعك لازم على الأقل زوج تع ناس يتعاونو باش يخلصو طابلة صينو تحط شهريتك كومبلي,14710,tiktok,@les_jumelles,2026-01-02T18:01:35.129745,0,,,,,,,
343361,"La plus bonne viande que j ai mangé dans un restaurant, magnifique restaurant avec un personnels très professionnels On a réservé la veille , dès qu'on est arrivé notre table était prête, très belle ambiance un peu trop de bruit mais c'est parce-que le restaurant était full , le chef hicham était présent , il tournait entre les tables et vérifiait si tt le monde étaient contents, vraiment on a passé un très bon moment et on a très très bien mangé , on etait deux personnes et on a eu pour 5400da pour du fillet , rôti d'agneau et tt les accompagnement Le menu est sur leur page instagram",2811,Google Maps,HichamCook Grill House,2023-01-06T19:02:07.557Z,3,,,,,,,
605509,Très bonne expérience et nourriture qualitative le cadre est très agréable et le personnel est toujours présent pour nous en particulier chaima qui a été très gentil et adorable avec nous du début jusqu’à notre départ et je lui en suis reconnaissante. À faire en famille ou entre amis les deux conviennent parfaitement.,6835,Google Maps,American Burger Factory,2025-07-24T15:04:26.623Z,0,,,,,,,
736589,Non non non non non C’est une larve  [COMPLAINT],73078,tiktok,@pont_hydra,2026-01-02T22:13:46.579031,0,,,,,,,
212318,مطعم الرايس - Restaurant Rais وين هاد المطعم وانا ولاية,12525,Facebook,Restaurant Rais,2025-10-31T00:29:56.000Z,0,,,,,,,
343398,ويييين العنوان، اسم المطعم ؟,31682,tiktok,@woodgrill_dz,2026-01-02T19:13:58.206650,0,,,,,,,
605544,Les plats ont une saveur délicieuse.,759,instagram,elmarssem.dz,2024-05-13T19:44:12.000Z,1,,,,,,,
998776,J’adore la cuisine de ce restaurant  Surtout le fromage indien il est tendre et très bien assaisonné  [APPRECIATION],3046,Google Maps,تاج محل بن عكنون,2024-11-26T23:17:38.874Z,0,,,,,,,
343425,ما تم حالة . ؟ عندما ناكل عندكم نمرض .,12543,Facebook,Restaurant Rais,2025-10-13T20:45:36.000Z,0,,,,,,,
343426,"After waiting 50 minutes for a table and an additional 40 minutes for our order, we were served raw meat. Despite apologies and free drinks, the experience was a major disappointment.",8398,Google Maps,American Burger Factory,2024-02-29T23:18:50.049Z,1,,,,,,,
998798,صح مكلتو بنينة و المكان حاجة شابة بصح سمحولي الأسعر مرڨتوها,20462,tiktok,@labelladalger16,2026-01-02T18:19:37.129078,0,,,,,,,
474511,875 نتا و تلت (03) صحابك = 3500 da,31506,tiktok,@woodgrill_dz,2026-01-02T19:13:53.447182,60,,,,,,,
998801,Can you update the menu on Yassir food?,1009,instagram,hotspot_dz,2025-10-19T13:19:26.000Z,1,,,,,,,
998811,le lieu svp,36738,tiktok,@restaurant.madala,2026-01-02T19:34:38.381132,1,,,,,,,
605595,تحبو كزا بيلا لي يهبطلك سروال في الاسعار,10659,Facebook,"  Restaurant elassil








",2025-12-17T19:55:26.000Z,0,,,,,,,
605607,super cool I love Seafood  [BOUFFE],61204,tiktok,@la.criee,2026-01-02T21:24:45.600226,1,,,,,,,
474553,دوكة نقول لماما نغلقو ديارنا ونقعد هاملين من ريستو لريستو ونجربو ونشوفو مصروفنا وين يلحق,21552,tiktok,@triple_,2026-01-02T18:22:12.076133,0,,,,,,,
605632,Livraison gratuite kouba seulement ?,10555,Facebook,,2025-10-20T17:49:36.000Z,0,,,,,,,
605645,A Real American Burger,8070,Google Maps,American Burger Factory,2025-02-03T18:59:42.724Z,0,,,,,,,
212439,شفت شعرك شبعت تعيفي,13816,Facebook,Restaurant San Benito,2025-12-28T16:27:55.000Z,0,,,,,,,
212449,ماركا خو ربي يعينك خو  [APPRECIATION],30828,tiktok,@salimel9obtan,2026-01-02T19:08:20.809379,1,,,,,,,
343536,"Leurs patisseries sont trop bonnes , a ne pas rater , c formidable",3801,Google Maps,L’Alchimiste Pâtisserie,2025-11-29T01:38:42.574Z,0,,,,,,,
998903,3lah la couleur ta3 la viande elle est bizarre,63676,tiktok,@silyon69,2026-01-02T21:33:11.371223,0,,,,,,,
343545,راهي تاكل النار مسكينة مشي عابيه,57808,tiktok,@_le216_,2026-01-02T21:17:32.193177,1,,,,,,,
212474,وولاية؟,38290,tiktok,@kfc,2026-01-02T19:39:30.976669,0,,,,,,,
998926,Très satisfait,2885,Google Maps,HichamCook Grill House,2022-06-24T00:37:30.001Z,0,,,,,,,
343575,"C’est toujours très bon ce que vous préparez (surtout la paella), mais je trouve que la portion est très petite pour un adulte, l’assiette n’est pas vraiment remplie.",124,instagram,amine_la_cantine,2025-12-24T15:10:27.000Z,14,,,,,,,
736794,j donne mon avis daya9 bzf et la bouffe normal 5/10,65046,tiktok,@racyms_restaurant,2026-01-02T21:39:48.951944,7,,,,,,,
212510,"Un restaurant agréable, bien placé, servant de l’alcool, avec une grande amplitude horaire très pratique : on peut y manger pratiquement de midi à minuit. Vous arrivez à 22:45 on vous sert. Carte assez large avec des plats du jour, des poissons etc. Bref un restaurant très generaliste avec toutes sortes de spécialités.",3455,Google Maps,Caracoya,2023-08-25T19:04:38.833Z,1,,,,,,,
736800,"Très propre Classe , confortable et chère Grande variété de plats Goût plus que moyen . assez bien Bonne quantité Accueil impeccable Temps d'attente 10 a 20 min",5081,Google Maps,Casbah Istanbul القصبة اسطنبول,2025-09-24T14:56:11.857Z,1,,,,,,,
998947,حتان لقداه بالتاريخ البرومو,55726,tiktok,@mfood.annaba,2026-01-02T21:14:08.503666,0,,,,,,,
343590,magnifique endroit magnifique vue,26684,tiktok,@labelladalger16,2026-01-02T18:37:04.084213,0,,,,,,,
736832,"Il est devenu trop chère, c'est dommage",3252,Google Maps,تاج محل بن عكنون,2019-06-16T13:07:16.904Z,1,,,,,,,
474691,chez Ryad oui c le meilleur,53006,tiktok,@patisserie_annaba,2026-01-02T21:04:19.834327,1,,,,,,,
736836,"Restaurant traditionnel turcs , le personnelle est très courtois, dynamique , vraiment professionnel vous y serez très bien servi et accueilli. En ce qui concerne les plats , il sont très copieux j'ai goûté le KUZUCU ALI ET UN PIDE MIXTE ils étaient aussi bon quand turquie. Facile d'accès et parking souterrain. Le restaurant ce trouve au 3e étage dans le centre commercial.",5434,Google Maps,Casbah Istanbul القصبة اسطنبول,2023-06-07T04:34:28.565Z,5,,,,,,,
998984,الله يبارك خونا ديكور فور و بزور كول وتمتع بي تبسيمت مشاء الله يبارك خونا الله يحفضك,10853,Facebook,Restaurant Casa Bella - Draria,2025-07-26T17:31:25.000Z,1,,,,,,,
736846,J’habite à oran j vais grv y aller  [APPRECIATION],45280,tiktok,@budz,2026-01-02T20:15:54.502943,1,,,,,,,
474712,L makla bnina bzaf les quantités lah ybarek le service super cool mais chewia lghachi  [APPRECIATION],5538,Google Maps,قصبة اسطنبول,2022-09-22T00:49:51.741Z,3,,,,,,,
999009,الأسعار في متناول لاعبي ريال مدريد,58458,tiktok,@la.nouvelle.etoile0,2026-01-02T21:20:58.168428,0,,,,,,,
999010,150 ميلونج برك بلكو يهفكم اسمع مليح موطن,11528,Facebook,Restaurant San Benito,2025-07-28T23:56:10.000Z,0,,,,,,,
605800,Mohamed Solo بصح العائلة يتعبو فالطياب و ماتنساش بلي هو لازم يدي الفايدة تاعو عندو الكرا عندو خدامين هاداك هو,10075,Facebook,Dz Forest Restaura,2025-10-13T18:56:55.000Z,0,,,,,,,
605805,ما شاء الله أحسن بانوزو معمر و بنين  [APPRECIATION],1874,instagram,snacky_time_kouba,2025-12-22T10:52:31.000Z,0,,,,,,,
867956,كايافسي! [APPRECIATION],37850,tiktok,@kfc,2026-01-02T19:39:22.914395,1,,,,,,,
867959,زيد قهموة تاع عشية مسمن بغررير . الخ,35016,tiktok,@sinai,2026-01-02T19:28:03.462439,0,,,,,,,
999035,رونالدو ويجيوه اسعارو غاليين,58352,tiktok,@la.nouvelle.etoile0,2026-01-02T21:20:53.470320,1,,,,,,,
736892,Emmm délicieux,4974,Google Maps,Hicham cook pizza pasta,2019-07-27T17:21:16.933Z,0,,,,,,,
474749,وقولهم حبة ملفاي خمسمية الف,63070,tiktok,@allechante,2026-01-02T21:31:04.202441,0,,,,,,,
343678,Experience magnifique !,2526,Google Maps,HichamCook Grill House,2024-04-25T04:38:06.168Z,0,,,,,,,
605822,تيكتوكور,55292,tiktok,@askim_food,2026-01-02T21:13:27.857009,0,,,,,,,
999040,nous on a pas à Dijon,35636,tiktok,@sinai,2026-01-02T19:28:19.155456,0,,,,,,,
343681,فيدرو شابة  [APPRECIATION],56754,tiktok,@lucia_annaba,2026-01-02T21:16:20.829773,0,,,,,,,
474761,تحيه عمي صالح رانا فاميليا,10929,Facebook,Restaurant Casa Bella - Draria,2025-10-15T19:17:36.000Z,0,,,,,,,
605835,on vrai j’aime pas trop voir des resto comme sa on N’Algérie je préfère les vrais restaurant bien traditionnel,45384,tiktok,@budz,2026-01-02T20:15:56.833591,1,,,,,,,
474765,Et on donne le prix de la meilleur organisation a ce fast food Il a su grandir il a su s'adapter et ça ne lui fait pas peur d'avoir plus d'une 50aine de table a servir Il était extrêmement rempli le 3eme jours de l'Aïd et sans peur il a pris les commandes de tout le monde Nous sommes revenus le samedi qui a suivi l'Aid pour tester tranquillement les burgers et conclusion on préfere celui de sidi Yahia en goût même ça rester correct En tout cas bravo pour la gestion,7693,Google Maps,American Burger Factory,2025-04-17T20:21:49.385Z,0,,,,,,,
736916,وزيديهم حنانتك ثاني,13264,Facebook,Restaurant San Benito,2025-10-14T20:13:03.000Z,0,,,,,,,
605859,متنساوش وصاوكم غي لي جايين من خارج وطن حنا خاطي,63062,tiktok,@allechante,2026-01-02T21:31:03.371154,0,,,,,,,
736938,هذا وين  [BOUFFE],35190,tiktok,@sinai,2026-01-02T19:28:06.172493,0,,,,,,,
343723,أعود بالله من الكاسيات العاريات الفاسقات,13252,Facebook,Restaurant San Benito,2025-10-12T19:18:55.000Z,0,,,,,,,
736947,Un très bon restaurant,5174,Google Maps,قصبة اسطنبول,2025-06-10T10:05:36.659Z,0,,,,,,,
212664,J’habite à fort de l’eau le restaurant est magnifique le cadre  [APPRECIATION],23270,tiktok,@le_perchoir,2026-01-02T18:25:24.838302,0,,,,,,,
868030,vu les prix c'est un peut cher par apport a d’autre restaurant comme ferdaous w place. question endroit il et juste normal il a son propre style ancien,14344,tiktok,@les_jumelles,2026-01-02T18:01:25.734760,0,,,,,,,
736961,تابعونا نشاركو معاكم معلومات حول فن الطبخ او تجارب حياتية وشخصية [APPRECIATION],33288,tiktok,@seasons_rooftop,2026-01-02T19:20:58.501168,0,,,,,,,
474818,Super restaurant. Excellent service au top. Personnel agreable. Présentation des plats agreable au regard,3568,Google Maps,Laurel Restaurant,2025-12-24T08:08:58.894Z,0,,,,,,,
868035,"Mauvaise expérience 0000 9lak ze3ma Promotion ki trouh tl9a pizza 0 service 0 , dert promo bah thbaaat f la qualité……En plus y9olk ze3ma mokhito après jaboulna charbaat fiha na3na3 f les gobelets …. je vous conseille pas BIG FLOP",3991,Google Maps,هشام كوك بيتزا,2025-11-19T14:29:09.287Z,0,,,,,,,
868037,علاه تكدبووو على الناس !,1422,instagram,megapizza.boussouf,2025-12-13T19:41:59.000Z,1,,,,,,,
343759,"Il est très bon ce restaurant, et la terrasse est superbe  C’est parfait pour ceux qui aiment le calme et le bruit de la mer [APPRECIATION]",22750,tiktok,@le_perchoir,2026-01-02T18:25:12.072819,2,,,,,,,
343781,تسرقون في جيوب الناس !,9836,Facebook,Dz Forest Restaura,2025-10-12T19:38:14.000Z,11,,,,,,,
605932,"Si vous avez envie de vivre un moment de Turquie en étant sur Alger, c'est le lieu équivoque. Service très rapide, personnel bien formé et à l'écoute. Pour ce qui est de la nourriture l'ensemble des plats à base de viande et Pide sont tout simplement succulent. Rapport qualité/prix très bien. Je conseille à tout le monde",6269,Google Maps,Casbah istanbul,2022-01-12T07:53:29.979Z,0,,,,,,,
212728,شحال الثمن الأجمالي,21244,tiktok,@triple_,2026-01-02T18:22:03.698274,0,,,,,,,
212738,"De l' entrée jusqu'au dessert, trop bon, rapport qualité prix, très sympa comme endroit, très rapide, et super bon",7478,Google Maps,Restaurant À Petit Feu,2024-06-04T22:30:41.905Z,1,,,,,,,
999171,Ça a l’air pas bon et même comment il représente les plats le dressing et tout c’est très ordinaire ce n’est pas waouh et ce n’est pas bof,66232,tiktok,@ambassadeurs,2026-01-02T21:47:50.513402,0,,,,,,,
605957,البنة تتكلم الله يبارك جيمي العالمية [APPRECIATION],48332,tiktok,@baddi_pizza,2026-01-02T20:34:47.172754,1,,,,,,,
868108,Restaurant pont d’hydra,72262,tiktok,@pont_hydra,2026-01-02T22:13:19.397937,4,,,,,,,
343824,C’est quoi ça,40010,tiktok,@streetburger02,2026-01-02T19:44:05.415916,0,,,,,,,
737048,esmeha la rouille,58628,tiktok,@la.nouvelle.etoile0,2026-01-02T21:21:01.288302,0,,,,,,,
605988,"Worst service for highest price and the delivery was so expensive, bought a poutine it was full of potatoes and caramelised onion with a thin layer of meat and some cheese",7423,Google Maps,American Burger said hamdine,2024-10-19T16:49:08.192Z,1,,,,,,,
343848,"I have very very, very, very, very, very bad experience of this restaurant. I didn’t like it. I don’t recommend it to people. Don’t come to here. You’re gonna have bad energy.",5322,Google Maps,قصبة اسطنبول,2024-05-16T21:06:23.875Z,0,,,,,,,
868140,"C’était bon, mais la quantité de sel était vraiment excessive, ce qui laisse un arrière-goût désagréable et oblige à boire après presque chaque bouchée",6807,Google Maps,American Burger Factory,2025-08-03T11:25:29.458Z,0,,,,,,,
999214,دير. لوكاليزاسيو,33480,tiktok,@ambiancefood,2026-01-02T19:21:16.587477,1,,,,,,,
999217,راح نديرها ليوم  [APPRECIATION],14722,tiktok,@cuisineofalgeria,2026-01-02T18:05:58.326537,1,,,,,,,
606005,متمديش 10 ؟,33246,tiktok,@new_yorkais,2026-01-02T19:20:40.455386,0,,,,,,,
999231,Bourek rien à dire trop bon l [APPRECIATION],22660,tiktok,@le_perchoir,2026-01-02T18:25:10.325588,0,,,,,,,
606017,chapeau  [APPRECIATION],23394,tiktok,@moonzrestaurant,2026-01-02T18:25:43.601980,0,,,,,,,
474947,Le prix !,13213,Facebook,Restaurant San Benito,2025-10-13T12:16:10.000Z,0,,,,,,,
606019,Very expensive !,2950,Google Maps,HichamCook Grill House,2022-03-29T09:18:28.238Z,11,,,,,,,
343881,اللهم وفقكم في عملكم وبارك لكم فيما رزقكم، وزادكم اللهم من فضله وجوده يا أكرم الأكرمين يا ربّ.,1617,instagram,"quesadillasbk
",2025-06-09T18:12:54.000Z,2,,,,,,,
999244,boujarlelou en bylka ya des imams ils ont dit c'est haram après chacun il fait ce qu'il veut,73294,tiktok,@pont_hydra,2026-01-02T22:13:51.659598,0,,,,,,,
868173,tres cher,63682,tiktok,@silyon69,2026-01-02T21:33:11.371231,1,,,,,,,
474961,كينا السبيا حمرة بالجلبانة,11590,Facebook,Restaurant San Benito,2025-08-14T20:02:14.000Z,0,,,,,,,
212829,سومة ختيتو,13388,Facebook,Restaurant San Benito,2025-12-18T19:20:14.000Z,0,,,,,,,
999262,"Pizza wasn’t great. A bit uncooked, nothing luxurious or wonderful. Was okay",4139,Google Maps,هشام كوك بيتزا,2024-12-23T19:04:13.544Z,0,,,,,,,
474974,"Et voilà on a abandonné la musique du Raï pour la remplacer avec la musique espagnol qui est plus agréable à écouter , mais rendons à César ce qui appartient à César .",62164,tiktok,@naps_oran,2026-01-02T21:28:49.602007,2,,,,,,,
343905,les prix sont un peux chère en algérie,40964,tiktok,@kfc,2026-01-02T19:49:49.986381,0,,,,,,,
343909,C’est Tellement bon! 10/10,4242,Google Maps,هشام كوك بيتزا,2024-08-14T15:51:31.591Z,0,,,,,,,
212839,بسم الله ماشاء الله كل الأكل اللي طلناه كان لذيذ جدا جو عائلي جد محترم خدمات في القمة استقبال رائع,2412,Google Maps,HichamCook Grill House,2024-10-23T06:32:56.731Z,0,,,,,,,
999273,"Très bon, je conseille",6940,Google Maps,American Burger said hamdine,2025-07-03T13:07:05.319Z,0,,,,,,,
343932,كاين لاليفريزون للكاميرون ؟علاش يعني علاش حابني ندخل دك لبلاد ولا كيفاش,446,instagram,"brother.ts
",2024-10-04T07:51:41.000Z,0,,,,,,,
606076,جيبيلنا حاجة شابة و رخيسة,63110,tiktok,@allechante,2026-01-02T21:31:05.048393,0,,,,,,,
737162,bro cooked twice rbi y3ink l akh,49934,tiktok,@m7ajeb,2026-01-02T20:44:33.062616,15,,,,,,,
212880,الله يبارك توابل واش درتي,14716,tiktok,@cuisineofalgeria,2026-01-02T18:05:58.326528,0,,,,,,,
475026,برغر 1400 يتسما الورقة تاع شلاضة لي فيه بخمسينالف,18736,tiktok,@helena,2026-01-02T18:16:17.035671,0,,,,,,,
868264,I went there and had a great time not only the food was nice but the workers were great in particular a waiter called FARES! Thank you very much for your hospitality.,6671,Google Maps,American Burger Factory,2025-09-05T22:55:26.103Z,0,,,,,,,
343989,الله يبارك وليد خالتي,46360,tiktok,@damisoran31,2026-01-02T20:22:02.326622,0,,,,,,,
606135,Ils ont vraiment pas respecter le poulet crousty  et d ou c est du riz basmati ? Il est énorme le riz ! Sauce cheddar couleur blanc c pas du cheddar ! Et ds le poulet crousty y’a pas de sauce au formage ni de sauce barbecue ! Puis aucune délicatesse dans ces gestes,40262,tiktok,@streetburger02,2026-01-02T19:44:11.216241,0,,,,,,,
999366,حسبت راح تبدا تهدر بالهندية,41618,tiktok,@street_food,2026-01-02T19:57:48.416253,0,,,,,,,
868295,"Je confirme. Ils sont géniaux et c'est très bon. Vraiment très très bon L'équipe est géniale. Dès que je me rends en Algérie automatiquement, je vais manger chez eux",8900,Facebook,"

Sultan Restaurants",2025-10-20T11:30:57.000Z,7,,,,,,,
999372,قضيان تاع سمنة,20970,tiktok,@sultan,2026-01-02T18:21:28.304396,1,,,,,,,
868302,Immangeable catastrophe khesaret drahem,8539,Google Maps,American Burger Factory,2023-02-01T20:42:38.933Z,1,,,,,,,
212954,"On a passé une très bonne soirée en famille ! Entre pizzas, grillades de tout genre ou encore nouilles succulentes les choix été variés. On est ressortis les ventres remplis et les cœurs aussi, merci pour tout. Mention spéciale à Yanis, serveur qui n’a pas hésité à s’occuper de nous comme des rois ;) On y reviendra sans hésiter !",7818,Google Maps,Restaurant À Petit Feu,2023-08-07T22:20:36.395Z,2,,,,,,,
606173,شعال تاع كوممبار,47338,tiktok,@street_food,2026-01-02T20:31:30.576948,0,,,,,,,
999391,"meilleure endroit pour fast food , American Burger genial",8345,Google Maps,American Burger Factory,2024-05-14T19:59:57.858Z,0,,,,,,,
868322,bravo. bonne continuation. la cuisine Algérienne top.,34942,tiktok,@sinai,2026-01-02T19:28:01.420365,1,,,,,,,
344035,L'accueil est froide le gérant il te regarde d'un regard froid en disant part il y a des autres clients qui doivent rentrer et te fixe de regard jusqu'à que tu es gêné tu as même pas envie de manger ou finir ton thé tranquille et le gérant il traite mal les serveurs en plus c'est trop cher,5834,Google Maps,Casbah istanbul,2025-08-04T10:13:19.672Z,0,,,,,,,
606194,beauty  [APPRECIATION],60194,tiktok,@seraidi.live.z,2026-01-02T21:22:45.454083,1,,,,,,,
475124,Le nom du chanteur svp il a une voix en or et il fait une ambiance de fou,23736,tiktok,@leonard_restauran,2026-01-02T18:26:57.764654,10,,,,,,,
475128,الوليمة حاجة كلاس الماكلة مليحة من كلش توب,61798,tiktok,@maestro_dz13,2026-01-02T21:26:52.422290,1,,,,,,,
737274,Hmidat Aissni معليش 20مرقاز 5الف للحبة تساوي 100الف و 50 بروشات يديروها 3الف تساوي 150الف جاج 100الف فريت 20الف كمونبير معليش نديروه هذاك تاع 10الف تبيعو 50الف الغازوز 20الف لحميس 20الف راه للحساب بزيادى طلع شحال 460الف بزيادى نتا مريض حاب درلنا العاب الخفة واقيل,9983,Facebook,Dz Forest Restaura,2025-10-13T09:28:37.000Z,0,,,,,,,
212992,خليل رحماني صافي حشاوهالك جاي تدمر فناس ؟؟ الله يهديك,10402,Facebook,Dz Forest Restaura,2025-10-13T05:02:14.000Z,0,,,,,,,
868354,service t9iil bzfff bsh,46916,tiktok,@oumanger.oran,2026-01-02T20:24:01.426607,0,,,,,,,
737284,ممكن تبعثولي شحال استقام تجهيز هذا المحل,39056,tiktok,@itchy_food,2026-01-02T19:41:03.054602,0,,,,,,,
737286,احشينا برك,16210,tiktok,@mardoum,2026-01-02T18:08:07.097732,0,,,,,,,
344080,وي هو المخير بصح غلاو فيه,52810,tiktok,@patisserie_annaba,2026-01-02T21:04:15.964231,2,,,,,,,
737314,Hamid Le Grand احشم يالحمار تربى ولا تخبى,10511,Facebook,Dz Forest Restaura,2025-10-13T06:18:17.000Z,0,,,,,,,
737317,كليت عندو ولله مابنين كيما يخلعو فينا تاكوس ماقدرتش نكملو او زيد مشي عائلي دخلت مع رالي وولادي حشمت,39422,tiktok,@brother.tselbiar,2026-01-02T19:41:44.169657,0,,,,,,,
344104,Les numéros ne marchent pas c est hors service est un n est pas le votre comment faire des commandes ?,590,instagram,"brother.ts
",2024-04-11T19:46:28.000Z,0,,,,,,,
606267,Les escargots c’est la spécialité de la Bourgogne,72966,tiktok,@pont_hydra,2026-01-02T22:13:39.620675,0,,,,,,,
999491,wawww Poutine un délice bravo uncle burger,52174,tiktok,@uncles_burger_dz,2026-01-02T21:03:26.511059,29,,,,,,,
213073,J' espère ce n' est pas des syriens des escort,10431,Facebook,,2025-10-20T09:39:07.000Z,0,,,,,,,
213074,500 الف برك,9256,Facebook,Dz Forest Restaura,2025-10-13T19:13:25.000Z,1,,,,,,,
999507,ياكل غي لي بخير عليه هذا سوندويش مكمل قرايتو بمليون,12404,Facebook,Restaurant Rais,2025-10-13T07:49:40.000Z,22,,,,,,,
475221,يا اخوتي ادعولي ندي المعدل,46108,tiktok,@boubousnack,2026-01-02T20:19:01.700070,0,,,,,,,
999510,C’est plus bon comme avant kabartouh fi batel,83,instagram,american.burger_dz,2025-08-16T12:05:48.000Z,0,,,,,,,
868441,Tres Bon restaurant Accueil impeccable service professionnel rapide et à l’écoute très bons plats,6086,Google Maps,Casbah istanbul,2024-03-01T20:47:54.745Z,0,,,,,,,
606300,ca donne pad envie,58620,tiktok,@la.nouvelle.etoile0,2026-01-02T21:21:01.288292,0,,,,,,,
737372,Zin Nou ما عندوش,11254,Facebook,Restaurant Casa Bella - Draria,2025-08-28T19:05:19.000Z,0,,,,,,,
475232,كيف سمحت الدولة بهاد. مكانش منها,38138,tiktok,@kfc,2026-01-02T19:39:27.947214,0,,,,,,,
999523,A nice & pleasant place. The service is good. The food is okish as I didn’t find some of the dishes authentic. I would like to see a “fig & walnuts” dessert on the menu next time. I was very disappointed with the toilets hygiene.,5044,Google Maps,قصبة اسطنبول,2025-10-28T17:41:15.529Z,0,,,,,,,
344164,"Casbah Istanbul à Ben Aknoun est une belle découverte pour les amateurs de cuisine turque et orientale. L’endroit est chaleureux et cosy, avec une décoration soignée qui mélange élégamment des touches traditionnelles et modernes, créant une atmosphère agréable et dépaysante. Le service est irréprochable, les serveurs sont réactifs, souriants et à l’écoute, ce qui rend l’expérience encore plus agréable. Quant à la nourriture, elle est délicieuse, avec des plats savoureux, bien préparés et généreusement servis. Que ce soit les grillades, les mezzés ou les desserts, tout est un régal pour les papilles. Une adresse à recommander pour passer un bon moment entre amis ou en famille, dans un cadre convivial et raffiné !",5164,Google Maps,Casbah Istanbul القصبة اسطنبول,2025-04-08T19:38:19.360Z,0,,,,,,,
868456,Meilleur goût de kebap,6315,Google Maps,Casbah Istanbul,2021-07-06T20:46:23.058Z,0,,,,,,,
999532,adi3in arebi bon courage. merci pour la transparence et les prix raisonnable,36948,tiktok,@restaurant.madala,2026-01-02T19:34:41.789470,1,,,,,,,
213103,الله يبارك ربي يزيدكم,67100,tiktok,@bladi_oran,2026-01-02T21:51:35.898497,0,,,,,,,
868466,Ses la premier fois que je vien jsute un peu d attente pour avoir de la place le menu et très délicieux,6182,Google Maps,Casbah Istanbul,2022-10-23T10:01:47.948Z,0,,,,,,,
737395,oui c'est vrai machhallah prix w qualité en plus service toop bonne continuation,56298,tiktok,@the_chef_house_23,2026-01-02T21:14:39.906276,0,,,,,,,
606324,ce restaurant est en dégradation en continu. On a pris des hamburgers la viande n'est pas bonne le pain est vieux ce qui concerne la nourriture en général (n'est pas terribles).,4621,Google Maps,Hicham cook pizza pasta,2025-09-12T00:11:46.079Z,0,,,,,,,
213113,موالف ناكل ب 200الف والله اكثر من هك حشوى ادي,53576,tiktok,@mega_pizza_annaba,2026-01-02T21:07:53.787959,1,,,,,,,
475267,وين المحل كي نفوت ندور وجهي,44670,tiktok,@dzforestrestaurants,2026-01-02T20:12:02.219697,0,,,,,,,
475270,وين جاي لمحل,12124,Facebook,Restaurant San Benito,2025-10-13T17:02:27.000Z,0,,,,,,,
344211,Honest review. The restaurant overall atmosphere is nice. It is a family oriented restaurant respectable place. The music was too loud. The service was very good we didn't wait to long for the food and the servers are nice. The food was good the only thing I didn't like was the bourghoul it was overcooked. Also the plates have too many different types of carbs (bourghoul. Bread. And fries) it is too much. And some items on the menu was a little bit overpriced. But Everything else was good. i recommend this restaurant.,5520,Google Maps,قصبة اسطنبول,2022-12-20T21:16:49.485Z,2,,,,,,,
999579,"Déçue par la dégradation de leur cuisine , J’aimais énormément ce restaurant m, mais arriver à servir une entrée avec certains compartiments qui ont déjà tourné ! Ça c’est inadmissible pour un restaurant qui a une certaine notoriété",6036,Google Maps,Casbah istanbul,2024-09-26T16:42:31.374Z,0,,,,,,,
213149,مليون نروح لخيمة بن عزوز معيايا 4 و نخلطوها بالأطباق التقليدية و يفضال الصرف,58108,tiktok,@vilageneige_annaba,2026-01-02T21:19:45.812456,2,,,,,,,
999588,سندس نسقسيك كي نروح نلبس كوستيم !,62062,tiktok,@le_nordik,2026-01-02T21:27:34.146491,0,,,,,,,
213162,Ont arrivent in Cha Allah !,35002,tiktok,@sinai,2026-01-02T19:28:03.462420,0,,,,,,,
344239,oui mais surtout pour propreté,21358,tiktok,@triple_,2026-01-02T18:22:07.067350,0,,,,,,,
475312,سبحان الله راني مخلوع في هاذا لبنادم التجارة يعبدها ملي يفتح عينيه وهو تبارك الله بسم الله ماشاء الله يتاجر بالدين لغرض دنوي نسقسيك هاذي الدنيا راح تخلد فيها,9206,Facebook,Restaurant Casa Bella - Draria,2025-12-06T17:07:21.000Z,9,,,,,,,
999607,الف مبروك مزيد من النجاح,28646,tiktok,@american.burger.tizi,2026-01-02T18:47:31.474865,0,,,,,,,
213179,علاه علااه,28842,tiktok,@snacky_time_kouba,2026-01-02T18:47:50.705841,1,,,,,,,
737470,مئة وستين الف ولا 16 نلف,54396,tiktok,@mfood.annaba,2026-01-02T21:09:29.929140,1,,,,,,,
475331,tous mes bons moments sont passés dans ce hôtel merci à tout le personnel très belle accueil la propreté et un bon restaurant plein de bonnes choses [APPRECIATION],24786,tiktok,@laturquoisehotel,2026-01-02T18:30:29.288095,0,,,,,,,
475340,t chaud on décale ds le 94 en vif ?,35560,tiktok,@sinai,2026-01-02T19:28:16.261630,0,,,,,,,
999633,over khnez hhhh hada docteur chawarma lobel3oulah,46914,tiktok,@oumanger.oran,2026-01-02T20:24:00.420922,0,,,,,,,
475352,Vous êtes ouverts de quelle heure à quelle heure. Svp.,9401,Facebook,"Restaurant La Napolitana









",2023-10-12T22:41:00.000Z,0,,,,,,,
213236,بصحتك مصطفى .,69608,tiktok,@cote_oran,2026-01-02T21:58:04.730294,0,,,,,,,
999673,ليفريزو كاليتوس كاين واشحال,39720,tiktok,@benko.games,2026-01-02T19:43:06.957383,1,,,,,,,
868603,"After hearing the hype about hichem i finally went there, ABSOLUTE disappointment rude service ppl that work there act as if they doing u a favor by talking to u, we had a lamb shoulder it was avvvverage 5 out of 10. Definitely not recommend",2379,Google Maps,HichamCook Grill House,2025-01-18T17:32:50.725Z,0,,,,,,,
737555,thala c'est une fontaine en kabyle Madame,27442,tiktok,@thala,2026-01-02T18:44:44.642191,2,,,,,,,
213269,"Catastrophe ! Ils ont mis 30 minutes pour nous apporter le menu, puis le monsieur nous dit qu’il n’y a plus de pâte à pizza (à midi ! ) et aucun serveur ne prend les commandes, ils ignorent complètement les clients.",3648,Google Maps,Laurel Restaurant,2025-07-30T16:00:52.698Z,0,,,,,,,
344341,"Machallah , tu me fais baver frérot , rajoutes à ton menu nos spécialités sardines sauce piquante , etc ….",35204,tiktok,@sinai,2026-01-02T19:28:06.252431,0,,,,,,,
868633,جرب يالطيف,16954,tiktok,@user5834669559361,2026-01-02T18:10:52.141254,2,,,,,,,
606500,a thakhena,70986,tiktok,@paradou_restaurant,2026-01-02T22:04:53.914385,0,,,,,,,
737581,SI TU NE VAS PAS EN ALGERIE C'EST L'ALGÉRIE QUI VIENT A TOI . TAHIA DJAZAEIR,35582,tiktok,@sinai,2026-01-02T19:28:17.247602,1,,,,,,,
999728,"Restaurant très chaleureux, très bon et copieux, les enfants sont acceptés avec plaisir vraiment très agréable et personnel top ! Je recommande",6489,Google Maps,Restaurant À Petit Feu,2025-11-21T23:01:18.519Z,0,,,,,,,
475446,Service médiocre pizza carbonisée mauvaise expérience a ne plus jamais remettre les pieds chez eux,7183,Google Maps,Restaurant À Petit Feu,2024-12-20T21:06:04.063Z,0,,,,,,,
475450,جيت خطرة انا واولادي وطلعنا الفوق بصح السانيتار كان وماكانش الماء باه نغسلو يدينا المهم كان كارثة [COMPLAINT],8953,Facebook,Restaurant Casa Bella - Draria,2025-12-07T11:49:52.000Z,12,,,,,,,
868674,Toute les spécialité algérienne  mais y’a pas de gastronomie algérienne sa existe que dans la tête des algériens,35540,tiktok,@sinai,2026-01-02T19:28:16.261612,0,,,,,,,
999751,"Très propre , la nourriture est irréprochable ! Le pain burger était très bon et le burger en lui même aussi Nous qui ne sommes pas fan des tacos là on la vraiment apprécié Service rapide mais serveur qui n'accueille pas , qui ne communique pas et qui ne sourit pas ça met pas très à l'aise, et la fausse note c'est les caissiers qui boudent !",8445,Google Maps,American Burger Factory,2023-11-14T18:14:54.583Z,8,,,,,,,
606552,"si c'est la viande de leur boucheries alors la c'est vraiment la catastrophe, et j'ai déjà signalé ça au proprio",66390,tiktok,@barbecue_restaurant,2026-01-02T21:50:19.049050,1,,,,,,,
868697,"Super endroit , plat copieux personnel au top , mais très très Bruyant dommage",65340,tiktok,@frono_oran,2026-01-02T21:43:03.272962,0,,,,,,,
999769,تمرميدة برك,52704,tiktok,@uncles_burger_dz,2026-01-02T21:03:40.624874,0,,,,,,,
606555,قداه التوصيل للشط,50108,tiktok,@king_food23,2026-01-02T20:58:41.719062,0,,,,,,,
213345,"Bon service, atmosphère impeccable, plats magnifiques, prix abordable, digne de visiter un autre fois",2278,Google Maps,HichamCook Grill House,2025-12-02T19:28:40.073Z,0,,,,,,,
737636,top  [APPRECIATION] [RECOMMENDATION],39596,tiktok,@le_1675,2026-01-02T19:42:36.070449,3,,,,,,,
344430,ربي يحفضك و ربي يرزقكم االخير انشاء الله  [APPRECIATION],47332,tiktok,@street_food,2026-01-02T20:31:30.576944,1,,,,,,,
999793,الله غالب نبغي تغماس بالخبز فالماكلة كون جيت كليت عندكم ربي يعاونكم,63964,tiktok,@restauranttrattoriaoran,2026-01-02T21:34:06.668660,0,,,,,,,
475513,من قبل كان مليح صح بنة او كمية والسومة شوية غالية ذوك ولا كارثة لا بنة لا كمية لا سارفيس او زاد غلا بزاف مايشقاش الواحد ليه خلاص,1733,instagram,"resturant.arabesque
",2025-07-24T12:08:00.000Z,2,,,,,,,
344452,meilleur pause,32390,tiktok,@restaurant_iceberg,2026-01-02T19:16:36.932755,1,,,,,,,
999816,الله يبارك بسم الله مشاء الله  [APPRECIATION],159,instagram,amine_la_cantine,2025-09-20T11:51:56.000Z,1,,,,,,,
999819,"The worst restaurant i have ever eat in , to begin with they didn't have water in the bathroom believe or not , the service was so bad , there was no serviette , they took like ever to give us our order , they burned the burgers , The fries were tasteless, no salt in it The meat was baaaaad , very bad The pizza was like khobz khmir The man who is responsible of the music , mate you in the wrong job , please stop , You have two options at music classic or just silence I don't recommend it",4845,Google Maps,Hicham cook pizza pasta,2022-03-24T22:29:09.272Z,0,,,,,,,
999828,"C'est trop chère, cordon bleu dans tout les restaurants il est a 1200 da max , pk chez vous il est a 1700 Da ! ? a votre avie , si je sort avec ma petites familles pour dîner, combien je vais payé 3endkoum ? Un nouveau soufle a la coupole sous ces prix vous allez refermé rapidement.",14464,tiktok,@les_jumelles,2026-01-02T18:01:29.001302,28,,,,,,,
475547,Servic thsb rk tkol battl,63266,tiktok,@restaurantcarthage,2026-01-02T21:31:24.883715,0,,,,,,,
213408,انا روحتلوا اكتر من مرة عندهم حسن المعاملة والماكلة روعة ربي يوفقهم,58068,tiktok,@vilageneige_annaba,2026-01-02T21:19:43.333775,29,,,,,,,
606624,صباعي علاه,13203,Facebook,Restaurant San Benito,2025-10-13T16:21:38.000Z,0,,,,,,,
606629,بسم الله مشاء الله والله والله والله goût لهبال تاع دنيا اليوم وصلتني ماكلة هاربة بزاااف سيرتو كرسبي مرسي أخي  [APPRECIATION],17266,tiktok,@casa_burger1,2026-01-02T18:11:31.955568,0,,,,,,,
475572,يكفيني وحدي,54484,tiktok,@meryam_officiel,2026-01-02T21:10:37.978980,38,,,,,,,
999861,elmerdoume algerien je l est manger plusieurs fois à setif musique algérienne,26120,tiktok,@ofennec.officiel,2026-01-02T18:34:19.403110,0,,,,,,,
606653,خرجكم لعقل,44630,tiktok,@dzforestrestaurants,2026-01-02T20:12:00.943153,0,,,,,,,
737735,كاين توصيل كاليتوسة بقداه,50088,tiktok,@king_food23,2026-01-02T20:58:41.718909,0,,,,,,,
344527,Starboux [APPRECIATION],38066,tiktok,@kfc,2026-01-02T19:39:26.500746,1,,,,,,,
737744,Ouais ça existe cette village je te connais atigzirt reha ghouras,27510,tiktok,@thala,2026-01-02T18:44:49.407758,0,,,,,,,
475613,Bof il y a mieux à côté,26196,tiktok,@don_sido_,2026-01-02T18:34:36.355677,2,,,,,,,
868832,وانا بلاصة,53928,tiktok,@guellil._.tasnim,2026-01-02T21:08:15.078025,0,,,,,,,
999905,نعرفوا بيا يبيع غالي  [RECOMMENDATION],10270,Facebook,,2025-10-25T13:39:36.000Z,0,,,,,,,
999917,Meilleure endroit f wahran pour moi 10/10  [APPRECIATION],62526,tiktok,@allechante,2026-01-02T21:30:51.792725,4,,,,,,,
213494,c'est aphrodisiaque en plus,73690,tiktok,@pont_hydra,2026-01-02T22:14:02.054149,0,,,,,,,
213496,خليوه نظيف مديروش شيشا و ناس لي تتكيف انشاء الله يكون عائلي,60084,tiktok,@the_throne_annaba,2026-01-02T21:22:26.106179,0,,,,,,,
213499,Bravo pour l’ambiance bon enfant  [APPRECIATION],23392,tiktok,@moonzrestaurant,2026-01-02T18:25:43.601978,3,,,,,,,
344573,Restaurant très accueillant et spacieux avec un personnel attentif et jovial. Il dispose de plusieurs espaces distincts avec des atmosphères différentes. Je suis parti spécialement pour la pizza et je l'ai trouvé excellente. La pâte à base de farine entière est très bonne avec un topping généreux. La pizza Burger était une véritable découverte. L'offre du menu est très riche et variée de quoi donner envie d'essayer autres plats la prochaine fois.,7630,Google Maps,Restaurant À Petit Feu,2024-01-22T22:11:15.267Z,4,,,,,,,
213502,c quoi l'adresse stp,27830,tiktok,@thala,2026-01-02T18:45:06.097523,0,,,,,,,
606729,كي اف سي علابالو,37906,tiktok,@kfc,2026-01-02T19:39:23.690801,3,,,,,,,
606745,مسخ وبنين,42490,tiktok,@street_food,2026-01-02T19:58:08.773038,0,,,,,,,
344615,"Good pizza, good service, fresh ingredients, the atmosphere was calm, limited parking space but better than many places, l strongly recommend.",4146,Google Maps,هشام كوك بيتزا,2024-12-18T16:04:41.811Z,0,,,,,,,
344637,عجبتني عندي مولوخية وحدة باللحم وحدة باللحم ربي يعينكم خويا العزيز,9230,Facebook,Restaurant Tabarka Annaba,2025-12-25T10:44:25.000Z,0,,,,,,,
213571,والحاكم وشرهي دير,38288,tiktok,@kfc,2026-01-02T19:39:30.976598,0,,,,,,,
213584,Le prîx svp,10343,Facebook,"  Restaurant elassil








",2025-12-17T21:15:45.000Z,0,,,,,,,
213588,Yacine Bouakaz 4 صغار كاين كممبار صغير بلحبة,9981,Facebook,Dz Forest Restaura,2025-10-14T18:53:42.000Z,0,,,,,,,
868954,المكان بالضبط الاخ,9478,Facebook,Restaurant Tabarka Annaba,2025-12-24T14:09:07.000Z,1,,,,,,,
344672,C'est un deuxième avis après un deuxième passage satisfaisant. J'ai hésité au début car y avais la queue j'avais peur d'être déçue avec mon mari. Mais au final Le staff a très bien géré de l'accueil jusqu'à l'encaissement et les pizzas sont très bonnes avec d'ingrédients de qualité malgré que y avais du monde mais tout était nickel Bravo,4244,Google Maps,هشام كوك بيتزا,2024-08-14T11:17:45.483Z,0,,,,,,,
475757,دخلت لاه مين كنو طوابل تاع البرميل تاع لوح كان عندي 11 ولا 12 سنة,64300,tiktok,@cintra,2026-01-02T21:34:46.504841,11,,,,,,,
344687,"Pour notre premiere experience nous avons adoré nos entrées en revanche nous étions très déçus de la qualité de la viande, l’entrecôte était tres dure et les accompagnements étaient fades , il faudrait aussi améliorer la présentation des plats et des tables qui sont un peu negligées.",2619,Google Maps,HichamCook Grill House,2023-10-14T11:05:15.901Z,0,,,,,,,
606836,ياك شواء يبقى شواء واش زيادة فيه هذا,11321,Facebook,Restaurant Casa Bella - Draria,2025-07-28T07:18:41.000Z,0,,,,,,,
868992,رحت عنده شعال من خترا,48822,tiktok,@yaamy_test,2026-01-02T20:38:22.888856,1,,,,,,,
344707,roht franca wela cheftha gir f tiktok,46420,tiktok,@damisoran31,2026-01-02T20:22:08.147971,1,,,,,,,
606858,Les prix sont convenable les serveurs bien propre bien Poli top les pizzas magnifique,4285,Google Maps,هشام كوك بيتزا,2024-07-17T23:13:03.458Z,0,,,,,,,
606862,تبان مليحا والريحة تاعها تقول وصلت,30174,tiktok,@farouk.tacos,2026-01-02T18:56:13.270201,0,,,,,,,
344729,اين المحل,592,instagram,"brother.ts
",2024-04-11T18:30:47.000Z,0,,,,,,,
869023,برككم. من كذب,12355,Facebook,Restaurant San Benito,2025-10-13T07:14:36.000Z,0,,,,,,,
737953,ربي يقدرك ويسهلك كل الامور زعييييم,45744,tiktok,@italianefood31,2026-01-02T20:16:52.930125,1,,,,,,,
213666,من فضلك خويا تقولنا هاذ لمحل الله يبارك شحال سقاام,39170,tiktok,@itchy_food,2026-01-02T19:41:08.941135,0,,,,,,,
475815,وين بابا حسن,33796,tiktok,@restaurant_gizay,2026-01-02T19:22:52.171932,0,,,,,,,
344744,Bon accueil et service mais c'est pas terrible malgré que la pizza était croustillante mais y avait très peu de fromage et le poulet coupé en gros dès n'était pas du tout bon,4272,Google Maps,هشام كوك بيتزا,2024-07-28T16:39:43.439Z,0,,,,,,,
475817,زيدو سعيدة للبحر  [APPRECIATION],57186,tiktok,@_le216_,2026-01-02T21:17:18.845028,4,,,,,,,
344747,Du coup tu recommande quoi la bouffe ou adem ?,34740,tiktok,@sinai,2026-01-02T19:27:52.373261,0,,,,,,,
344755,where,69742,tiktok,@chtibo_oran,2026-01-02T21:58:29.220343,0,,,,,,,
344756,Endroit très propre. qualité des ingrédient magnifique . personnel accueillant compréhensif. bonne continuation,4723,Google Maps,Hicham cook pizza pasta,2023-10-23T17:56:45.688Z,0,,,,,,,
344768,"Amazing food — seriously delicious — plus a great vibe, clean space, nice music, and fast, polite service. Only downside: people can smoke everywhere, so you might be eating while someone is smoking right next to you. If it becomes smoke-free, it’s a perfect 5 spot.",1202,instagram,le_carre_restaurantalg,2026-01-01T19:50:01.000Z,2,,,,,,,
606920,Hatha wallah mayeaaref el hout hadhak espadon mahouch soman,11541,Facebook,Restaurant San Benito,2025-08-02T03:37:30.000Z,0,,,,,,,
869090,قولي خونا راكم خدامين في رمضان علاقداش تبداو [APPRECIATION],442,instagram,"brother.ts
",2025-03-12T08:41:21.000Z,0,,,,,,,
738019,délégation de pharmacie à l oeil,13974,tiktok,@le_dauphin_restaurant,2026-01-02T18:00:53.697101,0,,,,,,,
869093,قبايل وين روح نلقاهم يا عيييت منكم ااااا فافا خصني نشوف لعرب ههههه,11735,Facebook,Restaurant San Benito,2025-08-31T18:22:17.000Z,0,,,,,,,
344833,Le gars a donner le prix en euro ou en livre sterling çà veut dire 2 million 600 da ou 3million en livre sterling,12097,Facebook,Restaurant San Benito,2025-10-13T21:51:13.000Z,0,,,,,,,
213782,Some of the items in the menu are comestible,7683,Google Maps,Restaurant À Petit Feu,2023-11-18T19:55:13.164Z,1,,,,,,,
213788,je suis très étonnée de vous commentaires le prix d'après votre choix et Plat et les pizzas aussi poulet ou fruits de mer vous voyez pas raiso,20394,tiktok,@labelladalger16,2026-01-02T18:19:36.224649,1,,,,,,,
344871,الزيت علاه يديروه,42596,tiktok,@street_food,2026-01-02T19:58:35.599244,0,,,,,,,
738091,C’est trop beau et très apaisant,24818,tiktok,@laturquoisehotel,2026-01-02T18:30:30.091257,0,,,,,,,
475962,يدخل ليه غير ميسي ورونالدو,18288,tiktok,@helena,2026-01-02T18:16:08.811224,2,,,,,,,
607039,ou téléphone tafi moulay,29524,tiktok,@elcuatro_burgers,2026-01-02T18:49:42.054428,0,,,,,,,
607040,Hyper chèr pour rien makla tbahdel à banir !,834,instagram,fontaine_dor_restaurant,2025-08-03T14:06:24.000Z,6,,,,,,,
738117,Services bzeff t9il,6840,Google Maps,American Burger Factory,2025-07-23T20:53:18.830Z,0,,,,,,,
738119,رقم الهاتف من فضلك,10365,Facebook,,2025-12-25T07:43:42.000Z,0,,,,,,,
738125,"La nourriture est trop bonne, Et les serveurs sont gentils et respectueux à part l'ambiance que j'aime pas trop",8225,Google Maps,American Burger Factory,2024-12-06T22:24:30.021Z,0,,,,,,,
344914,Très bonne ambiance  [APPRECIATION],1264,instagram,lestwins.restaurant,2025-10-16T22:47:16.000Z,1,,,,,,,
738135,على خاطر شريتو بدراهم,41510,tiktok,@street_food,2026-01-02T19:57:43.732930,310,,,,,,,
213851,surtout les prix allah ybarek atkechmedh adefghedh poche vide,22140,tiktok,@maison_sardoudi,2026-01-02T18:22:40.358781,0,,,,,,,
607079,Je suis choqué !,16720,tiktok,@user5834669559361,2026-01-02T18:10:46.252487,2,,,,,,,
476011,تووب [APPRECIATION],19390,tiktok,@helena,2026-01-02T18:16:41.802087,0,,,,,,,
476015,100 برك,20920,tiktok,@sultan,2026-01-02T18:21:26.579816,0,,,,,,,
213873,"Propreté irreproachable, très bon plats assez copieux. Produits frais et de qualité. Je recommande.",2358,Google Maps,HichamCook Grill House,2025-04-27T20:19:46.882Z,0,,,,,,,
869235,"Excellente expérience chez American Burger ! Le cheesesteak est savoureux et généreux, les combo fries avec tenders étaient croustillants et bien assaisonnés. Service rapide et sympa, je reviendrai sans hésiter ! Mes salutations a Fares et Akram qui etait tres servianble et a lecoute",6676,Google Maps,American Burger Factory,2025-09-05T00:05:05.964Z,0,,,,,,,
607094,ils sont trop bons  [APPRECIATION],73552,tiktok,@pont_hydra,2026-01-02T22:13:57.935744,0,,,,,,,
738178,غالي مليااااااار بصح حاجة لي تعجب فيه جاي داخل غابة,71508,tiktok,@california_cafe,2026-01-02T22:09:03.706045,6,,,,,,,
607113,كاين توصيل بوزريعة,33702,tiktok,@restaurant_gizay,2026-01-02T19:22:48.740746,0,,,,,,,
869262,بنين بصح بدا يزيد فاسعار,48798,tiktok,@yaamy_test,2026-01-02T20:38:22.888837,6,,,,,,,
344976,⁨خويا ولله غيّر أسوء محل في الجزائر أو ولله غير فايحين⁩,78,instagram,american.burger_dz,2025-10-03T22:57:19.000Z,2,,,,,,,
607126,غالي بزاف سعر تاعها ميفوتش 400 الف,44542,tiktok,@dzforestrestaurants,2026-01-02T20:11:56.278200,0,,,,,,,
869274,"Deux firaghs dans la même assiette à 8000 da , non merci , il ne faut pas prendre les gens pour des pigeons !",33130,tiktok,@sinai,2026-01-02T19:18:35.402121,0,,,,,,,
344988,واه هي حلوتها معاك علبلي راني جاي اه يقلبي وجدي روحك,13126,Facebook,Restaurant San Benito,2025-10-29T21:36:10.000Z,0,,,,,,,
869287,"Un vrai délice ""Kunafa""",6455,Google Maps,Casbah Istanbul,2018-06-02T10:25:16.775Z,0,,,,,,,
869289,"Services rapide, et plat plutôt bon, j'ai enlevé une  parce que la salle est un peu petite.",8538,Google Maps,American Burger Factory,2023-02-05T13:17:13.884Z,0,,,,,,,
607151,سقسو الشاف برمى يقوللكم,41726,tiktok,@street_food,2026-01-02T19:57:50.212520,0,,,,,,,
213947,مفيه والو,51914,tiktok,@quick_food,2026-01-02T21:02:16.203843,1,,,,,,,
476092,c'est plus agréable de manger avec de la musique douce si c'est soirée également dansant c'est autre chose,23904,tiktok,@leonard_restauran,2026-01-02T18:27:06.380583,1,,,,,,,
345022,اودي هذا مخلط مع وسخ دنيا كل عليها يجيك بنين,42244,tiktok,@street_food,2026-01-02T19:58:03.681381,0,,,,,,,
869310,خليل رحماني ماشي حنا الله يهدينا، انت حشوهالك,9777,Facebook,Dz Forest Restaura,2025-10-12T21:15:53.000Z,2,,,,,,,
213952,بلاصة ملاحة و حسن استقبال [APPRECIATION],56586,tiktok,@terre_et_mer_annaba,2026-01-02T21:15:48.336814,1,,,,,,,
869313,"Excellent millefeuille, pareil pour le snickers. Je recommande!",3903,Google Maps,L’Alchimiste Pâtisserie,2023-08-30T16:14:07.338Z,1,,,,,,,
607176,Service ghilass masha'allah,8162,Google Maps,American Burger Factory,2025-01-28T12:24:43.233Z,0,,,,,,,
869329,"La bouffe est bonne, mais le gérant a une tres mauvaise attitude envers les clients",6291,Google Maps,Casbah Istanbul,2022-01-01T16:30:34.363Z,1,,,,,,,
738259,Très bon mais trop lourd,6742,Google Maps,American Burger Factory,2025-08-23T13:33:32.817Z,0,,,,,,,
476126,"alors, vous pouvez tout manger. grrr",73190,tiktok,@pont_hydra,2026-01-02T22:13:49.131783,0,,,,,,,
607199,"J'ai bien aimes le serveur êtes très gentil attentifs il vient chaque fois nous demander si nous monqe quelque chose J'ai commandé une côte de bœuf une merveille la viande tendre bien cuite les portions sont généreux J'ai, une remarque seulement . sait pas méchant. il y avait un gérant dans la salle. Qui, dérange un peut les serveurs Je les remarque. Je veux luis donner un conseil. Avant le travail tu fais un meeting de 10mn tu leur explique comment va le boulot. Est ci un serveur fait une faute ne le crié pas devant les clients. Après le travail tu luis parle. Ne stress pas tes travailleurs. Merci bien hicham",2591,Google Maps,HichamCook Grill House,2023-12-15T16:37:24.050Z,0,,,,,,,
607201,وين بلاصه,44298,tiktok,@dzforestrestaurants,2026-01-02T20:11:46.534749,0,,,,,,,
869347,عليه أفضل الصلاة والسلام,67952,tiktok,@meatlove5,2026-01-02T21:54:10.911647,0,,,,,,,
345063,un délice [APPRECIATION],34790,tiktok,@sinai,2026-01-02T19:27:57.433337,2,,,,,,,
607207,selecto plutôt que coca,17286,tiktok,@.khdi.j,2026-01-02T18:11:44.767109,2,,,,,,,
738283,Yummy quel menu  j'arrive bientôt  [APPRECIATION] [BOUFFE],9298,Facebook,"Restaurant La Napolitana









",2023-10-07T14:01:46.000Z,1,,,,,,,
345077,bonne coin  [APPRECIATION],27154,tiktok,@ambiance_telemcen,2026-01-02T18:41:21.610673,0,,,,,,,
869372,والله ماوليتوش كيما من قبل مكاش نظام,11037,Facebook,Restaurant Casa Bella - Draria,2025-07-29T12:04:31.000Z,0,,,,,,,
869379,"! INTOXICATION ! Nous y avons dîner hier soir en famille et bonjour INTOXICATION ! Ce matin 4 personnes présentant les même symptômes point en commun nous avons les 4 pris des poutines qui semblait normal au moment où il ont étais servie ! Maux de ventre atroce, vomissements diarrhée. Je n'y remettrai plus les pieds",6780,Google Maps,American Burger Factory,2025-08-12T12:56:28.145Z,0,,,,,,,
869384,"Vue magnifique, changer juste les nappes",15492,tiktok,@fouka.marine,2026-01-02T18:07:36.650664,0,,,,,,,
214031,مشاءلله تبارك الرحمن  [APPRECIATION],50938,tiktok,@broaster_chiken,2026-01-02T20:59:47.306542,1,,,,,,,
476196,C’est où j’arrive  [BOUFFE],36052,tiktok,@sinai,2026-01-02T19:28:33.477103,0,,,,,,,
345128,ouvrez un resto boulevard de la Boissière s'il vous plaît,36040,tiktok,@sinai,2026-01-02T19:28:33.477087,0,,,,,,,
738349,"Agent de sécurité agressif , il m’as dit qu’il y’a plus de place à l’intérieur alors j’ai fait le tour et j’ai stationné à l’extérieur En arrivant devant la porte je le vois laisser passer des voitures sachant que j’avais déjà une réservation Service très très nullllllll Les serveurs sont pas à la hauteur du tout Bcp de bruit bcp bcp bcp malgré qu’on avait pris un coin privé Il faut les formé vos serveurs monsieur Hichem Et la bouffe pas vraiment woww En tout cas j’ai regretté d’avoir dîner chez vous",2831,Google Maps,HichamCook Grill House,2022-12-23T14:20:08.314Z,2,,,,,,,
345135,أفضل طبق بوتين من بنة و سعر لكن من ناحية المحل ضيق و عندو أفضل عصير فرولة,8723,Google Maps,American Burger Factory,2021-04-08T22:48:08.370Z,2,,,,,,,
214068,Trop cher pour rien a fuir,3980,Google Maps,هشام كوك بيتزا,2025-12-07T13:22:52.538Z,0,,,,,,,
869432,ça s'appelle comment cet endroit,60160,tiktok,@seraidi.live.z,2026-01-02T21:22:44.123246,1,,,,,,,
345158,Zineb franchement tu as rendu la vidéo magnifique wowwwwwww  [APPRECIATION],48850,tiktok,@le77tizi,2026-01-02T20:38:55.682360,0,,,,,,,
738377,واين جاء,49536,tiktok,@kik.sfood21,2026-01-02T20:41:13.847263,1,,,,,,,
869467,وعليكم سلام,13144,Facebook,Restaurant San Benito,2025-10-13T00:11:27.000Z,0,,,,,,,
214111,les personnels hhhhh,57182,tiktok,@_le216_,2026-01-02T21:17:18.845017,15,,,,,,,
738404,عند ربي تخلصوها,38724,tiktok,@kfc,2026-01-02T19:39:52.490529,0,,,,,,,
214122,قلنا السعر شحال,10055,Facebook,"  Restaurant elassil








",2025-12-17T12:10:56.000Z,0,,,,,,,
607348,BRAquettes de frites,54550,tiktok,@meryam_officiel,2026-01-02T21:10:40.421521,4,,,,,,,
214140,Le reste le plus chic sur Alger  [APPRECIATION],1272,instagram,lestwins.restaurant,2025-05-28T12:54:28.000Z,2,,,,,,,
345216,أقدم قلب اللوز فالعاصمة هو تاع حميد كاين فباب الواد و جامع ليهود,43580,tiktok,@serir_alger,2026-01-02T20:09:37.821506,2,,,,,,,
214145,"c'est l'un des meilleurs restaurant d'Alger , et je dirais , sans risque de me tromper qu'il a le meilleur accueil , meilleur service et meilleure cuisine.",3511,Google Maps,Caracoya,2020-03-05T16:46:11.521Z,0,,,,,,,
607371,Les prix sont chers par rapport au qualité et quantité,2561,Google Maps,HichamCook Grill House,2024-02-04T06:44:39.283Z,0,,,,,,,
476300,Allez y. Vous ne serez pas déçus.,2869,Google Maps,HichamCook Grill House,2022-10-29T16:42:29.958Z,0,,,,,,,
869520,كاينة منها هذه الهدرة الله يبارك بدون غش,12896,Facebook,Restaurant San Benito,2025-10-30T18:59:16.000Z,1,,,,,,,
607377,Win exact svp,70300,tiktok,@le_petit_chalet,2026-01-02T22:00:17.984153,0,,,,,,,
345236,مصطفى الرجل الزين,68632,tiktok,@cote_oran,2026-01-02T21:57:29.321261,8,,,,,,,
476310,"The place to eat qualitative and delicious turkish cuisine, great service makes you feeling in turkey, quiet busy on weekends the dishes worth the waiting time.",5753,Google Maps,Casbah Istanbul القصبة اسطنبول,2021-06-03T17:48:54.864Z,0,,,,,,,
214173,متخلعوش فيها والله الدنيا هادي غير ساعة وتفوت صلي صلاتك في وقتها خير من معيشتها كامل,57776,tiktok,@_le216_,2026-01-02T21:17:31.501493,3,,,,,,,
738464,خامج وبنين مشي باطل,42092,tiktok,@street_food,2026-01-02T19:58:00.340537,0,,,,,,,
345259,بصحتك عبد الرحيم لعزيز ليك وحشة جينا ليك مالقيناكش  [COMPLAINT],1336,instagram,mahroussaglace,2025-07-10T19:55:04.000Z,0,,,,,,,
214189,quand c'est positif on le dit et quand c'est négatif on le dit aussi,62710,tiktok,@allechante,2026-01-02T21:30:54.860455,1,,,,,,,
607428,"pourtant je suis tout le temps à Seraïdi, mais j'ai pas encore été dans cet endroit paradisiaque, ça se trouve de quel côté svp ?  [INQUIRY]",60240,tiktok,@seraidi.live.z,2026-01-02T21:22:46.343149,1,,,,,,,
607433,لميتهم كامل وحطيت سومة منقصت مدرت والو,44624,tiktok,@dzforestrestaurants,2026-01-02T20:12:00.943148,0,,,,,,,
476371,Bonjour à tous j’étais là l’année passée,17736,tiktok,@le_dauphin_restaurant,2026-01-02T18:13:52.168234,0,,,,,,,
607454,très bon restaurant,65350,tiktok,@frono_oran,2026-01-02T21:43:06.019509,0,,,,,,,
607463,"Un très beau restaurant , équipe sympathique , les. plats copieux et délicieux , service rapide , les prix abordable",5546,Google Maps,قصبة اسطنبول,2022-08-31T21:08:46.019Z,0,,,,,,,
869607,يوجد توصيل,10378,Facebook,Dz Forest Restaura,2025-10-12T22:04:31.000Z,1,,,,,,,
869612,Un endroit très agréable avec vue magnifique typiquement Méditerranéene .,70558,tiktok,@le_petit_chalet,2026-01-02T22:00:26.489394,2,,,,,,,
607468,واحد متزوج قالي شفت ماكلة تع برا كي جي بنينة على تاع دار هك نساء تع برا يجو بنان على تاع دار [APPRECIATION],42230,tiktok,@street_food,2026-01-02T19:58:02.743699,0,,,,,,,
345325,"kount nhebha blassa ediiii mais mn nhar chouft cafard sghir lteemm, c fini",56390,tiktok,@the_chef_house_23,2026-01-02T21:14:41.293103,0,,,,,,,
869621,C'est quoi l'adresse exact ?,1221,instagram,le_carre_restaurantalg,2025-06-08T14:35:46.000Z,0,,,,,,,
345335,Uon Iz المشكل ماهيش في زوالي وتاكل ولا ماتقدرش تاكل الحمد لله عايشين وناكلو ممكن خير من هاذا لي قاعد يخلع بالناس بالاشهار المشكل هاذ ناس لي تاكل اطباق مليون وطلع في قعدة معناتها طبقة لي راك تحكي عليهم مش جابينهم حلال و ماكانش منها نقولي خدمو على رواحهم ولحديث قياس,9164,Facebook,"

Restaurant Casa Bella - Draria",2025-12-10T18:34:28.000Z,0,,,,,,,
738554,C’est pour ça maandnach les touristes tellement trop cher,17950,tiktok,@casabelladraria,2026-01-02T18:14:50.295679,0,,,,,,,
476411,بءس الطعام ما لم يأكله الفقراء,11020,Facebook,Restaurant Casa Bella - Draria,2025-07-28T03:31:02.000Z,1,,,,,,,
607483,Mouch mat3 60alf,55350,tiktok,@askim_food,2026-01-02T21:13:28.670736,0,,,,,,,
869629,الى كاين توصيل لسيد البشير خصني واحد 90واحد 70,70636,tiktok,@my_pizza_oran,2026-01-02T22:00:41.861477,1,,,,,,,
345345,وش معنتها ادي كلمة شايحة,55640,tiktok,@askim_food,2026-01-02T21:13:35.596551,0,,,,,,,
345354,حسن المعاملة مشاء الله,7013,Google Maps,American Burger Factory,2025-07-11T19:47:19.302Z,0,,,,,,,
738574,وين هذي,12581,Facebook,Restaurant Rais,2025-10-13T21:13:50.000Z,0,,,,,,,
607503,"Good food. We took rice with nuts, and chicken wok. The rice was delicious. The wok was just perfect. The service is excellent and the vibe is nice for friends/family.",7485,Google Maps,Restaurant À Petit Feu,2024-05-22T19:15:51.515Z,1,,,,,,,
214302,هذم كل هذا نهار لول و لخر لي راح يوكلو فيه تما,53548,tiktok,@thaisty_dz,2026-01-02T21:07:30.875946,0,,,,,,,
607524,تحيا نونو الزعيم صحيبي حطاب يتكلم,51630,tiktok,@mfood.plus,2026-01-02T21:00:15.420807,0,,,,,,,
738606,وبيض واش حكايتو,34592,tiktok,@le_carre_restaurant,2026-01-02T19:24:34.186906,11,,,,,,,
476463,Je confirme Numbers one,53026,tiktok,@patisserie_annaba,2026-01-02T21:04:20.697133,0,,,,,,,
738628,Best indian food in Alg!,3189,Google Maps,تاج محل بن عكنون,2021-09-02T16:31:26.889Z,0,,,,,,,
607561,الله يعاونكم,30546,tiktok,@fastfood751,2026-01-02T18:59:24.296966,0,,,,,,,
607568,Terasse vitrée sympa sauf si vous avez un fumeur à côté. Belle ambiance. Les Frites ça va. Prix légèrement au dessus des concurrents mais c'est justifié.,3756,Google Maps,Laurel Restaurant,2024-05-01T15:36:55.944Z,0,,,,,,,
214356,Livraison boumerdes?,29318,tiktok,@elcuatro_burgers,2026-01-02T18:49:37.864519,0,,,,,,,
476514,je l'ai goûté aujourd'hui et je confirme welah j'en ai goûté des chocolats chauds mais celui là est de loin de meilleur de tous,66256,tiktok,@vibe.bistrot,2026-01-02T21:48:40.873842,11,,,,,,,
607603,"I was super excited to visit this restaurant, but unfortunately the food and service disappointed me a lot it's take too long and the dish was cold and not bnin at all i don't think i will try it again.",5617,Google Maps,Casbah Istanbul القصبة اسطنبول,2023-02-11T16:32:18.731Z,0,,,,,,,
869757,هذ هو علم,11087,Facebook,Restaurant Casa Bella - Draria,2025-07-28T01:10:43.000Z,0,,,,,,,
869766,c'était la belle époque chez 3ami khuider Cintra c'est notre souvenir de ma jeunesse restaurant prépare bouzalouf douara le bon dîner  allah yarmah [APPRECIATION],64340,tiktok,@cintra,2026-01-02T21:34:48.397239,1,,,,,,,
607625,c ou frr ?,34730,tiktok,@sinai,2026-01-02T19:27:50.043730,0,,,,,,,
345482,"Great service, polite staff and delicious food",7899,Google Maps,Restaurant À Petit Feu,2023-05-23T14:06:49.985Z,0,,,,,,,
214412,Des prix inabordable pour une mauvaise qualité,6541,Google Maps,American Burger Factory,2025-12-04T18:34:58.620Z,0,,,,,,,
607631,cest ou bastila algerienne? tajin algerien? couscous algerien? poulet aux olives algerien,25148,tiktok,@le_tassili,2026-01-02T18:32:49.783569,0,,,,,,,
738711,restaurant du pont,73718,tiktok,@pont_hydra,2026-01-02T22:14:02.054177,0,,,,,,,
214431,يعجبني الاكل النقا. المشكل الوحيد الكمية قليلة مقارنة بالأسعار اتكلم على تاع وهران سيتي جمال,64816,tiktok,@msiiirdaa13,2026-01-02T21:35:54.428359,1,,,,,,,
345504,j'ai mangé chez eux la dernière fois franchement un vrai régal la qualité de la viande est excellente et c'était très bon  [RECOMMENDATION],25802,tiktok,@ofennec.officiel,2026-01-02T18:34:11.848409,16,,,,,,,
476575,"Ça vaut pas les 6500 da, aucun goût.",3860,Google Maps,L’Alchimiste Pâtisserie,2024-12-30T14:23:46.369Z,1,,,,,,,
476599,"Our favorite place. A variety of dishes. Fish, barbecue, pizza, and even desserts. Everything adults and children love. Excellent service but it's difficult to find a parking space.",6494,Google Maps,Restaurant À Petit Feu,2025-11-14T19:44:25.117Z,0,,,,,,,
345533,جامي جربت ناكل عدو مي يجي نهار ونطلع ليه,4420,Google Maps,هشام كوك بيتزا,2024-03-01T15:07:00.046Z,0,,,,,,,
345535,Ayer le courage de donner les vrais prix de vos publicités la décoration ne reflète en aucune façon les prix que vous pratiquez,10745,Facebook,"  Restaurant elassil








",2025-12-18T08:22:15.000Z,0,,,,,,,
869834,Tout est au top chez casbah Istanbul,5108,Google Maps,قصبة اسطنبول,2025-08-06T22:24:42.041Z,0,,,,,,,
476625,ناس تاكل بالبيدون وناس ملقاوش عشاء ليلة ربي يهدينا ويرزقنا بلحلال ويرزق كل محتاج,57110,tiktok,@_le216_,2026-01-02T21:17:17.800786,8,,,,,,,
476627,هضرة فرونسي تبالي لخلاص بالاورو,14092,tiktok,@le_dauphin_restaurant,2026-01-02T18:00:56.796883,0,,,,,,,
214500,The burger was so delicious,8702,Google Maps,American Burger Factory,2021-08-07T09:39:51.658Z,0,,,,,,,
476644,"Malheureusement rien ne m'a plu ! Enfin j'ai aimé le pain et le mojito, mais ce n'est pas pour ça que j'y suis allé! Vraiment dommage",2381,Google Maps,HichamCook Grill House,2025-01-15T22:24:49.685Z,0,,,,,,,
214505,win exct!,34442,tiktok,@restaurantmonegasque,2026-01-02T19:23:59.837584,0,,,,,,,
607728,la prochaine fois invite moi merci le restaurant est très beau moi et toi la cerise  sur le gâteau  [APPRECIATION] [BOUFFE],27608,tiktok,@thala,2026-01-02T18:44:57.723063,0,,,,,,,
214532,"A star just for the design , except that everything was disappointing the service was awful the food barely has a taste , will never think of going back",4809,Google Maps,Hicham cook pizza pasta,2022-09-04T21:24:22.109Z,0,,,,,,,
476677,عاقداه تفتحو! ؟,10277,Facebook,Restaurant Tabarka Annaba,2025-12-23T17:36:22.000Z,0,,,,,,,
738822,SaLÿ Rose بارك تاع ثنية لينا,9210,Facebook,Dz Forest Restaura,2025-10-14T18:00:16.000Z,0,,,,,,,
214541,les prix sont comment ?,62748,tiktok,@allechante,2026-01-02T21:30:55.677931,0,,,,,,,
345619,عتبة مربوحة ان شاء الله الاسعار في متناول زوالي,20050,tiktok,@darlmima,2026-01-02T18:17:55.879589,0,,,,,,,
214548,خاصني بزازيليطو غدوة نجيب حقي تاع الورث ونجي,13586,Facebook,Restaurant San Benito,2025-12-15T21:15:52.000Z,0,,,,,,,
345626,فيه مليح غير الديكور,56242,tiktok,@the_chef_house_23,2026-01-02T21:14:35.405744,0,,,,,,,
476701,تدخل تاكل ثم تخلص الماكلة تاعك وتاع الحوت اللي يعوم تحتك,32208,tiktok,@entracte,2026-01-02T19:14:36.058810,1,,,,,,,
214558,Meilleur resto avec une équipe très organisés et personnel accueillant puis l’ambiance assurée  [APPRECIATION],1275,instagram,lestwins.restaurant,2025-10-16T19:20:48.000Z,1,,,,,,,
345631,"Je recommande ce restaurant vous avez le choix et la variété entre la viande grillée, poisson des pizza et asiatique",6803,Google Maps,Restaurant À Petit Feu,2025-08-03T14:52:24.033Z,0,,,,,,,
345632,والسومة رويال  [RECOMMENDATION],10545,Facebook,"  Restaurant elassil








",2025-12-17T17:04:56.000Z,0,,,,,,,
476708,ايا ا سيدي اني روجتريت الفيديو غدوة نهز روحي و نروح و نقلو درلي كيمك بعد كيما تع خويا تس  [APPRECIATION],53720,tiktok,@guellil._.tasnim,2026-01-02T21:08:11.755062,6,,,,,,,
345636,Cuisine Turque top,6432,Google Maps,Casbah Istanbul,2019-01-02T12:32:33.679Z,1,,,,,,,
345638,و باتنة كيفاه  بالتوفيق تستاهل,23930,tiktok,@spotter.dz,2026-01-02T18:27:19.819372,43,,,,,,,
869929,C'est quoi la dresse svp  [APPRECIATION],25654,tiktok,@ofennec.officiel,2026-01-02T18:34:08.435755,0,,,,,,,
607785,سميه المعى الغليض خير بو لحية,11072,Facebook,Restaurant Casa Bella - Draria,2025-08-25T13:30:33.000Z,0,,,,,,,
869942,رحتله الله يبارك بصح les prix زايدين,67666,tiktok,@kartaj_oran,2026-01-02T21:53:12.911047,14,,,,,,,
869943,Il faut revoir les prix rapidement si ils veulent que ça marche,35884,tiktok,@sinai,2026-01-02T19:28:28.070721,0,,,,,,,
214582,ماشي عليين عندكم اخي ڤرنطيطة,17666,tiktok,@seven.times.luxury,2026-01-02T18:13:18.308920,0,,,,,,,
607804,"Je suis partie en avril au resto avec mon amie. C'est vraie que la nourriture était bonne mais les serveurs n'arrêtaient pas de roder autour de notre table comme pour nous presser de terminer. Au vu des prix de votre menu, on devrait pouvoir rester minimum 2 heures, apprenez à respecter les clients. Et dès qu'on a fini, ils ont débarrassé comme pour nous liquider. Un comportement froid et pas accueillant du tout. C'est dommage que le comportement des serveurs gâchent le charme de la nourriture délicieuse. En tout cas c'est un comportement qui ne donne plus envie d'y mettre ses pieds, les clients, c'est censé être bien accueilli et pris en charge et non pas liquidé. On ne vient pas que pour manger là bas, on vient se poser pour discuter et être dans un cadre agréable en consommant des plats de qualité mais les serveurs ont gâché l'atmosphère. Je tiens aussi à préciser qu'il n'y avait pas de monde. il y avait plein de tables vides donc le comportement des serveurs n'est pas justifié. J'espère que les mauvais avis seront pris en considération et que le comportement repoussant des serveurs sera transformé en comportement chaleureux car ceci est la clé pour fidéliser les clients. Jai fait le tour des avis et remarqué que je ne suis pas la seule à signaler ce souci! Pour ma part, je trouve qu'il Y a de bien meilleurs restos, même moins chers avec une nourriture aussi bonne et un personnel accueillant, poli et attentionné, qui méritent plus de clients au lieu d'aller dans des restos qui nous accueillent avec une froideur pareille.",5149,Google Maps,Casbah Istanbul القصبة اسطنبول,2025-06-21T17:34:39.177Z,0,,,,,,,
214588,Kyn pizza vrai mchalah ou prix vrai négossiable nens7k tsyi and food jaya fe sidi abdellah,30798,tiktok,@piatto,2026-01-02T19:07:24.027557,0,,,,,,,
345665,مور الفطور خرجلي الفيديو,30382,tiktok,@lasombra.dz,2026-01-02T18:58:22.671353,4,,,,,,,
869977,Klit el bareh choi andkoum les prix li fi le menu kdem qui jite nkheless kali zedna fi les prix andha 3 jours fi le menu prix kdim kifache khouya serka inani,10914,Facebook,Restaurant Casa Bella - Draria,2025-08-02T00:19:27.000Z,0,,,,,,,
607839,C'est la catastrophe surtout celui de Audin,10636,Facebook,,2025-10-20T18:24:17.000Z,0,,,,,,,
214624,والله الا مشاء الله فري حوت ومعاملة الله يبارك [APPRECIATION],65134,tiktok,@restaurant_marisco,2026-01-02T21:40:04.468113,0,,,,,,,
214628,ghali w service 0,63636,tiktok,@silyon69,2026-01-02T21:33:10.496099,0,,,,,,,
607844,Bon courage testahel koul khir mmis tmourtiw  [APPRECIATION],28682,tiktok,@american.burger.tizi,2026-01-02T18:47:32.303296,0,,,,,,,
345703,et bien nous c'est tous les jours (presque),72344,tiktok,@pont_hydra,2026-01-02T22:13:20.381755,1,,,,,,,
214633,بسم الله,73278,tiktok,@pont_hydra,2026-01-02T22:13:51.659580,0,,,,,,,
738931,رجال يطيبو بنية مي نساء بسبان ولمعاير,41950,tiktok,@street_food,2026-01-02T19:57:55.159997,0,,,,,,,
607859,Meilleurs restaurant que j’ai fais cette été,16498,tiktok,@torero.alger,2026-01-02T18:09:00.058183,0,,,,,,,
870008,Lina Luna Désolé mais je ne peux pas me taire d'abord il faut écrire #où  à la place de #ou  et #ça  à la place du déterminant possessif #sa  ne prend svp pas mes remarques comme une humiliation c'est pas du tout mon objectif même loin de la agréable soirée [RECOMMENDATION],13155,Facebook,Restaurant San Benito,2025-10-13T14:00:02.000Z,0,,,,,,,
476804,macha'Allah c du bon travail  [APPRECIATION],28182,tiktok,@amine.lacantine,2026-01-02T18:45:40.649869,1,,,,,,,
607881,Plats très généraux et très très bons Service rapide Endroit propre Je valide,8313,Google Maps,American Burger Factory,2024-05-24T13:54:50.730Z,0,,,,,,,
738955,غالي جداً جداً,33132,tiktok,@sinai,2026-01-02T19:18:35.402193,0,,,,,,,
870038,ماتقلشيني ماشكوبي نجي نخلص بدراهمي ونقلش روحي انت خدامة انا نخلص وانت تخدمي سيدك واذا راكي تحكي تقلاش تاع جيها لي من هيه حنا خاطينا مزالكم بعاد بعاد ألفاظ سوقية ماتعرفو تسوقو ماتعرفو تقدمو والووانت باش تنقي سنين وماتصلحيش,13494,Facebook,Restaurant San Benito,2025-12-30T20:35:01.000Z,0,,,,,,,
345760,كمية الفن  في اللوحات والديكور. أتمنى جودة في الخدمات وبأسعار معقولة [APPRECIATION],60030,tiktok,@the_throne_annaba,2026-01-02T21:22:25.152153,3,,,,,,,
738979,طبرقة بنة و سومة و نظافة الوليمة لاكلاس ادالاس ههه الحاجة تاني مليح والبستان,59632,tiktok,@maestro_dz13,2026-01-02T21:21:37.792087,0,,,,,,,
476841,بسكو نتاع بلاش مايحلاش [APPRECIATION],42164,tiktok,@street_food,2026-01-02T19:58:01.955895,0,,,,,,,
870062,"Good food, nice atmosphere.",5342,Google Maps,Casbah Istanbul القصبة اسطنبول,2023-11-02T18:38:11.204Z,0,,,,,,,
738995,Accueil et services au top,4259,Google Maps,هشام كوك بيتزا,2024-08-05T19:06:40.165Z,0,,,,,,,
476853,"Restaurant en dégradation continue, accueil honteux, la dame qui prend les nom est mal éduquée, à fuir",6062,Google Maps,Casbah istanbul,2024-07-26T22:02:41.481Z,0,,,,,,,
214712,و450الف 4 كل واحد وحدو واش عندكم  [APPRECIATION],31690,tiktok,@woodgrill_dz,2026-01-02T19:13:58.206657,0,,,,,,,
607939,Theria Ca امين شكرا و مرحبا بك,9060,Facebook,Dz Forest Restaura,2025-10-16T17:36:27.000Z,2,,,,,,,
870084,Je recommande super bon,6353,Google Maps,Casbah Istanbul,2020-01-20T08:37:20.602Z,0,,,,,,,
739022,وين في عنابة,18198,tiktok,@restaurantabarkannaba,2026-01-02T18:15:07.273668,0,,,,,,,
345814,pour commencer déjà le temps d’attente qui était aberrant pour au final le serveur viens nous redemander la commande pour confirmer comme si de rien n’était puis quand enfin il nous ramène la commande il la fait tomber par terre mdr aller encore 30min d’attente pour a la fin nous servir les plats très chauds vraiment du grand n’importe quoi,5820,Google Maps,Casbah istanbul,2025-09-14T21:02:10.793Z,0,,,,,,,
607958,Américain bla Hani machi restaurant,7952,Google Maps,American Burger Factory,2025-02-07T21:05:00.114Z,0,,,,,,,
214757,Je trouve que le riz cuit à la vapeur est trop cher le proposer 20 fois le prix pour juste l avoir cuit à la vapeur me semble demesure,3224,Google Maps,تاج محل بن عكنون,2020-01-04T06:57:10.370Z,1,,,,,,,
214762,The best wlhhhh kol khatra nchry 3lihom,46192,tiktok,@checkin.31,2026-01-02T20:20:48.790722,2,,,,,,,
607983,"Un des meilleurs restaurent que j'ai testé. Les saveurs, le gout, le personnel, c'était formidable Cependant les prix était très cher et les boissons coutaient 250da Incompréhensible!",5239,Google Maps,قصبة اسطنبول,2024-11-22T14:02:55.046Z,0,,,,,,,
345839,كنحماق على هد الممتل نتمنى يجاوبني  [APPRECIATION],68692,tiktok,@cote_oran,2026-01-02T21:57:31.022411,2,,,,,,,
739057,Douniazed t’es où ?,45260,tiktok,@budz,2026-01-02T20:15:54.265009,1,,,,,,,
870135,win jay f oran sltp,63656,tiktok,@silyon69,2026-01-02T21:33:11.371195,0,,,,,,,
607995,تبيعو الرامن  [INQUIRY],1762,instagram,saikosushi_oran_restaurant,2024-06-08T14:33:06.000Z,1,,,,,,,
870143,غالي بزاف و مكان مكان,63692,tiktok,@silyon69,2026-01-02T21:33:11.438215,2,,,,,,,
214784,عندي اسئلة ماعلاباليش كيفاه نقولهوم,458,instagram,"brother.ts
",2025-07-30T13:41:13.000Z,71,,,,,,,
739073,bonsoir ou se trouve le restaurant s'il vous plait merci,71714,tiktok,@dwiretelazz,2026-01-02T22:10:27.435761,0,,,,,,,
870144,مدولي صفحة تعهم,32366,tiktok,@restaurant_iceberg,2026-01-02T19:16:36.932732,5,,,,,,,
739095,C n’est ou,69884,tiktok,@chtibo_oran,2026-01-02T21:58:36.398815,0,,,,,,,
608038,قلب اللون تركي تاع بلكور vue فالاقدمية,43634,tiktok,@serir_alger,2026-01-02T20:09:40.211812,1,,,,,,,
608043,لا انوثة لا والو تحسب راجل راه يهدر,13255,Facebook,Restaurant San Benito,2025-10-13T14:12:01.000Z,0,,,,,,,
608054,Des bornes de commandes y’en a partout maintenant alger bejaia oran,45516,tiktok,@budz,2026-01-02T20:16:03.881371,0,,,,,,,
608055,السر فالخماج خامج وبنين,42282,tiktok,@street_food,2026-01-02T19:58:04.457343,0,,,,,,,
870198,Quand est-ce que les gens vont comprendre que les cuisines sont régionales et non etatique. parfois on va retrouver les mêmes recettes de part et d’autre des frontières.,16632,tiktok,@user5834669559361,2026-01-02T18:10:42.541764,12,,,,,,,
214846,الحلف بغير الله حرام,30802,tiktok,@piatto,2026-01-02T19:07:24.027561,1,,,,,,,
345933,salm c'est ou au Maroc,68764,tiktok,@cote_oran,2026-01-02T21:57:33.645104,2,,,,,,,
870238,wach dart epice me3a falfel,41232,tiktok,@street_food,2026-01-02T19:55:41.427871,0,,,,,,,
214883,"Restaurant spacieux, belle décoration. Les serveurs sont plutôt professionnels, le délai d'attente est raisonnable. La cuisine est bonne et généreusement servie. Resto sympa et familial.",8041,Google Maps,Restaurant À Petit Feu,2023-01-11T13:28:01.340Z,0,,,,,,,
214889,بتزا من ايتليا هذي فيا ك,51560,tiktok,@broaster_chiken,2026-01-02T21:00:01.526227,0,,,,,,,
214902,magnifique décoration  [APPRECIATION],14392,tiktok,@les_jumelles,2026-01-02T18:01:26.755358,0,,,,,,,
214911,"magnifique cuisine , très bon rapport qualité prix, je recommande",65504,tiktok,@frono_oran,2026-01-02T21:43:10.371359,0,,,,,,,
870279,J ai mangé dans un resto marocain c était trop pas bon,16974,tiktok,@user5834669559361,2026-01-02T18:10:52.141282,1,,,,,,,
477066,A éviter Lieu sympa cadre également Mais un moment qui été censé être un moment convivial c’est terminer en catastrophe Erreur sur la commande Changement du plat car la viande semelle et rien d’autre On a voulu me facturé 3 salades de fruit en sachant que j’en est commandé une Honte honte à vous Je suis venu le jour de l’ouverture en octobre 2022 où j’avais trouvé tous parfaits J’ai voulu réitérer l’expérience en invitant des amies qu’elles déception Je suis près à échanger avec le directeur ou le propriétaire A ÉVITER À ÉVITER À ÉVITER,8026,Google Maps,Restaurant À Petit Feu,2023-01-21T21:40:29.137Z,0,,,,,,,
608145,خاصك روج و بوسبعة ، و تكمل لعودة بلعود .,11448,Facebook,Restaurant San Benito,2025-07-28T09:46:53.000Z,0,,,,,,,
477074,الأسعار,54,instagram,a_petit_feu_kouba,2024-07-10T07:35:29.000Z,0,,,,,,,
346003,"La nourriture n’était pas mal, un grand merci à Chaima pour son accueil Super sympa, attentionnée, toujours avec le sourire [APPRECIATION]",6925,Google Maps,American Burger Factory,2025-07-15T09:21:47.141Z,0,,,,,,,
870293,وين في الابيار ؟,512,instagram,"brother.ts
",2025-04-10T20:07:40.000Z,0,,,,,,,
739230,le prix de la soupe svp et pour combien de personnes hadik,65168,tiktok,@restaurant_marisco,2026-01-02T21:40:08.510638,0,,,,,,,
214943,وين المكان بضيط من فضلك,22520,tiktok,@le_perchoir,2026-01-02T18:25:07.753365,0,,,,,,,
608184,"j ai mangé , c est bien mais trop cher on paye la déco",21572,tiktok,@maison_sardoudi,2026-01-02T18:22:25.678217,100,,,,,,,
477112,في ولاد فايت ماكانش برومو ولافيها باذن الله؟؟,855,instagram,hichamcookgrill,2025-11-15T21:40:41.000Z,0,,,,,,,
739267,"Bon restaurant, Les plats sont vraiment très copieux. Le service est impeccable. Très familial Très propre Allez y les yeux fermés. Bismillah et Afiyet olsun",5400,Google Maps,قصبة اسطنبول,2023-11-26T23:42:20.910Z,0,,,,,,,
477130,Ma terrasse préférée à Alger [APPRECIATION],26536,tiktok,@labelladalger16,2026-01-02T18:37:01.458427,1,,,,,,,
608204,عندكم توصيل عين البنيان,33560,tiktok,@restaurant_gizay,2026-01-02T19:22:45.945029,3,,,,,,,
739287,علي علي علي,6418,Google Maps,Casbah Istanbul,2019-04-09T20:10:31.192Z,0,,,,,,,
215008,نتا معفون الماكلة عمرتها بزاق تعييف,11095,Facebook,Restaurant Casa Bella - Draria,2025-07-28T14:22:18.000Z,0,,,,,,,
739296,حنا نحتافلو غي بعيد الفطر و عيد الأضحى,66074,tiktok,@restaurant_mani,2026-01-02T21:47:15.239263,1,,,,,,,
346083,"donc d'après les commentaires c'est un coin de first  love  et le coup de foudre, coin des amoureux, waww j'ai aimé ça  [APPRECIATION]",32268,tiktok,@le_carre_restaurant,2026-01-02T19:14:54.860336,1,,,,,,,
215012,J’ARRIVE TOUT DE SUITE [APPRECIATION],35226,tiktok,@sinai,2026-01-02T19:28:06.953451,0,,,,,,,
870380,بصحتو مول مطعم,13564,Facebook,Restaurant San Benito,2026-01-01T23:09:09.000Z,0,,,,,,,
346099,بصح صغير بزاف,31078,tiktok,@roi_du_fajitas,2026-01-02T19:08:46.642161,1,,,,,,,
215027,Ahmed Taibi et je pense qu'il faut dire prends au lieu de prend Cordialement,13156,Facebook,Restaurant San Benito,2025-10-12T23:35:32.000Z,0,,,,,,,
477178,مشاء الله تبارك الرحمن  [APPRECIATION],1388,instagram,megapizza_kouba,2025-12-19T11:45:57.000Z,2,,,,,,,
608254,Delicious authentic Indian food. We've had an amazing experience.,3083,Google Maps,تاج محل بن عكنون,2024-03-10T18:25:50.153Z,0,,,,,,,
346114,"Une attente trop importante pour des plats servis froid avec peu d’accompagnement et peu d’assaisonnement pour un prix très élevé je suis déçu, franchement sans plus.",2453,Google Maps,HichamCook Grill House,2024-08-15T17:18:49.574Z,0,,,,,,,
215042,"Franchement, votre nourriture est bonne, mais les prix dépassent l'imagination. Merci.",4165,Google Maps,هشام كوك بيتزا,2024-11-10T15:11:05.297Z,0,,,,,,,
739338,أرفدو تليفو برك,33978,tiktok,@restaurant_gizay,2026-01-02T19:22:56.507950,0,,,,,,,
215060,mlih w 3ndou whd serveur 3ssel rabi y3inou,54740,tiktok,@luestro_annaba,2026-01-02T21:12:12.932794,2,,,,,,,
739351,"chkoun mai3rfch iakel les escargots, srt f dzayer !",72386,tiktok,@pont_hydra,2026-01-02T22:13:22.193226,0,,,,,,,
608280,غدوة إنشاء الله راني عندك حرز تبدلي السومة ولا تنقس الحوت الفيديو راه عندي نفكرك بيه,12143,Facebook,Restaurant San Benito,2025-10-13T10:30:20.000Z,1,,,,,,,
739362,des très bon prix machaa lah,37076,tiktok,@restaurant.madala,2026-01-02T19:34:44.153320,1,,,,,,,
215092,Magnifique endroit mach'alhhh  [APPRECIATION],2682,Google Maps,HichamCook Grill House,2023-07-31T21:06:18.740Z,1,,,,,,,
346164,simple la faire sortir,16822,tiktok,@user5834669559361,2026-01-02T18:10:48.766812,0,,,,,,,
739384,"Il y a des gens qui ne sont tués par des bombardements, meurent de faim en Palestine. Et il y a des gens qui font étalage.",43954,tiktok,@dzforestrestaurants,2026-01-02T20:11:33.052631,0,,,,,,,
608335,"Sa fait plaisir , si top .",7922,Google Maps,American Burger Factory,2025-02-10T19:54:24.306Z,0,,,,,,,
477265,My first date was in yr resturant,32262,tiktok,@le_carre_restaurant,2026-01-02T19:14:54.860331,1,,,,,,,
477267,نتي بروحك حوتة,13645,Facebook,Restaurant San Benito,2025-12-20T23:26:30.000Z,0,,,,,,,
739418,راني ندمانة لي قريت وطولت في القراية بلا فايدة من غير ڤعدت متخلفة وأميّة. كون غنيت احسن,57782,tiktok,@_le216_,2026-01-02T21:17:31.501499,1,,,,,,,
477279,"Un restaurant digne des meilleurs restaurant d’Europe, enfin un lieu ou on peut sortir en famille. Bonne continuation à la famille chamso",63380,tiktok,@santorino,2026-01-02T21:32:15.838771,8,,,,,,,
870496,Les meilleurs en Algérie,6985,Google Maps,American Burger said hamdine,2025-06-16T13:58:30.623Z,0,,,,,,,
477283,Armoire à volonté,25322,tiktok,@lovers_grill,2026-01-02T18:33:43.549953,0,,,,,,,
739444,Alors alors je commence par le service un service très long les serveurs yedjibo les pailles les papier b le strict minimum ne9adro ne9olo b ne9san et concernant la pizza rapport qualité prix vraiment ghalya ça vous vraiment pas le coup ne9der neshri une pizza à feu du bois b 600 da w bniiina 3liha bzzf donc je suis vraiment déçu null bzzf,4492,Google Maps,هشام كوك بيتزا,2024-01-08T21:51:52.766Z,0,,,,,,,
215156,Mdr et c quand y’a un resto algérien en Algérie on galère à trouvé de la bouf algérienne dehors,45552,tiktok,@budz,2026-01-02T20:16:04.948325,0,,,,,,,
608378,Très déçu,4019,Google Maps,هشام كوك بيتزا,2025-09-09T00:09:03.023Z,0,,,,,,,
870535,On a mangé ici et le serveur lui-même il nous a servi. Il est très sympa.,17934,tiktok,@casabelladraria,2026-01-02T18:14:49.421945,0,,,,,,,
870542,bravo venez ouvrir à Marseille svp qu allah vous bénisse,35332,tiktok,@sinai,2026-01-02T19:28:09.958145,0,,,,,,,
215184,الملوخية تهبل و اللوبيا تهبل و الكمونية تهبلللللللل و كلش يهبل الحق,9476,Facebook,Restaurant Tabarka Annaba,2025-12-23T18:04:16.000Z,1,,,,,,,
346259,كاين توصيل ريبوندي راني جيعان,43406,tiktok,@cassecroute_dz,2026-01-02T20:09:01.833570,1,,,,,,,
215206,"Endroit très calme , respectueux et propre , service moyen (7/10) , serveurs très sympathique, gentils aimables et souriant . prix reasonables , menus variés Merci",7752,Google Maps,American Burger said hamdine,2023-09-30T20:00:08.187Z,0,,,,,,,
346283,غالي يا طحانة,13744,Facebook,Restaurant San Benito,2025-12-30T12:56:00.000Z,0,,,,,,,
608430,Il et venue de Turquie  et l’autre d’Italie et ben c’est las Vegas,50934,tiktok,@broaster_chiken,2026-01-02T20:59:47.306538,6,,,,,,,
739511,وسرابيت من عندك ولا نجيبوهو معانا,44612,tiktok,@dzforestrestaurants,2026-01-02T20:11:59.975296,0,,,,,,,
608444,"Je connais ce restaurant depuis son ouverture Je trouve que ses plats ne sont plus aussi goûteux qu’au début , c’est devenu FADE Ce soir par exemple : ** On nous a servi des frites, un mangeables à croire qu’elles étaient de la veille ** les tomates a peine mechouiya ** Le serveur bien qu’il soit aimable, la langue lui fait défaut. Du coup il nous a Servi deux kunafa alors qu’on avait demandé que une seule (on avait insisté pourtant avec les gestes). Parlant de KUNAFA ce n’est plus le même gout On pensait manger du KTAYEF ( le fromage avec aucun gout ni texture élastique habituelle)",5256,Google Maps,Casbah Istanbul القصبة اسطنبول,2024-07-29T22:10:53.637Z,0,,,,,,,
739536,دراهم هما لي يقلشو مشي أنت,13661,Facebook,Restaurant San Benito,2025-12-29T01:23:00.000Z,0,,,,,,,
608473,نكمك وڨفت عليك ياانميييي نجيبو عليك ياازححح شوارب قلشيني  [APPRECIATION],13603,Facebook,Restaurant San Benito,2025-12-29T11:52:46.000Z,0,,,,,,,
215259,بدلي سليبك و مبعد ساهلا,13232,Facebook,Restaurant San Benito,2025-10-12T20:20:59.000Z,0,,,,,,,
870619,سمحيلي أختاه دراهمي تقلشتي,12938,Facebook,Restaurant San Benito,2025-10-13T17:03:19.000Z,0,,,,,,,
477418,مصطفا. نبغيق. الله. يعلم,68938,tiktok,@cote_oran,2026-01-02T21:57:37.998513,2,,,,,,,
477419,شحال كيما هاك واسكو بنينةـولا لا,46674,tiktok,@oumanger.oran,2026-01-02T20:23:55.165491,0,,,,,,,
477425,قلب لوز محشي جوز تاع سرير وحدو  [APPRECIATION],43542,tiktok,@serir_alger,2026-01-02T20:09:21.842402,0,,,,,,,
215282,Personnel excellent très à l’écoute chaleureux Endroit très joliment décoré Service rapide On a pris des fondants glaces tarte au citron gaufres assez bons mais pas extraordinaires non plus,3788,Google Maps,Laurel Restaurant,2023-12-22T19:14:22.888Z,1,,,,,,,
215287,صاحبي خدااام ماكلة بنة والهمة  [APPRECIATION],39844,tiktok,@streetburger02,2026-01-02T19:43:58.833992,2,,,,,,,
346365,و ليامات لخرين 300 الف؟,44072,tiktok,@dzforestrestaurants,2026-01-02T20:11:36.764959,0,,,,,,,
739583,Meilleur,7411,Google Maps,American Burger said hamdine,2024-11-07T21:58:31.083Z,0,,,,,,,
870681,ربي يغفرلك انشاء الله,47580,tiktok,@bazookadz,2026-01-02T20:32:28.394466,1,,,,,,,
870725,"menu très aléatoire, perso ça ne me donne pas envie",21338,tiktok,@triple_,2026-01-02T18:22:05.756804,0,,,,,,,
477519,وهذاك لي فيه لاكواريوم بالحوت وسمو,32584,tiktok,@seven.times,2026-01-02T19:17:41.334078,1,,,,,,,
477522,Je viens de jeté un coup d’œil sur les avis bcp de déception mais aussi grande majorité se plaint des prix et les quantités dommage,35088,tiktok,@sinai,2026-01-02T19:28:04.439793,0,,,,,,,
346454,الله يعينك خويا وربي يوسع لك، سمعت حصة عجبتني فكرة تفريغ الشهوة وملأ الشهوة وتغذيتها وجماعة الفوود فلوقر صتاع محتوى الطعام من أي الفريقين؟، الله يهدينا أجمعين ويجعلنا من دعاة الفضيلة لا الرذيلة ومن من يطفأ الشهوات لا من من يضرمها،,10815,Facebook,Restaurant Casa Bella - Draria,2025-08-03T21:15:18.000Z,2,,,,,,,
739672,وي نسكن في القبة,10268,Facebook,,2025-10-20T10:49:49.000Z,0,,,,,,,
477533,fais moi visiter oran la j’attend,45598,tiktok,@budz,2026-01-02T20:16:07.013554,1,,,,,,,
870756,ذي عندنا,22454,tiktok,@le_perchoir,2026-01-02T18:25:02.841799,4,,,,,,,
215399,C’est al pêcherie,17712,tiktok,@le_dauphin_restaurant,2026-01-02T18:13:49.396238,1,,,,,,,
608630,البارح رحتل,59042,tiktok,@maestro_dz13,2026-01-02T21:21:23.046804,0,,,,,,,
870776,Des prix speciaux mabrouk et bonne chance,48112,tiktok,@rahmani_food,2026-01-02T20:34:24.680548,0,,,,,,,
346496,هذي فلاقراف سوق بومزراق عندو ماكلة فور,41666,tiktok,@street_food,2026-01-02T19:57:49.336039,2,,,,,,,
608644,"J’adore votre restaurant, on y était déjà , on a tout aimé  d’ailleurs j’ai mis une vidéo sur mon compte , plusieurs m’ont demandé l’adresse [APPRECIATION]",26260,tiktok,@lovers_grill,2026-01-02T18:34:55.204638,2,,,,,,,
739719,Hamid Le Grand الشرطة الجزائرية شوفو مع هذا الحمار راه يسب رسول الله صلى الله عليه و سلم,10140,Facebook,Dz Forest Restaura,2025-10-13T12:50:12.000Z,1,,,,,,,
346504,كايافسي يا رب,37854,tiktok,@kfc,2026-01-02T19:39:22.914400,1,,,,,,,
870801,"Ça va, mais un peut chère pour un fast food.",8599,Google Maps,American Burger Factory,2022-07-06T00:01:18.529Z,1,,,,,,,
870814,Meilleur resto meilleur service sans oublier moulah mashAllah,19318,tiktok,@helena,2026-01-02T18:16:35.409792,0,,,,,,,
739744,لانها مقهورة من الاكل الجزاىري المتنوع احسن من الزريبة الزنقة,16764,tiktok,@user5834669559361,2026-01-02T18:10:46.256504,1,,,,,,,
215462,صح الماكلة بنة و زيد تعامل ف القمة مشاء الله عليهم بزاااااااف مربيين,20882,tiktok,@sultan,2026-01-02T18:21:22.579203,0,,,,,,,
739756,بنين وخامج,41968,tiktok,@street_food,2026-01-02T19:57:56.860842,0,,,,,,,
608687,Et la borne de commande ne marche même pas,45218,tiktok,@budz,2026-01-02T20:15:53.013131,3,,,,,,,
870832,C infecte et excessivement cher,14200,tiktok,@les_jumelles,2026-01-02T18:01:21.546577,1,,,,,,,
346546,"Il faut les faire dégorger, dans un grand seau avec un peu d'eau , du vinaigre et du sel, pendant 20mn, puis les rincer, et renouveler plusieurs fois l'opération, puis apres vous pourrez les faire cuire.",73048,tiktok,@pont_hydra,2026-01-02T22:13:42.129669,0,,,,,,,
215487,"* Pour commencer, ce centre commercial est juste une catastrophe le parking très mal fait très étroit, les ascenseurs. * A l'arrivée au restaurant un monde fou déjà en liste d'attente (jeudi soir) nous avons attendu une trentaine de minutes pour passer à table * Durant cette attente j'ai remarqué que les sanitaires étaient dans un état catastrophique . * La décoration est simple * Y'avais beaucoup de bruit , de la musique, des gens qui parlent fort, des chariots des serveurs, sans parler des cris et pleure des enfants . * Nous avons commandé directement les plats sans entrée (je ne me rappelle pas des noms des plats) * Viande hachée Francis au fromage façon turc : c'était savoureux et goûteux *Chawarma: je trouve que la chawarma était sèche *Cotes d'agneau : la viande n'était pas tendre, et elle avait aucun goût spécial. Côtes grillées Classique comme on fait à la maison En général j'étais déçu par les plats sauf celui de la viande hachée *Un jus de citron simple *Ayran: pas bon il n'a rien à avoir avec le ayran qu'on prend en Turquie *Comme dessert nous avons pris du Ketmer et du thé : le gâteau est Léger, bon pas sucré, mais il manque de glace et de la pistache * Le thé n'est pas bon *Pour finir je voudrais parler du service et de l'accueil, tout le monde était dépassé, le serveur nous explique clairement qu'ils n'arrivent pas à gérer *Nous avons commandé le dessert après le repas via un serveur turc, après plus de 30 minutes d'attente on demande à un serveur algérien de confirmer que notre commande est bien passée. Le turc a non seulement fait une erreur (donc on a passé une autre fois la commande) et il était mécontent de notre réclamation , (il a fait une grimace ) *Vers 23h30 on discuté autour du thé et le dessert le turc vient nous informer que les restaurant ferme et qu'on doit quitter, tout en sachant qu'ils y'avait des gens qui mangé encore , c'est vraiment inacceptable de perturber des gens qui mangent en débarrassant la table au même temps, j'étais choquée * Les prix sont chers (une augmentation par rapport à mon dernier passage qui date de quelques mois uniquement) , le rapport qualité prix est insuffisant et mauvais",5273,Google Maps,Casbah Istanbul القصبة اسطنبول,2024-06-28T00:52:00.980Z,3,,,,,,,
215491,أحسن مشروع ربي يباركلك في مالك EPSP BISKRA,29560,tiktok,@fondue.3formages,2026-01-02T18:50:18.514081,2,,,,,,,
477643,Very beautiful I thought it’s one of the soothing videos that appear in the fyp,22494,tiktok,@le_perchoir,2026-01-02T18:25:06.952912,2,,,,,,,
477652,تخدموا في ليل ولا لا,55760,tiktok,@mfood.annaba,2026-01-02T21:14:11.208275,1,,,,,,,
608729,ياخو ربي يبارك نتوم مشاء الله. مي راعو مشاعر ناس كاين لي ملقاش واش ياكل. تساعفوني ديرو كل جمعة وكلو عائلة فقيرة هكذا ربي يزيدكم كثر. علبالي نتوم ناس كرمة وعبالي انكم مشاء الله ومتاكد.,11099,Facebook,Restaurant Casa Bella - Draria,2025-07-30T12:45:19.000Z,3,,,,,,,
215514,Mmmm I absolutely love the colours in tjis video  [APPRECIATION],757,instagram,elmarssem.dz,2024-05-27T16:58:23.000Z,1,,,,,,,
477659,الله يبارك فيكوم مكلا فور خويا العزيز غالي  [APPRECIATION],30604,tiktok,@gazouzafood2019,2026-01-02T19:05:30.032264,0,,,,,,,
346599,Présentation ta3. No9r,13036,Facebook,Restaurant San Benito,2025-10-27T20:03:51.000Z,0,,,,,,,
608747,boutchamar,44472,tiktok,@dzforestrestaurants,2026-01-02T20:11:54.829313,1,,,,,,,
739833,les personnels ?,57466,tiktok,@_le216_,2026-01-02T21:17:23.715881,1,,,,,,,
346619,désolé mon chère . améliorée le service (galek 9ar3a soupe chaude dans une bouteille en plastique,65218,tiktok,@restaurant_marisco,2026-01-02T21:40:10.172023,1,,,,,,,
477695,L'adresse du restaurant svp ?,12494,Facebook,Restaurant Rais,2025-10-13T12:01:05.000Z,0,,,,,,,
870920,ch7al livraison ain bnian khouya,29434,tiktok,@elcuatro_burgers,2026-01-02T18:49:40.371770,0,,,,,,,
477707,Sauce à l’eau mdrrr,16610,tiktok,@user5834669559361,2026-01-02T18:10:42.541745,0,,,,,,,
477709,"Un accueil incroyable, restaurant très bien décoré et propre. Service excellent. Plats délicieux et copieux, bref un sans faute. Je reviendrai inch'Allah.",2361,Google Maps,HichamCook Grill House,2025-04-12T15:55:49.355Z,0,,,,,,,
215565,win f cheraga,29346,tiktok,@elcuatro_burgers,2026-01-02T18:49:37.864624,0,,,,,,,
477714,Hakima Constantine هاذي ياكلوها مينيمو 4 كل واحد يحط 120 ! ماشي راح ياكلها واحد و راه مرخس بزاف . حنا 4 عباد في العائلة مداري تفوت 600 الف و نورمال مرة في العمر ماشي دايمن,10147,Facebook,Dz Forest Restaura,2025-10-13T15:18:23.000Z,0,,,,,,,
739874,شوي ? ! علاش راني نطلب عليك واقيل وماشي تعطيني نن نشري بدراهمي ونخلص اشهار وما تعرفولوش,13180,Facebook,Restaurant San Benito,2025-10-13T22:38:54.000Z,0,,,,,,,
346659,شحال هاكا سندويتش من فضلك,12650,Facebook,Restaurant Rais,2025-10-12T22:38:00.000Z,0,,,,,,,
608807,"Food served cold, dry fish and was overpriced, place good for those who want to show off on Instagram.",65554,tiktok,@maisonsept_oran,2026-01-02T21:43:54.720720,3,,,,,,,
346665,"I had such a wonderful experience it’s cozy, clean, and with a lovely atmosphere people are nice and friendly The food was good this is definitely a spot worth checking out.",6989,Google Maps,American Burger said hamdine,2025-06-16T11:45:57.866Z,0,,,,,,,
346678,"Le meilleur burger sur Alger et je n’abuse pas, pas bourré en sauce, on goûte très nettement la viande et les fromages. sans les sauces maisons et sauce de je sais pas quoi qu’on nous a imposé sur la majorité des burgers. ne changez rien ! les serveurs sont très éduqués et professionnels et l’endroit est propre et bien fréquenté, je reviendrai en famille la prochaine fois !",4654,Google Maps,Hicham cook pizza pasta,2025-07-25T05:53:58.880Z,0,,,,,,,
215622,اسمحلي كي يكون عندك دراهمك تقدر تقلش روحك Sálém Ténéré,13106,Facebook,Restaurant San Benito,2025-11-01T18:47:21.000Z,0,,,,,,,
739914,تجربة غير مرضية للأسف، الخدمة بطيئة وغير احترافية، والأسعار مبالغ فيها جدًا مقارنة بجودة الطعام العادية. الذوق لا يبرر السعر إطلاقًا، ولا أنصح به لمن يبحث عن قيمة مقابل المال.,6585,Google Maps,American Burger Factory,2025-11-12T20:46:58.102Z,0,,,,,,,
477772,بوتيتس DyBaLa  و علولو,59546,tiktok,@maestro_dz13,2026-01-02T21:21:35.867903,0,,,,,,,
608847,بقداه اخوية,58446,tiktok,@la.nouvelle.etoile0,2026-01-02T21:20:57.134227,0,,,,,,,
870991,Fairouz Tazerouti https://maps. app. goo. gl/WkTMot9A5J4EUySi6? g_st=ic,9465,Facebook,"Restaurant La Napolitana









",2023-10-17T08:01:43.000Z,1,,,,,,,
477783,وش كاتبين فالأنستا الإسم بالظبط ؟؟,56846,tiktok,@papillons827,2026-01-02T21:16:41.193372,1,,,,,,,
871001,"C’est normal, c’est trop bon, tu es une algérienne 123 viva Algérie. En plus tu es magnifique.",72944,tiktok,@pont_hydra,2026-01-02T22:13:39.620658,0,,,,,,,
346714,CHAPUI هذا الصحيح,56306,tiktok,@the_chef_house_23,2026-01-02T21:14:39.906285,1,,,,,,,
871006,Masha Allah Un Restaurant très original dans un jardin botanique à Oran,69714,tiktok,@chtibo_oran,2026-01-02T21:58:29.220289,30,,,,,,,
608873,le meilleur endroit  [APPRECIATION],22190,tiktok,@el_marssem,2026-01-02T18:22:56.313308,1,,,,,,,
477805,عندكم خدمة توصيل,55786,tiktok,@mfood.annaba,2026-01-02T21:14:11.208313,1,,,,,,,
215672,Sofiane Rab اي مغارة وش حاب يخرجلك منها والڨرلو و شايدير مسكين,8928,Facebook,Restaurant Casa Bella - Draria,2025-12-07T13:46:48.000Z,0,,,,,,,
608902,القائمة باللغة الفرنسية,16096,tiktok,@mardoum,2026-01-02T18:08:03.913139,1,,,,,,,
608909,تحيا البالاص [APPRECIATION],64184,tiktok,@lepalace1,2026-01-02T21:34:27.784953,1,,,,,,,
871063,يما ماشي تخمم في الدراهم تخمم في الجيران وصحاب اولادها لوكان يشوفوها، تقول راهي تسرق ولا دير في حاجة عيانة,21560,tiktok,@triple_,2026-01-02T18:22:13.020121,0,,,,,,,
871072,elle est venu faire de la prospection,16948,tiktok,@user5834669559361,2026-01-02T18:10:51.232501,4,,,,,,,
346791,Prix excessivement élevés. Je peux largement me le permettre mais la c’est abusé au vu du niveau culinaires proposé. Accueil glacial.,5305,Google Maps,قصبة اسطنبول,2024-08-12T15:35:11.506Z,0,,,,,,,
477863,c ou a annaba,56682,tiktok,@bamboo_annaba,2026-01-02T21:16:03.792124,0,,,,,,,
346805,Trés decue degeulass incomible ningun sabor une vrai contine vraimen decue,5787,Google Maps,Casbah Istanbul القصبة اسطنبول,2020-02-03T21:45:49.279Z,0,,,,,,,
871095,بصح قوليلهم بلي تدخل بدراهمك تخرج زيروو منيتك الحوت ب و3000 مليون,13149,Facebook,Restaurant San Benito,2025-10-13T14:49:33.000Z,0,,,,,,,
740025,large variété très bonne cuisine assise élégante et très propre serveurs très poli,5116,Google Maps,Casbah Istanbul القصبة اسطنبول,2025-08-19T09:36:05.319Z,0,,,,,,,
871128,Edouardo Sanchez إستعمال الألفاظ الدينية دون العمل بها يعني مجرد التلفظ بها,8913,Facebook,Restaurant Casa Bella - Draria,2025-12-08T10:01:33.000Z,3,,,,,,,
608986,Tres mauvais service. manque d'hygienne et tres sale,3459,Google Maps,Caracoya,2023-06-13T14:56:49.423Z,1,,,,,,,
215785,ما تمنوهش راحو ليه ناس اضربهم ل راس الطياب و البنة ربي جيب ، لو كان صبوه يحرث ما بيعوه، لي يعرفوه ما يكلوش عندو وعلاه راح الفيسبوك (الله كثر طنوها باش عيشو الفايقين) هاهو واش حب قلكم، انا و الله ما تحشيهالي.,11853,Facebook,Restaurant San Benito,2025-10-12T05:08:15.000Z,0,,,,,,,
346865,الفيديو شباب مخدوم تحفة اذا تبغي نعطيك رأيي زيد شوية اضائة و من الاحسن كي تصور الاطباق صور وين ما تبانش الصلصة او الحشوة صورها فقط كي تحطها على المحاجب كيما ايديرو فيديوات البيتزا,49930,tiktok,@m7ajeb,2026-01-02T20:44:33.062602,61,,,,,,,
477938,Hajer Hajer لا لا غير لميلونج,11385,Facebook,Restaurant San Benito,2025-10-11T19:42:49.000Z,1,,,,,,,
609011,150 برك,12362,Facebook,Restaurant San Benito,2025-10-12T23:58:04.000Z,0,,,,,,,
215799,Salut patron tu es toujours vivant lhi yebrk tu pzssebun bon courage a les pêcheurs et mais amis d oran  [APPRECIATION],12194,Facebook,Restaurant San Benito,2025-10-12T20:20:00.000Z,0,,,,,,,
871162,"Restaurant conviviale, service et accueille, plat et dessert excellent rapport qualité prix , a venir en famille ou affaire, simplement bon",3524,Google Maps,Caracoya,2019-03-06T18:19:34.621Z,0,,,,,,,
215805,here to support  [APPRECIATION],32866,tiktok,@le_scenario,2026-01-02T19:18:07.251734,80,,,,,,,
346878,"J'ai essayé presque tout leur menu , c'était identique aux photos , tout est préparé minutieusement, grosso modo tt est bon , je pense que les prix des plats ne sont pas exagérés et ça valent le coût ,",5970,Google Maps,Casbah Istanbul,2024-08-03T05:19:22.117Z,0,,,,,,,
609025,"Accueil très froid, service interminable et, pour couronner le tout, une nourriture immangeable.",5066,Google Maps,قصبة اسطنبول,2025-09-26T18:24:30.798Z,0,,,,,,,
740099,زيدله كروفات والفرماج وافوكا وسميه بوكي,40234,tiktok,@streetburger02,2026-01-02T19:44:11.216046,0,,,,,,,
609036,Agréable en famille Sévices parfait personnels sympathique,3330,Google Maps,تاج محل بن عكنون,2017-07-28T00:02:19.507Z,1,,,,,,,
477966,The bestttttt [APPRECIATION],66268,tiktok,@vibe.bistrot,2026-01-02T21:48:40.873873,2,,,,,,,
477968,le meilleur burger pour moi c'est le mien que je le fais à la maison depuis quelques semaines. j'encourage tout le monde à le faire chez vous,34090,tiktok,@taylot,2026-01-02T19:23:32.173136,0,,,,,,,
477975,un des meilleurs restaurants turcs à Alger,5993,Google Maps,Casbah Istanbul,2024-01-24T20:45:08.389Z,1,,,,,,,
609050,Hadi cet une invention algérienne de monsieur mohand braffffo mohhhhand,73042,tiktok,@pont_hydra,2026-01-02T22:13:42.129656,0,,,,,,,
871202,Ah oui. Mon endroit préféré,64372,tiktok,@cintra,2026-01-02T21:34:49.020954,3,,,,,,,
609063,bna mche normal  [BOUFFE],50168,tiktok,@king_food23,2026-01-02T20:58:43.891400,1,,,,,,,
740142,Poutine 10/10 vraiment  [RECOMMENDATION] [BOUFFE],52102,tiktok,@uncles_burger_dz,2026-01-02T21:03:25.013448,6,,,,,,,
477999,Mohamed Solo اسمحلى خويا يباني عندك وقت مدخلتش لسوق راه اسوام لتهدر علياه عندها سنين وقت يمين زروال,9729,Facebook,Dz Forest Restaura,2025-10-13T15:16:52.000Z,0,,,,,,,
871217,C'est un restaurant indien,3320,Google Maps,تاج محل بن عكنون,2017-10-12T04:47:38.796Z,1,,,,,,,
215871,كاين ليفريزون درارية,27140,tiktok,@memelkateelkabda,2026-01-02T18:41:07.293888,0,,,,,,,
609100,ya beaucoup de boulevard lequel؟؟؟؟؟؟,14120,tiktok,@les_jumelles,2026-01-02T18:01:16.708084,0,,,,,,,
215902,A mon avis ils sont les meilleurs en pizza en Algérie.,4904,Google Maps,Hicham cook pizza pasta,2021-04-13T15:30:45.259Z,0,,,,,,,
215903,"نجيب معايا كارت شيفا, ؟؟؟",10676,Facebook,,2025-12-07T18:43:34.000Z,0,,,,,,,
740195,راهو قافل درك,50882,tiktok,@broaster_chiken,2026-01-02T20:59:47.253769,0,,,,,,,
478058,طايح قدقد البونيس لفريت و لحميص والقازوز نستعرف بيك  [APPRECIATION],44462,tiktok,@dzforestrestaurants,2026-01-02T20:11:54.829302,2,,,,,,,
346991,"On y attend devant la porte ! Et on y rentre enfin avec un bonsoir snobe du proprio ! Les seveurs ne comprennent pas"" l Algerien "" notre langue , le repas pas extra avec une facture flambante !",6285,Google Maps,Casbah Istanbul,2022-02-01T06:34:55.926Z,0,,,,,,,
346999,قولي بسم الله باش ميضركش,72532,tiktok,@pont_hydra,2026-01-02T22:13:24.695660,0,,,,,,,
871302,تاع الشواء والحوت منين جاء  [RECOMMENDATION],50784,tiktok,@broaster_chiken,2026-01-02T20:59:44.958908,5,,,,,,,
740235,A recommander,4358,Google Maps,هشام كوك بيتزا,2024-05-07T16:06:43.846Z,0,,,,,,,
215949,"La cuisine était fade, le service lent, et bien que l'ambiance soit correcte, le rapport qualité-prix est exorbitant. Des restaurants offrent une meilleure expérience à moitié prix. Une réévaluation des tarifs pourrait être bénéfique pour attirer davantage de clients.",6112,Google Maps,Casbah istanbul,2023-12-22T09:17:52.515Z,1,,,,,,,
871310,الوليمة  [APPRECIATION],58924,tiktok,@maestro_dz13,2026-01-02T21:21:21.380385,0,,,,,,,
478117,"Chère sœur hayet, bon appétit, vous avez du goût !",73466,tiktok,@pont_hydra,2026-01-02T22:13:56.081895,0,,,,,,,
609191,بالتمام  [RECOMMENDATION],44288,tiktok,@dzforestrestaurants,2026-01-02T20:11:44.776005,0,,,,,,,
478122,Agréable personnel. Service propre. Délicieux plats.,2901,Google Maps,HichamCook Grill House,2022-05-22T11:16:47.498Z,1,,,,,,,
609215,هاذا خامج و بنين,42212,tiktok,@street_food,2026-01-02T19:58:02.743685,0,,,,,,,
216015,"Les plats sont délicieux mais c’est excessivement cher. Pour la population locale c’est hors de prix et les restaurants indiens dans les autres pays sont parmi les moins chers donc on sent l’addition ici. Aussi, la deco est très kitch et nécessiterait sûrement d’être revue ! C’est un must à Alger donc à faire au moins une fois",3210,Google Maps,تاج محل بن عكنون,2020-08-06T18:57:40.280Z,0,,,,,,,
216017,خضت تجربة غير مريحة في مطمكم بسبب سوء المعاملة وأتمنى تحسين الخدمة مستقبلاً. و الأكل عادي جدا !,5896,Google Maps,Casbah Istanbul,2025-07-13T19:06:21.518Z,0,,,,,,,
347092,كاين توصيل الخنشلة,54722,tiktok,@mr._brik,2026-01-02T21:11:20.717570,0,,,,,,,
871386,الله يرحم شهداء العشرية,11175,Facebook,Restaurant Casa Bella - Draria,2025-08-14T23:34:53.000Z,0,,,,,,,
347104,Mauvaise réception et qualité de service,8453,Google Maps,American Burger Factory,2023-10-12T22:28:36.005Z,0,,,,,,,
609262,"Vous êtes pas, sérieux faut Afficher les prix pour la clientèle",10292,Facebook,"  Restaurant elassil








",2025-12-17T14:27:06.000Z,0,,,,,,,
216048,السر فالقريطوار تاع لوندوي,41514,tiktok,@street_food,2026-01-02T19:57:43.732933,13,,,,,,,
871410,16 75 باينة أورو مشي دورو,39490,tiktok,@le_1675,2026-01-02T19:42:31.954294,21,,,,,,,
609282,الله يبارك و يزيد ماشاءالله شكون يعرضني,18570,tiktok,@helena,2026-01-02T18:16:14.469255,0,,,,,,,
740355,غالي فوق اللازم و لقيناه فارغ حاجة ما عندو,58428,tiktok,@la.nouvelle.etoile0,2026-01-02T21:20:57.061376,0,,,,,,,
478212,a st fons exactement,46348,tiktok,@damisoran31,2026-01-02T20:22:01.562085,1,,,,,,,
347140,Très sympa comme endroit service rapide et la bouffe trop bonne je conseille vivement,4908,Google Maps,Hicham cook pizza pasta,2021-03-28T12:56:56.846Z,0,,,,,,,
871428,J'ai bien aimé le vibe du magasins !,7453,Google Maps,American Burger said hamdine,2024-10-15T11:47:16.708Z,0,,,,,,,
740361,Déception quant au nouveau site Points positifs rapidité du service comparativement à l'ancienne antenne Points négatifs par rapport à avant Ambiance Indisponibilité des sauces en bouteilles Indisponibilité des serviettes en papier Qualité inférieure du mets,7916,Google Maps,American Burger Factory,2025-02-13T12:47:07.092Z,0,,,,,,,
347147,راني متأكد ڨع غادي يجو أن شاء الله قلشيهم برك  [APPRECIATION],13502,Facebook,Restaurant San Benito,2025-12-28T21:42:51.000Z,0,,,,,,,
478220,C’es un pain mou,34144,tiktok,@taylot,2026-01-02T19:23:33.774788,2,,,,,,,
478225,J'ai retrouvée les saveurs que j ai goûter en Inde .,3237,Google Maps,تاج محل بن عكنون,2019-10-02T06:08:42.598Z,1,,,,,,,
347156,"The food is good , but it takes time to arrive",3686,Google Maps,Laurel Restaurant,2025-03-18T11:46:54.800Z,0,,,,,,,
216092,حمص ماشي لوبية؟؟,26266,tiktok,@lovers_grill,2026-01-02T18:34:55.204654,2,,,,,,,
347165,الله يبارك بصحتك,15628,tiktok,@mardoum,2026-01-02T18:07:53.401664,0,,,,,,,
216104,"La première des choses Resto avec cette gigantesque. Au début, en entrant dans le restaurant, l'eau doit être servie à la première séance du client et son prix n'est pas inclus dans l'addition",7703,Google Maps,Restaurant À Petit Feu,2023-10-31T18:53:08.604Z,2,,,,,,,
216110,Nana Mesk Ellil يبيعو غالي بزاف ليدير عشا فدراهم خير,9453,Facebook,,2025-12-03T21:42:49.000Z,0,,,,,,,
740412,ولله غير باطل يعطيكم صحة  [APPRECIATION],44258,tiktok,@dzforestrestaurants,2026-01-02T20:11:43.250407,0,,,,,,,
609341,"De la bonne bouffe Turque ( Chawarma et Cie . ). Le Service est rapide, mais dès que vous finissez votre assiette les serveurs commencent a tourner au tour de la table; d'autre clients attendent .",5494,Google Maps,قصبة اسطنبول,2023-05-11T09:29:03.353Z,3,,,,,,,
216130,مصطفي الشيتا السراق بايع اصله  [RECOMMENDATION],68902,tiktok,@cote_oran,2026-01-02T21:57:37.920149,1,,,,,,,
740422,tout ça pour manger des frites omelette,36084,tiktok,@sinai,2026-01-02T19:28:34.439320,0,,,,,,,
347208,شحال تحسبها بلى قرعة ڨازوز,10259,Facebook,Dz Forest Restaura,2025-10-13T23:32:27.000Z,0,,,,,,,
609354,Que Dieu bénisse,17918,tiktok,@casabelladraria,2026-01-02T18:14:48.659358,0,,,,,,,
216148,Ça par contre c faux les 2 cuisine sont bonne mais la gastronomie marocaine et mondialement reconnu,16596,tiktok,@user5834669559361,2026-01-02T18:10:42.541385,8,,,,,,,
609370,"L ambiance, je n en sais rien car j' ai été livré",3121,Google Maps,تاج محل بن عكنون,2023-05-08T18:23:57.708Z,0,,,,,,,
740453,ماكلتهم روعة  [APPRECIATION],63196,tiktok,@restaurantcarthage,2026-01-02T21:31:23.193359,1,,,,,,,
740455,Aujourd'hui le 11-01 très déçu de mon plat t bon une catastrophe j ai signalé sa au niveau de la caisse,2571,Google Maps,HichamCook Grill House,2024-01-11T22:01:39.397Z,0,,,,,,,
478316,c'est l'ancienne équipe vous avez juste changer de nom ou tout est nouveau ?,39752,tiktok,@le77tizi,2026-01-02T19:43:41.435626,2,,,,,,,
347246,Il viendra le jour je viens manger chez vous,9587,Facebook,"  Restaurant elassil








",2025-12-16T13:55:34.000Z,2,,,,,,,
216174,حرام أقول السومه,9708,Facebook,"  Restaurant elassil








",2025-12-30T19:12:34.000Z,0,,,,,,,
216186,"C’est pas cher du tout, c’est du troll.",40442,tiktok,@woodchickendz,2026-01-02T19:45:50.906977,0,,,,,,,
216188,الوليمة [APPRECIATION],58898,tiktok,@maestro_dz13,2026-01-02T21:21:20.642853,1,,,,,,,
478339,C’est où en Algérie ? Je n’y crois pas !,37944,tiktok,@kfc,2026-01-02T19:39:24.509731,1,,,,,,,
609415,رووووطار بزاااف بزااف في خدمات انتاعهم,4004,Google Maps,هشام كوك بيتزا,2025-11-09T12:37:06.401Z,0,,,,,,,
740491,with My love,60288,tiktok,@seraidi.live.z,2026-01-02T21:22:47.115756,0,,,,,,,
740496,Bon courage à vous  [APPRECIATION],11236,Facebook,Restaurant Casa Bella - Draria,2025-07-31T18:19:50.000Z,0,,,,,,,
609427,توصيل لباب زوار كاين,29396,tiktok,@elcuatro_burgers,2026-01-02T18:49:38.772701,0,,,,,,,
347285,نقدر نخلص فاصيليتي !,18296,tiktok,@helena,2026-01-02T18:16:10.202492,37,,,,,,,
871574,"J ai acheté des gâteaux orientaux , tcharak el 3aryan aucun goût mais vraiment aucun , baklawa faite avec des amandes non mondé , et makrout la3ssal affreux ni goût ni qualité des produits j'ai rien ressenti . à déconseiller d acheté .",3919,Google Maps,L’Alchimiste Pâtisserie,2022-09-21T22:33:01.761Z,1,,,,,,,
478363,Top rien à dire endroit familial serveurs professionnel hygiène irréprochable et surtout menu au top,8786,Google Maps,American Burger Factory,2019-08-16T14:06:13.131Z,0,,,,,,,
216222,Soyer le bienvenu  [APPRECIATION],47956,tiktok,@rahmani_food,2026-01-02T20:34:20.221965,4,,,,,,,
216233,Where’s this place exactly,69926,tiktok,@chtibo_oran,2026-01-02T21:58:38.352820,0,,,,,,,
740524,ولات مافيه حتى بنى,43700,tiktok,@serir_alger,2026-01-02T20:09:43.074250,0,,,,,,,
216250,Nouvelle expérience avec les plats Turquie,5395,Google Maps,قصبة اسطنبول,2023-12-22T21:03:48.993Z,0,,,,,,,
871612,بدلولها بلاصتها ولا هادي وحدوخرا ؟,32818,tiktok,@seven.times,2026-01-02T19:17:52.608617,1,,,,,,,
347330,انا نقولكم قوة و عندو ماكلة بنينة ويخدم قاطو هايل  [APPRECIATION],2123,instagram,wonder_food.s,2025-09-02T23:09:28.000Z,0,,,,,,,
478406,obligé je viens à willaya,35028,tiktok,@sinai,2026-01-02T19:28:03.488686,0,,,,,,,
347349,Thala c'est la fontaine en tamazighth  [APPRECIATION],27758,tiktok,@thala,2026-01-02T18:45:04.675146,0,,,,,,,
478438,Māhbola Mārwa مكاش منها ناس تحسد وخلاصى دوك فن واحد كتب كمنتار سلبي و هو جامي راح خاطرش عندو مطعم و الله قلوب مريضة,8932,Facebook,Restaurant Casa Bella - Draria,2025-12-08T10:02:14.000Z,0,,,,,,,
609512,5 ايتوال يطيبو البيتزا ؟؟,17454,tiktok,@seven.times.luxury,2026-01-02T18:13:11.800409,6,,,,,,,
216321,مشويات مشكلة السعر اخي من فضلك,9116,Facebook,Restaurant Tabarka Annaba,2025-12-23T18:41:30.000Z,0,,,,,,,
478469,"Belle endroit avec déco qui vous transporte droit vers la route 66. Malheureusement le bon côté s'arrête là, pour le reste la bouffe est tout juste moyenne avec des frites à la limite du mangeable et des sanitaire où vous ne trouver pas avec quoi essuyer les mains. Tous ça avec des prix vraiment exagérés. Vous devriez revoir votre modèle",4972,Google Maps,Hicham cook pizza pasta,2019-08-07T13:43:03.616Z,0,,,,,,,
609547,qolouli fih bezzaf les protéines wela lala,73396,tiktok,@pont_hydra,2026-01-02T22:13:54.199639,0,,,,,,,
740623,قبل قبل ذرك لا,55180,tiktok,@panera_41,2026-01-02T21:12:54.102877,0,,,,,,,
216345,Tayyysti wesh ? !,53486,tiktok,@thaisty_dz,2026-01-02T21:07:30.005836,4,,,,,,,
740636,قالك واحد دموندأ بلا حوت سقامتلو 4 ملأين,19134,tiktok,@helena,2026-01-02T18:16:28.398054,0,,,,,,,
478506,"C'est bon , par contre le quartier est dégueulasse",3534,Google Maps,Caracoya,2018-11-01T10:25:07.641Z,0,,,,,,,
740659,"خونا السترا مليحة و"" راك ريعان"" best slogan",53358,tiktok,@piadzo_food23,2026-01-02T21:07:11.411505,0,,,,,,,
740663,اخي العزيز ربي يباركلك في رزقك و يسهل امورك لكن حبيت نقولك بلي 3 فروماج كليتها في بسكرة في 2019 قبل ما تشيع كورونا لكن صاحب المشروع و تزامنا مع غلق المحلات لم ينجح المشروع و صاحب المشروع حرڤ راهو في النرويج الان و يخدم في الشاورما .,29578,tiktok,@fondue.3formages,2026-01-02T18:50:18.514099,2,,,,,,,
216403,J’ai commandé par téléphone à 18h on m’a livrer qu’à 20h en plus de ça le livreur a oublier les boissons c’est vraiment pas professionnel !,7458,Google Maps,American Burger said hamdine,2024-08-28T22:40:14.276Z,0,,,,,,,
478554,تعرف شا غادي يضرب اليوم الجيب,11846,Facebook,Restaurant San Benito,2025-07-28T13:21:20.000Z,0,,,,,,,
478560,I reallyyy wanna try itt  [APPRECIATION],727,instagram,cottoncandyblanc,2025-04-23T20:29:36.000Z,277,,,,,,,
871779,Une valeur sûre,3113,Google Maps,تاج محل بن عكنون,2023-08-14T09:46:50.016Z,0,,,,,,,
347497,Bougherara Philo لا كارط شفاء ما نعرف تمشي والا لا؟,9771,Facebook,Restaurant Tabarka Annaba,2025-12-30T02:38:30.000Z,0,,,,,,,
216426,Mohamed Solo لوكان جيت نخمم كما نتا راه عندي رونج,9722,Facebook,Dz Forest Restaura,2025-10-13T12:22:40.000Z,2,,,,,,,
478578,شحال؟,447,instagram,"brother.ts
",2024-09-30T11:39:01.000Z,0,,,,,,,
740724,خورطي وماكلة مشي شابة وغالية وجيت و ندمت,11841,Facebook,Restaurant San Benito,2025-07-30T22:43:15.000Z,0,,,,,,,
347520,لي راه يقول الزيت ووووووووووو أنا نقلكم السر كامل كي طيب في مقلة زي وفوق لابلاك زي,41572,tiktok,@street_food,2026-01-02T19:57:47.041865,5,,,,,,,
347528,"Tres bonne nourriture, très bon emplacement Agréable staff Je recommande",3586,Google Maps,Laurel Restaurant,2025-11-20T19:54:11.962Z,0,,,,,,,
740769,طبرقة,59316,tiktok,@maestro_dz13,2026-01-02T21:21:28.086055,0,,,,,,,
478627,Bon SANS plus,5759,Google Maps,Casbah Istanbul القصبة اسطنبول,2021-05-14T18:21:10.206Z,0,,,,,,,
871844,"Délicieux plats, excellent service et ambiance conviviale, Hautement recommandé",7350,Google Maps,Restaurant À Petit Feu,2024-08-01T13:39:12.951Z,0,,,,,,,
609700,قلشيني عمري [APPRECIATION],13751,Facebook,Restaurant San Benito,2026-01-01T16:18:49.000Z,0,,,,,,,
216486,لبيض لما يكون رمادي فصفار تاعه يعني انه مسلوق من مدة مثلا تم سلقه من يوم او اكثر,728,instagram,cottoncandyblanc,2025-06-13T12:52:12.000Z,6,,,,,,,
347566,"Les pizzas sont excellentes, le cadre plutôt sympa ! Seul bémol, nous avons demandé à plusieurs reprises une bougie pour le petit pour son anniversaire (au moment de la réservation, puis à la commande, puis avant qu'ils apportent les desserts) et. rien ! Jamais vu un restaurant refuser de mettre une bougie sur le dessert d'un enfant de 8 ans. Voilà, sinon on a bien mangé",7550,Google Maps,Restaurant À Petit Feu,2024-04-16T22:36:50.523Z,1,,,,,,,
216495,مطعم العرش الحجار,59218,tiktok,@maestro_dz13,2026-01-02T21:21:26.361264,0,,,,,,,
216497,En toute honnêteté tout les trucs sont parfait de la nourriture au prix au serveur . ect ya hichem Cook change la personne le jeune aux lunettes f la caisse c'est un prétentieux mal élevé w ichenef et il sais meme pas répondre aux gens ! A revoir,4034,Google Maps,هشام كوك بيتزا,2025-08-16T19:46:33.302Z,0,,,,,,,
216509,تحياتى من عين ولمان  [APPRECIATION],43626,tiktok,@serir_alger,2026-01-02T20:09:38.628009,1,,,,,,,
871874,ربي ينجحوا و يكون عبرة للغير للنجاح,4557,Google Maps,هشام كوك بيتزا,2023-12-16T00:58:35.392Z,3,,,,,,,
216518,"J’ai mangé dans tous les Casbah Istanbul d’Alger, le goût est partout pareil mais le service dans celui-ci est le pire de tous.",5505,Google Maps,قصبة اسطنبول,2023-02-24T18:19:08.131Z,1,,,,,,,
216522,احكي على البنة والسعر,56308,tiktok,@the_chef_house_23,2026-01-02T21:14:39.906287,0,,,,,,,
740815,"Super bon restaurant indien, les serveurs et gérants sont toujours là pour veiller sur leur clients, seul bémol, les prix qui ne cessent d'augmenter.",3311,Google Maps,تاج محل بن عكنون,2017-12-23T06:48:19.901Z,2,,,,,,,
347605,لازم تعرضوني عندو,20880,tiktok,@sultan,2026-01-02T18:21:22.579202,1,,,,,,,
347607,la muette افضل مطعم في وهران,66576,tiktok,@bakhcis_oran,2026-01-02T21:50:40.600978,1,,,,,,,
609753,حبابنا كمية مش نورمال,53102,tiktok,@express_sandwish,2026-01-02T21:05:12.135938,1,,,,,,,
740857,"l'incompétence par excellence, l'amateurisme a son paroxysme ! je commande un gâteau d'anniversaire une semaine à l'avance. on m'assure qu'il sera prêt vendredi matin et on me demandé d'être sur place avant midi, je paye le gâteau a une somme qui n'est pas négligeable aussi ! j'arrive le jour J : fermé, j'appelle sur les deux numéros, ça sonne au début ensuite, téléphones fermés. Je me retrouve un vendredi à midi a chercher une pâtisserie ouvert pour un gâteau ! A fuire, loin. très loin !",3942,Google Maps,L’Alchimiste Pâtisserie,2021-07-23T13:05:21.411Z,9,,,,,,,
609790,لوكان يدير les prix ملاح متلاقش بلاصة,38094,tiktok,@kfc,2026-01-02T19:39:27.047134,0,,,,,,,
478722,بيتزا سيئة وغالية جدا جودة جبن عادية وليست اصلية,4284,Google Maps,هشام كوك بيتزا,2024-07-18T02:42:05.283Z,0,,,,,,,
347652,لاشيء يستحق كل البلبلة ، سارفيس عيان ، مشروبات لا تصلح ( حامض فوق الزيادة ) ، الكمية في البلا ناقصة. لا أنصح به بهذا السعر .,4084,Google Maps,هشام كوك بيتزا,2025-05-29T15:00:42.187Z,0,,,,,,,
216582,بزااااف الشيكولا تقهم,527,instagram,"brother.ts
",2025-11-12T21:48:58.000Z,2,,,,,,,
478733,"Franchement tout est parfait. J’ai rarement était aussi bien servis ! Les serveurs sont sourient, agréable et très professionnel. La nourriture est très bonne !",5822,Google Maps,Casbah istanbul,2025-09-10T04:47:44.286Z,0,,,,,,,
347667,وين هذي اخالي,44138,tiktok,@dzforestrestaurants,2026-01-02T20:11:39.498526,0,,,,,,,
347682,Meilleur restaurant,4720,Google Maps,Hicham cook pizza pasta,2023-11-23T17:52:47.958Z,0,,,,,,,
609844,ديكور مفيهش البنة خويا لعزيز ناكل تحت قصيرة و ماكلة بنينة ولا ناكل في ديكور بلا ننة,56234,tiktok,@the_chef_house_23,2026-01-02T21:14:35.405737,0,,,,,,,
740916,إسلام معاملة او هادى سرقة على حساب منعرف مطاعم في جزائر انا واحد منستعرف لا بتركي لا هندى مالا متزيديش عليها رفادة ولات خدمة,10699,Facebook,,2025-12-07T14:21:57.000Z,1,,,,,,,
740926,Les meilleurs sur Alger . [APPRECIATION],1208,instagram,le_carre_restaurantalg,2026-01-01T14:13:48.000Z,4,,,,,,,
609855,دونتيست لي خدملو سنانو راه يتعلم فيه,214,instagram,amine_la_cantine,2025-12-23T00:29:42.000Z,0,,,,,,,
609859,بصحتكم وين بلاصة,71648,tiktok,@amine.lacantine,2026-01-02T22:09:54.098667,0,,,,,,,
347717,Hakima Constantine Hakima Constantine لا راهي مليحة اخى . اولا 70 بروشات ب 50 دينار 3500 راك مساعد و جاجة 1000 و فريت 250 و حميص 200 و كاموبار اربع قطع 400 و قرعقة قازوز ب 150 اجمع كلش 5500 ماشي فار كبيرة لكن راك مساعد جيه أخرى تخرج لك ب 6500 معناها راك رابح 1500 دينار,9741,Facebook,Dz Forest Restaura,2025-10-12T20:09:59.000Z,3,,,,,,,
872009,"un fast food situé à l""étage supérieur dans l'espace réservé aux divers restaurant où l'on sert de la bouffe rapide. Rien de spécial une nourriture classique spécifiques aux fastes food . On peut trouver aussi ce restaurant du même nom au niveau du centre commercial d'Ardis . Je ne l'ai pas encore essayé, peut-être la prochaine fois à l'occasion de mes régulières virées d'achat",6394,Google Maps,Casbah Istanbul,2019-08-05T14:11:41.579Z,2,,,,,,,
740940,كاين توصيل اخي,33582,tiktok,@restaurant_gizay,2026-01-02T19:22:45.945052,0,,,,,,,
478796,5awty les sources win djaya,21366,tiktok,@triple_,2026-01-02T18:22:08.787237,3,,,,,,,
609878,Mohamed Solo اللحم راهو 320 والمرڨاز 120 وسبيسيال 170 والجاجة تع 50 الف لا لقيتها سلم عليها,9842,Facebook,Dz Forest Restaura,2025-10-13T16:00:49.000Z,0,,,,,,,
216672,C pas du tout bon à déconseillé,566,instagram,"brother.ts
",2025-04-24T13:23:52.000Z,0,,,,,,,
478817,"C'est désormais impossible de manger les sandwich avec la nouvelle présentation, ça dégouline de partout. On a attendu 20min avant que la serveuse remarque que notre commande avait tardé, cette dernière arrive froide. C'est bien dommage, à l'ouverture il était très bien.",7860,Google Maps,American Burger Factory,2025-02-22T14:22:15.840Z,0,,,,,,,
609892,بربي ان شاء الله نجي نشري من عندكم,55730,tiktok,@mfood.annaba,2026-01-02T21:14:08.503670,1,,,,,,,
347749,اسم المطعم من فضلك,15320,tiktok,@fouka.marine,2026-01-02T18:07:32.370308,1,,,,,,,
478820,Mounir w Youcef le3zaz,8091,Google Maps,American Burger Factory,2025-02-02T21:33:30.283Z,0,,,,,,,
609897,"Juste moyen, pas de raisons pour le monde fou qui le fréquente.",8623,Google Maps,American Burger Factory,2022-05-26T12:53:01.295Z,0,,,,,,,
347756,"Nous avons partagé un moment très agréable en famille. Tout le monde était ravi. Personnellement j'ai commandé une pizza et ""mama mía"" un délice les enfants ont dévoré leur burger c'est un signe que tout était parfait pour eux aussi On était très nombreux donc on a commander pâtes, poisson et viande aussi et tout était nickel Je recommande +++",7347,Google Maps,Restaurant À Petit Feu,2024-08-03T10:40:47.602Z,0,,,,,,,
609902,طلاب,68892,tiktok,@cote_oran,2026-01-02T21:57:36.689118,2,,,,,,,
609907,Mohand hhhhhh et l'escargot,72534,tiktok,@pont_hydra,2026-01-02T22:13:24.695662,0,,,,,,,
609909,Yaw numéro galet ?,29520,tiktok,@elcuatro_burgers,2026-01-02T18:49:42.054426,0,,,,,,,
740983,⁨أسوء بلاصة كليت فيها في حياتي قابلوني جماعة تاع لي كولوشار نساء يتكيفو و بهالل لي معاهم يبانو يزطلو ماكلة ماشي بنينة كمونديت سوندويش ستاك لقيت البصل و طرشي كثر من لحم راني نرجع من منظر المقزز لي شفتو عندكم  بلاصة ماشي تاع ناس محترمين و لي دارولكم الاشهار كيفكم⁩ [COMPLAINT],111,instagram,american.burger_dz,2025-07-07T13:13:45.000Z,0,,,,,,,
478848,الوليمة لمخير [APPRECIATION],61808,tiktok,@maestro_dz13,2026-01-02T21:26:52.422304,0,,,,,,,
872066,"Very welcoming atmosphere, perfect for couples and friends, clean, food was great and 10/10 service",3583,Google Maps,Laurel Restaurant,2025-11-26T17:20:15.282Z,0,,,,,,,
216714,Prices are good Italian food needs more flavor and variety Atmosphere is very calme and chill Overall it's good,4642,Google Maps,Hicham cook pizza pasta,2025-08-03T11:27:45.465Z,0,,,,,,,
741004,اني ابونيتك اديني,50704,tiktok,@quick_bite,2026-01-02T20:59:27.394569,1,,,,,,,
609942,Tres élevée  [PRICE],34004,tiktok,@leguidemichemiche,2026-01-02T19:23:12.391068,0,,,,,,,
347803,j'avoue leurs tagliatelles étaient vrmnt trop bonnes!,23958,tiktok,@spotter.dz,2026-01-02T18:27:23.296485,1,,,,,,,
216731,Malheureusement le service est trop long et manque d’organisation et de professionnalisme notre commande a pris 2h pour sortir ghalto f le bon w Loukan on a pas réclamer wahad makan sama3 bina on à manger à 10h45 nulle je ne recommande pas,1031,instagram,hotspot_dz,2025-04-11T22:12:18.000Z,1,,,,,,,
741021,تسويق بلحيلة,11823,Facebook,Restaurant San Benito,2025-07-27T16:45:19.000Z,0,,,,,,,
872093,توصيل لبوفاريك؟,425,instagram,"brother.ts
",2024-04-02T18:23:41.000Z,0,,,,,,,
478888,Le meilleur restaurant indien sur Alger.,3192,Google Maps,تاج محل بن عكنون,2021-06-19T16:03:27.850Z,0,,,,,,,
478892,"Wow , c'est intéressant , je vais y aller inchallah avec ma famille . [APPRECIATION]",27778,tiktok,@thala,2026-01-02T18:45:04.675162,0,,,,,,,
741039,ها الهدرة  [APPRECIATION],945,instagram,hichamcookgrill,2025-09-23T19:28:25.000Z,6,,,,,,,
216751,livraison Tizi ouzou,17210,tiktok,@casa_burger1,2026-01-02T18:11:30.283746,1,,,,,,,
478927,شحال الڨعدة ثما,56794,tiktok,@lucia_annaba,2026-01-02T21:16:23.141793,0,,,,,,,
610001,زايدة 1400,44502,tiktok,@dzforestrestaurants,2026-01-02T20:11:55.384147,0,,,,,,,
478932,كي تشوف الكمية في كل صحن تعرف بلي انسان مزير يحسب بزاف,11840,Facebook,Restaurant San Benito,2025-07-31T00:03:03.000Z,1,,,,,,,
872149,"Nous avons passé un très bon moment au Taj Mahal Benaknoun. Nous étions un groupe de 20 personnes et, malgré le nombre, le service a été étonnamment rapide et attentionné. L’accueil était chaleureux, souriant et très professionnel. Les plats étaient délicieux, généreux et superbement présentés : grillades bien marinées, couleurs appétissantes, saveurs authentiques… rien à dire, un vrai plaisir visuel et gustatif comme le montrent nos photos. Le restaurant est propre, bien organisé, et l’ambiance conviviale. Une adresse chaleureuse que je recommande sans hésiter.",2976,Google Maps,تاج محل بن عكنون,2025-12-05T21:31:05.796Z,0,,,,,,,
741088,"My experience was wonderful! The food was fresh, tasty, and full of flavor, and the service was excellent. A very special thanks to Fares and his team for their professionalism and warm hospitality they truly made the experience memorable.",6637,Google Maps,American Burger Factory,2025-09-09T17:41:37.386Z,0,,,,,,,
478946,هذي فبومرداس؟؟,42952,tiktok,@street_food,2026-01-02T20:01:21.340016,0,,,,,,,
872162,شعال كلمار اونصوص,11874,Facebook,Restaurant San Benito,2025-07-28T04:41:23.000Z,0,,,,,,,
741099,تلبزاق فالماكلة اويلي,11223,Facebook,Restaurant Casa Bella - Draria,2025-07-27T13:21:19.000Z,0,,,,,,,
216814,خرج ماكلا برا وكولها تعرف علاه بنين,41910,tiktok,@street_food,2026-01-02T19:57:54.385412,0,,,,,,,
741110,الله يباركلكم في رزقكم إن شاء الله  [APPRECIATION],65810,tiktok,@restaurant.el.rit,2026-01-02T21:45:57.676258,1,,,,,,,
478994,des folles  [APPRECIATION],16986,tiktok,@user5834669559361,2026-01-02T18:10:52.141296,1,,,,,,,
610070,عو راجل فازو,40932,tiktok,@askim_food,2026-01-02T19:49:26.119249,0,,,,,,,
216854,جماعة ديرو لحساب,43898,tiktok,@dzforestrestaurants,2026-01-02T20:11:32.869755,0,,,,,,,
741155,20 euros,43998,tiktok,@dzforestrestaurants,2026-01-02T20:11:34.553635,1,,,,,,,
872229,vous avez une boutique a Alger,45330,tiktok,@budz,2026-01-02T20:15:55.685288,1,,,,,,,
216873,"Une très belle adresse. Personnel très agréable, les pizzas sont très bonnes. Les toilettes très propres , un soulagement. J ai bien aimé le fait qu ils ne proposent que de la boisson local (Hamoud). Il y a un parking ce qui n est pas négligeable. Petit bémol, le prix des boissons est un peu excessif et je n ai pas compris pourquoi une paella est proposée dans le menu.",4275,Google Maps,هشام كوك بيتزا,2024-07-27T08:15:10.800Z,0,,,,,,,
216875,الخلاص تحسب دخلت معاه شريك ونتا معلبلكش,18716,tiktok,@helena,2026-01-02T18:16:17.035648,0,,,,,,,
741169,taste of india 2750 formule 2 personnes,72040,tiktok,@taste_of_india,2026-01-02T22:12:27.682725,1,,,,,,,
216885,كيعاد باطل,41718,tiktok,@street_food,2026-01-02T19:57:49.362780,1,,,,,,,
347976,غزة ؟,43130,tiktok,@hocine.chapati,2026-01-02T20:03:46.401485,0,,,,,,,
872265,ومن بعد الاكل في الانفاق هل يختلف الذوق؟؟!,11172,Facebook,Restaurant Casa Bella - Draria,2025-07-26T23:31:42.000Z,0,,,,,,,
479050,شا تطيبولنا مشي شا تورونا .,12842,Facebook,Restaurant San Benito,2025-10-13T13:18:57.000Z,3,,,,,,,
347985,Services un peu lent mais il rest a essayé La nourriture elle était bonne j'ai aimé,8510,Google Maps,American Burger Factory,2023-05-14T09:34:30.542Z,3,,,,,,,
741204,C'est trop trop cher attention khir haf,9787,Facebook,,2025-10-20T17:42:46.000Z,2,,,,,,,
216917,مام ماما تقلك علاه الخسارة,21204,tiktok,@triple_,2026-01-02T18:22:03.688396,1,,,,,,,
216921,donnez la localisation svp c est où exactement,31500,tiktok,@fouka.marine,2026-01-02T19:13:30.741574,0,,,,,,,
741227,وين في الشراقة,29234,tiktok,@elcuatro_burgers,2026-01-02T18:49:33.685988,0,,,,,,,
216961,وش من بلاصة والا كاين توصيل,48460,tiktok,@hafakafood,2026-01-02T20:35:29.188945,0,,,,,,,
348038,عمر شويا الصحن او فارغ كي حطيتيه قربع كي زنڨلايا عمر وزود السومة. الشعب مرفح,9325,Facebook,Restaurant Tabarka Annaba,2025-12-23T19:51:22.000Z,0,,,,,,,
872329,c très beau,65030,tiktok,@restaurantvillariviera,2026-01-02T21:38:47.170672,1,,,,,,,
216976,توحشت عنابة,59376,tiktok,@maestro_dz13,2026-01-02T21:21:30.810704,0,,,,,,,
348049,vs êtes les meilleurs,27396,tiktok,@lamignonne06bejaia,2026-01-02T18:43:25.537802,1,,,,,,,
348058,"Je donne 3 étoiles , l’ambiance ça va , le personnel très poli , mais la nourriture n’est pas très bonne j’ai pas vraiment aimé",2993,Google Maps,تاج محل بن عكنون,2025-09-21T21:23:40.340Z,0,,,,,,,
741280,Win Jay exactement,71502,tiktok,@california_cafe,2026-01-02T22:09:03.706024,0,,,,,,,
872368,حبيييت,71626,tiktok,@jardina.coffee,2026-01-02T22:09:37.584061,1,,,,,,,
479157,مشينا فيها غدي يولي يصدر وحنا يغلا علينا تولي تشريه بالوحدة في الزلفة كيف الهندية حتى واحد مبقاش يشريه,73664,tiktok,@pont_hydra,2026-01-02T22:14:01.029690,0,,,,,,,
479170,ولي ميسمعش الموسيقى كي يدير.,66670,tiktok,@bladi_oran,2026-01-02T21:51:11.463933,5,,,,,,,
348105,Sarhat Hakiri واااش يجيك من واحد عريان,9128,Facebook,"

Restaurant Casa Bella - Draria",2025-12-02T21:21:05.000Z,1,,,,,,,
348106,salam c'est où l'adresse,35932,tiktok,@sinai,2026-01-02T19:28:28.959388,0,,,,,,,
217047,Chhal yst9am mariage hena ? !,19404,tiktok,@helena,2026-01-02T18:16:41.802135,0,,,,,,,
217050,Rien a voir avec ce qu'on voit sur les reseau,2310,Google Maps,HichamCook Grill House,2025-09-03T23:02:46.989Z,0,,,,,,,
872427,DEM France Algérie,16888,tiktok,@user5834669559361,2026-01-02T18:10:50.397317,0,,,,,,,
479229,À tout les algériens boycotte,38750,tiktok,@kfc,2026-01-02T19:39:53.279641,0,,,,,,,
610308,Félicitations je suis contente pour toi,2249,instagram,teyr_ellil,2025-03-12T14:44:36.000Z,2,,,,,,,
741398,"La vue est magnifique , sinon il faut changer tout les chefs cuisiniers , le manger n’est pas du tt bon , ni la pâtisserie",68372,tiktok,@le_petit_chalet,2026-01-02T21:55:05.450142,1,,,,,,,
348191,Les burgers étaient froids.,6998,Google Maps,American Burger Factory,2025-07-13T11:51:03.728Z,0,,,,,,,
348199,Naili Fouad Abdelkrim مشوي لحم وراه يحسبوه ب50 دج مفهمتش انت حسبت كلش على 60 دج الدجاجة راهي ب 80 و90 الف برك منين جبت 150 الف ياخي حالة ياخي,10045,Facebook,Dz Forest Restaura,2025-10-13T07:52:43.000Z,1,,,,,,,
217129,Malheureusement il fait chaud,21048,tiktok,@seven.times.luxury,2026-01-02T18:21:45.959773,1,,,,,,,
348212,Ils manque une bouteille de rojé,11926,Facebook,Restaurant San Benito,2025-10-13T18:38:43.000Z,0,,,,,,,
348213,Chicha dsp ?,32290,tiktok,@le_carre_restaurant,2026-01-02T19:14:54.860351,1,,,,,,,
741433,إيييه  يحصرااااه,64404,tiktok,@cintra,2026-01-02T21:34:49.085364,0,,,,,,,
610368,Chuis aller c'est tellement bon foncé,45524,tiktok,@budz,2026-01-02T20:16:03.881393,0,,,,,,,
872513,حاج خنشلي الله يبارك,26768,tiktok,@seven.times,2026-01-02T18:39:12.892972,3,,,,,,,
348228,ou se trouve se restaurant ? svp,34898,tiktok,@sinai,2026-01-02T19:28:00.128092,1,,,,,,,
348242,جزت هاداك نهار برك مي نجي نشالله,1308,instagram,mahroussaglace,2025-05-12T18:06:54.000Z,0,,,,,,,
872536,bonjour l'adresse s'il vous plaît,25326,tiktok,@lovers_grill,2026-01-02T18:33:43.549959,0,,,,,,,
479326,روعة مشاء الله,66700,tiktok,@bladi_oran,2026-01-02T21:51:13.515512,1,,,,,,,
479327,"Trop bonne la pizza là patte légère et les fromages super bon , bonne continuation",4413,Google Maps,هشام كوك بيتزا,2024-03-04T12:39:35.858Z,0,,,,,,,
479331,تبارك الله والله يوفقكم ويوفقنا باش نجوا,67652,tiktok,@bladi_oran,2026-01-02T21:51:55.744259,0,,,,,,,
217187,win?,53146,tiktok,@la.tranche.23,2026-01-02T21:05:47.693142,0,,,,,,,
610409,Un gâteau délicieux qu'on a apprécié jusqu'à la dernière bouchée et un service impeccable. On sait déjà où nos prochains gâteaux.,3954,Google Maps,L’Alchimiste Pâtisserie,2020-12-04T15:56:59.171Z,1,,,,,,,
610410,وين اكزكت في بابا حسن,33592,tiktok,@restaurant_gizay,2026-01-02T19:22:47.063799,1,,,,,,,
610411,"Rapport qualité prix est excellent Reste une différence entre le sandwich et le plat , pas les mêmes qualités ainsi que le service . Emplacement bien Prix bien A éviter le weekend et de préférence choisir le plat",5713,Google Maps,Casbah Istanbul القصبة اسطنبول,2021-12-19T23:33:16.909Z,0,,,,,,,
479342,We tried the one in Ben aknoun ferdi lily hotel was amazing mashae Allah the food and the service are exceptionally good will definitely go back. The staff are very friendly and welcoming.,2517,Google Maps,HichamCook Grill House,2024-05-12T09:46:10.746Z,0,,,,,,,
872561,وي يعجبني بزااااااف كل منجي لآلجي نجي ليكم تححححفة و ماشاء الله و مام les prix في المستوى روووعة ماشاء الله,20500,tiktok,@labelladalger16,2026-01-02T18:19:37.844224,0,,,,,,,
217201,"Great food as usual ! We had a Mixed plata chicken kebbab, gira rice ( du riz au cumin) ummmm a delight! Garlic bread and cheese bread. Waiters very helpful and the manager very smiling and welcoming. We had a wonderful time. I just love indian food",3194,Google Maps,تاج محل بن عكنون,2021-04-12T16:45:39.100Z,10,,,,,,,
348278,the best . واصلو على هاد المنوااال,29674,tiktok,@pizzeria.sadoki,2026-01-02T18:51:29.152520,3,,,,,,,
479356,Les tagliatelles 4 fromages elle était vraiment bonne et une très bonne quantité c’est un 10/10 le service très sympa accueillant  l’ambiance aussi très alaise [APPRECIATION],3708,Google Maps,Laurel Restaurant,2024-11-08T11:35:40.639Z,0,,,,,,,
217212,والله غير سرقة عيناني احشمو شويا,10685,Facebook,Dz Forest Restaura,2025-10-12T21:29:41.000Z,0,,,,,,,
872582,mon ferr rabui y3wnk nta insan machaa lahh bon courage samed [APPRECIATION],41196,tiktok,@street_food,2026-01-02T19:55:39.555321,1,,,,,,,
217241,المصاج فيها [APPRECIATION],12879,Facebook,Restaurant San Benito,2025-10-13T05:22:40.000Z,1,,,,,,,
741531,Ayoub Hbb مليح كاين صح بصح يكون شحم وعظم برك,10412,Facebook,Dz Forest Restaura,2025-10-14T16:40:43.000Z,0,,,,,,,
610467,Dewla première rue,59356,tiktok,@maestro_dz13,2026-01-02T21:21:28.859717,7,,,,,,,
217252,"food was so delicious, prices were too high but all in all i give 8/10",7229,Google Maps,American Burger said hamdine,2025-03-04T16:51:05.913Z,0,,,,,,,
217264,"Recommande fortement, établissement agréable avec un service impeccable.",5249,Google Maps,قصبة اسطنبول,2024-10-18T11:21:32.888Z,0,,,,,,,
741554,Very autenthic place. Use lot of spices especially cinnamon. Love it. And the creme brulee was fantastic also.,3557,Google Maps,Caracoya,2016-08-10T10:32:14.893Z,0,,,,,,,
479417,احنا عائلة سعوديه زرنا المطعم كان رائع جدا اكله لذيذ جدا ومو خسارة اي مبلغ دفعناه كنا عائلة مكونه من 9 اشخاص طلبنا بيتزا خضار وسلطة خضراء و اضلاع لحم و شاورما و اسكندر لحم و كاسبا برحر و تشيز برجر و شوربة اللحم عندهم طازج و طريقة طهيه فنانة الاكل نظيف واستمتعنا جدا بالوجبة شكرا للطاقم و الميزة الي لاحظناها على رغم عددنا الكبير ماشاء الله الجارسون حفظ طلباتنا عن ظهر قلب وبدون ورقة او قلم او اي خطأ شكرا لكم,5564,Google Maps,قصبة اسطنبول,2022-08-03T10:04:37.603Z,1,,,,,,,
872639,"très bonnes qualités des burger, poutine disponible chez lui à ne pas rater.",7413,Google Maps,American Burger said hamdine,2024-11-07T12:07:54.433Z,0,,,,,,,
217280,c halal ? certifié par quel organisme ?,25362,tiktok,@lovers_grill,2026-01-02T18:33:44.284027,1,,,,,,,
217283,أي ريسطورون تحكي عليه نتا ما نروحلوش,19832,tiktok,@sultan,2026-01-02T18:17:23.351383,0,,,,,,,
872643,Rien a dire 10/10 ! je recommande surtout Adam,34702,tiktok,@sinai,2026-01-02T19:27:50.043660,139,,,,,,,
872650,ظاهرة أصحاب المطاعم انتشرت بكثرة الإشهار بإستعمال الجنس اللطيف راك داير في حسابك تجيب الزبائن ؟؟؟؟؟؟ راك غالط,13022,Facebook,Restaurant San Benito,2025-10-13T08:52:19.000Z,0,,,,,,,
479438,بصحتكم خويا وربي يعاونكم خاوتي الله يحفظكم,12571,Facebook,Restaurant Rais,2025-10-13T06:21:18.000Z,0,,,,,,,
348367,Je recommande sur ttt L'accueil chaleureux je vous remercie infiniment sur ttt la décoration au top machallah,7682,Google Maps,Restaurant À Petit Feu,2023-11-20T18:10:54.165Z,1,,,,,,,
610511,Un endroit vraiment incroyable très accueillant j’espère y retourner bientôt !,7798,Google Maps,Restaurant À Petit Feu,2023-08-26T23:42:31.045Z,1,,,,,,,
348371,Palmas Yani الخدع والخيانة كيف كيف والحمد الله خدامين بعرقنا والحلال,11718,Facebook,Restaurant San Benito,2025-08-17T10:04:43.000Z,0,,,,,,,
741589,One of the best restaurants in algiers,1824,instagram,sinai.dz,2025-08-08T21:04:53.000Z,1,,,,,,,
479451,البنه فالصدء,41882,tiktok,@street_food,2026-01-02T19:57:53.500989,0,,,,,,,
217333,200 ألف ماشي غالية أنا كون نفوت 50 الف تغيظني,71132,tiktok,@paradou_restaurant,2026-01-02T22:05:01.462623,0,,,,,,,
479494,toujours des partage qualité  [APPRECIATION],60438,tiktok,@seraidi.live.z,2026-01-02T21:22:50.507348,1,,,,,,,
217361,des très bon plat,26244,tiktok,@lovers_grill,2026-01-02T18:34:51.325360,0,,,,,,,
479509,Top et très propre les personnelle top,26268,tiktok,@lovers_grill,2026-01-02T18:34:55.204656,3,,,,,,,
348439,Meilleure restau j’ai été en juillet 2023 pépite et coup de cœur pour le kunefe !,5983,Google Maps,Casbah Istanbul,2024-05-01T17:51:06.633Z,0,,,,,,,
479533,"Restaurant sympa, les plats sont bons et savoureux, un détail les serveurs dès que tu finis ton plat se pointent pour débarrasser et te font savoir indirectement qu il faut céder la place, un Restaurant avant tout est un lieu de détente et de partage et non pas une cantine ou on vient juste manger",5388,Google Maps,Casbah Istanbul القصبة اسطنبول,2023-08-28T22:25:21.969Z,0,,,,,,,
217394,بوجغلان الحلزون تكلوه,73016,tiktok,@pont_hydra,2026-01-02T22:13:41.377520,0,,,,,,,
217405,la viande est de très bonne qualité.,22362,tiktok,@beef_cote,2026-01-02T18:24:12.560924,1,,,,,,,
872767,de n'importe quoi ce n'est pas du tout ce que tu dis,11766,Facebook,Restaurant San Benito,2025-09-09T16:45:06.000Z,0,,,,,,,
872771,لو عايز تعرف باسورد أى شبكة (واى فاى) وتفتح منها نت & افتح جوجل واكتب فى البحث KK44 هتدخل اول موقع & هتحط اسم الشبكة هيظهرلك الباسورد,23696,tiktok,@jomane,2026-01-02T18:26:27.505318,0,,,,,,,
479558,اسعار معقولة,44222,tiktok,@dzforestrestaurants,2026-01-02T20:11:41.303512,0,,,,,,,
348495,Encore de la bouffe  [COMPLAINT],54818,tiktok,@luestro_annaba,2026-01-02T21:12:14.959852,0,,,,,,,
217430,Svvvvvvp garder l'endroit familial ça veut dire quoi manger et en face de vous des femmes qui sont entrain de fumer (يتكيفو),7305,Google Maps,American Burger Factory,2025-05-24T20:08:22.800Z,0,,,,,,,
872800,win ja exxt ?,55310,tiktok,@askim_food,2026-01-02T21:13:27.857023,0,,,,,,,
479594,Yavais des cafards qui vole c’était catastrophique,14700,tiktok,@les_jumelles,2026-01-02T18:01:35.129723,0,,,,,,,
872813,500الف نجيب بيها 500 بروشات عند الشواي زعيم,44182,tiktok,@dzforestrestaurants,2026-01-02T20:11:40.511667,0,,,,,,,
872827,ما شاء الله خدمة و معاملة  ربي يوفق نشالله [APPRECIATION],53170,tiktok,@piadzo_food23,2026-01-02T21:06:20.647184,0,,,,,,,
217472,صحبي نسقسيك عندك كرش ولا سيتيرنا بسم الله مشاء الله وين درتهم هذو كامل,312,instagram,"brother.ts
",2025-11-20T22:55:00.000Z,0,,,,,,,
479626,كابن اليوم واش نقولولك باش نكمونديو,33558,tiktok,@restaurant_gizay,2026-01-02T19:22:45.945028,1,,,,,,,
217484,90 ألف علاه فيه دجاجة داخل  [INQUIRY],46444,tiktok,@damisoran31,2026-01-02T20:22:09.062573,1,,,,,,,
348559,"راك أدير فالإشهار لكن لم تلاحظ انك تتكلم والصحون امامك، خاصتا هذيك ""بووورررر""",12250,Facebook,Restaurant San Benito,2025-10-29T19:31:14.000Z,0,,,,,,,
610710,الله يبارك مشاء الله ربي يعينكم و يوفقكم اما التعليقات السلبية ربي يهديكم قل خيرا او اصمت,10054,Facebook,"  Restaurant elassil








",2025-12-18T11:33:04.000Z,0,,,,,,,
348571,"I ordered a Philly cheese chicken sandwich, and the chicken it's was not cooked well, it also has too much sauce It's like any regular sandwich you can buy, except the price is too high",7319,Google Maps,American Burger Factory,2025-05-24T17:49:34.808Z,0,,,,,,,
741790,جماعة ايا خلصو حق ما شفتو.  [APPRECIATION],18612,tiktok,@helena,2026-01-02T18:16:15.458415,0,,,,,,,
872866,وأسعار في متناول الجميع,69044,tiktok,@cote_oran,2026-01-02T21:57:41.442006,1,,,,,,,
610723,Je passerais ça c’est sur ^^,35224,tiktok,@sinai,2026-01-02T19:28:06.953449,0,,,,,,,
217515,délice  [APPRECIATION] [RECOMMENDATION],64062,tiktok,@restauranttrattoriaoran,2026-01-02T21:34:08.809241,1,,,,,,,
479662,Un peu trop de monde il devrait travailler sous réservation mais très bon,6381,Google Maps,Casbah Istanbul,2019-10-04T20:22:56.090Z,0,,,,,,,
479665,شحال استقام هذا,39034,tiktok,@itchy_food,2026-01-02T19:41:03.054577,3,,,,,,,
872882,ذكرياتي  [COMPLAINT],60368,tiktok,@seraidi.live.z,2026-01-02T21:22:49.679173,0,,,,,,,
348598,مطعم رائع خدمات اروع و فريق عمل متكامل أسعار مطابقة للخدمات المقدمة شكرا  [APPRECIATION],2432,Google Maps,HichamCook Grill House,2024-09-09T17:14:32.900Z,0,,,,,,,
348602,Déçu dès l’entrée. trop bruyant. on se croirait dans une cantine. Les restaurants grillades de Ruisseau sont plus calme. J’ai apprécié l’entrée. la côte de bœuf était trop cuite. Le dessert était bon et joliment présenté. Serveur sympa. Mais je ne reviendrais pas,2318,Google Maps,HichamCook Grill House,2025-08-23T22:07:59.896Z,0,,,,,,,
348608,قولي اللحم اصله مين,12458,Facebook,Restaurant Rais,2025-10-13T01:06:23.000Z,6,,,,,,,
348613,"Je compte passer manger la semaine prochaine, par contre es qu'on peut récité du Saint Quran a la place de vos musiques enivrante ?",23446,tiktok,@moonzrestaurant,2026-01-02T18:25:45.191534,2,,,,,,,
741838,"Tasteless food , i had the blue burger and didnt taste like something special , staff not profissional , one of them was cleaning her teeth front of us while we were eating",7211,Google Maps,American Burger Factory,2025-06-10T08:32:14.504Z,0,,,,,,,
479699,Une délicieuse cuisine Méditerranéenne. Service excellent on reviendra très vite pour découvrir le reste de la carte,7202,Google Maps,Restaurant À Petit Feu,2024-12-01T08:48:45.902Z,0,,,,,,,
479702,كاين ليتمى ومسكين و فلسطين خوتنا راه كتلهم جوع ونتوما . لاحولا ولا قوة الا بالله,12358,Facebook,Restaurant San Benito,2025-10-13T09:42:46.000Z,0,,,,,,,
872926,خدمة النُدُل كانت سيئة للغاية. سقطت البطاطس المقلية على الطاولة. التقطوها ووضعوها في أطباقنا. حتى أن بعض الصخور كانت موجودة في حلوى الآيس كريم. لم يعتذر النُدُل، بل سألونا فقط إن كنا نريد بديلاً. تفوه العديد من النُدُل بألفاظ عنصرية وهم يديرون ظهورهم لنا. أنكروا ذلك ورفضوا الاعتذار حتى بعد أن ضبطناهم. لن نعود. سأنصح أصدقائي أيضًا بعدم العودة إلى هذا المكان. تقييم سلبي. تقييم سيء للغاية.,5816,Google Maps,Casbah istanbul,2025-09-23T19:14:35.423Z,0,,,,,,,
348638,مناطق الظل,47460,tiktok,@street_food,2026-01-02T20:31:33.634762,0,,,,,,,
479710,"With all due respect, I don’t know if you are part of a Muslim community, but before adopting these kinds of celebrations, try to understand what they mean.",2074,instagram,triple.r.restaurant,2024-10-30T00:07:57.000Z,15,,,,,,,
348644,شعال بلا تاع 2برسون,13482,Facebook,Restaurant San Benito,2025-12-21T17:00:10.000Z,0,,,,,,,
741864,هذاك صبادو مشي صومو يا فاهم,11517,Facebook,Restaurant San Benito,2025-08-18T20:37:22.000Z,0,,,,,,,
610793,Servise nul personnel parle en kabile . prix relativement chers la kounafa n'est pas bonne,5089,Google Maps,قصبة اسطنبول,2025-08-19T15:45:00.639Z,0,,,,,,,
348650,عندي 40 متر غادي ندير مقهى,39122,tiktok,@itchy_food,2026-01-02T19:41:08.088631,0,,,,,,,
610800,Chha Mandi خير مالخيانة تاعكم,11717,Facebook,Restaurant San Benito,2025-07-26T20:58:05.000Z,0,,,,,,,
217590,سولتون هي سلطان [INQUIRY],10221,Facebook,,2025-11-29T08:26:56.000Z,0,,,,,,,
610808,انا 1000 نفطر بيها ونتعشا بيها,20986,tiktok,@sultan,2026-01-02T18:21:28.304417,0,,,,,,,
217594,تقلشي سيدي وسيدتي متقلشيهاش ولا السيدة متكولش الحوت,13270,Facebook,Restaurant San Benito,2025-10-13T11:00:01.000Z,0,,,,,,,
872963,"Très bonne bouffe, un peut cher mais ça vaut le coup, service dépassé, petite salle parfois on a dûs attendre assez longtemps pour une table, aussi tout le monde n'aime pas la musique fotre !",8231,Google Maps,American Burger Factory,2024-11-18T20:12:41.040Z,0,,,,,,,
217606,Trop cher les prix ont triplé (berger classic : 600 da),8735,Google Maps,American Burger Factory,2020-12-30T14:47:03.022Z,0,,,,,,,
217609,كاين لبومرداس,29276,tiktok,@elcuatro_burgers,2026-01-02T18:49:36.985388,0,,,,,,,
479757,c'est fou soubhan Allah la viande est fondante! . les os se retirent tout seul !,25798,tiktok,@ofennec.officiel,2026-01-02T18:34:11.848405,7,,,,,,,
479782,راكم فلعالميه,49686,tiktok,@gosto_fast_food,2026-01-02T20:41:40.144252,1,,,,,,,
348721,"Arretez le fast food l'obésité chez les jeunes dayra hala le diabète , les maladies cardio vasculaire etccc. réveillez-vous .",10369,Facebook,,2025-10-23T00:37:49.000Z,3,,,,,,,
741937,عيب عليكم خوتنا راهم يموتو بلجوع في عزة ونتما همكم لمكل الله غالب يابست المراعي وجفا الحليب,11500,Facebook,Restaurant San Benito,2025-07-27T23:00:28.000Z,0,,,,,,,
217653,on dit du poisson pas des fruits de mer,61980,tiktok,@le_nordik,2026-01-02T21:27:32.480392,0,,,,,,,
873018,Yhel 3a 6 ta l3chiya w hna ta l inessm mn9droush ntghdew endo,61658,tiktok,@guellil._.tasnim,2026-01-02T21:25:44.586433,1,,,,,,,
873024,رووووعة زاكي الزعييم  [APPRECIATION],39924,tiktok,@streetburger02,2026-01-02T19:44:04.469170,0,,,,,,,
610885,500 ناكل كويس ايناس عبدلي,43736,tiktok,@dzforestrestaurants,2026-01-02T20:11:27.904463,0,,,,,,,
610892,Tout nickel apart les prix,2851,Google Maps,HichamCook Grill House,2022-11-25T19:51:42.651Z,0,,,,,,,
217677,ناكلو وحدي يبان بنين,33580,tiktok,@restaurant_gizay,2026-01-02T19:22:45.945050,0,,,,,,,
217680,Dsl je n’ai pas connu l’Algerie qui mange à la main,16174,tiktok,@mardoum,2026-01-02T18:08:06.266966,0,,,,,,,
217685,Je confirme wlhh  même ki ybred  [APPRECIATION],30960,tiktok,@roi_du_fajitas,2026-01-02T19:08:43.362455,1,,,,,,,
610902,طعام جد سيء مع غلاء فاحش اسعار جد خيالية غير مبرر حذاري تطلبو جي نتاع 300 راه دايلي,3005,Google Maps,تاج محل بن عكنون,2025-08-08T10:52:22.411Z,0,,,,,,,
479838,"Bon restaurant, prévoir un bon budget",3436,Google Maps,Caracoya,2024-02-20T11:34:59.028Z,0,,,,,,,
610919,"Une bonne découverte ! Ambiance et cadre chaleureux, le service est impeccable et personnel très gentil",7082,Google Maps,American Burger said hamdine,2025-04-20T14:45:50.281Z,0,,,,,,,
348789,علاش معرضتنيش خسارة عليك متنساش الخطرة الجاية,16104,tiktok,@mardoum,2026-01-02T18:08:03.913147,0,,,,,,,
348794,American bourger?  la voix off horrible [COMPLAINT],100,instagram,american.burger_dz,2025-08-31T21:28:08.000Z,2,,,,,,,
217722,Hamid Le Grand حسبي الله و نعم الوكيل فيك يا عدو الله الله يذلك,10143,Facebook,Dz Forest Restaura,2025-10-13T13:28:28.000Z,0,,,,,,,
742012,راه بنين اليوم كليتوا,55826,tiktok,@mfood.annaba,2026-01-02T21:14:12.008690,2,,,,,,,
610941,الصحن كبير وهو فارغ اي عباد راح تاكل مش فلوس,9233,Facebook,Restaurant Tabarka Annaba,2025-12-23T20:34:30.000Z,0,,,,,,,
479870,Très bien accueillie,2631,Google Maps,HichamCook Grill House,2023-09-28T19:30:06.255Z,0,,,,,,,
742014,ربي ارزقني مالا اتقرب به إليك و أرزقني طعاما يسد جوعي و جوع عائلتي و باركلي فيه و في صحتي و صحت عائلتي و ارزقنا نعمة شكرك و ان نحمدك على كل صغيرة و كبيرة  [APPRECIATION],57556,tiktok,@_le216_,2026-01-02T21:17:27.096141,0,,,,,,,
610945,بابا حسن شحال التوصيل؟؟؟,29330,tiktok,@elcuatro_burgers,2026-01-02T18:49:37.864540,0,,,,,,,
217750,"C'est super bon, comme tu dis, mais c'est lourd.",24486,tiktok,@opium,2026-01-02T18:29:38.994576,0,,,,,,,
742047,"Très bon service, personnel accueillant, souriant et bien élevé, plat équilibré avec une bonne quantité de viande Bravo hicham, bonne continuation",2477,Google Maps,HichamCook Grill House,2024-06-28T14:11:41.232Z,0,,,,,,,
479920,بصحتهم,17788,tiktok,@casabelladraria,2026-01-02T18:14:46.930820,0,,,,,,,
217781,c'est hyper cher . une bouffe que tu peux trouver chez des restos syrien,32944,tiktok,@sinai,2026-01-02T19:18:30.249687,2,,,,,,,
217782,مش انتي لتقلشينا دراهمنا تقلشنا,13883,Facebook,Restaurant San Benito,2025-12-23T22:26:21.000Z,0,,,,,,,
479929,ربي يحفظك ولدي,45746,tiktok,@italianefood31,2026-01-02T20:16:52.930364,2,,,,,,,
611004,سلام عليكم شوفينا وين يخدمو زفيطي ربي يحفظك,42682,tiktok,@my_pizza,2026-01-02T19:58:59.743651,0,,,,,,,
479951,شكون خدم الكيوسك ؟,39380,tiktok,@itchy_food,2026-01-02T19:41:13.058274,0,,,,,,,
479967,Fière de toi mon cher frère Chef yanel hakim,14004,tiktok,@le_dauphin_restaurant,2026-01-02T18:00:53.697137,1,,,,,,,
873184,عقداش تغلق لعشية خويا,30858,tiktok,@roi_du_fajitas,2026-01-02T19:08:41.599902,0,,,,,,,
873190,Ahmed Bayoud لازم تحسم انسان غبي رافد هاتف ذكي,12866,Facebook,Restaurant San Benito,2025-10-13T11:48:15.000Z,0,,,,,,,
873191,Restaurant incroyable merci pour tout,4709,Google Maps,Hicham cook pizza pasta,2024-03-05T09:21:28.528Z,0,,,,,,,
742122,salem c’est où ? j’aimerai yaller,23732,tiktok,@leonard_restauran,2026-01-02T18:26:57.764651,0,,,,,,,
479980,دايما ندير طلبيات عندو والله مشاء الله عليكم كلش روعة والتوصيل بسرعة. ربي يحفظكم,47948,tiktok,@rahmani_food,2026-01-02T20:34:20.221958,7,,,,,,,
873198,واش لبلاصة واشحال السومة,12592,Facebook,Restaurant Rais,2025-10-12T23:06:20.000Z,0,,,,,,,
742131,svp je voudrai savoir combien me couterai un dinner au resto merssem pour 20 personne en vue de célébrer la réussite du bac ?,25134,tiktok,@el_marssem,2026-01-02T18:32:22.246396,1,,,,,,,
611059,chouaib toujours le meilleur,53332,tiktok,@piadzo_food23,2026-01-02T21:07:11.411487,0,,,,,,,
742134,"il est plus juste de dire ""cuisine amazigh """,26322,tiktok,@lovers_grill,2026-01-02T18:34:55.974022,0,,,,,,,
611069,les Kabyles  [APPRECIATION],13950,tiktok,@le_dauphin_restaurant,2026-01-02T18:00:52.656735,1,,,,,,,
479997,:البنة تاع الماكلا تنسيك فالديكور وفي كلش يعطيكم الصحة  [APPRECIATION],49502,tiktok,@kik.sfood21,2026-01-02T20:41:12.870547,1,,,,,,,
480000,Oui c est Kristell j’ai vécu des bons moments avec des couchers de soleil sublime vu de l’extérieur c est tou petit mais a l’ intérieur un jardin enchanté qui donne sur la mer sur la façade c est écrit LE PETIT CHALET il est en bord de route je vous le recommande  [APPRECIATION] [RECOMMENDATION],68382,tiktok,@le_petit_chalet,2026-01-02T21:55:05.450157,1,,,,,,,
480003,"Nourriture est bonne par contre le restaurant est petit, le service était un peu long mais ça se comprend car le restaurant était blindé. L'ambiance ne reflète pas du tout l'ambiance turque, trop bruyant. je préfère celui de cheraga",6130,Google Maps,Casbah Istanbul,2023-02-24T12:06:33.792Z,0,,,,,,,
873219,viiiiive arabesques c'est une merveille,19466,tiktok,@sultan,2026-01-02T18:17:12.034368,1,,,,,,,
873234,"On n'a prix que des pizzas, quatre variétés. Mauvaise aération. Bon service, aimable et rapide. Pizzas moyennes, bon goût au début mais derrière bonjour les reflux, patte pas bien cuite, une seule pizza sur laquelle il ajoute la viande, merguez, peperoni. selon le choix, donc cuissons non équilibrées, prix trop élevé par rapport à la qualité, pizzas pour le grand public, en gros, rien à voir avec la renommé, étrangement acquise. Je n'y reviendrai pas. Ma fille rahi mleguia.",4448,Google Maps,هشام كوك بيتزا,2024-02-09T19:29:32.991Z,0,,,,,,,
217900,très bon concept sa donne vraiment envie  [APPRECIATION],55796,tiktok,@mfood.annaba,2026-01-02T21:14:11.298163,4,,,,,,,
611132,baborrrr,57760,tiktok,@_le216_,2026-01-02T21:17:31.501479,0,,,,,,,
873277,مزيا جينا نعرفوك غايا كي كنتي,57078,tiktok,@_le216_,2026-01-02T21:17:13.777371,5,,,,,,,
480062,Fares Khellaf يا اخي قلنالكم مشي محتم ههه كي تشري انت وطيب زي وكي يطيب هو زي وزيد مطارق صغار ب45 هاذو كبار والمرقاز زبالة حاش طعام ربي ب60 وينو مرقاز 45؟؟ وزيد شوف مليح راه لحم وكبدة وكلش مشي غير سكالوب . علاه التاغنانت ونهدرو برك باش نهدرو انا بعد زوالي ومنقدرش على 500 الف لكن السعر تعو معقول نهدرو واقع وحق,10047,Facebook,Dz Forest Restaura,2025-10-13T08:26:06.000Z,0,,,,,,,
349001,Tu fait de la bon cuisine toujours top,12173,Facebook,Restaurant San Benito,2025-10-12T19:34:07.000Z,0,,,,,,,
873291,قداه تقفل على 5,55734,tiktok,@mfood.annaba,2026-01-02T21:14:08.503675,1,,,,,,,
611149,حلزون   [COMPLAINT],72970,tiktok,@pont_hydra,2026-01-02T22:13:39.813613,0,,,,,,,
611157,elle a raison,16620,tiktok,@user5834669559361,2026-01-02T18:10:42.541753,0,,,,,,,
873302,مبروك عليكم وبصحتكم. مول الشاش الأخضر راه ايقلب في جيبه اسكو معاه الدراهم ام لا,17824,tiktok,@casabelladraria,2026-01-02T18:14:47.039986,0,,,,,,,
873309,هاو ا خويا الملفاي تع رياض,53034,tiktok,@patisserie_annaba,2026-01-02T21:04:20.697141,1,,,,,,,
611166,La bouffe est excellente le personnel est soigné. Les prix très chers . la décoration est d'un autre âge.,2995,Google Maps,تاج محل بن عكنون,2025-09-19T05:39:18.415Z,0,,,,,,,
217955,Good food put the menu still the same…,5660,Google Maps,Casbah Istanbul القصبة اسطنبول,2022-08-26T20:32:56.061Z,1,,,,,,,
611171,احكيلنا عالاسعار,18268,tiktok,@helena,2026-01-02T18:16:08.811175,2,,,,,,,
480101,وعلاش ماعيتليش ليا,15546,tiktok,@mardoum,2026-01-02T18:07:49.011707,0,,,,,,,
349034,مقبول والله ربي بارك [APPRECIATION],44186,tiktok,@dzforestrestaurants,2026-01-02T20:11:40.511671,0,,,,,,,
480120,très belle vue. bravo pour la photo.,60788,tiktok,@seraidi.live.z,2026-01-02T21:22:58.311493,0,,,,,,,
480128,Il faut lui dire qu’elle va aller au Maroc préparer un tacos,16678,tiktok,@user5834669559361,2026-01-02T18:10:45.705982,426,,,,,,,
349060,فاخيطاس ما يجيش فيه فريت,30040,tiktok,@pizza_carie_touati_,2026-01-02T18:54:33.948569,2,,,,,,,
611205,Où exactement ?,65360,tiktok,@frono_oran,2026-01-02T21:43:06.019518,0,,,,,,,
611220,je risque pas de venir désolé,57438,tiktok,@_le216_,2026-01-02T21:17:22.899564,0,,,,,,,
218005,il fallait sortir,58150,tiktok,@vilageneige_annaba,2026-01-02T21:19:46.701148,0,,,,,,,
873390,تحكيو غير على لماكلة مكان حتى جديد. فلبلاد هذي,12016,Facebook,Restaurant San Benito,2025-10-13T13:29:58.000Z,0,,,,,,,
349111,I had coffe here at night and I must say it's disappointing. The atmosphere is terrific but the dessert and coffe are HORRIBLE. The cheesecake tasted old and weird. The chocolate cake tasted days old and hard as hell. The coffee tasted waterd down and bitter . It's a shame the restaurant has great service and vibes,3763,Google Maps,Laurel Restaurant,2024-04-08T20:51:07.504Z,1,,,,,,,
218047,وين بلاصة عنابة,52196,tiktok,@uncles_burger_dz,2026-01-02T21:03:27.374729,0,,,,,,,
873407,الناس الي تحكي على الاسعار باينه هذو المطاعم الي الديكور يكون هكا مش لناس كامل ومش نتاع كل يوم تجيهم هوما يقدمو خدمه وحاطين اسعارهم نتوما علاه تنتاقدو وكل واحد يروح للبلاصه الي تناسب جيبو,19306,tiktok,@helena,2026-01-02T18:16:35.409781,0,,,,,,,
480197,شعال توصيل الوهران,31624,tiktok,@woodgrill_dz,2026-01-02T19:13:58.136696,0,,,,,,,
873415,يبيع غالي هدا,68158,tiktok,@maisonsept_oran,2026-01-02T21:54:39.895431,0,,,,,,,
611276,السمانة الجاية ان شاء الله نزورك فالعطلة اخوك من جيجل راكم قمة ماشاء الله معاملة و اكل الله يبارك,9583,Facebook,"  Restaurant elassil








",2025-12-16T19:04:58.000Z,2,,,,,,,
349136,Ohh my favourite place I love  [APPRECIATION],15342,tiktok,@fouka.marine,2026-01-02T18:07:32.483985,1,,,,,,,
742356,Riz bel poulet pané majayachhh,43230,tiktok,@tastycroustydz15,2026-01-02T20:05:12.220520,28,,,,,,,
480216,"Habitué des lieux et de la cuisine cette fois ci j’ai pris une commande at home. Très déçu par le manque de générosité , les parts ont rapetissé et les prix ont décollé Surtout l'assortiment de grillade. C’est vrai que c t délicieux mais c bien dommage et d'ailleurs je leur ai transmis mon étonnement",2971,Google Maps,تاج محل بن عكنون,2025-12-11T11:41:16.631Z,1,,,,,,,
873443,dirou livraison hajar,55912,tiktok,@mfood.annaba,2026-01-02T21:14:13.763878,0,,,,,,,
742374,Service et menu plutôt satisfaisants mais fumée de cigarette clairement désagréable ! Dommage !,3509,Google Maps,Caracoya,2020-03-10T10:54:03.447Z,0,,,,,,,
349159,"Nous avons commandé en livraison. C'était vraiment très bon, les lahmacuns étaient très grand. Le seul soucis c'est que la salade Ezme a été livré sans pain. j'étais déçue",5410,Google Maps,Casbah Istanbul القصبة اسطنبول,2023-08-01T23:44:02.381Z,1,,,,,,,
218096,واش اداك تحط روحك فى سيبلا واش اداااك,11613,Facebook,Restaurant San Benito,2025-07-26T18:46:54.000Z,0,,,,,,,
480241,ممكن الرقم,44504,tiktok,@dzforestrestaurants,2026-01-02T20:11:55.384149,0,,,,,,,
742386,For me it's the Best fast food in algiers so far.,8242,Google Maps,American Burger Factory,2024-10-18T02:59:50.353Z,0,,,,,,,
611321,righi,19362,tiktok,@helena,2026-01-02T18:16:39.768116,0,,,,,,,
218119,rak therech biya khoo,47530,tiktok,@bazookadz,2026-01-02T20:32:25.582847,0,,,,,,,
873490,andkom salle familiale wela nn,28852,tiktok,@snacky_time_kouba,2026-01-02T18:47:50.705854,0,,,,,,,
742421,vous faites yasir,37318,tiktok,@restaurant.madala,2026-01-02T19:34:50.737865,0,,,,,,,
611351,me wasmou le resto,22664,tiktok,@le_perchoir,2026-01-02T18:25:10.325593,0,,,,,,,
611358,التوصيل لدار؟,17136,tiktok,@casa_burger1,2026-01-02T18:11:29.349447,0,,,,,,,
873510,service fi hala. sinon bnin,52232,tiktok,@uncles_burger_dz,2026-01-02T21:03:27.379951,0,,,,,,,
873511,c'est bien mais l'accueil c'est nul,26192,tiktok,@don_sido_,2026-01-02T18:34:36.355672,0,,,,,,,
742444,Fifi Tifa كاين توصيل,12499,Facebook,Restaurant Rais,2025-10-12T21:30:02.000Z,0,,,,,,,
742446,تحيا غيلزان48,47312,tiktok,@street_food,2026-01-02T20:31:26.732628,0,,,,,,,
742472,لوكان تاكل 10 كبدة 60 ألف و 10 ڨلب 60 ألف 10 لحم 60 ألف و10 مرڨاز 60 ألف 10 ماريني 60 ألف 10 سكابوب 30 ألف 10 كباب 60 ألف جاجة ب 80 ألف قرعة ڨازوز 10 ألاف فريت و حميص مانحسبوهمش هذو يجو 480 تسمى كي يقولك 500 على حساب واش كاين والله ماراهي بزاف,44466,tiktok,@dzforestrestaurants,2026-01-02T20:11:54.829308,1,,,,,,,
480346,Je viens de le tester il est pas du tout bon  [COMPLAINT],34150,tiktok,@taylot,2026-01-02T19:23:33.774798,13,,,,,,,
873565,Swiss mushroom ta3 fast food makach bnin 3lih  [BOUFFE],34286,tiktok,@taylot,2026-01-02T19:23:37.082602,0,,,,,,,
480352,Le service rapide et les enfants ont adorés leur repas a refaire,6790,Google Maps,American Burger said hamdine,2025-08-12T12:15:08.468Z,0,,,,,,,
218210,acceuil chaleureux c'est bon c'est propre et les Prix sont tres abordables,62430,tiktok,@benete_wahran,2026-01-02T21:30:31.743135,4,,,,,,,
480355,هواري تاع رونبوا قمبيطة هو أفضل,63576,tiktok,@silyon69,2026-01-02T21:33:07.064739,6,,,,,,,
873573,ربي يعاونك خويا رضوان,42572,tiktok,@street_food,2026-01-02T19:58:29.600667,0,,,,,,,
218214,1500 da je suis preneur,12360,Facebook,Restaurant San Benito,2025-10-13T09:55:43.000Z,0,,,,,,,
611433,Walid Boudani لالا مطلبتش عليا لكن راك هدرت بفومك خلصت مليح او زيد خرج من تماك محاوزز,8918,Facebook,Restaurant Casa Bella - Draria,2025-12-07T23:40:58.000Z,0,,,,,,,
742509,"Leur cuisine indienne est toujours délicieuse, leur service est au petit soin, et une agréable ambiance indienne",3048,Google Maps,تاج محل بن عكنون,2024-11-09T15:05:46.416Z,0,,,,,,,
742511,كاين توصيل لبودواو,33780,tiktok,@restaurant_gizay,2026-01-02T19:22:51.287386,0,,,,,,,
873583,Amazing taste instantaneous service The seating area can be larger,8489,Google Maps,American Burger Factory,2023-07-11T13:48:33.884Z,0,,,,,,,
873584,révisez vos prix .,20396,tiktok,@labelladalger16,2026-01-02T18:19:36.224652,1,,,,,,,
611442,Une très belle expérience . Des serveurs très sympa le tacos poulet est très bon et bien garni le burger viande est aussi très bon à par le crispy ont à pas trop aimé. Le poutin hyper garni de fromage et le jus très bon,3984,Google Maps,هشام كوك بيتزا,2025-12-03T19:33:20.327Z,0,,,,,,,
611456,winta rakom diro hade soirée stp réponde,63386,tiktok,@santorino,2026-01-02T21:32:15.838776,0,,,,,,,
349325,هذا مطعم ماهوش ديار الرحمة كاين ناس نسترزق وفاتحة بيوت لي ماوالموش السعر يشري وياكل في دارو بصحتو,9967,Facebook,Dz Forest Restaura,2025-10-13T09:26:13.000Z,2,,,,,,,
742541,J'ai essayer pour vous se restaurent . bon côté propreté c super . côté décors c genre shahrazed et les mille et une nuit de beau statut . une douce lumière. Côté découverte ce excellent. Côté familial c 10/ 10 . toilette trop propre . maintenant les choses négative. C'est cher il faut le dire . vous payer tous ce que vos yeux ont admire même le très beau sourire du personnel. Côté plat trop de couleur . vous ne serez jamais si c'est poulet ou viande ou mergaz. Vous avez des couleur verte rose bleu sur la viande . etc . moi personnellement un pain genre mssaman ou baghrir à 200 da ce trop . j'ai pas manger . sincèrement 3aftt . si non décors le top des top . 3aft = avoir envie de vomir,3232,Google Maps,تاج محل بن عكنون,2019-11-01T00:44:46.481Z,0,,,,,,,
349334,نوجد فليزا ونجي,18608,tiktok,@helena,2026-01-02T18:16:15.458402,0,,,,,,,
349335,la vraie spécialité algérienne,36010,tiktok,@sinai,2026-01-02T19:28:32.455781,0,,,,,,,
611480,هذاك بولحية يخدم بل وجوه,10946,Facebook,Restaurant Casa Bella - Draria,2025-07-26T18:12:18.000Z,0,,,,,,,
349350,500 الف نكري غواصة ونروح نتعشى عند مستر سلطع,43734,tiktok,@dzforestrestaurants,2026-01-02T20:11:27.904461,9,,,,,,,
742568,beau restaurant,14164,tiktok,@les_jumelles,2026-01-02T18:01:20.508943,1,,,,,,,
349353,ونها بلاصه,31636,tiktok,@woodgrill_dz,2026-01-02T19:13:58.136711,0,,,,,,,
611499,Sofiane Rab قول والله مانسعى قرلو فدارنا,8922,Facebook,Restaurant Casa Bella - Draria,2025-12-07T06:46:52.000Z,3,,,,,,,
480433,Trop beau c’est tout le monde parle des vrais plats algériens comme vous il aura pas de critique sur les réseaux   [APPRECIATION],35620,tiktok,@sinai,2026-01-02T19:28:18.081567,0,,,,,,,
480448,ميخلعكمش الماكلة 0000عندو,10820,Facebook,Restaurant Casa Bella - Draria,2025-07-26T21:02:26.000Z,2,,,,,,,
742601,"At this point, I think I want a Algerian husband people from Algeria are called Algerian right? lol [COMPLAINT]",22460,tiktok,@le_perchoir,2026-01-02T18:25:02.841805,7,,,,,,,
742614,Mon endroit préféré sans doute ! Rajoutez juste une salade césar au menu ;),7285,Google Maps,American Burger Factory,2025-05-27T19:26:02.941Z,0,,,,,,,
480493,قرعة ماء 10الاف  [COMPLAINT],16116,tiktok,@mardoum,2026-01-02T18:08:04.662551,0,,,,,,,
873728,vous avez tout dis sauf l'endroit,14856,tiktok,@lassiette.algeroise,2026-01-02T18:06:46.715753,0,,,,,,,
611587,خويا كليت عندهم طاكوس مش ادا بصح صراحة اقسم بالله مايتكل,55294,tiktok,@askim_food,2026-01-02T21:13:27.857010,2,,,,,,,
349449,chhel livrison?,43386,tiktok,@cassecroute_dz,2026-01-02T20:09:01.833553,2,,,,,,,
873743,Loukmane Mimou أنا فهمتو لأنه تكلم عن الواقع، كاين ناس تهدر باش تكرَّه الناس فيك اليوم مثلا شريت الكازي كروفات ب 14مليون ، لازم نبيع ب 100الف باش يرضاو عليا و أنا نخسر؟! شكون يقبلها لروحو,9577,Facebook,"  Restaurant elassil








",2025-12-16T21:46:44.000Z,5,,,,,,,
873756,تحسب راح يمدولك باطل,13767,Facebook,Restaurant San Benito,2026-01-02T01:39:06.000Z,0,,,,,,,
873762,"Vos efforts se voient, se ressentent et font toute la différence. Je vous souhaite encore plus de succès, Vous êtes sur la bonne voie !",1295,instagram,magnoliacoffeerestaurant,2025-12-07T21:54:36.000Z,1,,,,,,,
611624,Yhbl nadafa w ist9bal nas malha raw3a Ana drk ndkhf 3a burger nrouh 3ndo  [APPRECIATION],52300,tiktok,@uncles_burger_dz,2026-01-02T21:03:29.079495,0,,,,,,,
480554,عاطل بزاف 40دقيقة باش يجيب بيتزا والبيتزا في حالة,4015,Google Maps,هشام كوك بيتزا,2025-10-10T19:13:37.437Z,0,,,,,,,
611628,Trop de publicité ce n'est pas normal il faut s'attendre à tout avec le bandit de hacene,12230,Facebook,Restaurant San Benito,2025-10-13T13:26:04.000Z,0,,,,,,,
218417,المرض بروماكس,476,instagram,"brother.ts
",2024-11-02T16:56:04.000Z,3,,,,,,,
218423,Jalil Ben واش دارت الطفلة يا وليد القحبة,12829,Facebook,Restaurant San Benito,2025-10-13T12:34:54.000Z,4,,,,,,,
349496,dream house  عرضة على شوا، ولا غير قهوة كافية؟! [RECOMMENDATION],19276,tiktok,@helena,2026-01-02T18:16:34.501886,0,,,,,,,
480573,c sure had la cliente tkoun chanteuse wella femme d'affaire,65220,tiktok,@restaurant_marisco,2026-01-02T21:40:10.172030,0,,,,,,,
480575,تحشتلنا كل فيه,58148,tiktok,@vilageneige_annaba,2026-01-02T21:19:46.701132,0,,,,,,,
742725,vidéo chbeb ditih mel Pinterest,70104,tiktok,@chtibo_oran,2026-01-02T21:58:45.732966,2,,,,,,,
218439,باب الحارة لي مقابله خير منه,46564,tiktok,@oumanger.oran,2026-01-02T20:23:51.156848,16,,,,,,,
218449,نكون في العرس نلعبها نية في الهبال وقت العشاء نهبط كل الاكلات وفي الاخير نقلهم قالونا هيا تتعشاو نخساب العشاء التحت,50876,tiktok,@broaster_chiken,2026-01-02T20:59:47.253760,0,,,,,,,
873811,جيد لكن سعر غالي جدا جدا,2414,Google Maps,HichamCook Grill House,2024-10-16T22:51:28.027Z,0,,,,,,,
742744,و الله يبان ماشي حطة باغي تاكل حوت روح للكهينة ناس لمادراق,13705,Facebook,Restaurant San Benito,2025-12-15T18:35:24.000Z,0,,,,,,,
218468,تقلشي وزيدي تقلشي,13594,Facebook,Restaurant San Benito,2025-12-29T20:10:24.000Z,0,,,,,,,
611691,"Pizza très bonne ainsi que les lasagnes, on a pris un box confortable. Les prix sont un peu cheres mais c'est compréhensible vue l'endroit et le décor.",4211,Google Maps,هشام كوك بيتزا,2024-09-03T17:13:28.709Z,0,,,,,,,
480621,"I came here to eat Rishta but they didn’t have it. But ordered Meshwi , salad and tajin it was really delicious I would recommend their lemon mint juice it’s amazing thank you again",2833,Google Maps,HichamCook Grill House,2022-12-21T22:34:57.553Z,0,,,,,,,
742778,ربي العنونك اخي نجيك من الصحراء .,12139,Facebook,Restaurant San Benito,2025-10-13T00:13:03.000Z,0,,,,,,,
218492,Je suis vraiment déçu de l'accueil et serveur désagréable,6000,Google Maps,Casbah Istanbul,2023-12-19T16:24:16.846Z,0,,,,,,,
742786,امبر حشوة في تاريخ,56460,tiktok,@the_chef_house_23,2026-01-02T21:14:43.146196,0,,,,,,,
611714,حابة ندير anv فيها اسكو عندكم بري شباب,27150,tiktok,@ambiance_telemcen,2026-01-02T18:41:21.610670,0,,,,,,,
742791,كونتيتي قليلا وغالية وماكلة مشي حتا لتم,46716,tiktok,@oumanger.oran,2026-01-02T20:23:56.070167,1,,,,,,,
349576,خويا عبد الله,27132,tiktok,@memelkateelkabda,2026-01-02T18:41:07.293865,0,,,,,,,
873863,والله ما. يجي. كما four seasons الموجود. بشارع العربي بن مهيدي والله. احسن مطعم,46648,tiktok,@oumanger.oran,2026-01-02T20:23:55.165471,1,,,,,,,
873867,عندي شهر وانا نغسل ماعن عندو حتى ليوم باه سلكت,2827,Google Maps,HichamCook Grill House,2022-12-28T03:11:02.083Z,1,,,,,,,
742812,هنا تحط دم فادك وياربي,18782,tiktok,@helena,2026-01-02T18:16:19.625648,0,,,,,,,
611747,Très bonne adresse mes trop chère pour ce que. C est,63674,tiktok,@silyon69,2026-01-02T21:33:11.371221,0,,,,,,,
742826,Un délice,1676,instagram,restaurant.cezam,2025-03-08T07:42:32.000Z,3,,,,,,,
611756,ربي يوفقك خو,36334,tiktok,@seven.times.luxury,2026-01-02T19:30:24.478351,0,,,,,,,
742828,"Bnsr , quel fourchette de prix ?",34002,tiktok,@leguidemichemiche,2026-01-02T19:23:12.391044,1,,,,,,,
480706,100الف نجيب طاكوس و وفيطاجي عادت 40ةالف تفضال 60 الف نص جاجة محمرة,20892,tiktok,@sultan,2026-01-02T18:21:26.579783,0,,,,,,,
218578,انا نحبهم  [APPRECIATION],72558,tiktok,@pont_hydra,2026-01-02T22:13:25.580941,0,,,,,,,
480727,كاين لي بوانتير ؟,879,instagram,hichamcookgrill,2025-12-20T10:52:12.000Z,3,,,,,,,
218593,Des prix resonable aki3in rebi inch'Allah,37312,tiktok,@restaurant.madala,2026-01-02T19:34:50.737851,0,,,,,,,
873956,Livraison cheraga demain Ch7al,40410,tiktok,@woodchickendz,2026-01-02T19:45:49.945495,1,,,,,,,
349674,"Juste incroyable, ça fais maintenant 1 ans que j’y vais durant plusieurs week end avec ma famille et comme à chaque fois la nourriture est délicieuse il y a une très bonne ambiance et décoration le service est parfait , si un jour vous allez à Garden City allez dans ce restaurant!",6173,Google Maps,Casbah istanbul,2023-04-10T20:44:33.440Z,0,,,,,,,
873987,Service 0/10 grv ytawlo lyoum 1h30min ou hna nastanaw kml nes t9al9o…ou prix ghali bzf,71940,tiktok,@fidelia,2026-01-02T22:11:53.027275,3,,,,,,,
742919,c vrai bnin bzf tacos t3h  [APPRECIATION] [BOUFFE],48800,tiktok,@yaamy_test,2026-01-02T20:38:22.888839,3,,,,,,,
742935,جزاك الله خيرا اختي,27858,tiktok,@thala,2026-01-02T18:45:06.606608,0,,,,,,,
742939,c ou exactement merci,33436,tiktok,@ambiancefood,2026-01-02T19:21:15.685769,0,,,,,,,
874013,La nourriture est bonne et le service est bon uniquement à casbah Istanbul de Ben Aknoun. Je n'ai pas trop aimé Celui de garden city et si vs y allez prenez avc vs la petite monnaie car si vs leur donnez pas le montant exact ils considèrent le reste comme un pour boire,5638,Google Maps,Casbah Istanbul القصبة اسطنبول,2022-11-13T20:32:46.420Z,0,,,,,,,
874022,Ahmed Bayoud تموتو علا دراما وتمنييخ,12864,Facebook,Restaurant San Benito,2025-10-20T23:05:17.000Z,0,,,,,,,
349741,رني قريب نجي نكسر ريجيم عندك حبيبي [COMPLAINT],1932,instagram,spartacos2019/,2025-10-02T12:38:09.000Z,11,,,,,,,
874048,و السلاطة وين راهي,44078,tiktok,@dzforestrestaurants,2026-01-02T20:11:36.764963,0,,,,,,,
218691,"Toi tu respectes les clients , bravo !",17060,tiktok,@casa_burger1,2026-01-02T18:11:25.343893,2,,,,,,,
611914,Je le classe parmi les derniers endroits à manger des plats turcs il est cher pour rien le goût 5/10 surtout la salades avec les sauces vraiment a déconseillé Malgré la variété des plats 03 étoiles juste pour l’endroit et la réception,5330,Google Maps,Casbah Istanbul القصبة اسطنبول,2023-12-31T22:29:06.011Z,1,,,,,,,
349777,"Il faut y aller super tôt sinon il ne reste pas grand chose, j’y étais à 20:30 … il n’y avait plus de brochettes ;-(",35176,tiktok,@sinai,2026-01-02T19:28:06.172481,0,,,,,,,
349778,حطنا الأسعار باه تفيدنا و إلا مكلاه فيديو,48116,tiktok,@rahmani_food,2026-01-02T20:34:24.680589,0,,,,,,,
218707,وين هادي في عنابة,56740,tiktok,@lucia_annaba,2026-01-02T21:16:20.829747,2,,,,,,,
349785,"Madi Benr Merci beaucoup , Votre satisfaction est notre plus belle récompense",9059,Facebook,"

Sultan Restaurants",2025-10-21T00:24:17.000Z,0,,,,,,,
874074,هذا لحم تاع البرازي هذا اللحم اون بورتاسيون,12614,Facebook,Restaurant Rais,2025-10-14T12:18:17.000Z,0,,,,,,,
349789,Saberi Nazim في سواق بقش مبهدل فيسبوك ويقلك خاتم يجلب رزق علاش مدارش خاتم هذا وجاب رزق لنفسو؟ هذاك علابالك بلي شرك بالله,11280,Facebook,Restaurant Casa Bella - Draria,2025-07-26T21:44:54.000Z,0,,,,,,,
349793,بيتزا رقم 1 في الجزائر، شكرا لكم ومن نجاح لنجاح بإذن اللّٰه. تروح وانت مهني، كاين باركينج، استقبال ما شاء اللّٰه ، سرعة في الخدمة، مصلى و بوكس للي حاب السترة ، اذواق رفيعة وكرم في الاطباق، اللزانيا تحفة، بيتزا 5 أجبان تحفة تحفة ولذيذة ما شاء اللّٰه ، تيراميسو موزون وبنين ، موفقين بإذن اللّٰه. لا يوجد موسيقى,4330,Google Maps,هشام كوك بيتزا,2024-05-31T15:58:50.298Z,0,,,,,,,
743012,c'est des prix raisonnables Machallah . pour ceux qui critiquent ! ça va chwiya achou tenwim batal ? ! inith hamdoullah. tacos athan 450 . les frittes s la sauces fromagère es miettes le poulet.,36954,tiktok,@restaurant.madala,2026-01-02T19:34:41.789477,1,,,,,,,
743019,غزة حبيبي,48444,tiktok,@hafakafood,2026-01-02T20:35:29.188932,1,,,,,,,
874092,La nourriture est excellente j'ai beaucoup aimé personnellement surtout leurs burger c'est une pépite et les serveurs sont très agréables le seul petit soucis c'est l'attente mais c'est tout a part ça l'endroit est magnifique,3650,Google Maps,Laurel Restaurant,2025-07-28T18:31:23.647Z,0,,,,,,,
611954,نحولها مطعم أبو عبيدة,38574,tiktok,@kfc,2026-01-02T19:39:42.221383,0,,,,,,,
874102,وين المكان خويا,11447,Facebook,Restaurant San Benito,2025-07-28T04:04:17.000Z,0,,,,,,,
480887,Super bon et super copieux ! Ce restaurant indien est le meilleur que j'ai jamais fait. Et de loin. Il n'a rien à envier aux restaurants indien que l'on peut trouver en France. Je recommande à 10000%,3010,Google Maps,تاج محل بن عكنون,2025-07-17T11:50:20.647Z,0,,,,,,,
743034,ممنوع ظهور هذ لفيديو بالك كاين لي تتوحم,12744,Facebook,Restaurant Rais,2025-10-13T00:39:29.000Z,0,,,,,,,
874127,تكون جعان بزاف برك تجي بنينه [APPRECIATION],41920,tiktok,@street_food,2026-01-02T19:57:54.385428,0,,,,,,,
874129,خدمات جيدة والطعام لذيذ,4054,Google Maps,هشام كوك بيتزا,2025-07-17T18:02:04.168Z,0,,,,,,,
611986,heureusement prononcé en français .  . chez les kabyle,72464,tiktok,@pont_hydra,2026-01-02T22:13:23.049289,0,,,,,,,
349846,ودرك حال في الصيف ولا قفل,50778,tiktok,@broaster_chiken,2026-01-02T20:59:44.958900,1,,,,,,,
611998,"Nous avons visité le restaurant Hicham Cook pizza et pasta de garidi, ce fut une excellente expérience, un accueil impéccable depuis l'entrée, un service irréprochable, le chef de salle était au petit soin avec nous lah ybarek. Pour la nourriture elle était excellente, pizza bien garnie avec une pate à l'italienne bien aérée. Pour la crêpe croustillante et le fondant au chocolat et les cafés, rien à dire, le goût était au rendez-vous. Pour les prix, ils sont correctes comme ailleurs, ça vaut le coût. La décoration est magnifique, le restaurant est bien entrenu. On reviendra nchallah.",4497,Google Maps,هشام كوك بيتزا,2024-01-05T18:16:51.812Z,0,,,,,,,
743079,tu peux ouvrir un à Annaba stp,45518,tiktok,@budz,2026-01-02T20:16:03.881384,0,,,,,,,
218793,ki ncmondo tchiken tchiz burgeur jamai dirou fromage gratiné malgré sa c bon. la vérité,47852,tiktok,@streetburger02,2026-01-02T20:33:30.644246,4,,,,,,,
743097,"Nice and clean place The food was good, Mojito too. Service was quick Nothing negative to say",7291,Google Maps,Restaurant À Petit Feu,2024-09-04T21:42:09.074Z,1,,,,,,,
480958,", هاذ الكاصكروط إدير 1250 دج. ههههه",12664,Facebook,Restaurant Rais,2025-10-14T12:03:22.000Z,0,,,,,,,
349889,C’est des arriviste,20010,tiktok,@villa_frere,2026-01-02T18:17:42.664364,0,,,,,,,
743106,c'est la première fois que je suis tes recommandations et c'est clairement la dernière fois ! Je te faisais confiance mais quelle erreurc'était nul!,26186,tiktok,@don_sido_,2026-01-02T18:34:36.355666,2,,,,,,,
480963,"600 da le burger, c'est du vol, à ce prix je fais mieux à la maison et pas que pour moi.",33240,tiktok,@new_yorkais,2026-01-02T19:20:40.455380,0,,,,,,,
874195,Nulle jai pas bien aimé malheureusement Surtout pour le tacos je lui donne 3/10 ….,4763,Google Maps,Hicham cook pizza pasta,2023-04-18T10:52:32.644Z,0,,,,,,,
349924,القبة و لا ليسورس فهمونا,10424,Facebook,,2025-11-21T19:21:42.000Z,0,,,,,,,
612072,Je recommence ce restaurant vraiment la nourriture est au top les serveurs sont vraiment au petit soin et les tarifs vraiment abordable je recommande à 100%,6931,Google Maps,Restaurant À Petit Feu,2025-07-03T21:44:48.218Z,0,,,,,,,
481002,مع اسف سيرفيس 00 و سعر مرتفع بزاف بنة مكان والو هدي راي تعي فيه كليت عندو خطرة و ندمت اول خطرة اخر مرة مع آسف,20706,tiktok,@labelladalger16,2026-01-02T18:19:42.861044,1,,,,,,,
349933,la déco il se mange pas. ! nul comme restaurant.,21928,tiktok,@maison_sardoudi,2026-01-02T18:22:36.412443,0,,,,,,,
874231,"Je vous recommande vivement de vous rendre au restaurant - À petit feu - de vieux Kouba pour déguster leurs spécialités culinaires. Une très bonne prise en charge, un service au top ainsi qu’un meilleur accueil vous seront réservés. Je vous laisse le découvrir…",6975,Google Maps,Restaurant À Petit Feu,2025-05-15T16:12:53.281Z,0,,,,,,,
218877,Mon meilleur restaurant w dek salade cesar [APPRECIATION],33328,tiktok,@ambiancefood,2026-01-02T19:21:12.263625,1,,,,,,,
481023,Les prix sont extrêmement élevés ( le millefeuille est à 300 da c le plus cher sur Alget sans aucune particularité ). Je n'ai aussi pas aimé les croissants. J'ai goûté aux sablés diamants on sent le chimique.,3880,Google Maps,L’Alchimiste Pâtisserie,2024-06-02T14:58:29.060Z,0,,,,,,,
874244,يا خو اسم. فخيطاس خاطر مجيش فيه لفريت و نتا الله يبارك,30058,tiktok,@pizza_carie_touati_,2026-01-02T18:54:33.948584,1,,,,,,,
218887,trop beau,14332,tiktok,@les_jumelles,2026-01-02T18:01:24.823663,0,,,,,,,
218904,"C'est très bon, les burgers sont énormes, les serveurs très accueillants au petit soin. Les gens qui critiquent le prix n'oubliez pas que c'est une franchise et elle est cher, à Alger centre les prix sont plus exorbitants. Seulement c'est assez tôt pour les designer les meilleurs, mais c'est le bon Dieu qui donne alors félicitations inch'Allah le service sera toujours impeccable.",28628,tiktok,@american.burger.tizi,2026-01-02T18:47:27.891736,2,,,,,,,
743203,"J’ai l’eau à la bouche, tehia djézaïle  [BOUFFE]",25850,tiktok,@ofennec.officiel,2026-01-02T18:34:12.788124,0,,,,,,,
218930,"Terrible, j'ai commandé des frites et des burgers et nous recevons ça ? Bonne app",8522,Google Maps,American Burger Factory,2023-03-23T13:45:57.172Z,8,,,,,,,
218939,"Service lent , bouffe prend une éternité pour être servi",5398,Google Maps,قصبة اسطنبول,2023-12-03T18:13:21.039Z,0,,,,,,,
612160,انااا نشتي ماكلتكم بصح رجعتو طوولو بزاف فلاكوموند مذابيينا تحسسنو شوي السارفيس برك بسك صح ماكلتكم بنينة وتخدموها ملييح بالتوفيق,16450,tiktok,@soltane.el.kababe,2026-01-02T18:08:26.876255,2,,,,,,,
743239,Une touche très moderne machaalah  [APPRECIATION],1707,instagram,restaurant.cezam,2025-06-29T22:51:39.000Z,1,,,,,,,
874319,c'est où exactement et le nom du restaurant ?,72050,tiktok,@taste_of_india,2026-01-02T22:12:27.682739,0,,,,,,,
350040,La piscine c'est pour nager avant le repas ou après ? Merci,34416,tiktok,@restaurantmonegasque,2026-01-02T19:23:51.925296,1,,,,,,,
350055,Mdr l’accent ! C’est chaloureux n’existe pas . Il faut dire c’est chaleureux elle m’a tué . Parle en arabe c’est beaucoup mieux pour vous .,20260,tiktok,@sebs_garden,2026-01-02T18:18:16.775983,1,,,,,,,
350068,اجماعة بوكس رووعة اشروه وعينيكم مغمضة بنة هايلة,55840,tiktok,@mfood.annaba,2026-01-02T21:14:12.053384,1,,,,,,,
612220,التقديم صفر. الي يسربي مشنف تقول ناكلو بلاش الكوت جا محروق ماكاين حتى جانب يشكر لازم صاحب المحل يراجع جودة الأطباق ويجيب ناس فاهمة للخدمات وتبتسم وتفهم,2566,Google Maps,HichamCook Grill House,2024-01-24T10:06:10.174Z,0,,,,,,,
874371,سعيد سعيد وانت تاني ما تعجبنيش ! ما نعرفش علاش ؟؟,10863,Facebook,Restaurant Casa Bella - Draria,2025-08-13T23:32:21.000Z,1,,,,,,,
219020,ميلونج ب 150 أسعار  [APPRECIATION],12327,Facebook,Restaurant San Benito,2025-10-12T19:53:10.000Z,0,,,,,,,
481164,Makl bazef banin surtout les poutines 3andkm tcous chbb ou ma3ml ta3km 3almyaa,8361,Google Maps,American Burger Factory,2024-05-05T14:09:52.990Z,0,,,,,,,
743312,la rouille a khouya,58368,tiktok,@la.nouvelle.etoile0,2026-01-02T21:20:56.231986,3,,,,,,,
874391,Best resturant at Alger that offers Turkish food,5790,Google Maps,Casbah Istanbul القصبة اسطنبول,2020-01-03T03:05:14.422Z,1,,,,,,,
743329,Sah je confirme le meilleur yehbl,52866,tiktok,@patisserie_annaba,2026-01-02T21:04:17.321831,1,,,,,,,
350146,موح لبان les hommes,133,instagram,amine_la_cantine,2025-12-29T12:36:36.000Z,0,,,,,,,
350149,"C'est ""LE"" restaurant indien en Algérie. The best of the best. Sa qualité est la même depuis 20 ans! Une cuisine excellente. Le personnel est très sympathique. C'est le restaurant le plus propre d'Algérie. Seul bémol: pas de WiFi.",3141,Google Maps,تاج محل بن عكنون,2022-12-02T12:06:25.279Z,0,,,,,,,
874449,"This is the second Casbah Istanbul location we’re trying and as the first one, everything was a delight… from the authentic Turkish food, the kind Turkish waiters to the nice atmosphere. We love this place and we’ll be back!",6139,Google Maps,Casbah istanbul,2023-08-26T19:52:21.894Z,1,,,,,,,
350162,Walid Boudani اه نتوما لي حلبتوه تحبووو تبانو تخلص مليح او تزيد تيتحوز نورمل,8916,Facebook,Restaurant Casa Bella - Draria,2025-12-06T23:53:36.000Z,3,,,,,,,
612314,"Malgré une offre restauration qualitative et une expérience réussie il y'a un an de cela, le service et le management restent à revoir. Nous avons commandé des pâtes bolognaises et au bout d'une 1 minute précise, nous avons opté pour des tagliatelles au saumon, le serveur a refusé de reprendre la commande, nous avons donc fait appel à un des managers de salle, la réponse sidérante de sa part est la suivante 'nous avons un chef très rapide' et sa réponse à mon mécontentement et mon souhait de ne plus revenir était de me dire 'OK, comme vous voulez' Ayant de l'expérience dans le domaine de l'hôtellerie restauration de luxe, Il est extrêmement important d'avoir un management et une expérience client à la hauteur de la qualité des plats proposés, je ne reviendrai plus dans ce restaurant qui ne prend pas en considération les choix et l'expérience émotionnelle de ses clients !",6974,Google Maps,Restaurant À Petit Feu,2025-05-21T20:47:50.932Z,0,,,,,,,
612327,والله يعيف بكري صح كان سرير ،داك نهار شريتو من عند سرير تاع باب الزوار والله مايتكل,43706,tiktok,@serir_alger,2026-01-02T20:09:43.074257,0,,,,,,,
219135,Un endroit cool spacieux avec un service rapide un bon accueil saufs que les plats sont chers paraport la qualité et le goût absent très déçu,6527,Google Maps,Restaurant À Petit Feu,2025-10-15T22:59:44.430Z,0,,,,,,,
350209,صحة ليكم ملي قلتو طنجية مراكشية  [APPRECIATION],68596,tiktok,@cote_oran,2026-01-02T21:57:26.802398,60,,,,,,,
874502,والله العظيم هادا كليت عندو مرضت أنا وبنتي صغيرة عمرها 3 سنين,10956,Facebook,Restaurant Casa Bella - Draria,2025-07-26T17:35:06.000Z,2,,,,,,,
219144,"désoler, ya des fourchettes tres perited pour les escargots.",72228,tiktok,@pont_hydra,2026-01-02T22:13:18.232248,0,,,,,,,
350222,Pour moi c'est un bon prix,11724,Facebook,Restaurant San Benito,2025-07-27T00:42:22.000Z,0,,,,,,,
481309,Excellent service le rapport qualité prix très correct bonne continuation,7252,Google Maps,Restaurant À Petit Feu,2024-09-24T10:04:29.569Z,0,,,,,,,
219167,أنت جامي كان قلتي فاست فود مكان مكان  كل ملاح,53764,tiktok,@guellil._.tasnim,2026-01-02T21:08:12.795329,0,,,,,,,
874527,مزال العرض خويا,55762,tiktok,@mfood.annaba,2026-01-02T21:14:11.208287,0,,,,,,,
743463,والله صح,41516,tiktok,@street_food,2026-01-02T19:57:43.732935,1,,,,,,,
350262,الله يبارك ياحسرى على كريكري,22244,tiktok,@le.balcon1,2026-01-02T18:23:12.557126,0,,,,,,,
481336,"Moi je trouve que le service laisse à désirer, car le serveur vous met tous les plats à table (les premiers et deuxièmes plats), comme si on vous demande de partir vite pour laisser place au prochain. Je trouve la viande trop salé, les plats généreux, mais excessivement chers. Le thé qui est indiqué sur le menu ""offert par la maison"" n'est pas servi. Quatre murs + quatre écrans de télévision et aucune vus vers l'extérieur. Je pense que ça ressemble à un faste food plutôt qu'à un restaurant.",6445,Google Maps,Casbah Istanbul,2018-08-31T17:53:44.521Z,0,,,,,,,
612409,"Endroit familiale , Tres tres bon accuil staff professionel et accueillant service rapide . grand merci a bouelam pour son accueil chaleureux , je recommande fortement",4340,Google Maps,هشام كوك بيتزا,2024-05-18T20:46:09.927Z,0,,,,,,,
219202,غالي بزاف بزاف والله اعم بالتوفيق  [INQUIRY],14318,tiktok,@les_jumelles,2026-01-02T18:01:24.676977,0,,,,,,,
874564,Le meilleur endroit pour un fast-food délicieux,8387,Google Maps,American Burger Factory,2024-03-26T07:23:03.397Z,0,,,,,,,
743499,علاه سميتوه بفرنسية ماشي عربية مطعم تاعكم ؟,11225,Facebook,Restaurant Casa Bella - Draria,2025-07-27T14:54:16.000Z,0,,,,,,,
350294,"Accueil magnifique la propreté au rendez-vous , j’ai pris deux carafes de jus cocktail / mojito c’est cher mais très bon sauf que pour les pizza ils sont trop radin sur les fromages chose qui m’a vraiment déçu si je reviens un jour c’est que c’est un plan B et non pas un choix au départ. Dommage",4302,Google Maps,هشام كوك بيتزا,2024-06-29T17:32:53.847Z,0,,,,,,,
743519,بانتلي السعر مليح,43922,tiktok,@dzforestrestaurants,2026-01-02T20:11:32.869781,3,,,,,,,
481375,1 litre d'eau 100 da هو تاني مردوم,15582,tiktok,@mardoum,2026-01-02T18:07:52.596314,12,,,,,,,
743524,Merci pour l'information on fera un tour inchallah,50762,tiktok,@broaster_chiken,2026-01-02T20:59:44.958878,0,,,,,,,
481381,لالا متلفتليش ربي يحفظك,20720,tiktok,@labelladalger16,2026-01-02T18:19:42.861058,0,,,,,,,
481382,"Bon restaurant, le cadre est agréable, nos plats étaient très bons. Nous avons été accueilli et servi par Asma et Ayoub qui se sont montrés très professionnels. Algérois ou alors que de passage sur Alger n’hésitez pas à aller y mangé. Je recommande vivement  [RECOMMENDATION]",3725,Google Maps,Laurel Restaurant,2024-09-28T21:11:41.934Z,0,,,,,,,
481399,على كايافصي هذي ذرك يغلق,37920,tiktok,@kfc,2026-01-02T19:39:23.690812,1,,,,,,,
481400,Le 216 nooo l'ONALAIT YESSS,57234,tiktok,@_le216_,2026-01-02T21:17:19.475547,1,,,,,,,
350339,غدوا نكون عندك بصح وين وين مسجد الرحمان كاين حوانت ياسر لتما تع ليبوكس,55692,tiktok,@mfood.annaba,2026-01-02T21:14:06.968823,1,,,,,,,
874646,Position gps svp,32890,tiktok,@sinai,2026-01-02T19:18:29.605383,2,,,,,,,
743577,cuisse de poulet mariné 1850 وعلاه cuisse de poulet d'agneau ?,24022,tiktok,@spotter.dz,2026-01-02T18:27:24.951452,0,,,,,,,
874651,"Très bon restaurant indien, produits de qualité. Accueil au top. A recommander vivement.",3148,Google Maps,تاج محل بن عكنون,2022-10-01T07:57:10.865Z,0,,,,,,,
481440,الاكلة الوحيدة لمتنقاش هي  حوته تاعك,12782,Facebook,Restaurant San Benito,2025-10-28T15:50:05.000Z,320,,,,,,,
350375,"Great experience and great food and amazing terrace tables, the service was fast and amazingly nice servers (friendly playing with kids), loved the Turkish guy he was smiley and friendly Overall heart experience, highly recommend and will come again.",6231,Google Maps,Casbah istanbul,2022-08-17T10:01:10.898Z,0,,,,,,,
350378,باسكو فدار طيب فالمقلة خطرة و تغسلها، هو فالمقلة هاذيك ولا البلاكا راهي تفوت عليها شعال من حاجة طيب سما كل حاجه تخلي البنة تاعها تم علابيها يجي بنين,41828,tiktok,@street_food,2026-01-02T19:57:52.064436,0,,,,,,,
612524,Nice fast food meals. Very good for young people or for group,4958,Google Maps,Hicham cook pizza pasta,2019-12-03T11:27:04.056Z,0,,,,,,,
219314,وين راهم جماعة فلسطين الشهداء في الملاعب,38718,tiktok,@kfc,2026-01-02T19:39:50.999247,0,,,,,,,
219322,والله كولو بالسماح. بصحتكم [APPRECIATION],73516,tiktok,@pont_hydra,2026-01-02T22:13:57.016228,0,,,,,,,
612540,La dresse,26110,tiktok,@ofennec.officiel,2026-01-02T18:34:18.580029,0,,,,,,,
350397,سر البنة: خامج وبنين,42100,tiktok,@street_food,2026-01-02T19:58:00.340547,0,,,,,,,
612541,منين يجوا الشتلات هدوا يالطيف,53496,tiktok,@thaisty_dz,2026-01-02T21:07:30.005848,0,,,,,,,
874688,Magnifique endroit,3713,Google Maps,Laurel Restaurant,2024-10-27T20:15:11.196Z,0,,,,,,,
219340,500 نكمل بيها حياتي وانا ناكل عند سنكوشي,44102,tiktok,@dzforestrestaurants,2026-01-02T20:11:38.303322,0,,,,,,,
219341,"je vous félicite, excellent accueil, service rapide très jolie décoration on avait adoré, je le recommande hate j'attends le brunch  [APPRECIATION]",61346,tiktok,@la.criee,2026-01-02T21:24:49.035269,2,,,,,,,
612577,راك دفڨ بزاف لاصوص,54444,tiktok,@mfood.annaba,2026-01-02T21:09:32.002464,1,,,,,,,
219363,تصور فقط انني نفتح مطعم للاكل المغربي الحقيقي بقوامو وطريقتو!,69518,tiktok,@cote_oran,2026-01-02T21:57:59.950482,1,,,,,,,
219374,On a été très mal reçu par une sorte de videur mal élevé. nous interdisant de stationner a côté de l'entrée. tant pis pour eux on a changé de destination et c'était très goûteux,4745,Google Maps,Hicham cook pizza pasta,2023-05-20T10:23:12.681Z,2,,,,,,,
219396,Le nom de thala en kabyle ça veut dire la fontaine en français . juste une précision .,27446,tiktok,@thala,2026-01-02T18:44:44.642194,2,,,,,,,
481554,Très jolie,26562,tiktok,@labelladalger16,2026-01-02T18:37:01.458475,0,,,,,,,
743707,Intoxication après un repas en famille,2416,Google Maps,HichamCook Grill House,2024-10-15T08:04:36.303Z,0,,,,,,,
874779,C’était une très belle expérience Très bon et même le serveur il est serviable et très gentil merci pour l’accueil je recommande,3715,Google Maps,Laurel Restaurant,2024-10-26T16:38:02.647Z,0,,,,,,,
350501,hatona le menu tae les pancakes,448,instagram,"brother.ts
",2024-09-28T12:05:24.000Z,0,,,,,,,
481582,Tdire livraison paris,55744,tiktok,@mfood.annaba,2026-01-02T21:14:08.503687,2,,,,,,,
874803,قبل صح بصح ذركة نقص خلاه,55088,tiktok,@panera_41,2026-01-02T21:12:51.917584,10,,,,,,,
481589,المهم وحدة فينا راهي فرحانة اللهم يدومها عليك عمري  [APPRECIATION],23530,tiktok,@jomane,2026-01-02T18:26:23.435931,96,,,,,,,
219452,وينا بلاصة قدقد ؟,53782,tiktok,@guellil._.tasnim,2026-01-02T21:08:12.795359,1,,,,,,,
874816,bon courage à toi,54464,tiktok,@abdouferrah23,2026-01-02T21:09:47.644362,2,,,,,,,
874819,اولادك يهبلو,71974,tiktok,@signature.dz,2026-01-02T22:12:08.065493,0,,,,,,,
743752,i just this for free?,49990,tiktok,@m7ajeb,2026-01-02T20:44:38.358390,3,,,,,,,
481612,vive les kabyle libres et indépendant  [APPRECIATION],16558,tiktok,@le_dauphin_restaurant,2026-01-02T18:09:32.917305,0,,,,,,,
612697,Magnifique très convivial,65574,tiktok,@maisonsept_oran,2026-01-02T21:43:54.720734,0,,,,,,,
874844,تسما نروح لغيستوغون باش ناكل بوجغللو,73484,tiktok,@pont_hydra,2026-01-02T22:13:56.081909,0,,,,,,,
481634,في كزابيلا كان يدير plat mélange poissonغير ب300الف كي روحنا عندو طلبن هد الطبق قالنا 12000,11631,Facebook,Restaurant San Benito,2025-07-27T01:32:50.000Z,0,,,,,,,
743781,Délicieux wallah.,73280,tiktok,@pont_hydra,2026-01-02T22:13:51.659586,0,,,,,,,
481639,الآغا  [APPRECIATION],59774,tiktok,@maestro_dz13,2026-01-02T21:21:43.379574,0,,,,,,,
874866,علاه قاع مشنّفين ؟ السيرفر و الزبائن ؟!,18164,tiktok,@casabelladraria,2026-01-02T18:14:54.619346,0,,,,,,,
612732,الله يحفظك خويا كيما هاذا شحال ربي يبارك,68542,tiktok,@restaurant_marisco,2026-01-02T21:56:52.182791,0,,,,,,,
874882,va voire le 3a9ide ton à aussi plain qui font le chwa,63638,tiktok,@silyon69,2026-01-02T21:33:10.496100,0,,,,,,,
874884,Authentic Turkish experience in the heart of Algiers. The servers & chefs were themselves Turkish we had a delightful experience that took us straight back to Istanbul for an evening. The best Turkish restaurant you can try in Algeria. Oh and they also have a counter offer with a couple of sandwich options which I didn’t really like compare to the seated menu.,6069,Google Maps,Casbah Istanbul,2023-08-26T19:39:01.161Z,0,,,,,,,
481681,Ou est ce qu'on peut lacheter svp,1141,instagram,L’ENTRACTE,2024-12-31T01:52:38.000Z,4,,,,,,,
219545,vous êtes juste à côté de moi  kont chahda ela chaque haja khdemtoha w kont nesena tkamlo  [APPRECIATION],71616,tiktok,@jardina.coffee,2026-01-02T22:09:37.584050,2,,,,,,,
219548,نطالب من شواي زعيم رغاية يفتح في ليسطاسيو تاع طريق والله كلااو لحم لعيباد تاع اليشير وتاع البرج,691,instagram,chaway_zaimm,2025-07-14T15:19:39.000Z,0,,,,,,,
481698,Très bonne bouffe je recommande,3362,Google Maps,تاج محل بن عكنون,2015-06-07T08:40:15.488Z,1,,,,,,,
219566,كل يوم ديروا هكظا,23324,tiktok,@moonzrestaurant,2026-01-02T18:25:38.448163,1,,,,,,,
612784,Avec de l'huile de live,57594,tiktok,@_le216_,2026-01-02T21:17:27.192038,0,,,,,,,
350645,بشحال المطلوع بلفرماج,29558,tiktok,@fondue.3formages,2026-01-02T18:50:18.514079,1,,,,,,,
350646,كاين موقع تاعها في maps باش نجي,70604,tiktok,@le_petit_chalet,2026-01-02T22:00:28.463109,1,,,,,,,
350649,bonne prix,36978,tiktok,@restaurant.madala,2026-01-02T19:34:42.473863,1,,,,,,,
481732,Salemou3aleykoum. Nous nous somme déplacer de Oran pour l'occasion je voulais absolument gouté ce restaurant pour commencer l'accueil était exceptionnel malgré que j'ai pas réussi à les avoir au téléphone donc pas de réservation les agent vu que j'ai fait plus de 4h de route il mont laisser entré et la personne a l'accueil était très sympatique et très patiente avec les gens vu le monde. jai choisi les box familiales tu mange en tout intimité j'ai pris une entré camembert fondue au noix magnifique ac le pain Maison par contre arrive au plat j'ai pris une viande grillée a 3700 Dinard et comme une souris d'agneau pour mon ami c'était viande dure mal assaisonner légume avec le plat pas bon dutt dommage je n'y retournerais plus très très déçu alors que tout avais bien commencer très chère frère icham que Allah fructifie ton commerce inchallah Tora plus de monde mais vu t vidéo et langoument je m'attendais a quelque chose mieu j'espère tu écoutera les gens qu'il se plaigne car il ya un vrais souci sur les plat voilà je donne mon expérience avec le plus grand respect et le plus honnêtement possible conclusion trop chère et rien de spécial. Barakallahoufikoum j'espère que vous allez vous améliorer bon courage,2812,Google Maps,HichamCook Grill House,2023-01-06T00:19:51.577Z,8,,,,,,,
612807,وقتاش تبلعو و شحال بلا ميلونج راني جاية ضيفة باغية نعشي ولادي عندكم,64858,tiktok,@restaurant_marisco,2026-01-02T21:36:42.002969,1,,,,,,,
743881,"Bravo , le meilleur  [APPRECIATION]",1898,instagram,spartacos2019/,2025-01-10T08:27:30.000Z,4,,,,,,,
481750,تحفة اللهم بارك,18472,tiktok,@helena,2026-01-02T18:16:12.777453,0,,,,,,,
350680,10 محروق,44036,tiktok,@dzforestrestaurants,2026-01-02T20:11:35.500165,0,,,,,,,
612828,Ça parle comme une paysanne dans un restaurant. Rien qui va…,72960,tiktok,@pont_hydra,2026-01-02T22:13:39.620670,0,,,,,,,
743911,امي ابي درارية,10855,Facebook,Restaurant Casa Bella - Draria,2025-07-30T12:34:26.000Z,0,,,,,,,
612848,تمويه في السعر لم يذكر سعر الجميع بل الميلانج ب150 . سعر مفخخ,11951,Facebook,Restaurant San Benito,2025-10-13T17:48:54.000Z,0,,,,,,,
743924,Omg the best food is Algerian,88,instagram,american.burger_dz,2025-11-22T02:48:38.000Z,2,,,,,,,
612861,Coin sympa personnel à lecoute. Bon service . Bouff très bonne bon décor,3305,Google Maps,تاج محل بن عكنون,2018-02-10T22:27:12.458Z,1,,,,,,,
612866,حنا ف البرودة نديرو العيش بالخليع هاذا نديروه ف الصيف,887,instagram,hichamcookgrill,2025-10-21T08:25:43.000Z,5,,,,,,,
743945,C est où exactement,12116,Facebook,Restaurant San Benito,2025-10-13T12:25:51.000Z,0,,,,,,,
612873,راجلها نحسو نبحبهاش كيما حبها للمرحوم محمد ربي يرحمو حتى هي محبت حتى واحد من محمد الله يرحمو,57580,tiktok,@_le216_,2026-01-02T21:17:27.096168,1,,,,,,,
612875,CATSTROFIQUE بمعنى الكلمة و مسخ الشعر في الماكلة مالك خويا نقلعه و ناكل تاكوس ولا ناكلها بيها ب تاكوس باش تزيد في البنة ؟؟؟,2168,instagram,za_eat_35,2025-09-18T20:46:47.000Z,0,,,,,,,
875022,meilleure resto  [APPRECIATION],26528,tiktok,@labelladalger16,2026-01-02T18:36:56.335082,2,,,,,,,
219663,"Très endroit, bon accueil, bon service et rapide, plats très copieux et un pur régal. Peut-être petit bemol: le stationnement. Côté prix, une fois de temps a autres on peut se le permettre. Mais je recommande !",3153,Google Maps,تاج محل بن عكنون,2022-08-17T17:31:27.398Z,0,,,,,,,
481811,شوفة شابة بصح المشكلة الماكلة زدمة,70612,tiktok,@le_petit_chalet,2026-01-02T22:00:29.806811,0,,,,,,,
350741,La nourriture très bonne emplacement parfait hygiène irréprochable et personnel très agréable et accueillant Je valide  [APPRECIATION],4926,Google Maps,Hicham cook pizza pasta,2020-11-07T08:26:19.640Z,0,,,,,,,
875041,Tes une tiktokeuses professionnelle vue ton profil  te connais pas. [APPRECIATION] [INQUIRY],73020,tiktok,@pont_hydra,2026-01-02T22:13:41.377524,0,,,,,,,
612899,"J y étais la semaine passée avec des amis, je n'avais plus met les pieds depuis les années 80 avec mon père. C'est toujours aussi chaleureux, service impeccable et de la bonne bouffe.",3441,Google Maps,Caracoya,2023-11-24T17:24:04.773Z,1,,,,,,,
743971,ماكلتهم بنينة و لا منشقاش؟,24616,tiktok,@laturquoisehotel,2026-01-02T18:30:17.426529,3,,,,,,,
481831,خصني كرية حدا لوتال بسومة رخيص لايعرف يرسلي من فضلك,63328,tiktok,@kartaj,2026-01-02T21:31:41.252254,1,,,,,,,
350762,Le 216,59176,tiktok,@maestro_dz13,2026-01-02T21:21:25.577632,0,,,,,,,
219693,انا نجي ناكل عندكم ياو لوكان عندكم طابلة وحدة,49690,tiktok,@gosto_fast_food,2026-01-02T20:41:40.144256,1,,,,,,,
743984,Professional team,7780,Google Maps,American Burger said hamdine,2023-04-24T11:56:38.653Z,0,,,,,,,
219698,"Endroit sympa, service satisfaisant mais j'ai été très déçue par le plat ""kefta viande"" ou les boulettes de kefta n'avaient que le nom. Le goût des boulettes c'était carrément le goût de la merguez non piquante et dégoulinantes de gras sur un semblant de "" canapé"" qui n'était autre qu'un morceau de pain. Je me demande quel était réellement le mélange de ce 'gras' qu'on propose aux Algériens. Voyant qu'on était mécontents, le responsable s'est heureusement rattrapé en nous offrant une kounafa",5943,Google Maps,Casbah Istanbul,2024-11-05T22:13:41.084Z,0,,,,,,,
219699,السعر جد مرتفع,2829,Google Maps,HichamCook Grill House,2022-12-26T13:18:04.139Z,1,,,,,,,
219702,J’ai bien aimé la poutine poulet fromage et le Philly Cheese Steak.,8288,Google Maps,American Burger Factory,2024-08-06T15:37:35.800Z,0,,,,,,,
612919,Le meilleur qualité et prix très raisonnable  [APPRECIATION],19894,tiktok,@villa_frere,2026-01-02T18:17:37.285657,2,,,,,,,
481846,هذا تاكله اوبليجي باغصك جيعان . بصح تع دار تاكله فوق شبعة وتتقلش,42186,tiktok,@street_food,2026-01-02T19:58:01.955915,0,,,,,,,
350785,"Salam Aleykoum à toutes et à tous. Nous avons voulu tester après avoir vu votre publicité ! On peut comprendre qu’un restaurant soit en rodage les premiers jours mais un rodage sur tous les postes ça devient très très compliqué ! Après presque 1h d’attente après la commande une partie des plats arrivent… rien d’exceptionnel, qualité très moyenne , mangeable et pas plus ! Des plats même pas entamés… trop salés, c’est finalement la faim qui a fait que l’on mange ! Très très cher pour l’Algérie  vu le niveau ! Bref A DÉCONSEILLER VIVEMENT POUR LE MOMENT ! Sur une facture de 15800 dinars pour 4 personnes sans le moindre excès dans les commandes un responsable propose un avoir de 2500 dinars pour notre prochaine venue ! Malheureusement, nous ne reviendrons pas. Mais merci à ce responsable et remboursement d’un Ramen !",1289,instagram,madisushioran,2025-09-16T15:22:58.000Z,1,,,,,,,
875079,Le meilleur endroit pour se poser entre famille et amis c’est calme et les pâtisseries sont délicieuses  Bravo à toutes l’équipe  [APPRECIATION] [BOUFFE],23,instagram,6sens_pastry,2025-06-14T18:47:07.000Z,7,,,,,,,
219722,"service rapide, accueil hayeel, la bouffe est très bonne prix abordable merci américain dinner",4705,Google Maps,Hicham cook pizza pasta,2024-04-13T19:31:12.117Z,1,,,,,,,
744016,كون بيبيتلي برك عمو عباس تلقاني عند الباب حاضر ناضر ههههههه,15790,tiktok,@mardoum,2026-01-02T18:07:56.870218,0,,,,,,,
350830,c est ou merçi,63670,tiktok,@silyon69,2026-01-02T21:33:11.371215,0,,,,,,,
744056,"Service très rapide, serveur Sofiane très serviable et gentil je recommande",4271,Google Maps,هشام كوك بيتزا,2024-07-30T20:40:33.513Z,0,,,,,,,
481912,"Very bad pizza, peal made with bourghl not rice with chicken and meat! Really disappointed",7685,Google Maps,Restaurant À Petit Feu,2023-11-14T19:04:41.478Z,1,,,,,,,
744065,روح تقود. روح تعطي. حسان,12334,Facebook,Restaurant San Benito,2025-10-13T14:26:12.000Z,0,,,,,,,
219787,امبعد اشكي قول عندي القولون العصبي,12611,Facebook,Restaurant Rais,2025-10-13T15:35:19.000Z,0,,,,,,,
744078,Soyez les bienvenus chez nous  [APPRECIATION],45842,tiktok,@ifood_31,2026-01-02T20:18:07.968457,7,,,,,,,
875152,la pité,48874,tiktok,@le77tizi,2026-01-02T20:38:55.682644,4,,,,,,,
350865,مشاءالله عليكم اطباقكم الكل بنينة,10189,Facebook,Restaurant Tabarka Annaba,2025-12-23T19:33:52.000Z,0,,,,,,,
219794,"The food is good but isn't as good as the first days of the opening, the service is quite good and fast, i hope it will get better.",4786,Google Maps,Hicham cook pizza pasta,2022-11-12T22:45:22.447Z,1,,,,,,,
744091,C super bon,25330,tiktok,@lovers_grill,2026-01-02T18:33:43.549965,2,,,,,,,
744099,hotel elkhalij c etait le seul fi chapuis a l époque ta3 el3az,28496,tiktok,@restaurant.primo,2026-01-02T18:46:28.061349,0,,,,,,,
481966,البيزا مليحة ، حاجة وحدوخرا ديع برك دراهمك في الماكلة الغالية وين في جوايه وحدوخرين نفس menu بسومة رخيسة و,4599,Google Maps,Hicham cook pizza pasta,2025-12-23T08:16:22.015Z,0,,,,,,,
613038,au Kremlin Bicêtre. un régal,35814,tiktok,@sinai,2026-01-02T19:28:26.254476,0,,,,,,,
350899,وراء العيد نشالله,53752,tiktok,@guellil._.tasnim,2026-01-02T21:08:11.755088,0,,,,,,,
481982,Miser un peu sur la déco serait un plus,15352,tiktok,@fouka.marine,2026-01-02T18:07:32.483992,2,,,,,,,
875199,ou ça,36154,tiktok,@sinai,2026-01-02T19:28:36.581695,0,,,,,,,
744129,Magnifique contenue et produit  [APPRECIATION],2149,instagram,wonder_food.s,2025-01-13T20:16:08.000Z,1,,,,,,,
875202,اقسم بالله ريستورون اللي تبيع فيها امراة ما ندخلهاش,13011,Facebook,Restaurant San Benito,2025-10-13T13:51:49.000Z,0,,,,,,,
875206,Mashaallah les frères bravo,35246,tiktok,@sinai,2026-01-02T19:28:06.953468,0,,,,,,,
613069,"hummmm, ça donne faim. bravo frère",45336,tiktok,@budz,2026-01-02T20:15:55.784810,0,,,,,,,
744145,les prix resonable,37174,tiktok,@restaurant.madala,2026-01-02T19:34:46.679264,1,,,,,,,
219857,Hind winta nroho chlef naklouh 3and Zaki [APPRECIATION],40104,tiktok,@streetburger02,2026-01-02T19:44:07.919442,1,,,,,,,
482034,"Personnel accueillant, bonne bouffe",3506,Google Maps,Caracoya,2020-10-07T08:25:42.538Z,0,,,,,,,
613106,تطور كبير,47346,tiktok,@street_food,2026-01-02T20:31:30.576954,1,,,,,,,
613114,Ttarrek Chhevval ابغابة بن مراد برج الكيفان وهذا هو الموقع https://maps. app. goo. gl/TJSKoH1ae6Mn7c9f9? g_st=ac,9212,Facebook,Dz Forest Restaura,2025-10-16T17:49:56.000Z,0,,,,,,,
482044,"The food was great and it was service was amazing, and mounir’s services was great and help fill in our order and the food quantity was big quantity it could make me full for the whole day",6860,Google Maps,American Burger said hamdine,2025-07-20T12:53:32.299Z,0,,,,,,,
350973,حتى ليل تخدمو,24380,tiktok,@raclitta,2026-01-02T18:28:24.667477,0,,,,,,,
482048,ouvert au mauvais moment,38778,tiktok,@kfc,2026-01-02T19:39:54.161102,0,,,,,,,
219914,كي نفوت عليه برك شحال نخلص [INQUIRY],18542,tiktok,@helena,2026-01-02T18:16:13.669195,0,,,,,,,
744207,restaurant openair los Angeles,69784,tiktok,@chtibo_oran,2026-01-02T21:58:33.586476,1,,,,,,,
350996,Il est trop mignon,64958,tiktok,@vibe.bistrot,2026-01-02T21:38:30.077981,1,,,,,,,
350999,غزة واحد ماراه واقف معاهم غير ربي سبحانه,38294,tiktok,@kfc,2026-01-02T19:39:31.574333,0,,,,,,,
482076,bateaux cassé rond point w tadkholl,22562,tiktok,@le_perchoir,2026-01-02T18:25:07.867938,3,,,,,,,
613152,les jumelles,14622,tiktok,@les_jumelles,2026-01-02T18:01:33.204513,0,,,,,,,
744238,Service médiocre et expéditif la bouff est moyenne vu les prix de la carte. Je ne recommande pas ce restaurant,5831,Google Maps,Casbah istanbul,2025-08-10T00:09:27.102Z,0,,,,,,,
744243,في متناول رياض محرز,880,instagram,hichamcookgrill,2025-12-19T20:58:30.000Z,4,,,,,,,
744260,nice indian food,3366,Google Maps,تاج محل بن عكنون,2015-02-18T19:59:56.953Z,1,,,,,,,
351069,"J'ai testé beaucoup de restaurants sur Alger, Hichem cook ce place aisément parmi les meilleurs, très bonne cuisine très généreuse, un excellent service, ils m'ont accueilli même si je n'avais pas de réservation, et les prix sont représentatif de la qualité et de la quantité du repas sans être exorbitant, je le recommande vivement",2771,Google Maps,HichamCook Grill House,2023-03-02T10:24:05.128Z,0,,,,,,,
220004,براكا خير يا صحيبي طكطكار,55660,tiktok,@askim_food,2026-01-02T21:13:35.596574,0,,,,,,,
220008,Très bonne bouffe mais malheureusement trop cher.,3160,Google Maps,تاج محل بن عكنون,2022-07-26T07:45:42.828Z,1,,,,,,,
613225,kdah ربي عيشك,52280,tiktok,@uncles_burger_dz,2026-01-02T21:03:28.158445,0,,,,,,,
744296,حوان عليوا مشاء الله خير الناس,30628,tiktok,@gazouzafood2019,2026-01-02T19:05:30.586622,1,,,,,,,
875378,ماشاء الله تبارك الرحمن ربي يقدركم ني نشم في بكبوكة من هنا,35260,tiktok,@sinai,2026-01-02T19:28:07.777392,0,,,,,,,
351096,L'accueil est catastrophique la chaine 3and elbab metna belberd avec les enfants le service lourd w yroh maywelich on commader des boissons majabohomch 3 fois w hna n3awdolo,4482,Google Maps,هشام كوك بيتزا,2024-01-11T09:15:55.449Z,0,,,,,,,
875391,والله كامل مرض ، وخطير على الأوعية الدموية والقلب، ما كاس كيما ماكلة الدار,48604,tiktok,@hafakafood,2026-01-02T20:35:34.018626,0,,,,,,,
875396,Un lieu familial et bon repas,6392,Google Maps,Casbah Istanbul,2019-08-20T03:16:35.021Z,0,,,,,,,
482190,"J'ai parlé arabe, monsieur, car vous êtes en Algérie. En France, les Français ne vous parlent pas arabe. Merci.",14080,tiktok,@le_dauphin_restaurant,2026-01-02T18:00:55.718294,0,,,,,,,
613263,"Belle endroit . Plusieurs étages, très propre. Accueil souriant. Plat assez copieux et très bons. Prix convenable pour la qualité générale. Je recommande cet endroit.",6511,Google Maps,Restaurant À Petit Feu,2025-10-20T23:29:44.074Z,0,,,,,,,
875422,خصكم غير الموسطاش ولحية مبقيش بزاف على تولو رجال ذكورا .,13164,Facebook,Restaurant San Benito,2025-10-12T23:17:10.000Z,0,,,,,,,
875433,-peu mieux faire sur le plan des prix -la pizza est bien -les pattes aussi,4594,Google Maps,هشام كوك بيتزا,2023-12-05T19:22:19.088Z,7,,,,,,,
351145,كاينة  [APPRECIATION],41876,tiktok,@street_food,2026-01-02T19:57:53.500982,0,,,,,,,
744364,Franchement on peut trouver mieux w mou3amala 00  [COMPLAINT],63840,tiktok,@silyon69,2026-01-02T21:33:15.618114,0,,,,,,,
875437,تربية الأرانب حلوي لخضر تقول دجاج,12800,Facebook,Restaurant San Benito,2025-10-12T22:24:43.000Z,0,,,,,,,
220081,Consistency,3208,Google Maps,تاج محل بن عكنون,2020-09-25T18:44:36.703Z,0,,,,,,,
220086,وين فاتح في الجي,48714,tiktok,@cassecroute_dz,2026-01-02T20:37:02.209892,1,,,,,,,
613310,1er mauvais resto à Alger,7831,Google Maps,American Burger Factory,2025-02-28T20:54:33.908Z,0,,,,,,,
744382,le prix ?,66066,tiktok,@restaurant_mani,2026-01-02T21:47:12.759948,0,,,,,,,
613318,ما شاء الله، كل شيء جميل، لم اندم على الأكل عندهم ليوميين متتاليين الرجاء منكم ان تواصلو على نفس المنوال,8042,Google Maps,Restaurant À Petit Feu,2023-01-09T17:05:34.975Z,0,,,,,,,
875469,بلبراكة عليكم ديرولنا فيديو كيفاه نجو ليكم معرفتش وين بالضبط,20024,tiktok,@darlmima,2026-01-02T18:17:55.879568,0,,,,,,,
613326,El Corleon عيب تقارن بين واحد يخلص ب الاورو او واحد يخلص ب الدينار اخر عملات العالم,9057,Facebook,Dz Forest Restaura,2025-10-27T22:47:03.000Z,0,,,,,,,
351183,Atelier le deuxième portail de bastos,22112,tiktok,@maison_sardoudi,2026-01-02T18:22:39.538581,0,,,,,,,
744406,"Service très rapide (on est arrivé vers 13h30), les plats étaient copieux et délicieux. L'endroit est spacieux et agréable. Expérience à refaire très bientôt.",5436,Google Maps,Casbah Istanbul القصبة اسطنبول,2023-06-04T11:47:27.098Z,0,,,,,,,
482263,التلوث يلعب دور,41956,tiktok,@street_food,2026-01-02T19:57:55.160003,0,,,,,,,
220126,Franchement déçu sur tout la cuisine très fade pas de goût la table était rempli de fourmi la cuisson mauvaise j'ai commandé une entrecôte elle était très dur impossible à manger j'ai redemandé une autre entrecôte elle était aussi dur que la première les plats arrive froid on dirait une cantine je ne conseille pas du tout ce restaurant zéro,2438,Google Maps,HichamCook Grill House,2024-08-29T23:46:00.170Z,2,,,,,,,
220128,Meilleure servise Hani,7948,Google Maps,American Burger Factory,2025-02-07T21:37:32.468Z,0,,,,,,,
744422,"Très mauvaise expérience et la dernière inchallah, on arrive en famille la salle sans climatisation, service Très lent et les plats servis séparément, les serveurs OUT, honnêtement c un BIG Flop, à fuire.",4043,Google Maps,هشام كوك بيتزا,2025-08-02T22:11:58.112Z,0,,,,,,,
220136,وين بضبط اخ,17046,tiktok,@casa_burger1,2026-01-02T18:11:25.343882,0,,,,,,,
351213,"Meilleur restaurant à Alger. Tout y est parfait. Les plats, l’accueil, le service et ceci depuis plus de 14 ans qu’on y va. Bonne continuation.",3175,Google Maps,تاج محل بن عكنون,2022-03-09T20:20:43.410Z,1,,,,,,,
220156,حبيت ناكل بصح معنديش كيفاه ندير  [COMPLAINT],39940,tiktok,@streetburger02,2026-01-02T19:44:04.469180,1,,,,,,,
613388,Une bonne expérience j'ai commandé deux Burgers qui étaient super bon un coup de cœur à skander et hani,8260,Google Maps,American Burger Factory,2024-09-11T22:47:54.028Z,0,,,,,,,
482322,pas du tout bon. ya mieux,26402,tiktok,@lovers_grill,2026-01-02T18:34:57.644747,0,,,,,,,
351251,قاطع قاطع قاطع باطل مندخلوش,38958,tiktok,@kfc,2026-01-02T19:40:01.812252,0,,,,,,,
875548,"Très bon restaurant, plat très bons et généreux, service rapide. Point négatif : pas de toilettes dans le restaurant",5307,Google Maps,قصبة اسطنبول,2024-08-09T17:37:41.239Z,0,,,,,,,
220190,C'est pour les touristes français cette pub ! ?,22062,tiktok,@maison_sardoudi,2026-01-02T18:22:38.675972,0,,,,,,,
351268,"Super restaurant au top , personnel au petit soin , cuisine excellente le meilleur restaurant au niveau gustatif et accueil, bravo à tous le personnel et au cuisinier tout vos plats étaient parfait c’était l’excellence dans tout les sens du terme vous méritez 10 étoiles",7823,Google Maps,Restaurant À Petit Feu,2023-07-27T23:47:25.354Z,2,,,,,,,
351296,deux grands artistes,71256,tiktok,@pont_hydra,2026-01-02T22:07:17.288584,0,,,,,,,
875609,سلام عليكم من فضلك دير لي بري الثمن,20414,tiktok,@labelladalger16,2026-01-02T18:19:36.965657,0,,,,,,,
482394,Jomane Restaurant  [APPRECIATION],23540,tiktok,@jomane,2026-01-02T18:26:23.435941,19,,,,,,,
875611,Excellent cuisine à ne pas rater sur Alger Ben aknoun,3092,Google Maps,تاج محل بن عكنون,2024-01-05T21:26:00.539Z,0,,,,,,,
482398,اكدلنا علي prix بالدينار ولا الاورو,50738,tiktok,@broaster_chiken,2026-01-02T20:59:42.104953,23,,,,,,,
875617,bonjour pourrez-vous me dire ou se trouve le resto wilaya DZ ? s'il vous plaît,34878,tiktok,@sinai,2026-01-02T19:27:59.300974,2,,,,,,,
220259,Félicitations mia tu mérite ma chérie  [APPRECIATION],2025,instagram,the____bakery,2025-10-11T20:58:42.000Z,0,,,,,,,
351336,يعطيك الصحة الوصفة من فضلك  [APPRECIATION],14718,tiktok,@cuisineofalgeria,2026-01-02T18:05:58.326533,0,,,,,,,
220283,J'étais la avec ma femme ils la regardaient tout le temps… ce n etait pas confortable… mauvaise expérience… la première fois et ce sera la dernière,4040,Google Maps,هشام كوك بيتزا,2025-08-07T00:14:29.789Z,0,,,,,,,
220286,Généralement je prenais la pizza cannibale mais lors de ma dernière visite c'était vraiment pas bon,4722,Google Maps,Hicham cook pizza pasta,2023-11-08T15:15:17.392Z,0,,,,,,,
482451,W tarte citron ti3ouuuu thbl  [APPRECIATION],52886,tiktok,@patisserie_annaba,2026-01-02T21:04:18.313492,1,,,,,,,
613525,شحال عندي ماشفتش راجل يدير إشهار حتى فالعقارات ولاو غير النساء,10328,Facebook,,2025-11-08T19:11:59.000Z,0,,,,,,,
744598,"Plats assez bons et prix raisonnable, manque un peu de vérité pour les Plats, le service est de haute gamme et très rapide, personnel très gentil. pourvus que ça dure j'y reviendrai certainement",4325,Google Maps,هشام كوك بيتزا,2024-06-02T01:24:58.993Z,1,,,,,,,
220315,chaleureux  c est beau c vrais,20266,tiktok,@sebs_garden,2026-01-02T18:18:16.775990,0,,,,,,,
351395,"Je conseille aux clients de vérifier leurs tickets de caisse. On nous a comptabilisé des produits très proches de ceux qu’on a commandé et lorsque nous avons attiré l’attention du gérant ou patron, il n’a rien voulu savoir !",7126,Google Maps,Restaurant À Petit Feu,2025-05-03T04:26:30.209Z,0,,,,,,,
613541,"Coup de gueule. Un mix d'entrées très froid, on dirait qu'il avait passé plusieurs jours au frigo, de même pour la viande du kebbe qui sentait mauvais. Quand je signale cela au serveur, monsieur me répond que notre table est la 254e de la journée. Je lui ai demandé s'il l'avait goutté, il s'est tu. Incroyable. On a rendu les assiettes entières, aucune excuse ni geste commercial. Never again. Pour le prix y a sûrement mieux au GARDEN.",6111,Google Maps,Casbah istanbul,2023-12-24T20:14:45.681Z,1,,,,,,,
351408,"C est pas fameux, on a demandé un tacos gratiné jaboholna non gratiné w khelso le même prix. La livraison est hyper chère (livraison avec une moto) a 700 da? C de l'arnaque.",8378,Google Maps,American Burger Factory,2024-04-15T09:02:16.390Z,0,,,,,,,
220337,‏النفاق والاعتناء ق,11346,Facebook,Restaurant Casa Bella - Draria,2025-07-28T09:40:09.000Z,0,,,,,,,
613568,boulevard de la soumame,64480,tiktok,@cintra,2026-01-02T21:34:51.788204,0,,,,,,,
482498,ومن هنا نستنتج ان الحلزون مات وهو ساتر روحو,73124,tiktok,@pont_hydra,2026-01-02T22:13:48.278939,0,,,,,,,
351440,تحيا لطيفة,66560,tiktok,@bakhcis_oran,2026-01-02T21:50:36.560305,10,,,,,,,
613598,ya pas un menu pour ceux qui n aiment pas les poissons?,61184,tiktok,@la.criee,2026-01-02T21:24:42.236957,0,,,,,,,
351467,Mohamed Kaïr والله الا عندك الحق صديقي حتى انا,10822,Facebook,Restaurant Casa Bella - Draria,2025-08-11T17:01:18.000Z,0,,,,,,,
613620,صح افضل,43630,tiktok,@serir_alger,2026-01-02T20:09:38.628013,1,,,,,,,
351483,"Bonne acceuil, bien servie, personnels au ptits soin, de bonnes saveurs, a visité",3291,Google Maps,تاج محل بن عكنون,2018-06-30T00:39:13.376Z,1,,,,,,,
613652,تسما عشا تع 2 عيباد يستقام مليون,17514,tiktok,@seven.times.luxury,2026-01-02T18:13:14.373588,0,,,,,,,
482584,Moment agréable ainsi qu'une qualité de plats. Endroit calme et diversifié dans le menu. Je recommande ce restaurant.,7161,Google Maps,Restaurant À Petit Feu,2025-02-04T19:49:04.892Z,0,,,,,,,
351518,You are the Best,580,instagram,"brother.ts
",2024-07-24T06:37:32.000Z,0,,,,,,,
613676,دارت credit bonker باش طلبت,65120,tiktok,@restaurant_marisco,2026-01-02T21:40:04.468091,7,,,,,,,
482605,مقاطعة اينا مكان,38788,tiktok,@kfc,2026-01-02T19:39:54.161111,0,,,,,,,
744753,les prix resonable  [RECOMMENDATION],54808,tiktok,@luestro_annaba,2026-01-02T21:12:14.069592,0,,,,,,,
744754,parmi les meilleurs,26852,tiktok,@seven.times,2026-01-02T18:39:15.318144,0,,,,,,,
613682,Honnêtement ? C'est pas du tout fameux. Vraiment rien de spécial.,7910,Google Maps,American Burger said hamdine,2022-02-22T23:10:58.288Z,0,,,,,,,
875832,شحال لسندوش,9379,Facebook,,2025-10-26T13:42:54.000Z,0,,,,,,,
875836,ياكلو عندك غير صحاب رشوة,10645,Facebook,,2025-12-19T19:04:39.000Z,0,,,,,,,
875849,rakom f tendance hbb bonne continuation,22832,tiktok,@le_perchoir,2026-01-02T18:25:14.639734,0,,,,,,,
220492,علاش شحال كانو يديرو قبل لبرومونسيو,47600,tiktok,@bazookadz,2026-01-02T20:32:29.908478,0,,,,,,,
351574,صحة خويا ربي يحفظك حطولنا في لابليكاسيو delivery dz مالقيتوش تم ماكمش حاطينو,40106,tiktok,@streetburger02,2026-01-02T19:44:07.919445,2,,,,,,,
220506,رووووعة,67210,tiktok,@bladi_oran,2026-01-02T21:51:39.728516,0,,,,,,,
351593,"Le riz blanc a un arrière gout, je pense qu'il n'a pas été rincé avant cuisson. Dommage ça a gâché l'expérience, sinon je trouve que les autres resto indiens (Mahraja ou même Taste of India) sont mieux.",3165,Google Maps,تاج محل بن عكنون,2022-05-31T10:02:08.742Z,3,,,,,,,
875895,أنس أنيس ماكلة تنعاف ياك والله غير عيب,9535,Facebook,"  Restaurant elassil








",2025-12-27T17:28:30.000Z,0,,,,,,,
875904,صلاح الدين إناس أنس 50 غالي,9733,Facebook,Dz Forest Restaura,2025-10-13T16:22:04.000Z,0,,,,,,,
351622,قرعة ماء 10لاف,15532,tiktok,@mardoum,2026-01-02T18:07:49.011696,20,,,,,,,
482694,كليت عندو مكان والو عطالي فريت بايتة وغالي بزاف,47964,tiktok,@rahmani_food,2026-01-02T20:34:20.221972,1,,,,,,,
744840,Nul pire fast food de kouba arrogance extrême t9ol rahom ymedoulek batel m ki djahom l'ambassadeur Américain ils se sentent plus yal mekhlou3in,8707,Google Maps,American Burger Factory,2021-07-17T18:15:28.025Z,1,,,,,,,
351634,و الحوتة تاعك كيفاش,13375,Facebook,Restaurant San Benito,2025-12-16T19:53:28.000Z,0,,,,,,,
875937,بسك هدا يتخدم بل كراطا,41976,tiktok,@street_food,2026-01-02T19:57:56.860856,0,,,,,,,
482728,macha-allah TABARKA-ALLAH tajine marocains ET TANJIA L'MARRAKCHIA  à ORAN  BASSAHA TAHIYATI  [TREATMENT],69512,tiktok,@cote_oran,2026-01-02T21:57:59.950477,1,,,,,,,
744875,فالدار نتا ديرو برى تاكلو واجد,42018,tiktok,@street_food,2026-01-02T19:57:58.527998,2,,,,,,,
220588,"Restaurant magnifique, service irréprochable, le personnel est vraiment très accueillant , on se sent à l’aise. Le personnel parle plusieurs langue j’ai été choqué de les voir parler arabe, français et anglais parfaitement , Allah y berek. J’ai l’habitude de venir ici lors de tous mes voyages à Alger , que ça soit pour le petit déjeuner , pour le déjeuner du midi ou même un brunch , endroit tranquille très bien fréquenté , salle fraîche et aéré. J’ai l’habitude d’y venir entre amies et en famille, je reviendrai sans hésiter comme d’habitude !",3658,Google Maps,Laurel Restaurant,2025-07-14T05:38:26.306Z,0,,,,,,,
613809,"To avoid sincerely A éviter service rapide mais qualité de viande médiocre ainsi que les prix sont très élèves par rapport à la qualité. Aucun goût , le burger n'est pas du tout fameux",8541,Google Maps,American Burger Factory,2023-01-26T07:39:38.846Z,3,,,,,,,
351675,كل شيء راه حارقه ويقوله من كل شي زهرة,9485,Facebook,"  Restaurant elassil








",2025-12-17T14:41:04.000Z,2,,,,,,,
220604,كاين لاليفغيزةن؟,17132,tiktok,@casa_burger1,2026-01-02T18:11:29.349442,0,,,,,,,
351677,الناس راهي مشتاقة هدا مكان,12670,Facebook,Restaurant Rais,2025-10-12T22:32:16.000Z,0,,,,,,,
744899,klit Endh mais normal W mknch ge les sous,45796,tiktok,@mister_n_alger,2026-01-02T20:17:49.648126,0,,,,,,,
220617,Salaire. dun. journalier,11839,Facebook,Restaurant San Benito,2025-07-27T10:57:04.000Z,0,,,,,,,
613842,أنا شفت وجبة كاملة و مختلفة و صحية برافو شاف,62224,tiktok,@hamidhamid806,2026-01-02T21:29:09.825907,1,,,,,,,
875994,ماشي تشبه بالكفار,11339,Facebook,Restaurant Casa Bella - Draria,2025-07-27T13:50:40.000Z,0,,,,,,,
482781,Quand vous commandez un mokhito . ils vous donnent un jus de citron avec quelques feuilles de ! Ça c’est un jus de citron c’est pas un mokhito En plus quand vous réclamez vous êtes ignorer de la part de monsieur Hichem •••,4522,Google Maps,هشام كوك بيتزا,2023-12-25T17:44:14.903Z,0,,,,,,,
875998,وين بيت جدي,53856,tiktok,@guellil._.tasnim,2026-01-02T21:08:14.207229,0,,,,,,,
744930,Hamid Le Grand علاه راك طيح النبي محمد صلى الله عليه وسلم يارخيس ينقش يلمخنز الرسول صلى الله عليه وسلم أطهر منك يا واحد الخامج ياجيفا,10022,Facebook,Dz Forest Restaura,2025-10-13T10:24:11.000Z,0,,,,,,,
351726,Y’a que la deco li chaba service très long makla ri chkil les prix trop chère w li tgoulilah 3la plat ygoulak makanch j’ai pas aimé,14124,tiktok,@les_jumelles,2026-01-02T18:01:16.708088,5,,,,,,,
613884,الحظيرة 00,3126,Google Maps,تاج محل بن عكنون,2023-03-20T06:43:02.668Z,0,,,,,,,
220669,لا لا غير بدل السومة راك مسامح .,11558,Facebook,Restaurant San Benito,2025-10-18T21:22:29.000Z,0,,,,,,,
482814,c'est incroyable surtout chorba frik et brick,35788,tiktok,@sinai,2026-01-02T19:28:25.381641,0,,,,,,,
876034,et la prix,9033,Facebook,"

Sultan Restaurants",2025-10-21T16:39:33.000Z,0,,,,,,,
482821,Très bon endroit ! Du personnel souriant et aimable et une bonne cuisine. A essayer sans hésiter ! Très bon goût musical ! On reviendra,3634,Google Maps,Laurel Restaurant,2025-08-19T20:47:06.979Z,0,,,,,,,
744968,كلامك عسل الله يبارك,13308,Facebook,Restaurant San Benito,2025-10-14T16:30:10.000Z,1,,,,,,,
613897,Ra hchem ygoulha Marocan Tagine end Tanjya !,68932,tiktok,@cote_oran,2026-01-02T21:57:37.998490,2,,,,,,,
744969,والله اسوء مطعم لحم مستورد بالثمن باهيظ الندل واقف عند راسك نتا تكل وهو يرفد في طبصا والله غير خليع لبنة ربي جيب عندو كنافة فقط,5934,Google Maps,Casbah Istanbul,2024-12-25T19:41:25.731Z,1,,,,,,,
220712,مشكل في والديك ماشي فيك,13723,Facebook,Restaurant San Benito,2026-01-01T08:30:45.000Z,0,,,,,,,
876073,ryah wache rak mon ami,40994,tiktok,@derby.food,2026-01-02T19:50:05.693616,1,,,,,,,
220720,اسمحلي كلينا عندو جاج مردوم ماعندي حتى بنة زيرو,16286,tiktok,@mardoum,2026-01-02T18:08:08.760146,0,,,,,,,
220749,Le meilleur des American burger,7240,Google Maps,American Burger said hamdine,2025-02-12T23:19:02.670Z,0,,,,,,,
482901,كليت عندو والله ماتصلح يقلي بزيت قديمة والحوت تحت صفر وعلى كلامي نتحاسب,11647,Facebook,Restaurant San Benito,2025-07-27T14:38:37.000Z,0,,,,,,,
351836,il y a des chose a faire dans le secteur car sa reste a 1h de chez moi sans embouteillages,32422,tiktok,@restaurant_iceberg,2026-01-02T19:16:41.139499,0,,,,,,,
220770,يا ربي ان شاءالله ما يكونش تاع حمار برك,12601,Facebook,Restaurant Rais,2025-10-14T13:10:08.000Z,0,,,,,,,
482928,يعطيك الصحة خويا excellente,14342,tiktok,@les_jumelles,2026-01-02T18:01:25.734756,0,,,,,,,
876145,والأسعار كيفاه هههه,17596,tiktok,@seven.times.luxury,2026-01-02T18:13:16.684562,0,,,,,,,
220791,sincèrement la gastronomie algérienne maghrébin en général la meilleure,32974,tiktok,@sinai,2026-01-02T19:18:31.100602,0,,,,,,,
614015,prix frr 2 parson,70246,tiktok,@le_petit_chalet,2026-01-02T22:00:16.570503,1,,,,,,,
876195,"Lieu sympa, les serveurs débutants Pizza goût absent.",4359,Google Maps,هشام كوك بيتزا,2024-05-06T15:48:41.285Z,0,,,,,,,
745129,طعم لعفن بنين,42012,tiktok,@street_food,2026-01-02T19:57:58.527988,2,,,,,,,
351917,veuillez donner l'adresse exacte s'il vous plaît. Saint Cloud c'est vaste et non précis.,56888,tiktok,@papillons827,2026-01-02T21:16:42.512481,0,,,,,,,
876209,Trempe l’œil catastrophique la première et la dernière que j’achète mn 3ndehom mille feuille à 300da mahrou9aaaaa,3831,Google Maps,L’Alchimiste Pâtisserie,2025-07-28T19:07:58.304Z,0,,,,,,,
614077,ممكن صفحة المكان واسمه,32988,tiktok,@sinai,2026-01-02T19:18:31.170544,0,,,,,,,
483016,نسحقهم كامل وربي يحفظك,49768,tiktok,@farouk.tacos,2026-01-02T20:42:08.671794,0,,,,,,,
745167,سخفتيني في البوتين هداكا مي مالقيتش السعر  [COMPLAINT],52292,tiktok,@uncles_burger_dz,2026-01-02T21:03:29.079481,0,,,,,,,
876246,من فضلك التوصيل كاين؟,32318,tiktok,@restaurant_gizay,2026-01-02T19:15:25.042084,0,,,,,,,
614113,"Alors trois expériences trois énervements ! Aujourd’hui fallait que je laisse un commentaire, Restaurant sensé être ouvert jusqu’à minuit (horaires officiels internet), on arrive avec des amis on nous dit que la cuisine ferme à 22h30, je demande à ce que on nous fasse une faveur car il été 20h30 pile, on nous répond que à 22h29 on aurait pu être servi mais à 22h30 c est trop tard ! Pour les fois d avant, Le personnel en salle est juste mal poli, hautain, ne cherchez pas un sourire ou une sympathie ça n existe pas, il ne comprenne ni le français ni l anglais l arabe a peut près, hygiène vraiment laisse à désirer en salle j imagine en cuisine ! Niveau plat franchement rien d extraordinaire vraiment bof. en gros, je ne recommande pas du tout ce restaurant",6359,Google Maps,Casbah Istanbul,2019-12-28T22:01:24.225Z,3,,,,,,,
483041,Jais mangé pour 10 000 pour 2 personnes c'est de lamérde,11630,Facebook,Restaurant San Benito,2025-08-21T19:47:38.000Z,0,,,,,,,
483044,"Un bon accueil , un beau restaurant mais la pizza est une grande déception franchement aucun goût et trrrrrres loin d'être une vraie bonne pizza dommage les prix sont très élevés mais le client sort insatisfait",4339,Google Maps,هشام كوك بيتزا,2024-05-19T22:10:04.116Z,0,,,,,,,
220911,Khalfi Chouaib ×3 على السعر'العادي ربي يجيب الخير,9513,Facebook,,2025-12-03T19:47:29.000Z,0,,,,,,,
220913,نصب و الاحتيال كي تروح ليه يقولك لبلا ملونج لي ب 150 مشي كلشي,11705,Facebook,Restaurant San Benito,2025-08-24T03:59:59.000Z,1,,,,,,,
220920,"C’est juste parfait, je recommande ce beau resta. Service agréable, personnel exceptionnel, la bouffe est incroyable… Deux expériences incroyable  [APPRECIATION]",5218,Google Maps,Casbah Istanbul القصبة اسطنبول,2024-09-09T21:05:03.303Z,0,,,,,,,
220921,افضل علي,3419,Google Maps,Caracoya,2024-06-08T12:16:55.156Z,0,,,,,,,
745211,اا,2546,Google Maps,HichamCook Grill House,2024-03-03T17:56:04.501Z,0,,,,,,,
745214,خويا العزيز الدجاجه المردوم اللي عندي صغير بزاف على حساب الثمن تاع,15754,tiktok,@mardoum,2026-01-02T18:07:56.044515,0,,,,,,,
614145,"Désolé mais tous les pleats que nous avons pris étaient sans goût, la viande est à déconseiller",2458,Google Maps,HichamCook Grill House,2024-08-12T22:04:46.216Z,0,,,,,,,
483086,هذا على ما أظن الفنان عظامة روعة,66662,tiktok,@bladi_oran,2026-01-02T21:51:11.463925,1,,,,,,,
876304,خليل رحماني جاجة 100 الف فريث اوملاث 20 الف روز 20 الف قرعة كوما 15 الف المجموع 155الف,9775,Facebook,Dz Forest Restaura,2025-10-12T19:48:37.000Z,0,,,,,,,
745232,"Merci pour votre professionnalisme, les burgers sont trop bons et les sandwiches aussi sont un délice je recommande . Big thanks to chaima and all the staff good luck",7513,Google Maps,American Burger Factory,2025-05-20T17:02:22.291Z,0,,,,,,,
483095,Super cher ! Pour ce que c’est !,20502,tiktok,@labelladalger16,2026-01-02T18:19:37.931937,0,,,,,,,
220952,Excellent à la cantine,28002,tiktok,@amine.lacantine,2026-01-02T18:45:36.156412,0,,,,,,,
483098,زرت مطاعم في بلدان وولايات كثيرة في وطن ولم اتحصل على معاملة سيئة مثلهم ، لايوجد احترام للزبائن طلبت منهم بكل احترام قفل او خفض ازعاج الموسيقى تجاهلوا طلبي وحتى لم يخبروني انهم يرفضون ذلك ، لذا انصحك اذا كنت شخص محترم مع عائلتك فلا تذهب لهم لأنهم يشغلون موسيقى دون ادنى اعتبار للعائلات ، هل جئت عندكم للأكل والاستمتاع بأطباقكم او لسماع موسيقى، هل انا في عرس او ملهى ليلي . اهتموا وتعلموا الاحترام والتقدير للزبون قبل الاهتمام بالأطباق !,5247,Google Maps,قصبة اسطنبول,2024-10-26T22:04:48.875Z,2,,,,,,,
876314,نشري ونطيب وحدي خير,12100,Facebook,Restaurant San Benito,2025-10-13T06:58:41.000Z,0,,,,,,,
876318,الخميس,26876,tiktok,@seven.times,2026-01-02T18:39:15.374426,0,,,,,,,
483112,سلام عليكم,31592,tiktok,@woodgrill_dz,2026-01-02T19:13:57.475418,0,,,,,,,
745256,w focus aussi disponible,40996,tiktok,@derby.food,2026-01-02T19:50:05.693618,1,,,,,,,
876330,j'adore cette recette Algérienne,25854,tiktok,@ofennec.officiel,2026-01-02T18:34:12.802096,0,,,,,,,
876339,"Excellent service vraiment très rapide c'est impressionnant on a peine attendu 10 minutes après avoir commandé. Une chose qui est bien c'est la grande variété des mets proposés de la gastronomie française italienne espagnol et même asiatique sans parler des sucrés. Concernant le goût C'est pas mal, niveau prix ça reste correct comparer à la concurrence Les serveurs été tous souriants et très accueillant. Pour le Parking assez compliqué pour se garer c'est normal c'est Kouba Mais dans l'ensemble je recommande l'endroit Bonne continuation",7560,Google Maps,Restaurant À Petit Feu,2024-03-09T21:31:06.069Z,5,,,,,,,
745291,"A recommander vivement. La viande est tendre, elle est cuite d'une manière à ressentir un goût vraiment délicieux. Quant à l'accueil je dis 5/5, par contre le service est un peu lent et les tables réservées pour 2 personnes me paraissent trop petites.",6461,Google Maps,Casbah Istanbul,2018-03-13T22:04:41.069Z,5,,,,,,,
614221,ah mais c'est où,33448,tiktok,@ambiancefood,2026-01-02T19:21:15.685787,1,,,,,,,
876365,عتبة مربوحة إن شاءالله,20042,tiktok,@darlmima,2026-01-02T18:17:55.879583,0,,,,,,,
483151,oui super resto,69116,tiktok,@cote_oran,2026-01-02T21:57:44.106113,1,,,,,,,
876368,الله غالب حنا نحبو لحم الحولي المڨران ماشي تبعكيك,13109,Facebook,Restaurant San Benito,2025-10-13T00:16:48.000Z,0,,,,,,,
483160,مكان جميل لكن أكل كان سيئا.,6813,Google Maps,American Burger Factory,2025-07-29T21:34:10.731Z,0,,,,,,,
221027,Le personnel est très très accueillant. La salle est joliment décorée et très propre . Les plats sont succulents et généreux.,2793,Google Maps,HichamCook Grill House,2023-02-01T17:18:20.696Z,12,,,,,,,
876390,"Délicieux, mais pour le service je donnerai 4/10",8642,Google Maps,American Burger Factory,2022-02-04T22:47:37.551Z,0,,,,,,,
614247,C’est pas bon,68240,tiktok,@le_petit_chalet,2026-01-02T21:54:56.019950,0,,,,,,,
876396,هو ماكلتو بنينة الحق بصح غالي,55300,tiktok,@askim_food,2026-01-02T21:13:27.857015,0,,,,,,,
352111,"Je suis aller y’a pas longtemps et c’est pas ouf , au début il nous ont dit qu’il y’avait plus de poulet ducoup on a voulu de la viande hachée alors puis ont a attendu 15-20 minute et ils viennent nous dire que il y a plus de viande",45216,tiktok,@budz,2026-01-02T20:15:53.013129,0,,,,,,,
352129,قول والله,47542,tiktok,@bazookadz,2026-01-02T20:32:28.315669,0,,,,,,,
483204,"C’était super bon , merci a celine , accueil chaleureux, attentionnée du début à la fin, . Merci pour son professionnalisme et sa bonne humeur ça fait toute la différence .",3593,Google Maps,Laurel Restaurant,2025-11-13T14:40:14.019Z,0,,,,,,,
352132,شحال التوصيل لسيدي عمار,55716,tiktok,@mfood.annaba,2026-01-02T21:14:08.503654,0,,,,,,,
745352,كي نحب نروح ناكل في بلاصة نقرا التعاليق نفهم كلش صحيتو,20322,tiktok,@labelladalger16,2026-01-02T18:19:31.025240,45,,,,,,,
221086,شفيق لعزيز ربي يوفق خو احسن فاخيطاس,30980,tiktok,@roi_du_fajitas,2026-01-02T19:08:44.077710,0,,,,,,,
614303,Excessivement cher pour ce que c’est. Dommage,2733,Google Maps,HichamCook Grill House,2023-05-01T15:40:54.516Z,0,,,,,,,
876449,"L'œuf n'a rien à faire tema , je pense",34612,tiktok,@le_carre_restaurant,2026-01-02T19:24:34.186927,0,,,,,,,
876450,ce n'est pas vrai,38304,tiktok,@kfc,2026-01-02T19:39:31.574371,0,,,,,,,
483251,جيت وندمت صراحة,33954,tiktok,@restaurant_gizay,2026-01-02T19:22:55.708505,0,,,,,,,
483252,"Meals are okay but not astonishing, the only thing I really liked is kunafa, but prices are really (extremely) expensive (little water bottle for 100 DA)",5709,Google Maps,Casbah Istanbul القصبة اسطنبول,2021-12-29T11:36:25.009Z,3,,,,,,,
876472,قولولي بلاسة قدقد,52826,tiktok,@patisserie_annaba,2026-01-02T21:04:15.964242,1,,,,,,,
876475,الاكل شهي لكن المكان ضيق,7905,Google Maps,American Burger said hamdine,2022-04-22T18:59:28.159Z,0,,,,,,,
352188,مكلة عندوا كلاب ميكلهاش كلشي كنجلي فطرت عندو والله مذقتها,11759,Facebook,Restaurant San Benito,2025-08-27T20:15:01.000Z,0,,,,,,,
221117,Excellent burger je recommande,8274,Google Maps,American Burger Factory,2024-08-17T17:35:30.148Z,0,,,,,,,
221118,"When ever I go to Algiers, the only restaurant when I eat is Casbah Istanbul, especially the one in Bab Ezzouar.",5484,Google Maps,قصبة اسطنبول,2023-07-01T12:35:35.023Z,0,,,,,,,
745407,تهلى فهمتها انا,27652,tiktok,@thala,2026-01-02T18:44:59.712859,0,,,,,,,
745414,Et les prix ?,48062,tiktok,@rahmani_food,2026-01-02T20:34:22.509305,0,,,,,,,
352210,"J'y étais la dernière semaine, la soupe bonne mais un peu légère, un plat mélange bon gourmand, d'une manière générale par rapport au prix acceptable",11768,Facebook,Restaurant San Benito,2025-07-26T20:20:04.000Z,0,,,,,,,
483287,Tres bonne idée bon courage,34722,tiktok,@sinai,2026-01-02T19:27:50.043724,3,,,,,,,
352221,Koriro Med يا خو وعلاش أي حاجة نلصقوا فيها كلمة زوالي ما زوالي يا أخي ملايين المحلات يبيعوا للزوالي الأخ اختار أنه يخدم حاجة لوكس لطبقات معينة ربي يعاونوا. ماشي المشكل تاعوا وعلاش الناس زواولة أو وعلاش الزواولة مايقدروش ياكلوا عندوا هاذ الانشغالات مسؤولية الرئيس و الوزراء و الولات و رؤساء البلدية و اصحاب الشركات وعلاش خلاونا زواولة .,9157,Facebook,"

Restaurant Casa Bella - Draria",2025-12-03T18:32:00.000Z,9,,,,,,,
614370,اتقو الله الشيب والعيب زعما بولحية يخدع من يمنكم,11011,Facebook,Restaurant Casa Bella - Draria,2025-07-27T21:22:51.000Z,0,,,,,,,
745449,ويا ذاك المنظر تشهيت ربي يبارك يبان بنين,54650,tiktok,@mr._brik,2026-01-02T21:11:19.594945,0,,,,,,,
221186,كسكروط باللحم ومبعد تنحلو السروال باللحم,12406,Facebook,Restaurant Rais,2025-10-26T15:06:08.000Z,2,,,,,,,
614404,"Bonsoir, Après plusieurs expérience dans ce restaurant, pas une sans la rencontre d’un problème. Serveur désagréable, hautain, sans aucun sens du service, ne parlant pas la langue et il incapable de sourire au client. Deuxième expérience, suite à la réception des plats on constate que les accompagnements ne sont pas les mêmes que ceux proposer sur la carte. Après en avoir parler au serveur , qu’il aurait du nous prévenir au préalable ça réponse a été la suivante « je ne peux rien vous dire ». Étant dans un restaurant truc on demande de la sauce blanche, réponse du serveur « on en a plus » dommage pour un restaurant turcs. De plus sur le site il est inscrit que le restaurant reste ouvert jusqu’à 00h. On se présente à 22h30 juste pour un dessert, la gérante nous répond la cuisine vient de fermer. On lui explique que sur le site il est inscrit que le restaurant est sensé être ouvert jusqu’a 00h et que c’est juste pour un dessert. Elle répond sans compréhension que c’est fermé et que les horaires internets ne sont pas à jours.",6356,Google Maps,Casbah Istanbul,2020-01-01T22:09:30.069Z,1,,,,,,,
352264,Victory vibes [APPRECIATION],71326,tiktok,@helena,2026-01-02T22:08:25.420799,1,,,,,,,
352266,يادرا مصدر اللحم موثوق ولالا,12774,Facebook,Restaurant Rais,2025-11-06T11:11:30.000Z,0,,,,,,,
221196,رجعت مالباب,52340,tiktok,@uncles_burger_dz,2026-01-02T21:03:29.974276,0,,,,,,,
745501,صافي حنا في الجزائر تحشتنا,68864,tiktok,@cote_oran,2026-01-02T21:57:36.689056,1,,,,,,,
221232,Vous êtes les meilleurs franchement,1974,instagram,sushigardendz,2025-10-14T21:14:52.000Z,2,,,,,,,
745523,غدوة والله الا هبطت تيزي نجيكم اونفامي,43184,tiktok,@hocine.chapati,2026-01-02T20:03:51.416259,0,,,,,,,
745526,Très bon service,8325,Google Maps,American Burger Factory,2024-05-18T22:42:25.601Z,0,,,,,,,
221245,vraiment de très bonne glace,14846,tiktok,@lassiette.algeroise,2026-01-02T18:06:46.715741,2,,,,,,,
483393,Malheureusement un mauvais service,6505,Google Maps,American Burger Factory,2025-12-26T19:07:25.022Z,0,,,,,,,
876617,roht lih bzef hayl mais les prix ghaliii,20368,tiktok,@labelladalger16,2026-01-02T18:19:35.299519,10,,,,,,,
352350,a part les restaurants Kayen les bijoux,21856,tiktok,@maison_sardoudi,2026-01-02T18:22:34.380366,0,,,,,,,
352353,Les takos ses pas Bons plein de sauce fromagère et de frites personnellement j’ai tombé malade,7869,Google Maps,American Burger said hamdine,2022-06-21T16:40:33.365Z,1,,,,,,,
876657,oui c'est délicieux  [RECOMMENDATION],73098,tiktok,@pont_hydra,2026-01-02T22:13:47.403320,0,,,,,,,
352370,توصيل لدرارية,40374,tiktok,@woodchickendz,2026-01-02T19:45:49.178202,0,,,,,,,
745593,"Bon service, Bonne nourriture.",5556,Google Maps,قصبة اسطنبول,2022-08-19T16:34:28.936Z,0,,,,,,,
745600,C’est vraiment succulent je n’ai jamais goûté une pizza aussi délicieuse que j’ai jamais goûté,4122,Google Maps,هشام كوك بيتزا,2025-01-14T18:24:05.032Z,0,,,,,,,
352390,هادي مغرب ما فهمت والو,65888,tiktok,@cote_oran,2026-01-02T21:46:16.156821,0,,,,,,,
876681,"Personnel très sympathique et à l’écoute des clients, la bouffe est succulente si vous êtes fan de viande rouge c’est une expérience à ne pas rater.",2722,Google Maps,HichamCook Grill House,2023-05-20T21:42:20.136Z,0,,,,,,,
221336,هدي إشهار ارساله لمحرز ولا مسي,44652,tiktok,@dzforestrestaurants,2026-01-02T20:12:01.127766,0,,,,,,,
352410,Service parfait je remercie ghiles,8156,Google Maps,American Burger Factory,2025-01-28T14:17:32.838Z,0,,,,,,,
614554,Il manque un Investissement de dj,26780,tiktok,@seven.times,2026-01-02T18:39:12.892988,0,,,,,,,
876707,نت بروحك حوتا بصح زردة فور فن الدكور,12910,Facebook,Restaurant San Benito,2025-10-13T21:29:01.000Z,0,,,,,,,
614573,"Nourriture correcte, la deco interne est agrreable, le service est correcte mais les sanitaires mal entretenu au prix pratiqués je ne comprend pas pourquoi nous payons autant pour un etat pareil",5033,Google Maps,قصبة اسطنبول,2025-12-20T22:09:19.837Z,0,,,,,,,
876720,La bouffe est bonne et délicieuse,8708,Google Maps,American Burger Factory,2021-07-15T22:05:32.126Z,2,,,,,,,
876724,après les,73810,tiktok,@pont_hydra,2026-01-02T22:14:05.515769,0,,,,,,,
221377,واحد مشو عنابي ينعت للعنانبه واين ياكلو,56314,tiktok,@the_chef_house_23,2026-01-02T21:14:39.906292,0,,,,,,,
745675,c'est juste pour les gamins. les adultes mangent la popote de la daronne. vive DZ,38792,tiktok,@kfc,2026-01-02T19:39:54.161119,0,,,,,,,
614605,j'ai bien aimé triple R,21054,tiktok,@triple_,2026-01-02T18:21:58.676980,3,,,,,,,
614612,"Well we arrived at 10pm the place was a bit crowded because it was the opening week, we did wait a little bit in order to find a parking spot, then we had to enlist in the waiting list to get a chance to sit at a table. It was a long wait, the atmosphere was cool and great, well decorated, with an open space kitchen staring the two big ovens . We got a table, finally ‍, but the service was not up to the task, first they took a while to get our orders and when they did the waiter told us he would come back to get the rest of the order (beverages and dessert) but he didn’t get back at all for that, he even get our orders mixed up and he even ignored my friend attempt to order dessert which made him cancel it all, even when we got a bottle of water we didn’t get a cup to drink until we insisted. The pizza was good as we expected fluffy and tasty",4574,Google Maps,هشام كوك بيتزا,2023-12-10T00:01:31.753Z,5,,,,,,,
221400,ouvre à Béjaïa  [APPRECIATION],45122,tiktok,@budz,2026-01-02T20:15:49.211942,4,,,,,,,
745702,Un restaurant sympa,3188,Google Maps,تاج محل بن عكنون,2021-10-02T17:55:27.445Z,0,,,,,,,
483572,أخي نسقسيك شحال prix,488,instagram,"brother.ts
",2024-10-13T01:33:34.000Z,0,,,,,,,
483582,"C’était vraiment excellent, j’ai voyagé durant ce magnifique repas !",3103,Google Maps,تاج محل بن عكنون,2023-09-25T22:04:36.710Z,1,,,,,,,
745728,Bon courage le Fréro,45410,tiktok,@budz,2026-01-02T20:15:57.681436,0,,,,,,,
876804,"Super adresse Allah I berek. Bien accueilli et bien servie, cuisine de qualité.",7129,Google Maps,Restaurant À Petit Feu,2025-05-01T17:30:54.418Z,0,,,,,,,
876810,مدينة اوروبية,68196,tiktok,@le_petit_chalet,2026-01-02T21:54:52.782661,1,,,,,,,
352528,بطاطا تبات في الماء وزيد كيقليها البطاطا تعوم,41834,tiktok,@street_food,2026-01-02T19:57:52.698725,0,,,,,,,
221459,je voit pas pour quoi la gendarmerie est la police il sonts present . normalement vous inviter la derection du THT . ou bien les gents qui concerne ce domain,28624,tiktok,@american.burger.tizi,2026-01-02T18:47:27.891733,2,,,,,,,
614682,اسن الغنية حمبوك,71366,tiktok,@dwiretelazz,2026-01-02T22:08:42.206624,0,,,,,,,
745760,تصور في وسط النسا ماتحشمش كون كنت تما مع مرتي نقعرك,11366,Facebook,Restaurant Casa Bella - Draria,2025-09-02T10:25:44.000Z,0,,,,,,,
352548,مستحيل كل هذا ب 1500 دج .,12125,Facebook,Restaurant San Benito,2025-10-13T14:45:40.000Z,0,,,,,,,
876839,Adam Houtla yakho ana wlid les sources twarili homtii ! Rak srx !,9334,Facebook,,2025-10-25T18:28:13.000Z,0,,,,,,,
352552,Service nul tres long perssone desagreable,8205,Google Maps,Restaurant À Petit Feu,2022-10-29T19:34:04.129Z,2,,,,,,,
745775,précieuse,40532,tiktok,@woodchickendz,2026-01-02T19:45:53.254170,0,,,,,,,
352561,ابعثلنا اخويا,50182,tiktok,@king_food23,2026-01-02T20:58:43.891412,0,,,,,,,
483671,c le milleur,34042,tiktok,@taylot,2026-01-02T19:23:28.957335,0,,,,,,,
221544,"J'ai beaucoup entendu parler des restaurants Hicham Cook et hier J'ai voulu offrir une bonne soirée à ma petite famille, on a choisi le restaurant situé au 15eme étages de l'hôtel Ferdi Lilly, on a été très déçu, pour le prix payer on aurait pu manger 2 fois mieux pour 4 fois moins chère à Draria. Je me suis vraiment senti arnaquer, c'est dommage.",2470,Google Maps,HichamCook Grill House,2024-07-18T14:54:34.939Z,0,,,,,,,
876905,Un accueil très chaleureux un service rapide et le super Yousef prenez soins Merci,7859,Google Maps,American Burger Factory,2025-02-22T15:38:04.183Z,0,,,,,,,
221551,ستري شعرك قبل كل شيء,13383,Facebook,Restaurant San Benito,2025-12-16T21:01:29.000Z,0,,,,,,,
614770,Win exacte ? Je c a Cherega mais exactement win,32242,tiktok,@le_carre_restaurant,2026-01-02T19:14:51.260352,0,,,,,,,
483703,Un pur Plaisir,3036,Google Maps,تاج محل بن عكنون,2025-01-29T21:13:34.723Z,0,,,,,,,
614777,تشبع ديكور,56236,tiktok,@the_chef_house_23,2026-01-02T21:14:35.405738,0,,,,,,,
614786,on arrive,45526,tiktok,@budz,2026-01-02T20:16:03.881397,0,,,,,,,
745862,أسوأ بيتزا كليتها في حياتي,4803,Google Maps,Hicham cook pizza pasta,2022-09-20T10:46:55.358Z,0,,,,,,,
352651,mnytk promotion  ch3al mchi promotion,47624,tiktok,@bazookadz,2026-01-02T20:32:30.908211,0,,,,,,,
483723,ههههه السيد حاصل مزروب وحبيبنا يديرلو في لي فيديو ياو سلك روحك قبل مايكلو العريس,926,instagram,hichamcookgrill,2025-12-11T23:35:54.000Z,10,,,,,,,
614798,كريم,55214,tiktok,@askim_food,2026-01-02T21:13:24.963533,0,,,,,,,
876949,وين جايه البلاصه بضبط,15296,tiktok,@fouka.marine,2026-01-02T18:07:31.673005,1,,,,,,,
221598,"Cetait bon , mais je préfère lancienne pizza a litalienne et les pates cetait trop bon et une nouvelle idée jaurais aimé garder les 2",3997,Google Maps,هشام كوك بيتزا,2025-11-13T17:03:44.097Z,0,,,,,,,
614814,"Parking à l'aise, propreté 10/10, le service bien ils sont gentils, les ingrédients de qualité, LA PÂTE 0000000 dommage à revoir !",4217,Google Maps,هشام كوك بيتزا,2024-08-28T21:27:51.954Z,0,,,,,,,
876960,les goûts et les couleurs ça ne discute pas moi juste je donnais mon avis j'aime pas tout ce qui est gras c'est tout près chacun ses goûts et je respecte,33028,tiktok,@sinai,2026-01-02T19:18:32.116971,0,,,,,,,
221602,À Chapuis  [APPRECIATION],61052,tiktok,@roofttop_anaba,2026-01-02T21:24:26.677985,1,,,,,,,
614828,win f. Paris stp,39520,tiktok,@le_1675,2026-01-02T19:42:31.954335,4,,,,,,,
483760,كي شغل كليتي,9480,Facebook,Restaurant Tabarka Annaba,2025-12-23T19:53:49.000Z,0,,,,,,,
876977,روحت ليه و ندمت,47952,tiktok,@rahmani_food,2026-01-02T20:34:20.221962,6,,,,,,,
876984,Excellent endroit très sympa et pas encombré comme les autres terrasses de cafés aux alentours Large choix de salés et sucrés Dommage que le gâteaux chocolat banane caramel avait un goût un bizarre comme du frigo.,3768,Google Maps,Laurel Restaurant,2024-03-08T16:16:01.528Z,0,,,,,,,
352696,Agréable restaurant à Alger si en aime épices,3105,Google Maps,تاج محل بن عكنون,2023-09-11T10:07:14.119Z,3,,,,,,,
483773,Drinks too expensive,4913,Google Maps,Hicham cook pizza pasta,2021-02-27T23:30:37.721Z,0,,,,,,,
876997,هنا كي تاكل تلقى جراح الكلى يسنا فيك باش تخلص  أصلا عندك زوج تقدر تعيش بوحدة  [APPRECIATION],18502,tiktok,@helena,2026-01-02T18:16:12.777505,0,,,,,,,
745926,"Bravo cher ami pour ce que tu deviens , bonne chance pour la suite [APPRECIATION]",1068,instagram,imstarvingfood,2025-04-24T09:40:33.000Z,0,,,,,,,
614876,"Lila: J’ai assister a ses sorées à Tipaza, magnifique, on sors très heureuse satsfat [APPRECIATION] [RECOMMENDATION]",23894,tiktok,@leonard_restauran,2026-01-02T18:27:06.380571,1,,,,,,,
352736,je préfère les cuisses de grenouille,73782,tiktok,@pont_hydra,2026-01-02T22:14:04.047647,0,,,,,,,
221665,نظافة جودة واسعار جيدة,6724,Google Maps,American Burger Factory,2025-08-29T10:02:26.833Z,0,,,,,,,
745955,"Une des pire expériences culinaires de ma vie, j'ai dû aller chercher mes boissons moi-même. Menu trop gras et trop cher pour ce qu'il vaut. Salle trop chaude et serveurs trop distraits malgré le fait que le diner n'étais pas complet.",4987,Google Maps,Hicham cook pizza pasta,2019-06-08T17:05:24.654Z,5,,,,,,,
877032,فقط المكان اما l menu zeroooo,56218,tiktok,@the_chef_house_23,2026-01-02T21:14:35.405721,0,,,,,,,
352749,"Le rapport qualité-prix est correct. Nous étions en famille . 7 adultes et 4 enfants . La viande est tendre exception pour l'entre-coté qui étè inmangable. Sinon tout est bon. Service 10/10 . Le personel est tres professionels et polis . De l'agent de securité de l'entrèe l'homme qui gere le parking, l'agent d'acceuil au serveurs . Que des bonnes mannieres. comme je suis dans l'aménagement interieur jai trouver que l decor est un peut rustique . Mais ce pas ca le concept je recommande !",2297,Google Maps,HichamCook Grill House,2025-10-26T19:41:54.462Z,0,,,,,,,
745966,رحنا ليه يعطيك الفريت كتر من كلش,49372,tiktok,@chicks_nook,2026-01-02T20:40:21.809529,0,,,,,,,
745971,Magnifique prochain voyage Inshallah je m y rendrais bin allah,60734,tiktok,@seraidi.live.z,2026-01-02T21:22:57.443473,0,,,,,,,
877043,الله ابارك عندهم كلش با الطبع والشان  [APPRECIATION],41004,tiktok,@derby.food,2026-01-02T19:50:05.693631,2,,,,,,,
614910,وين هذا,31612,tiktok,@woodgrill_dz,2026-01-02T19:13:57.475432,0,,,,,,,
745983,كون عيطتلي نجيبلك كليكا ونجي,16362,tiktok,@mardoum,2026-01-02T18:08:10.555296,0,,,,,,,
877059,Food is delicious but the quantity is so poor comparing to the price (shawarma sandwich: 590DA),6122,Google Maps,Casbah Istanbul,2023-05-05T15:47:04.900Z,0,,,,,,,
483845,وين بلاصة وكاين توصيل ولالا,10106,Facebook,Dz Forest Restaura,2025-10-28T10:59:27.000Z,0,,,,,,,
352774,حنا فوجدةنحبوك بزاف خويا مصطفى ، امثالك ،يعتبر جسر بين الجزاءر و المغرب في نشر المحبة والمودة والتآخي،,68794,tiktok,@cote_oran,2026-01-02T21:57:34.598225,4,,,,,,,
352780,Parmi les meilleures pizzas sur Alger,403,instagram,"brother.ts
",2024-12-25T15:50:51.000Z,2,,,,,,,
877076,ممكن انت قلتي نديرلك بيب ونوكل باطل حاوزك جيتي تقولينا هك انا جربتو صيف وشتا لباس عليه,58252,tiktok,@vilageneige_annaba,2026-01-02T21:19:49.301091,0,,,,,,,
221719,"restaurant à l'entrée de ain smara , pour les connaisseurs.",19898,tiktok,@villa_frere,2026-01-02T18:17:37.285662,0,,,,,,,
221748,Meilleur tacos !,8614,Google Maps,American Burger Factory,2022-06-11T18:50:04.968Z,0,,,,,,,
614967,كلش يشهي الله يبارك,67346,tiktok,@bladi_oran,2026-01-02T21:51:43.061177,0,,,,,,,
221751,"Je n'ai pas aimé, chiche taouk très sec avec un accompagnement très pauvre. Pizza acceptable mais rien de spécial.",6567,Google Maps,Restaurant À Petit Feu,2025-09-01T14:07:54.293Z,0,,,,,,,
877124,قلشنى سيدتي,12992,Facebook,Restaurant San Benito,2025-10-13T16:46:09.000Z,0,,,,,,,
221765,سلام حبيبي غدوة انشاء الله اذا ربحوا سياربي راني عندك,28836,tiktok,@snacky_time_kouba,2026-01-02T18:47:50.705836,1,,,,,,,
483911,جرانة,57780,tiktok,@_le216_,2026-01-02T21:17:31.501497,1,,,,,,,
221807,Un vrais acteur Hollywood va te contacter,12315,Facebook,Restaurant San Benito,2025-10-13T11:54:54.000Z,0,,,,,,,
352884,خدمناها هذ الخدمة وشفنا فيرڨو خلوه يبريزونتي وكي تخرجو لي كوموند روحو لشمبر فروة,13080,Facebook,Restaurant San Benito,2025-10-13T12:05:42.000Z,0,,,,,,,
483963,كل يوم عا 4 تاع لعشية كون مايكونش هو مانشربش حليبي احسن ميلفوي في الجزاير,52836,tiktok,@patisserie_annaba,2026-01-02T21:04:15.964249,0,,,,,,,
877179,اختي شرات من عنده دارلها توكسيكاسيون حرزو رواحكم,46702,tiktok,@oumanger.oran,2026-01-02T20:23:56.070146,0,,,,,,,
877181,مشكور pour l’effort sur l’a vaisselles [APPRECIATION],231,instagram,amine_la_cantine,2025-12-20T18:32:41.000Z,1,,,,,,,
746111,لا تنسا بسم الله الرحمن الرحيم  [APPRECIATION],73736,tiktok,@pont_hydra,2026-01-02T22:14:03.016166,0,,,,,,,
746118,نشبعو غير 30الف,20928,tiktok,@sultan,2026-01-02T18:21:27.397947,1,,,,,,,
483989,شحال خلصوك على المقدمة لي درتها,19252,tiktok,@helena,2026-01-02T18:16:32.748129,0,,,,,,,
483990,"Lovely food , massive hollondia burger, rich fresh and testy , service very friendly",7197,Google Maps,American Burger said hamdine,2025-04-13T22:36:14.923Z,0,,,,,,,
221856,"C est très bien mais le plus important ne figure pas à savoir Le MENU ET LES PRIX de vos pizzas, tacos etc.",10097,Facebook,"  Sultan Restaurants


",2025-11-11T13:23:56.000Z,1,,,,,,,
615083,وين إڨزاكت؟,55110,tiktok,@panera_41,2026-01-02T21:12:51.917613,1,,,,,,,
352946,نعطيك فكرة قبل ماتبدا ولا كي تكمل الفيدو حطلنا نتا وش كمونديت كامل هكا لواحد كي يشوف حاجة و يتشهاها يقدر يروح يكمونديها و ممكن كاين ناس تشوف حاجة فكاش فيديو و معلابالهاش وش اسمو,48582,tiktok,@hafakafood,2026-01-02T20:35:34.018583,0,,,,,,,
352956,Excellente pâtisserie,3908,Google Maps,L’Alchimiste Pâtisserie,2023-07-03T08:33:04.973Z,0,,,,,,,
615100,Très bon un bon service,7565,Google Maps,American Burger Factory,2025-05-18T17:09:43.283Z,0,,,,,,,
221886,وين جااي المطعم بالضبط في وهران الله يفتح علييك خويا  [INQUIRY],13446,Facebook,Restaurant San Benito,2025-12-23T09:18:47.000Z,0,,,,,,,
877251,تبارك الله  [RECOMMENDATION],41194,tiktok,@street_food,2026-01-02T19:55:39.555319,1,,,,,,,
615114,"hollandia was a disaster, beef with a lot of honey, just made my head dizzy",7112,Google Maps,American Burger Factory,2025-06-19T22:08:47.221Z,0,,,,,,,
877260,رحتلو تاني يوم والله صحرة مننصحش بيه خلاص و الله اعلم,51600,tiktok,@broaster_chiken,2026-01-02T21:00:02.374312,0,,,,,,,
352973,"The best restaurant de tout Alger , cuisine raffinée a la française ça fait plus de 20 ans que j y vais c toujours très très bon",3385,Google Maps,Caracoya,2025-07-09T15:07:45.330Z,0,,,,,,,
615125,شحال سعر امين ياك طبسي مشي مليون؟!,265,instagram,amine_la_cantine,2025-12-25T23:08:03.000Z,0,,,,,,,
352984,والله ماغير تخلعو في ناس لي مشافوش مساكن شواء عادي,11132,Facebook,Restaurant Casa Bella - Draria,2025-09-06T19:00:55.000Z,0,,,,,,,
221921,C'était une mauvaise expérience pour moi et ma famille on na eu une intoxication et après une semaine on na entendu que tout les clients a eu la même chose a cause d'une viande périmé c'est grave,2486,Google Maps,HichamCook Grill House,2024-06-01T21:18:24.260Z,0,,,,,,,
615140,4h pour manger ! Fait trop chaud !,16480,tiktok,@torero.alger,2026-01-02T18:09:00.058060,2,,,,,,,
484071,واش يبيعو لتم خو ؟! قهوة برك ولا فيها مأكولات و أسكو ليفامي تاني يجو لتم؟!,22242,tiktok,@le.balcon1,2026-01-02T18:23:12.557121,0,,,,,,,
615157,"Djawed Nedjmou Slimani لالا فيه نسبة عالية من الزئبق اخي ، رجاء لا تنصح بما لا تعرف و لا تفهمني غلط  النوع المنصوح به : السلمون إن كان برِّي و هو غالي الثمن ، السردين هو أفضل سمك غني بالأوميغا 3 الميرلون، la sol, الاسماك البيضاء عموما يعني les poissons blanc طهورا ان شاء الله [TREATMENT]",10532,Facebook,"  Restaurant elassil








",2025-12-16T19:00:31.000Z,7,,,,,,,
221958,راح كامل فيها بيتزا والله ما تسوى سومتها تغيدك كي تخلص غالي حاجة ما تسواش !,7721,Google Maps,Restaurant À Petit Feu,2023-10-21T23:59:15.326Z,1,,,,,,,
877323,صح على الأقل دير نهار نتع النظافة القرلو داير حالة,8961,Facebook,Restaurant Casa Bella - Draria,2025-12-07T19:44:32.000Z,3,,,,,,,
615180,C'est pas bien de faire des truc comme ça surtout quand on est loin,34858,tiktok,@sinai,2026-01-02T19:27:59.300950,3,,,,,,,
484127,des artistes,71252,tiktok,@pont_hydra,2026-01-02T22:07:17.288579,0,,,,,,,
746281,"C'était horrible, en date du 18/12/2022 y'avait une serveuse qui nous a très très mal aceullis moi et ma femme, elle voulais nous chasser elle nous a même traiter de vieux CHNOQUE mdr c'était vraiment infecte que des plats surgelais et je ne parle même pas des frite encore du surgelais",6202,Google Maps,Casbah istanbul,2022-12-20T00:43:55.159Z,1,,,,,,,
746287,Avec un très beau budget [APPRECIATION],831,instagram,fontaine_dor_restaurant,2025-08-02T19:16:20.000Z,18,,,,,,,
222000,وين فسطوالي ولا حيدرة,263,instagram,amine_la_cantine,2025-12-27T17:36:20.000Z,0,,,,,,,
746290,Restaurant elassil في وهران يبيعوا غير الزبل لا يوجد مطعم مثل مطعمكم ، تحياتي,9575,Facebook,"  Restaurant elassil








",2025-12-16T19:51:59.000Z,2,,,,,,,
615229,والله فرحت بأول زيارة ليا العند خونا هشام كوك. انا وليد خويا يوسف13سنة. فرح بزاااف بالبيتزا بيريوني و قالي دقة كبيرة. فالصورة 23قطعة و فالحقيقة كيفكيف ههههه . ياطيه الصحا مع كامل الطاقم ديالو . يستحق كل الاحترام و التقدير . فريق كامل من كل النواحي ياطيكم الصحا ولاد بلادي ربي يفرحكم دنيا و ٱخرة.,4427,Google Maps,هشام كوك بيتزا,2024-02-23T09:07:13.417Z,0,,,,,,,
746317,c'est le vrai trattoria comme en france?,64050,tiktok,@restauranttrattoriaoran,2026-01-02T21:34:08.809230,0,,,,,,,
222039,Je ne peux pas,73430,tiktok,@pont_hydra,2026-01-02T22:13:55.187361,0,,,,,,,
484184,"Bonne experience machalah , chapeau au moul le chapeau",6987,Google Maps,American Burger said hamdine,2025-06-16T12:01:38.885Z,0,,,,,,,
877431,il est ouvert le jour eid ?,25314,tiktok,@lovers_grill,2026-01-02T18:33:43.549937,0,,,,,,,
746365,Ou est mr teboune,37808,tiktok,@kfc,2026-01-02T19:39:21.195888,1,,,,,,,
222084,"c'est intéressant pour tanjia, mais les tajine je cuisine chez moi",68970,tiktok,@cote_oran,2026-01-02T21:57:38.778228,2,,,,,,,
222089,كون جاو عندك رجال فدار مراكيش هنا باين باباك وخاوتك لدويندو,13409,Facebook,Restaurant San Benito,2025-10-13T19:13:20.000Z,0,,,,,,,
615310,كليت كندو بنة هبااال يعطيكم الصحة,30912,tiktok,@roi_du_fajitas,2026-01-02T19:08:42.393451,1,,,,,,,
615312,"Excellent travail, bonne réception, bonne continuation",4672,Google Maps,Hicham cook pizza pasta,2025-04-04T15:25:49.266Z,0,,,,,,,
615314,In challah j’irai tester a mon prochain voyage à Alger …,21238,tiktok,@triple_,2026-01-02T18:22:03.698271,0,,,,,,,
353173,Well a average turkish resturant. but only lot of shawarma items. food portion is small and expensive prices. i prefer tandoor restaurant spacious and also big bonus a beautiful play area for childrens. reasonable. prices and authentic indian spices taste,5611,Google Maps,قصبة اسطنبول,2019-10-05T19:30:24.631Z,1,,,,,,,
353182,Un des mes meilleurs spots  ( meme si les prix sont exagérés ) [APPRECIATION],5817,Google Maps,Casbah istanbul,2025-09-20T16:28:23.515Z,0,,,,,,,
353183,Je suis toujours satisfait quand je viens chez vous merci l'equipe,5122,Google Maps,Casbah Istanbul القصبة اسطنبول,2025-08-12T13:55:05.185Z,0,,,,,,,
877477,سعر في معقول  [APPRECIATION],43870,tiktok,@dzforestrestaurants,2026-01-02T20:11:32.083870,1,,,,,,,
615341,Livraison ! ?,48398,tiktok,@mbfooddz,2026-01-02T20:35:07.801137,0,,,,,,,
877493,toujours le Maroc?,24776,tiktok,@laturquoisehotel,2026-01-02T18:30:29.288088,0,,,,,,,
746427,نسيت لاصوص تاع بيتزا حامضة شب,1182,instagram,"lagegarestaurant
",2025-11-29T22:14:11.000Z,0,,,,,,,
615373,"Eeeeeemmmmmmmmm, cest un sentiment au live , je suis entrain de manger mais je peux pas la laisser dans mon coeur, jai trois plaisir lors de ma visite, le plaisir de la visite, le plaisir de manger et déguster et maintenant le plaisir de partager avec vous mon avis. Hicham cook c'est de la merveille, c'est pas parceque j'ai fain, ou. C'est le delice qui parle, il procure le Delice, c'est extrement agreable, vous me faites voyager mes papilles degustatives vraiment chapeau a partir de l'accueil chaleureux service, la proprete, . Wroh Pour toute personne qui hesite ou surtout bien qui disent. oooh c'est cheeerrr! , vous vous vous tromper c'est des prix très raisonables je vous dit venez visitez! et jai dit bien gouter, seulemnt gouter! apres juger vraiment sa vaut le coup commem parceque vous allez payer pour manger la viande ""3la oussolha"" comme ils disent! vous allez payer pour une Merveille! un vrai delice! pas pour un simple repasmoi je le recommande vivementet pas unqiement la viande ! Tout franchement toutj'ai trop kiffé Au paravant kont nqol yaa pas du tourisme en algerie, mais maintenant ya Hicham cook ouiiiiiiiii c'est un atout touristique qui était crée, sa encourage et renforce le tourisme et on peut dire que le tourisme en algerie commence a se developper d'après avoir vu cette merveille et cette petite touche culturelle gastronomique en algerie, c'est une réalité , c'est de la merveille et meilleur découverte pour moi, vraiment je vous remercie amplement, chapeau pour tout se professionnalisme du fond du coeur mon ventre et satisfait donc je suis hyper contente NKHELES wna FERHHANA . Bn continuation pour toute l'équipe Pour tout rendez vous, dinner travail, invitation familiale ou autre. vous allez pas regretter je vous le garantie c'est une réalité welah pour tous qui veulent se galèrer , Hicham cook est fait pour vous . je dirai bien. ""Lmakla liha nassha w Hicham cook ssasshhha""",2797,Google Maps,HichamCook Grill House,2023-01-27T08:58:26.399Z,3,,,,,,,
615374,أعرضنا,15620,tiktok,@mardoum,2026-01-02T18:07:52.655278,0,,,,,,,
353238,Franchement. Je suis tjr t’es recommandation mai lui c vraiment. Nul. Et je le déconseille pour tous le monde il aime bien les influenceurs,63868,tiktok,@silyon69,2026-01-02T21:33:15.618143,0,,,,,,,
222168,qelb louz chez le noble la vigie rais hamidou c le meilleuuur de tous les temps  [RECOMMENDATION],43592,tiktok,@serir_alger,2026-01-02T20:09:37.821522,0,,,,,,,
484318,مكان جد رائع وهادء طبيعة ساحرة [APPRECIATION],60354,tiktok,@seraidi.live.z,2026-01-02T21:22:48.839840,0,,,,,,,
222178,لحم فاسد,8580,Google Maps,American Burger Factory,2022-09-05T18:39:05.843Z,0,,,,,,,
615410,سعيد سعيد أنا ثاني مايعجبنيش باين بلي.,10857,Facebook,Restaurant Casa Bella - Draria,2025-07-28T01:33:40.000Z,0,,,,,,,
484342,Abdallah Hamza لي يوكلوه لحم الحمير باين تجيه غالية,9780,Facebook,Dz Forest Restaura,2025-10-12T22:37:24.000Z,1,,,,,,,
353271,"Bonjour , ma soeur et mes parents doivent se rendre à tizi ouzou quel quartier de la ville est il sympa de se balader ?",21798,tiktok,@maison_sardoudi,2026-01-02T18:22:32.454514,0,,,,,,,
746492,Merci pour l adresse pour NOUS LES MAGHRÉBINS !,25756,tiktok,@ofennec.officiel,2026-01-02T18:34:11.048552,0,,,,,,,
877566,Bonne apetit  [APPRECIATION],218,instagram,amine_la_cantine,2025-12-20T15:47:19.000Z,2,,,,,,,
877568,ya un mélange culinaire,32938,tiktok,@sinai,2026-01-02T19:18:30.249641,1,,,,,,,
746497,صومو با 150 يا الكذاب,11985,Facebook,Restaurant San Benito,2025-10-12T21:46:31.000Z,0,,,,,,,
877580,زعمة كيما في الصورة,17096,tiktok,@casa_burger1,2026-01-02T18:11:28.513012,0,,,,,,,
615437,C’était bon mercii,6322,Google Maps,Casbah Istanbul,2021-05-17T20:10:22.326Z,0,,,,,,,
222228,عندكم سوما غاليا,9785,Facebook,,2025-10-20T18:01:59.000Z,0,,,,,,,
877593,"Très satisfait du service Allah ibarek , Le personnel 10/10 L'emplacement est calme La cuisine 10/10 J'ai bien apprécié l'ambiance et l'atmosphère dans ce resto . Mais faudrait revoir avec les prix ( petite bouteille d'eau a 100 da et cannette Hamoud 250 da ) , a part ça rapport qualité prix c'est correcte.",5193,Google Maps,Casbah Istanbul القصبة اسطنبول,2024-11-26T15:15:48.543Z,0,,,,,,,
746525,Où est le menu,8998,Facebook,"  Sultan Restaurants


",2025-10-30T18:35:57.000Z,1,,,,,,,
222239,Vous appelez ça un restaurant ?,51048,tiktok,@broaster_chiken,2026-01-02T20:59:49.625948,0,,,,,,,
877604,L escargot c plus espagnole il se mange normal pas a la fourchette,73696,tiktok,@pont_hydra,2026-01-02T22:14:02.054155,0,,,,,,,
222245,I sat alone at this exact table.,28464,tiktok,@restaurant.primo,2026-01-02T18:46:27.194171,0,,,,,,,
353316,"Je tiens à exprimer ma déception suite à ma commande du “Giga Tacos” après avoir vu votre publication sur Instagram. Sur la vidéo, le tacos semblait grand, bien garni et plein de fromage, mais celui que j’ai reçu était très différent : petit, froid, presque vide, et même sans serviettes dans la boîte. Je trouve cela vraiment dommage, surtout quand la publicité montre quelque chose de beaucoup plus appétissant que la réalité. J’espère que vous prendrez en compte ces remarques pour améliorer la qualité de vos produits et la transparence de vos publications.",4001,Google Maps,هشام كوك بيتزا,2025-11-11T18:09:33.139Z,0,,,,,,,
746536,Hamza Paradou هدرة لوليات ولات عندكم لزملك اعادة تربية,9023,Facebook,Restaurant Casa Bella - Draria,2025-12-08T05:49:18.000Z,0,,,,,,,
353327,C’est salle de sport qu’il faut chercher,68954,tiktok,@cote_oran,2026-01-02T21:57:38.778208,1,,,,,,,
746545,Je pourrais avoir l’adresse exacte svp,35084,tiktok,@sinai,2026-01-02T19:28:04.344034,0,,,,,,,
353332,اللهم بارك  [APPRECIATION],66692,tiktok,@bladi_oran,2026-01-02T21:51:13.515503,2,,,,,,,
353345,كلش 150,11796,Facebook,Restaurant San Benito,2025-08-27T21:20:24.000Z,0,,,,,,,
353356,andi fiha des souvenirs,70350,tiktok,@le_petit_chalet,2026-01-02T22:00:19.687359,0,,,,,,,
615508,Le 1er  meilleur  [APPRECIATION] [RECOMMENDATION],1696,instagram,restaurant.cezam,2025-04-07T09:39:48.000Z,2,,,,,,,
353364,انا ثاني رحت له مع اولادي واختي واولادها وامي عشانعمه ربي ما يشبه الويل بيتزا كاري خير منه بلف خضراء [BOUFFE],58070,tiktok,@vilageneige_annaba,2026-01-02T21:19:43.333777,5,,,,,,,
877665,الدوارة toujours كاينه ؟؟؟؟,71310,tiktok,@cooks_restaurant,2026-01-02T22:07:57.990164,0,,,,,,,
746597,chehl twsiil,70820,tiktok,@bou_ham.ham,2026-01-02T22:01:44.224114,0,,,,,,,
484455,"J’adore le concept très américain, la bouffe est très bonne et le service est excellent!",4790,Google Maps,Hicham cook pizza pasta,2022-11-08T13:53:09.236Z,0,,,,,,,
877686,ابو كرم  [APPRECIATION],59304,tiktok,@maestro_dz13,2026-01-02T21:21:28.086043,0,,,,,,,
222328,ربي يبارك ماشاءالله,19560,tiktok,@sultan,2026-01-02T18:17:17.404512,1,,,,,,,
877692,Il manque des oignons frits,40076,tiktok,@streetburger02,2026-01-02T19:44:07.027419,0,,,,,,,
484476,Ce fut le meilleur restaurant sur la place d'Alger mais il est devenu très moyen,3051,Google Maps,تاج محل بن عكنون,2024-10-26T20:03:14.246Z,0,,,,,,,
746621,J'ai juste adoré. Je demande juste un petit effort sur le dessert,8001,Google Maps,Restaurant À Petit Feu,2023-03-05T09:12:36.524Z,1,,,,,,,
353407,في أي ولاية,11312,Facebook,Restaurant Casa Bella - Draria,2025-07-26T19:28:28.000Z,0,,,,,,,
484482,Les sources kayen livraison?,29294,tiktok,@elcuatro_burgers,2026-01-02T18:49:36.985417,0,,,,,,,
877699,J’ai beaucoup aimé la nourriture et le service tour était tres professionnel et les plats sont tres consistant excellent rapport qualité prix,2525,Google Maps,HichamCook Grill House,2024-04-26T21:49:00.146Z,0,,,,,,,
222357,مشاءالله ربي ابارك نتمنا نخدمو فيها اذا كتب ربي بالتوفيق وربي إعينكم  [APPRECIATION],70274,tiktok,@le_petit_chalet,2026-01-02T22:00:17.984134,0,,,,,,,
746647,الله يفتح عليك,43932,tiktok,@dzforestrestaurants,2026-01-02T20:11:33.052615,1,,,,,,,
353452,les prix sont franchement très chèrs,20180,tiktok,@sebs_garden,2026-01-02T18:18:15.045253,5,,,,,,,
615597,"À partir de 17, 90 ça veut rien dire",25420,tiktok,@lovers_grill,2026-01-02T18:33:47.165174,5,,,,,,,
877758,Un bel endroit Beaucoup de gras dans leurs plat. Le bourghol est un véritable coup de coeur. Pour la kunnafa je dirai que j'ai goûté mieux . Je n'ai pas aimé le fait qu'on me choisisse la table ou s'asseoir . Personnellement je ne reviendrai pas,6238,Google Maps,Casbah istanbul,2022-07-17T22:03:26.486Z,1,,,,,,,
877770,Chaque visite est un plaisir service vraiment rapide et ambiance chaleureuse un cadre tres agréable je le recommande vivement,5097,Google Maps,قصبة اسطنبول,2025-08-12T16:32:04.425Z,0,,,,,,,
222414,Lah ybrk hawest 3lik dirl'a ghi localisation,44774,tiktok,@le_neuf_food,2026-01-02T20:13:41.529728,0,,,,,,,
484559,ايدير رجعلي 1000 ميتلف لنسلهلك يربك هرلتني,18162,tiktok,@casabelladraria,2026-01-02T18:14:54.619344,0,,,,,,,
222425,Première fois que j'y vais et ce fut une excellente expérience. Des pizzas de grande qualité en quantité généreuse. Le service est très professionnel et l'ambiance familiale est fort appréciable !,4506,Google Maps,هشام كوك بيتزا,2024-01-01T00:13:55.512Z,1,,,,,,,
484570,Les prix sont très élevés,5953,Google Maps,Casbah Istanbul,2024-09-19T00:41:09.566Z,0,,,,,,,
353503,مكان نظيف و العاملين محترمين و سريعين ما شاء الله اخذت بوتين لحم ماعجبنيش و مش بنين معمر بصل و فلفلة ويبقى كل واحد و ذوقه . بالتوفيق ان شاء الله,8240,Google Maps,American Burger Factory,2024-10-20T16:14:50.266Z,0,,,,,,,
746722,Choisir un plat c trop consistant,6351,Google Maps,Casbah Istanbul,2020-02-01T06:44:27.445Z,0,,,,,,,
222435,The food was delicious. I recommend it,4714,Google Maps,Hicham cook pizza pasta,2024-02-09T01:14:06.890Z,1,,,,,,,
877795,Nourriture catastrophique à déconseiller .,7373,Google Maps,American Burger said hamdine,2024-12-05T21:22:46.454Z,0,,,,,,,
746736,مانعرفش ناكل صارقو,13592,Facebook,Restaurant San Benito,2026-01-02T13:45:12.000Z,0,,,,,,,
484608,Mahdi Med C'est un commerçant qui veut gagner de l'argent pas une assistante sociale.,9161,Facebook,"

Restaurant Casa Bella - Draria",2025-12-06T16:03:28.000Z,0,,,,,,,
615692,قداش راح يخلص الزابون زوج ملاين ولا 3 ؟,11195,Facebook,Restaurant Casa Bella - Draria,2025-09-22T22:36:52.000Z,0,,,,,,,
222477,والملح من عندك ثاني,44516,tiktok,@dzforestrestaurants,2026-01-02T20:11:55.384159,0,,,,,,,
222483,مشاء الله الاكل لذيذ خصوصا Blue burger عجبتني و حسن التعامل و نظافة 10\10,8306,Google Maps,American Burger Factory,2024-06-20T18:27:52.014Z,0,,,,,,,
353556,Excellente cuisine endroit très propre et Bon accueil,3090,Google Maps,تاج محل بن عكنون,2024-01-12T21:43:40.488Z,0,,,,,,,
353557,Ce n'est pas le meilleur des restaurants turc mais ça reste agréable .,5435,Google Maps,Casbah Istanbul القصبة اسطنبول,2023-06-04T18:46:08.218Z,1,,,,,,,
877854,bravo très jolie classe magnifique j'aime beaucoup  [APPRECIATION],14678,tiktok,@les_jumelles,2026-01-02T18:01:34.195417,0,,,,,,,
484657,الله اكبر عائ الجزائر [APPRECIATION],36240,tiktok,@sinai,2026-01-02T19:28:41.305521,0,,,,,,,
746811,aya bien lwahd adifagh si américain gym asiweth a chapati bien protéiné vous avez deja une cliente fidèle,43170,tiktok,@hocine.chapati,2026-01-02T20:03:50.579058,0,,,,,,,
746812,Moi je trouve que c’est cher,35324,tiktok,@sinai,2026-01-02T19:28:08.688547,0,,,,,,,
353611,كاين مطعم بلدي فليزالمون فيه ألذ الأطباق و le jasmin و الوليمة و طبرقة و البستان,59072,tiktok,@maestro_dz13,2026-01-02T21:21:23.086443,1,,,,,,,
484696,c'est sans gluten et sans noix?,48694,tiktok,@cassecroute_dz,2026-01-02T20:37:01.369311,0,,,,,,,
222557,"5/5 Warm and welcoming staff, with a good variety of menu and a varied selection of alcohol Highly recommend",3395,Google Maps,Caracoya,2025-01-01T00:45:49.434Z,0,,,,,,,
746847,الله يبارك شباب بزاف  [APPRECIATION],67574,tiktok,@bladi_oran,2026-01-02T21:51:50.985602,0,,,,,,,
484703,Mashallah bon courage  [APPRECIATION],31332,tiktok,@fritecorner,2026-01-02T19:11:06.469324,2,,,,,,,
222563,اول مرة تفتح حاجه بلساس في قسنطينة la vue rien à dire,22216,tiktok,@le.balcon1,2026-01-02T18:23:12.556643,22,,,,,,,
746855,تقول راه يبيع في الجبب كارثة باينة العفن والقرلوا داير حالة.,690,instagram,chaway_zaimm,2025-07-14T23:02:39.000Z,0,,,,,,,
877930,je le recommande à tout le monde. la bouffe est magnifique et l'accueil est génial tout variété je suis partie avec mes filles et on n'est pas déçu.,15122,tiktok,@lassiette.algeroise,2026-01-02T18:06:55.730485,0,,,,,,,
484715,"La pizza est bonne, ingrédients de qualité Le service est top, serveurs souriant et très professionnel ça fait du bien de voir ça en Algérie Le resto très propre Le prix je le trouve justifié, ya bcp d'effort fournis",4343,Google Maps,هشام كوك بيتزا,2024-05-18T15:53:09.131Z,0,,,,,,,
877940,بيزا رقم واحد في الجزائر هو mondo della pizza تاع القبة,4416,Google Maps,هشام كوك بيتزا,2024-03-03T08:52:04.937Z,1,,,,,,,
746870,غالي مالك اخي  [APPRECIATION],10484,Facebook,Dz Forest Restaura,2025-10-12T22:20:18.000Z,0,,,,,,,
877943,جيبلي واحد باب علي,31618,tiktok,@woodgrill_dz,2026-01-02T19:13:57.475436,1,,,,,,,
746888,لا ميور و لا يحزنون,52996,tiktok,@patisserie_annaba,2026-01-02T21:04:19.801067,1,,,,,,,
615817,ان شاء الله نزوروه,66964,tiktok,@bladi_oran,2026-01-02T21:51:31.931506,0,,,,,,,
615835,"Merci d’être passé chez nous et d’avoir partagé votre expérience, ravi de vous avoir accueillis. Au plaisir de vous revoir très prochainement incha’allah",45728,tiktok,@moodz_oran,2026-01-02T20:16:18.865193,0,,,,,,,
484764,El Corleon 20euro batal walh,9053,Facebook,Dz Forest Restaura,2025-10-26T20:16:53.000Z,1,,,,,,,
222622,الله يبارك مزالت لبرومسيون,55704,tiktok,@mfood.annaba,2026-01-02T21:14:06.968837,1,,,,,,,
484767,Tacos was so bad and so expensive,8523,Google Maps,American Burger Factory,2023-03-22T17:48:26.465Z,2,,,,,,,
484782,كون غطيتو شاف باش ميتحرقش من فوق ورق المنيوم,24608,tiktok,@said_chef,2026-01-02T18:30:04.779755,1,,,,,,,
484784,je veux le même restaurant à bejaia j'adore [APPRECIATION],68742,tiktok,@cote_oran,2026-01-02T21:57:33.645058,12,,,,,,,
746976,It was delicious and clean. Really recommend Casbah Istanbul for a culinary trip in Algeria.,5977,Google Maps,Casbah Istanbul,2024-05-25T11:39:01.736Z,0,,,,,,,
484835,Merci beaucoup pour le service youcef  [APPRECIATION],8081,Google Maps,American Burger Factory,2025-02-03T12:57:23.445Z,0,,,,,,,
222692,تحيا السطايفي بدون منازع سلعة و سومة,15724,tiktok,@mardoum,2026-01-02T18:07:55.305475,0,,,,,,,
878053,J’ai dîner avec Ma famille là-bas le restaurant a petit feu ( Issm 3la moussama ) tellement il fait chaud on dirait on est entrain de diner dans le feu. Trop de chaleur trop de bruit pas d’ambiance. Le menu est presque vide ( pas de pizza pas d’entrée pas de machawi syrienne ) et en plus le serveur il nous a mal parlé on demandé pourquoi y’a pas de disponibilité il nous a répondu « Ado wsh kayn fe menu ce n’est mon problème « . Sinon c à déconseiller sur tt les week-ends. Et j’ai un message un transférer pour le propriétaire il faut bien former l’équipe car y’a un grand manque de professionalism de la part des serveurs sinon bon courage.,7658,Google Maps,Restaurant À Petit Feu,2023-12-22T20:01:56.734Z,4,,,,,,,
746982,Le retard,5879,Google Maps,Casbah Istanbul,2025-08-25T14:32:17.021Z,0,,,,,,,
615910,Le bouchouche a Maghnia et Ghazaouet on les mangeait avec à la main et cure dent  [BOUFFE],73082,tiktok,@pont_hydra,2026-01-02T22:13:46.579042,0,,,,,,,
353772,"Exellent restaurant personnel très accueillant, les menus délicieusement préparé on ce croirait a Istanbul. Ou mieux.",5563,Google Maps,قصبة اسطنبول,2022-08-04T01:43:58.932Z,1,,,,,,,
222712,Endroit très agréable avec un personnel accueillant et de très bons plats,5558,Google Maps,قصبة اسطنبول,2022-08-12T12:31:29.392Z,0,,,,,,,
747000,مين تشوف حطولك الماء في قرع تاع زجاج هرب و ماتشوفش موراك,66884,tiktok,@bladi_oran,2026-01-02T21:51:29.289361,0,,,,,,,
878083,Ne convient pas aux familles Ambiance de cabaret. musique a fond,5399,Google Maps,قصبة اسطنبول,2023-12-03T13:34:24.596Z,0,,,,,,,
615944,نسكت خير,10521,Facebook,Restaurant Casa Bella - Draria,2025-12-21T15:32:30.000Z,0,,,,,,,
747029,"Les prix étaient exorbitants pour la qualité des plats, nous nous sommes sentis arnaqué cela a gâché notre soirée nous avons été déçus car nous attendions beaucoup de ce berger. Concernant l'accueille 10/10",7116,Google Maps,American Burger Factory,2025-06-18T07:07:32.488Z,0,,,,,,,
353814,بنين لنو البطاطا بايته عندها يومين,41576,tiktok,@street_food,2026-01-02T19:57:47.041879,2,,,,,,,
615960,سلام عليكم مكاش توصيلا كلمة فرونس قول جبنا وحد رانا صايمين,36338,tiktok,@seven.times.luxury,2026-01-02T19:30:24.478358,0,,,,,,,
484904,مكاني المفضل الخدمة ماشاء الله ادي عائلتك كل واشبع وريح ماشاء الله ربي يحفظكم,63192,tiktok,@restaurantcarthage,2026-01-02T21:31:23.193355,0,,,,,,,
484908,Hakima Constantine يلا سبعين بروشات راه في معقول,9884,Facebook,Dz Forest Restaura,2025-10-13T08:04:08.000Z,0,,,,,,,
484911,au début il était bien . mais je suis repartie ces derniers jours j'étais déçu,21616,tiktok,@maison_sardoudi,2026-01-02T18:22:29.028010,29,,,,,,,
222772,الأطفال يموتو بالجوع وانت قاعد تهرڨم كي البغل يا بارد الڨلب. حبيت تاكل كول بلا سنيما تاكل الرهج,11661,Facebook,Restaurant San Benito,2025-08-23T11:46:45.000Z,0,,,,,,,
878141,شحال الاسعار,435,instagram,"brother.ts
",2025-05-10T16:24:19.000Z,0,,,,,,,
484925,سوما في المعقول,44676,tiktok,@dzforestrestaurants,2026-01-02T20:12:03.039896,0,,,,,,,
353853,150 ألف لي بلا ڨاع ولا غير الميلونج.,12352,Facebook,Restaurant San Benito,2025-10-12T23:05:35.000Z,0,,,,,,,
747076,"Très bon restaurant turc de l’entrée au dessert tout était excellent, le seul problème du restaurant c’est la musique… sinon tout est top je vais y retourner in shaa ‎الله",5960,Google Maps,Casbah Istanbul,2024-09-06T21:05:38.206Z,0,,,,,,,
878165,Le mellieur,33524,tiktok,@ambiancefood,2026-01-02T19:21:18.269189,0,,,,,,,
353881,"J’ai goûtée plein de donuts dans ma vie au état unies , au canada , en europe , mais jamais au grand jamais vous ne trouverez mieux que les donuts de mimas donut fait avec amour et passion une explosion de saveur  , un moment de plaisir incomparable meilleur choses à tester entre amis ou en familles histoire de bien commencer ou finir sa journée  [APPRECIATION]",1490,instagram,mimas_donuts,2025-08-18T20:45:32.000Z,8,,,,,,,
484964,العربي وميڤا بيتدزا,59296,tiktok,@maestro_dz13,2026-01-02T21:21:28.086035,0,,,,,,,
616040,"Even after years, this restaurant has been able to maintain the best quality in the food and the service",2977,Google Maps,تاج محل بن عكنون,2025-11-21T12:04:53.178Z,0,,,,,,,
616042,الطلب دائما سريع و في وقته لكن الطعم عادي جدا و لا يوجد شيء مميز,8669,Google Maps,American Burger Factory,2021-10-20T18:38:29.277Z,1,,,,,,,
747123,Service Lent,8493,Google Maps,American Burger Factory,2023-07-02T18:05:40.302Z,2,,,,,,,
222836,Mon restaurant préféré sur alger tout est bon accueil service et la viande un délice merci grâce a vous on passe toujours un bon moment,5124,Google Maps,Casbah Istanbul القصبة اسطنبول,2025-08-12T13:49:17.233Z,0,,,,,,,
616053,"Super ambiance, les serveurs adorables, le seul hic c'est leur paella, une odeur bizarre et le goût horrible, je vous conseille tout le reste mais évité la paella",7579,Google Maps,Restaurant À Petit Feu,2024-02-23T23:37:53.928Z,2,,,,,,,
484981,الغلاء و البنة مضمونة ماشي بنية و السارفيس ثقيل كارثة,9789,Facebook,,2025-10-22T06:25:27.000Z,0,,,,,,,
222839,Pour une fois je vois de la sauce en Algérie,40346,tiktok,@woodchickendz,2026-01-02T19:45:49.110000,9,,,,,,,
484983,"waw f le prix c tt , trawa7 avc une intoxication oui",61850,tiktok,@maestro_dz13,2026-01-02T21:26:54.391249,0,,,,,,,
222843,شهية طيبة,11293,Facebook,Restaurant Casa Bella - Draria,2025-09-01T08:17:09.000Z,0,,,,,,,
484994,très beau restaurant.  [APPRECIATION],14330,tiktok,@les_jumelles,2026-01-02T18:01:24.676986,0,,,,,,,
353926,It's not the same quality anymore and too expensive.,10219,Facebook,,2025-10-31T11:56:22.000Z,0,,,,,,,
353934,"Problème dans la prise de commande, le serveur s’est trompé 4 fois sur la commande. Tout le monde a eu mal au ventre. Je déconseille",8265,Google Maps,American Burger Factory,2024-09-01T23:30:20.311Z,0,,,,,,,
485011,تحيا أكل صحي هاذا كامل مرض سكري,10186,Facebook,Restaurant Tabarka Annaba,2025-12-23T20:50:07.000Z,0,,,,,,,
747161,Meilleures pâtes,1816,instagram,sinai.dz,2025-06-05T18:54:00.000Z,0,,,,,,,
353949,حيدرة كاين توصيل,29332,tiktok,@elcuatro_burgers,2026-01-02T18:49:37.864593,0,,,,,,,
222881,مشاء الله رب اكمل,51030,tiktok,@broaster_chiken,2026-01-02T20:59:49.625931,0,,,,,,,
878241,Makla ma3jbtnich khlh  dit lasagnes piquante b façon anormal khalitha kima rahi et mon mari da plat escalope à là milanaise l’escalope bard grave w aucun goût,61882,tiktok,@maestro_dz13,2026-01-02T21:26:55.363039,1,,,,,,,
222888,العلمية السحرية,41674,tiktok,@street_food,2026-01-02T19:57:49.336051,0,,,,,,,
878283,Ça m’a fait penser au film pretty woman ( Julia Roberts) la scene ds le restaurant avec les escargots,72372,tiktok,@pont_hydra,2026-01-02T22:13:21.460822,1,,,,,,,
485070,السر في زيت المحركات,41552,tiktok,@street_food,2026-01-02T19:57:46.733804,1,,,,,,,
222931,يرحم والديك روح نحى،اللحية والقميس,9172,Facebook,"

Restaurant Casa Bella - Draria",2025-12-03T17:27:08.000Z,2,,,,,,,
222937,نقصدها انا و صحابي بعد ما نقراو في الجامعة نروحو نوكلو كرهنا من ماكلة تاع فوايي  بشحال البيتزا؟,51518,tiktok,@broaster_chiken,2026-01-02T21:00:00.620404,1,,,,,,,
354010,Ah j’ai adoré vraiment endroit très luxueux  [APPRECIATION],20996,tiktok,@seven.times.luxury,2026-01-02T18:21:43.125605,8,,,,,,,
616172,الله إبارك ناس ملاح. نعرف بلعيد خاصّة. ناس ما شاء الله,9081,Facebook,Restaurant Casa Bella - Draria,2025-12-07T15:41:13.000Z,0,,,,,,,
222958,Pour ceux qui disent trop chers pour aller en famille ? ? Allez y avec vos maîtresses,14102,tiktok,@les_jumelles,2026-01-02T18:01:16.708064,136,,,,,,,
747250,Un restaurant algérien c’est ça le prank,16846,tiktok,@user5834669559361,2026-01-02T18:10:49.604847,4,,,,,,,
485110,باينة ماراحش يقولولك بلي لحم مكونجلي . مي نستعرف فريت و وينڨز تاعهم بنان .,29938,tiktok,@chiken_street_bbz,2026-01-02T18:53:27.503005,31,,,,,,,
747278,Le premier li dar burger aux crevettes f dzair Mh le meilleur,31248,tiktok,@taylor,2026-01-02T19:10:51.519774,1,,,,,,,
222991,David Aissaoui انا تاني راني نشوف قلت بلاك تبدل,11395,Facebook,Restaurant San Benito,2025-07-27T05:44:47.000Z,0,,,,,,,
747280,"Friendly and helpful staff, nice and clean venue. The starters were delicious, the rest of the food was ok, except for the fries which frankly were a bit awful. I do understand the comments about the price. Being European it was a fair price for a fair meal. For Algerian conditions these are high-end prices. For a high-end price, I would have expected a bit more high-end on the plate too.",2657,Google Maps,HichamCook Grill House,2023-08-28T21:20:55.496Z,2,,,,,,,
485143,انجي عمري تقلشيني  [APPRECIATION],13404,Facebook,Restaurant San Benito,2025-10-13T18:22:05.000Z,0,,,,,,,
354076,مع الأول بانلي غالي. بصح كي زدت القارص هداك هو  [BOUFFE],877,instagram,hichamcookgrill,2025-12-19T18:43:11.000Z,500,,,,,,,
485160,c est à tester,71934,tiktok,@fidelia,2026-01-02T22:11:53.027271,1,,,,,,,
354093,KFC il existe dans tous les pays du monde musulman,37654,tiktok,@kfc,2026-01-02T19:39:18.570380,25,,,,,,,
485169,مليح بصح كل مرة ينقص في الكعبة قريب يقلبها بورتوكلي,53050,tiktok,@patisserie_annaba,2026-01-02T21:04:21.547838,1,,,,,,,
747314,Excellente cuisine et un cadre très agréable. Les saveurs sont là et le service est top. Je recommande vivement,2689,Google Maps,HichamCook Grill House,2023-07-16T23:20:39.622Z,1,,,,,,,
354108,wine Jay,14970,tiktok,@lassiette.algeroise,2026-01-02T18:06:52.328371,0,,,,,,,
354114,on est venu hier c'était très très bon et surtout l'accueil et la propreté merci beaucoup,62250,tiktok,@hamidhamid806,2026-01-02T21:29:12.264885,1,,,,,,,
485190,"Au début j'ai donner 5/5 mais cette fois n'est pas le cas, un service trop lent, l'équipe d'aujourd'hui n'était pas accueillante, pour la pizza je donne 2/5 car cette dernière était trop trop trop cuite et même moins bonne que d'habitude, dommage l'expérience d'aujourd'hui n'était pas comme souhaité.",4134,Google Maps,هشام كوك بيتزا,2024-12-28T19:39:40.717Z,1,,,,,,,
878414,يا ناس الطاكوس مايجيش فيه فريت لداخل,55280,tiktok,@askim_food,2026-01-02T21:13:26.529162,1,,,,,,,
878415,كاين توصيل او لا. و كم السعر,10419,Facebook,"  Restaurant elassil








",2025-12-16T12:43:07.000Z,0,,,,,,,
354128,يصلح فيه فيونساي ؟؟؟,19916,tiktok,@villa_frere,2026-01-02T18:17:40.968483,0,,,,,,,
878417,مطعم السمك البور واو.,58728,tiktok,@maestro_dz13,2026-01-02T21:21:18.001978,1,,,,,,,
747354,Prix à la portée de rockfeller et cristiano,17860,tiktok,@casabelladraria,2026-01-02T18:14:47.824018,0,,,,,,,
354138,الماكلة بنينة ميطولوش بزاف(نهار رحت مكاش الغاشي) غلطلي فاdessert 2 fois هذا مكان،السعر يبالي مناسب تشبع عندو ب 1500 دج.,5199,Google Maps,Casbah Istanbul القصبة اسطنبول,2024-10-25T10:49:04.147Z,0,,,,,,,
485219,"2eme fois chez Hicham Cook et quelle déception par rapport à la 1ere fois. Service moyen mais personnel agréable. Nourriture très décevante surtout le poisson. La cuisson n’est pas du tout maîtrisé trop cuit et très sec donc. La viande est bonne mais l’accompagnement frite, un peu trop cuite à mon goût. La carte restreinte. Salle extrêmement bruyante. Son de la télé au maximum. Je n’y retournerais plus.",2521,Google Maps,HichamCook Grill House,2024-05-07T19:31:47.365Z,1,,,,,,,
616295,كليت عنهم بزاف بنين الله يبارك والمعاملة ماشاءالله  [APPRECIATION],46618,tiktok,@oumanger.oran,2026-01-02T20:23:54.132878,1,,,,,,,
354178,Joe Batoury,65082,tiktok,@racyms_restaurant,2026-01-02T21:39:49.702954,1,,,,,,,
354182,"Best indian food in town, nice restaurant and friendly staff with easy car parking. what else do we need!",3326,Google Maps,تاج محل بن عكنون,2017-08-26T21:00:22.535Z,1,,,,,,,
747402,Best indian food in Algeria !,3186,Google Maps,تاج محل بن عكنون,2021-10-17T06:42:11.754Z,0,,,,,,,
354192,مقدرتش ناكل عندك درت نجوم برك,2825,Google Maps,HichamCook Grill House,2022-12-28T09:08:22.669Z,1,,,,,,,
878494,نتيا شابا الله يبارك خير ملحوت,12889,Facebook,Restaurant San Benito,2025-10-13T22:46:42.000Z,5,,,,,,,
354217,Un délice surtout le poutine je vous le recommande fortement,7903,Google Maps,American Burger said hamdine,2022-05-21T19:37:53.893Z,0,,,,,,,
616364,J’ai manger laba vraiment top c’est valider vraiment je recommande a éviter pendant les période d’été quand il y a du monde c’est tout  [APPRECIATION],66618,tiktok,@magnolia,2026-01-02T21:50:56.122707,1,,,,,,,
354228,أحلى مشويات ، و أحلى لوبيات,9481,Facebook,Restaurant Tabarka Annaba,2025-12-23T20:06:55.000Z,0,,,,,,,
485302,l'un des meilleurs restaurants à annaba fraht ki 3awed hal  [APPRECIATION],57052,tiktok,@sultan_corniche,2026-01-02T21:16:58.742197,3,,,,,,,
485304,سومة شابة بزاف وين بلاصة هاذي,36752,tiktok,@restaurant.madala,2026-01-02T19:34:38.381154,0,,,,,,,
354232,Nabil Zaki عندنا كيما تشوف كيما تلقاها مرحبا بك,9439,Facebook,Dz Forest Restaura,2025-10-16T17:55:41.000Z,0,,,,,,,
616387,لالا انا عجبتني نتي لكروفات لا والو نتي نتي,12925,Facebook,Restaurant San Benito,2025-10-13T10:02:56.000Z,0,,,,,,,
616391,خليل رحماني تبالي نتا مخلوع سومة غاليا بزاف وتجار مين يلقاو ڨليط وبهلول كيفك يبيعها مليون وتجيك نورمال نتوما لي غليتو معيشة على ڨليل,10513,Facebook,Dz Forest Restaura,2025-10-13T06:34:39.000Z,0,,,,,,,
485336,واش كاين يوم لي بوكس,24386,tiktok,@differencefood,2026-01-02T18:29:19.390465,1,,,,,,,
747485,عتبة مربوحة انشاءالله  ارواحو ل عندنا ف بن عكنون  [APPRECIATION],1316,instagram,mahroussaglace,2025-07-21T22:34:23.000Z,6,,,,,,,
616414,Service super rapide très accueillant et pizza très bonnes merci,4309,Google Maps,هشام كوك بيتزا,2024-06-21T21:40:34.249Z,0,,,,,,,
616415,تقلشي سيدك,13533,Facebook,Restaurant San Benito,2025-12-26T19:38:35.000Z,1,,,,,,,
747488,seven time la villa مطعم المفضل ليا ماكلتو بزاف بنينة سيرتو البيتزا وسلاطة الافوكابزافف فور,26804,tiktok,@seven.times,2026-01-02T18:39:13.736949,1,,,,,,,
747492,"C'est un beau restaurant avec du personnels professionnels mais la cuisine a un gros problème d'assaisonnement, ya un manque de sel flagrant, pourtant je ne fume pas.",5303,Google Maps,قصبة اسطنبول,2024-08-16T20:04:51.564Z,0,,,,,,,
223217,Un des meilleurs restaurant sur alger,6596,Google Maps,Restaurant À Petit Feu,2025-08-14T20:17:13.940Z,0,,,,,,,
354291,Je valide. parfait,768,instagram,elmarssem.dz,2025-05-23T01:08:13.000Z,0,,,,,,,
354305,انشاء الله يحل فالعاصمة  [APPRECIATION],45158,tiktok,@budz,2026-01-02T20:15:51.006875,18,,,,,,,
223234,Biba Chelbi ملاحظة دقيقة،خطرش لاحظت نفس الملاحظة صحن كبير على حتشي,8968,Facebook,Restaurant Tabarka Annaba,2025-12-25T20:42:13.000Z,1,,,,,,,
223240,Service et tres bien Propre familliale musique dambiance Alors la nouriture et fade moyen Boulgour et pas bon et evite Cote dagneau bon mes grassse Chawaya gras moyen Alors la ils ont reussie a rate les frite mdrrr pas de gout frite surgele a lhuile vide a linterizur ppur le desseert Quantite de glace ridicule La pate feuille a gout dhuile maintenant que jai mange jai de lhuile dans la bouche mauvaus arrizre gout dhuile Cest sympa ils offret le the noir ils bon Merci pour ce repas que jai paye moi meme mes je reviendrais pas cest sur a 100%,6192,Google Maps,Casbah istanbul,2023-02-17T22:21:06.773Z,2,,,,,,,
354314,نقلش سيدي نقلشك هههه,13456,Facebook,Restaurant San Benito,2025-12-29T16:32:45.000Z,0,,,,,,,
354317,bnin chiwia ghaliii mais ystehel w service tooop,22256,tiktok,@cezam,2026-01-02T18:23:30.708536,1,,,,,,,
878612,"J'ai récemment eu le plaisir de dîner chez Hichem Cook Pizza à Kouba, et quelle expérience ! Les pizzas sont tout simplement divines, avec une pâte parfaitement croustillante et des garnitures généreuses et savoureuses. L'accueil est chaleureux, le service impeccable et l'ambiance conviviale. C'est l'endroit idéal pour se retrouver entre amis ou en famille. Un must pour tous les gourmands d'Alger à la recherche d'une authentique expérience italienne. Bravo à l'équipe de Hichem Cook Pizza ! Point à améliorer : service et organisation. **Review in English:** I recently had the pleasure of dining at Hichem Cook Pizza in Kouba, and what an experience it was! The pizzas are simply heavenly, featuring a perfectly crispy crust and generous, flavorful toppings. The welcome is warm, the service is excellent, and the atmosphere is friendly. It's the perfect place for a get-together with friends or family. A must-visit for all foodies in Algiers looking for an authentic Italian experience. Kudos to the team at Hichem Cook Pizza!",4587,Google Maps,هشام كوك بيتزا,2023-12-07T07:15:47.265Z,4,,,,,,,
485397,La bouffe est bonne les plats sont variés l’accueil et le service sont acceptables. Le rapport qualité / prix est un peu élevé,7641,Google Maps,Restaurant À Petit Feu,2024-01-05T21:36:28.128Z,7,,,,,,,
747543,Amazing food for Indian cravings. My favourite is chilli kulcha .,3250,Google Maps,تاج محل بن عكنون,2019-07-22T08:37:40.214Z,1,,,,,,,
616475,"Il faut ns préciser, 1500 DA LE PLAT ou tous les plats, il faut être claire.",11736,Facebook,Restaurant San Benito,2025-07-27T00:29:05.000Z,0,,,,,,,
223263,Restaurant elassil شكرا أخي بارك الله فيك,10534,Facebook,"  Restaurant elassil








",2025-12-16T20:40:40.000Z,0,,,,,,,
616488,"En qq mots Médiocre, cher, pas a la hauteur des photos trompe l oeil, car aucun goût. A déconseiller vivement",2545,Google Maps,HichamCook Grill House,2024-03-05T10:51:12.038Z,0,,,,,,,
878633,Barbecue  non mais non yji b sauce aigre douce,40016,tiktok,@streetburger02,2026-01-02T19:44:05.415922,2,,,,,,,
354346,هاذي هي بنت الفاميليا لي راهي عايشة للاسف,57178,tiktok,@_le216_,2026-01-02T21:17:18.828064,4,,,,,,,
747566,marocain réel [APPRECIATION],25880,tiktok,@ofennec.officiel,2026-01-02T18:34:13.655036,0,,,,,,,
747568,gha3 l'equipage raki fi bateau?,57312,tiktok,@_le216_,2026-01-02T21:17:20.584078,276,,,,,,,
223287,Ou ce trouve votre restaurant,11945,Facebook,Restaurant San Benito,2025-10-13T18:11:16.000Z,0,,,,,,,
485433,bon continuation  [APPRECIATION],68264,tiktok,@le_petit_chalet,2026-01-02T21:54:57.317068,1,,,,,,,
616509,"American Diner Algérie J'ai essayé le sandwich Rocky double à 700 Da + Pepsi à 100 Da La nourriture était bonne Parcontre j'ai remarqué qu'il y avait pas de plats a proposé, sauf Pizzas, Sandwichs et Burgers. Ça aurait été mieux d'ajouter des plats. Malgré tout le restaurant avait une belle déco (typiquement Américaine) un moment donné on se croyait à côté de la route 66. Sans oublier le personnel qui était très accueillant. Je le recommande surtout pour découvrir et changer d'atmosphère.",4781,Google Maps,Hicham cook pizza pasta,2022-12-07T19:28:58.116Z,19,,,,,,,
485438,Hamid Le Grand الله يحشرك في جهنم يا ابن الزنا نجاسة كما نتا تسب خير خلق الله,10024,Facebook,Dz Forest Restaura,2025-10-13T11:10:02.000Z,0,,,,,,,
878654,Wajhah bayen iscro te3 khorti,12313,Facebook,Restaurant San Benito,2025-10-13T01:26:59.000Z,0,,,,,,,
223298,شحال السندويش اخي,39726,tiktok,@benko.games,2026-01-02T19:43:06.957391,0,,,,,,,
223299,Ntesti verbe tester en français conjugué en Algerien a la 1er personne du singulier,21210,tiktok,@triple_,2026-01-02T18:22:03.688400,0,,,,,,,
878660,راك محسبتش الذبانة لي كانت دور فوقهم,10196,Facebook,Dz Forest Restaura,2025-10-13T12:05:21.000Z,0,,,,,,,
354374,ماشاء الله كلش بنين,54392,tiktok,@mfood.annaba,2026-01-02T21:09:29.929135,2,,,,,,,
354381,ياخاه فريد lux سلمنا عليه قولو مهدي gattouzo يعرفني مليح خويا هادا  [APPRECIATION],41046,tiktok,@derby.food,2026-01-02T19:50:08.945296,1,,,,,,,
747598,نفوته في داري وسورة البقرة والصلاة ونبكو شوية على الأيام والاعوام لي ناقصة من حياتنا,66046,tiktok,@restaurant_mani,2026-01-02T21:47:12.759934,6,,,,,,,
223314,"Alors je comprend pas certains avis, j'ai l'impression qu'ils font ça pour dénigrer cet endroit. Seconde fois que je viens dans ce restaurant ( la 1ère fois à Bab Ezzouar ). Bien accueilli et bien servi. Plats de bonnes qualités et délicieux. Manque juste de variétés sur les boissons.",6077,Google Maps,Casbah istanbul,2024-07-09T22:55:00.510Z,0,,,,,,,
747606,vive la gastronomie Algérienne  [APPRECIATION],16864,tiktok,@user5834669559361,2026-01-02T18:10:49.604862,1,,,,,,,
878684,عبد الله عبد الله باينة لازم يربح وش حابو يبيعلك باطل,12421,Facebook,Restaurant Rais,2025-10-13T20:12:56.000Z,0,,,,,,,
616543,"Ce restaurant veut se positionner comme un restaurant à la française. La nourriture n'est vraiment pas bonne du tout, ce n'est pas frais. L'ambiance est bruyante et en plus les fumeurs sont acceptés. Le prix est trop élevé pour ce qui est proposé. 8600 dinars alors qu'on a pris que des entrées. On y mettra plus jamais les pieds et avertirons nos amis qui séjournent à Alger à ne pas y aller",3394,Google Maps,Caracoya,2025-02-04T21:37:16.936Z,0,,,,,,,
223342,320 نشري بيها Tn عند حنظلة,47578,tiktok,@bazookadz,2026-01-02T20:32:28.394462,0,,,,,,,
878715,جيد طبق لذيذ وأنيق,7526,Google Maps,American Burger said hamdine,2023-11-09T13:01:36.526Z,0,,,,,,,
223360,لؤ لؤة Côté Kouba w côté Birmo,9413,Facebook,,2025-11-20T21:43:04.000Z,1,,,,,,,
878726,مالا كايافسي اه,37786,tiktok,@kfc,2026-01-02T19:39:21.195871,1,,,,,,,
485517,ربي يحفظك مصطفى و يطول في عمرك [APPRECIATION],68786,tiktok,@cote_oran,2026-01-02T21:57:34.598189,4,,,,,,,
354446,C’est où svp ?,69810,tiktok,@chtibo_oran,2026-01-02T21:58:34.963710,0,,,,,,,
354449,حساب الله يبارك,9254,Facebook,Dz Forest Restaura,2025-10-13T18:38:40.000Z,1,,,,,,,
354463,ماقدروش ينافسوك مع اسف,28952,tiktok,@snacky_time_kouba,2026-01-02T18:47:53.129829,0,,,,,,,
485556,عرض هاااايل,43986,tiktok,@dzforestrestaurants,2026-01-02T20:11:34.194229,1,,,,,,,
485558,توصيل كاين؟,55954,tiktok,@mfood.annaba,2026-01-02T21:14:14.531658,1,,,,,,,
747710,Le carré top de top sur alger  [APPRECIATION],24984,tiktok,@el_marssem,2026-01-02T18:32:16.408961,4,,,,,,,
354503,C est où ça,34470,tiktok,@restaurantmonegasque,2026-01-02T19:24:00.438931,0,,,,,,,
354508,à boycotter  [APPRECIATION],38654,tiktok,@kfc,2026-01-02T19:39:46.641917,0,,,,,,,
485582,بازوكا اكبر واحد يضحكي بالاسعار تاوعو,47664,tiktok,@bazookadz,2026-01-02T20:32:31.660234,1,,,,,,,
878798,Rachid Tawami فيلاج الفت هههههه يا نقش بلعباسي محلول,12836,Facebook,Restaurant San Benito,2025-10-13T16:45:25.000Z,0,,,,,,,
354513,لوكان صح عندو الغاشي أنت والله ماديرلو إشهار باش تتعاشى يعني نامنك أنت و نكذب ناس لي كلات عندو اقراو ليكمونتار تفهمو.,10524,Facebook,Restaurant Casa Bella - Draria,2025-12-22T06:25:27.000Z,0,,,,,,,
485613,Mina Alger Oran ou autre ville sait pareil pas de concurrence entre nous ok,45144,tiktok,@budz,2026-01-02T20:15:51.006860,0,,,,,,,
354544,bena machi haja kouleche 3adi c'est pas extraordinaire en plus pour le prix bezaf Ghali pour la qualité,23940,tiktok,@spotter.dz,2026-01-02T18:27:19.819380,0,,,,,,,
485633,Merci Mr hichem pour l'invitation,4395,Google Maps,هشام كوك بيتزا,2024-04-13T21:12:28.524Z,0,,,,,,,
616713,شحال لابايلا,18180,tiktok,@restaurantabarkannaba,2026-01-02T18:15:07.273648,0,,,,,,,
747789,Le meilleur fi annaba,61628,tiktok,@guellil._.tasnim,2026-01-02T21:25:44.586370,1,,,,,,,
878861,SUPER JE VIENDRAIS AVEC MA FAMILLE N'CHALLAH  [APPRECIATION],35650,tiktok,@sinai,2026-01-02T19:28:20.136356,0,,,,,,,
878865,باب الحارة c mieux  [APPRECIATION] [BOUFFE],46590,tiktok,@oumanger.oran,2026-01-02T20:23:51.156877,0,,,,,,,
485655,واش هذي الحية فهمونا معاكم,53470,tiktok,@thaisty_dz,2026-01-02T21:07:25.946606,0,,,,,,,
747807,je te souhaite bonne chance mon ami,66264,tiktok,@vibe.bistrot,2026-01-02T21:48:40.873865,1,,,,,,,
223523,"Nous sommes parti à 4, nous avons prit 3 formules différentes, service long, il faut répéter à chaque fois… Pour ce qui est des brunch pour moi et sincèrement vous pouvez mieux faire, car mettre une charcuterie de cette qualité ( qualité supérette ) couper et disposer n’importe comment idem pour les fromages ! désoler mais un petit effort n aurai pas été de refus ! J en ai u le cœur retourner",3706,Google Maps,Laurel Restaurant,2024-11-10T13:08:45.844Z,1,,,,,,,
616743,Service 0000 ytawlo bzaf,4222,Google Maps,هشام كوك بيتزا,2024-08-26T22:43:48.552Z,0,,,,,,,
878900,"Service is good, food is excellent. Would recommend",3117,Google Maps,تاج محل بن عكنون,2023-07-23T14:53:54.608Z,0,,,,,,,
354613,يأكل عندك غير سوكارجيه برك,12257,Facebook,Restaurant San Benito,2025-10-13T12:54:53.000Z,0,,,,,,,
747830,الله يبارك ماكلة قوة وخويا منير يتهلا بينا ربي يوفقكم إن شاءالله,8141,Google Maps,American Burger Factory,2025-01-28T19:02:46.528Z,0,,,,,,,
485704,خامج بنين الله غالب,42124,tiktok,@street_food,2026-01-02T19:58:01.090630,0,,,,,,,
485712,Franchement délicieux plus le staff ils sont super gentils,8511,Google Maps,American Burger Factory,2023-05-13T23:52:05.423Z,10,,,,,,,
878929,و نسيت ثاني اللحم ماهوش طايب في حالة ملاخر,58268,tiktok,@vilageneige_annaba,2026-01-02T21:19:49.301141,0,,,,,,,
223571,الله يبارك عجبتني رشقتنا لخدما,45850,tiktok,@ifood_31,2026-01-02T20:18:07.968467,0,,,,,,,
354648,أكتبوا بلغة العربية راني في دولة لغتها العربية,51476,tiktok,@broaster_chiken,2026-01-02T20:59:59.744221,0,,,,,,,
354654,service nul réception zéro il faut attendre 20 minutes dehors avec ta famille pour trouver une table et les prix .,8516,Google Maps,American Burger Factory,2023-04-18T08:01:37.912Z,0,,,,,,,
878944,و كاس جي مكاش اواه ما نجيش,9360,Facebook,Dz Forest Restaura,2025-10-13T18:57:52.000Z,1,,,,,,,
616805,سرايدي نعرفها مليح الجو والانسان كلها ستيل اوروبي البحر الجبل الغابات الاشجار,60306,tiktok,@seraidi.live.z,2026-01-02T21:22:47.257367,1,,,,,,,
616807,بصح علاش ماتقولوش الاسعار,28894,tiktok,@snacky_time_kouba,2026-01-02T18:47:51.583978,0,,,,,,,
485741,endroit propre . L'accueil est bon ainsi que le service . Nourriture assez moyenne .,4388,Google Maps,هشام كوك بيتزا,2024-04-17T22:32:40.811Z,0,,,,,,,
485747,"Très beau restaurant, c'est propre, la nourriture est bonne, l'accueil est remarquable, le service est bien aussi, les prix sont moyens pas trop cher ni abordable a tous, un petit point négatif c'est la prix des jus de fruits exactement le mokhito (mojito) a 600 Da c'est trop execif il faut ajuster ce point rapidement, sinon dans l'ensemble est bon السلام عليكم و رحمة الله و بركاته مكان جميل نظيف و محترم، الطعام لذيذ، الاستقبال جميل، الأسعار متوسة ليست بالملتهبة و المنخفظة، ملاحظة صغيرة حول سعر عصير الليمون الموخيطو ب600 دج هذا جنون و لا يمثل باقي الأسعار، لكن على العموم مطعم جيد",7351,Google Maps,Restaurant À Petit Feu,2024-08-01T10:32:21.191Z,0,,,,,,,
485752,le meilleur ci Amiricain berger,48050,tiktok,@rahmani_food,2026-01-02T20:34:22.211760,0,,,,,,,
747899,Tres bon resto,2469,Google Maps,HichamCook Grill House,2024-07-19T15:02:50.184Z,0,,,,,,,
878971,بريك جزائري هدا ما يشبه للبريك التونسي با فالبنة لا فالشكل راكم غير تخلطوا,186,instagram,amine_la_cantine,2025-12-14T15:50:54.000Z,4,,,,,,,
747920,Franchement c'est vraiment nul. Service médiocre en a commander des cheeses burgers viande non cuite est salé inmangable.,4940,Google Maps,Hicham cook pizza pasta,2020-08-16T20:32:00.493Z,2,,,,,,,
616849,Bravo belle décoration et bel endroit  [APPRECIATION],61210,tiktok,@la.criee,2026-01-02T21:24:45.600239,1,,,,,,,
878995,كاش عرضة عباس,16366,tiktok,@mardoum,2026-01-02T18:08:10.555300,0,,,,,,,
485784,شكون عندو رقم اوتال راشراش عنابة ؟؟؟؟,60776,tiktok,@seraidi.live.z,2026-01-02T21:22:58.311475,0,,,,,,,
354716,"Yo I came across American Burger these days and I tried eating there not once tbh lol The food is great and the service is we had the pleasure of dealing with Aissam and he was so nice, definitely coming back",8076,Google Maps,American Burger Factory,2025-02-03T13:54:42.091Z,1,,,,,,,
747939,حتي الشابية,56012,tiktok,@mfood.annaba,2026-01-02T21:14:16.148207,1,,,,,,,
485797,Djibouti des fois la dorade sauvage ?,10613,Facebook,"  Restaurant elassil








",2025-12-17T19:46:37.000Z,0,,,,,,,
616870,It is one of the best restaurants that serves the best food,6701,Google Maps,American Burger Factory,2025-09-03T15:02:27.978Z,0,,,,,,,
747945,Je n'ai pas du tout aimé,8814,Google Maps,American Burger Factory,2018-11-05T19:49:00.319Z,0,,,,,,,
747958,بصح هذا مش ثلج ! هذا لحجر ولا انا لي موليتش نفهم( هذا ثلج),36632,tiktok,@seven.times,2026-01-02T19:31:38.661839,0,,,,,,,
747959,ڤامبٰٰولہٰ واتہٰرسہٰن يبيعلك خاتم بزوج ملاين هاه جابلو الرزق ولا ماجابلوش؟ راهو جابلو زوج ملاين,11284,Facebook,Restaurant Casa Bella - Draria,2025-07-26T23:17:42.000Z,0,,,,,,,
747967,Restaurant elassil donne le prix combien ?,10709,Facebook,"  Restaurant elassil








",2025-12-30T08:05:16.000Z,0,,,,,,,
485823,c où exct,21816,tiktok,@maison_sardoudi,2026-01-02T18:22:32.640442,0,,,,,,,
354761,Un delice je recommande fortement. Au passage je salue l'équipe au cafétéria,6784,Google Maps,American Burger Factory,2025-08-06T22:40:41.369Z,0,,,,,,,
616906,Endroit sympathique manque café,6859,Google Maps,American Burger said hamdine,2025-07-24T12:44:36.890Z,0,,,,,,,
747983,اتوحشنا مصطفى غير هاك,69098,tiktok,@cote_oran,2026-01-02T21:57:43.121345,1,,,,,,,
747987,انا كي نشوف هادوك النقاطي في الطبسي و القرعة تع افري نخاف لا اراديا,66982,tiktok,@bladi_oran,2026-01-02T21:51:31.931543,0,,,,,,,
354782,"Il est incroyable, je recommande.",830,instagram,fontaine_dor_restaurant,2025-08-03T18:29:42.000Z,6,,,,,,,
485858,كيسان تع القهوى تع السوق,57086,tiktok,@_le216_,2026-01-02T21:17:13.777379,1,,,,,,,
748041,bon courage pour vous el bennah tahder  [APPRECIATION] [RECOMMENDATION],50236,tiktok,@chapati_team,2026-01-02T20:59:01.076932,1,,,,,,,
879115,livraison el achour kyn?,29246,tiktok,@elcuatro_burgers,2026-01-02T18:49:33.686001,0,,,,,,,
485908,"De l'attente un peu beaucoup 30/40mn. Ensuite bien pris en charge, repas en famille belle décoration, les serveur très actif mais faut pas être pressé. Entrée à 1800D à 6 personnes pas tout fini leur pain est très bon, les plats sont bon mais peuvent faire mieux niveau goût à ce prix surtout la nourriture turc et très goûteuse. Sauce blanche très acide on dirait du yaourt nature soumam. Le burger enfant, si enfant en bas âge ou pas trop gros mangeur suffit pour 2. Dessert très bon. Parking sur place gratuit mais faut attendre des fois. The turc offert. wc très correct. Merci à l'équipe.",5474,Google Maps,قصبة اسطنبول,2023-07-27T01:11:09.573Z,0,,,,,,,
485909,Parfait une très bonne pizza,4171,Google Maps,هشام كوك بيتزا,2024-10-31T18:39:48.301Z,0,,,,,,,
879128,ربي بارك يعطيك صحة,49756,tiktok,@farouk.tacos,2026-01-02T20:42:08.671781,2,,,,,,,
616985,Za3ma bnin l’équipe ?,32296,tiktok,@restaurant_gizay,2026-01-02T19:15:25.042067,1,,,,,,,
616986,150 بطل الله يهديكم,11565,Facebook,Restaurant San Benito,2025-07-29T18:32:11.000Z,0,,,,,,,
485915,بصحتكم وعقوبة ليا قعدة كيما هاك,67614,tiktok,@bladi_oran,2026-01-02T21:51:52.899296,0,,,,,,,
616993,les prix sont raisonnables [APPRECIATION],37032,tiktok,@restaurant.madala,2026-01-02T19:34:43.348797,2,,,,,,,
223788,السلام وين المحل,9011,Facebook,Restaurant Tabarka Annaba,2025-12-23T18:15:27.000Z,0,,,,,,,
617004,une très bonne adresse. les plats sont très bons le service excellent et les prix très raisonnables,66608,tiktok,@magnolia,2026-01-02T21:50:56.122698,1,,,,,,,
354863,Jijigig Gigjiji الفقير معندوش كنكسيو باه يتفرج,9953,Facebook,Dz Forest Restaura,2025-10-13T20:17:59.000Z,0,,,,,,,
485937,j'adore les escargots mais je ne connais pas la recette,73496,tiktok,@pont_hydra,2026-01-02T22:13:56.081918,0,,,,,,,
485963,"Machaa alah , L'accueil chaleureux et professionnel . félicitations.",4726,Google Maps,Hicham cook pizza pasta,2023-09-16T15:26:24.809Z,0,,,,,,,
354892,مشأالله الله يبارك فيه ويحفظه وكثر المشتارية إنشأالله.,66690,tiktok,@bladi_oran,2026-01-02T21:51:13.515501,1,,,,,,,
879183,"il est plus comme avant les tacos, ils font bcp de sauce qui n'est du tt bonne mm les burgers ils sont plus comme avant dommage",8535,Google Maps,American Burger Factory,2023-02-18T14:29:24.365Z,2,,,,,,,
223836,"Celui de Benaknoun est bien meilleur pour plusieurs raisons : -Les serveurs ne comprennent n'y l'arabe n'y le français , un serveur s'est trompé sur ma commande et m'a obligé à prendre un plat en plus ce qui m'a faché ( je vous conseille de confirmé votre commande avec eux ) MUSTAFA j'espère que tu lira ce msg , Google traduction -Certain plat sont moins généreux que ceux de benaknoun car je suis plus un habitué de benak -Les plat a base de yaourt sont vraiment acide -Et merci de pas nous avoir proposé de thé , Mustafa zéro/10",6266,Google Maps,Casbah istanbul,2022-02-02T18:49:15.766Z,0,,,,,,,
485986,ils vont le fermer dans pas longtemps,37628,tiktok,@kfc,2026-01-02T19:39:17.543583,95,,,,,,,
354922,تقدر تصورلي المينيو حابة نطلب عبر الهاتف,51650,tiktok,@mfood.plus,2026-01-02T21:00:17.388179,0,,,,,,,
486006,melmi l'ouverture,43176,tiktok,@hocine.chapati,2026-01-02T20:03:51.416245,1,,,,,,,
486009,مرقاز خطاء ربي عونك,12703,Facebook,Restaurant Rais,2025-10-12T21:22:21.000Z,0,,,,,,,
354938,Et les prix les gars personne ne pose la question,25838,tiktok,@ofennec.officiel,2026-01-02T18:34:12.788115,0,,,,,,,
354958,affichez les prix a la porte d'entrée et le problème est reglee,70892,tiktok,@paradou_restaurant,2026-01-02T22:04:50.559562,6,,,,,,,
879248,"It is an excellent pizza restaurant in terms of decor, calmness, and treatment, but it lacks the speed of executing the order, even if the order cannot be cooked, it will be delayed. As for the taste of the pizza, it is slightly above normal, and the prices are also good. In general, I did not regret that I visited this restaurant.",4394,Google Maps,هشام كوك بيتزا,2024-04-15T21:46:32.564Z,2,,,,,,,
486033,Merveilleux coin où la convivialité flirte avec qualité de service et plats succulents. Come back inchallah,7963,Google Maps,American Burger said hamdine,2021-12-28T14:04:13.974Z,0,,,,,,,
617105,"Excellent accueil, excellente pâtisserie, je recommande",3952,Google Maps,L’Alchimiste Pâtisserie,2021-03-06T10:32:46.584Z,0,,,,,,,
354965,716هو ميور,49860,tiktok,@flamingo,2026-01-02T20:44:07.237934,1,,,,,,,
223894,غير تشد تابلات تخلص عليها ههه,19344,tiktok,@helena,2026-01-02T18:16:37.233263,0,,,,,,,
486037,mais les prix d assefsi,22178,tiktok,@maison_sardoudi,2026-01-02T18:22:41.177355,0,,,,,,,
617113,هاذاك صومو راك تخرط,11483,Facebook,Restaurant San Benito,2025-07-26T14:35:13.000Z,0,,,,,,,
354978,هدا يدخلو ليه li coupl تاني عادي ولا ننن ؟؟؟,22246,tiktok,@le.balcon1,2026-01-02T18:23:12.557131,0,,,,,,,
354981,بروشات باللحية عيب غطيها راك تبيع فالماكلة يا اخي,11176,Facebook,Restaurant Casa Bella - Draria,2025-07-26T18:56:28.000Z,0,,,,,,,
748204,تحسب فصال ديفات برك متعرفش الناس [COMPLAINT],19282,tiktok,@helena,2026-01-02T18:16:34.501891,0,,,,,,,
617134,روحتلو قبل ما يبدل ديكور بزاف شابة وكلاس  [APPRECIATION],18754,tiktok,@helena,2026-01-02T18:16:17.899729,0,,,,,,,
354995,ايها الناس اطلبوا العلم فطلب العلم فريضة على كل مسلم ومسلمة حتي تعلموا مالكم وماعليكم الاسلام ليس صلاة فقط ومواسم وحلق اللحية والقزع وكشف العورة ووصفها والاختلاط حرام وللمراة والفتاة غطاء الوجه واجب حرام المراة والفتات تبدي وجهها الحجاب غطاء الوجه وليس غطاء الشعر فقط الاسلام للصادقين والصادقات الاسلام عمل وليس كلام وأماني,9710,Facebook,"  Restaurant elassil








",2025-12-16T22:05:39.000Z,1,,,,,,,
223927,في عنابة المطاعم ما تفضش الله يبارك كل يوم مطعم جديد ينسي في المطعم الاخر,58800,tiktok,@maestro_dz13,2026-01-02T21:21:18.803256,1,,,,,,,
355000,90 ألف تلڨاها في الواد,46396,tiktok,@damisoran31,2026-01-02T20:22:06.413025,0,,,,,,,
223937,la viande se déguste sans sauce sauf s'il es importer du Brazil,34642,tiktok,@le_carre_restaurant,2026-01-02T19:24:38.705274,1,,,,,,,
617155,أسعار مرتفعة جدا و غير معقولة اليوم اكلت وجبة بدون كوكا مع الاسف تم احتساب كوكا في مجموع الحساب لكنني لم انتبه لها الا بعد وصولي الى المنزل حتى الماء 0. 50 لتر تحتسب ب 100 دج لهذا خذوا حذركم !,6361,Google Maps,Casbah Istanbul,2019-12-22T22:32:36.900Z,2,,,,,,,
355020,"certaines commentaires vous êtes vraiment débiles, ça ne pose pas de problème quand c'est des restaurant indien/chinois/italien , et là c'est de nos frères , vous dites que c'est pour vous immitez pf",69582,tiktok,@cote_oran,2026-01-02T21:58:03.252593,0,,,,,,,
486102,Et bzf familiale mykhlich n’importe qui ydkhol,22542,tiktok,@le_perchoir,2026-01-02T18:25:07.753391,3,,,,,,,
355030,Bon rapport qualité prix bonne cuisine dans l’ensemble carte très varié,7148,Google Maps,Restaurant À Petit Feu,2025-03-16T08:21:21.729Z,0,,,,,,,
748251,ça va il a dit tanjia marrakchiya au moins un reconnaisseur parmi sa va sa commence vous êtes sur la bon voie,69068,tiktok,@cote_oran,2026-01-02T21:57:41.875938,1,,,,,,,
355041,مروان الدواق,212,instagram,amine_la_cantine,2025-12-17T10:38:30.000Z,0,,,,,,,
355043,شعال كيما هاكا,65146,tiktok,@restaurant_marisco,2026-01-02T21:40:08.510600,1,,,,,,,
486123,مش لي مقابل كلينك تع لعينين ومقابل B1,56796,tiktok,@papillons827,2026-01-02T21:16:38.306152,0,,,,,,,
879347,oui très bon je confirme,53012,tiktok,@patisserie_annaba,2026-01-02T21:04:20.697116,0,,,,,,,
223987,ياحصرااااااا كيكان هدا الرسطو قرقوطييبيع البيتزا ب 25الف و قهوة ب 6الف ونكملوها فالغابة,71120,tiktok,@paradou_restaurant,2026-01-02T22:05:01.462532,0,,,,,,,
879354,الغلق,38212,tiktok,@kfc,2026-01-02T19:39:29.146325,0,,,,,,,
223996,Supplément khnez,42136,tiktok,@street_food,2026-01-02T19:58:01.090642,0,,,,,,,
486140,والله نصهم الكبير يخلطو في ماكلة يرهجو ناس,29818,tiktok,@easy.cheesy,2026-01-02T18:52:04.275612,1,,,,,,,
879379,مزال,40350,tiktok,@woodchickendz,2026-01-02T19:45:49.110008,0,,,,,,,
879381,شكون يقولنا على الأسعار  [APPRECIATION],67732,tiktok,@kartaj_oran,2026-01-02T21:53:15.368229,0,,,,,,,
617246,ستار بوكس و كايافسي,37610,tiktok,@kfc,2026-01-02T19:39:17.543567,116,,,,,,,
224032,Mëd mãhmøüdï وينتا راك معول تدينا تم,67902,tiktok,@kartaj_oran,2026-01-02T21:53:22.675382,0,,,,,,,
748325,je. Vien de manger le meilleur crispet. poulet vraiment. chapeau mon fils  [APPRECIATION],30626,tiktok,@gazouzafood2019,2026-01-02T19:05:30.586620,1,,,,,,,
748329,Pour une première fois il n'y avait pas le pain Après avoir choisi le menu le serveur nous prévient qu'il y a pas la disponibilité. 2e visite pareil pour la disponibilité. 3e fois pareil pour la disponibilité. Ascenseur en panne pour les trois visites .,2353,Google Maps,HichamCook Grill House,2025-05-22T11:54:39.238Z,0,,,,,,,
355121,Hadj l3arbi the best toop,2803,Google Maps,HichamCook Grill House,2023-01-16T22:46:41.034Z,0,,,,,,,
879410,لا حول ولا قوة الا بالله العلي العظيم، لصوص هذا العبد قلبي ينفر منه ضحكات الخبث,11357,Facebook,Restaurant Casa Bella - Draria,2025-09-14T04:23:29.000Z,0,,,,,,,
748347,Le restaurant est beau mais changer de cuistot  ! C’est vraiment pas bon ! Quel gâchis ! [COMPLAINT],19386,tiktok,@helena,2026-01-02T18:16:40.733234,0,,,,,,,
879426,باين يعرف يخدم الطفيل,54776,tiktok,@luestro_annaba,2026-01-02T21:12:14.069567,1,,,,,,,
355150,حي عليا .,67178,tiktok,@bladi_oran,2026-01-02T21:51:38.881868,0,,,,,,,
355167,wache t'a fous? si pas variés avec boissons et frites 6. 50 ?,46394,tiktok,@damisoran31,2026-01-02T20:22:06.413023,0,,,,,,,
617312,Nice service and food,3633,Google Maps,Laurel Restaurant,2025-08-24T17:23:16.877Z,0,,,,,,,
879456,بنة رهيبة,30856,tiktok,@roi_du_fajitas,2026-01-02T19:08:41.599897,2,,,,,,,
617318,Belle découverte bon rapport qualité prix je recommande,3889,Google Maps,L’Alchimiste Pâtisserie,2024-02-16T22:18:57.771Z,0,,,,,,,
355186,andkom livraison,30412,tiktok,@lasombra.dz,2026-01-02T18:58:25.645084,0,,,,,,,
617330,Très beau cadre . Le Katmer et la konefe sont excellents.,5995,Google Maps,Casbah Istanbul,2024-01-18T17:05:55.830Z,2,,,,,,,
355188,"Excellent! On est déjà allé plusieurs fois manger, rien a dire, c'est toujours aussi parfait. La qualité du service, l'accueil et surtout la cuisine C'est vraiment très bon Une bonne adresse à partager",6854,Google Maps,Restaurant À Petit Feu,2025-07-21T13:21:34.472Z,0,,,,,,,
748406,وين هود الزين,19442,tiktok,@helena,2026-01-02T18:16:43.838824,0,,,,,,,
617336,bgit na3raf esque had restaurante f wahran win exactamente?,63708,tiktok,@silyon69,2026-01-02T21:33:12.181984,0,,,,,,,
748411,عجبني تاع الزوالي خاوتنا مرحبا بيكم سومة هباااااال٢,17500,tiktok,@seven.times.luxury,2026-01-02T18:13:14.373577,0,,,,,,,
748413,Nous avons passé un merveilleux moment en avril 2025. Un vrai régal dans une ambiance très sympathique avec un accueil chaleureux.,2988,Google Maps,تاج محل بن عكنون,2025-10-29T15:27:55.815Z,0,,,,,,,
224126,"J'ai passé un excellent moment au Laurel Restaurant ! L'ambiance est vraiment agréable, et le décor est charmant, avec une belle attention aux détails. Le chef fait un travail remarquable, les plats sont délicieux et bien présentés. Je recommande vivement cet endroit pour un moment de détente et de gourmandise  [APPRECIATION]",3714,Google Maps,Laurel Restaurant,2024-10-27T19:26:18.709Z,0,,,,,,,
879492,Alger centre ?,17118,tiktok,@casa_burger1,2026-01-02T18:11:28.513027,0,,,,,,,
355206,"Très mauvaise expérience, la réceptionniste est impolie, elle nous a crié dessus pour une queue qui ne devrait pas exister , vraiment il faudra leurs apprendre le marketing et surtout le respect",6137,Google Maps,Casbah istanbul,2023-09-15T19:07:20.964Z,1,,,,,,,
617361,Tasty crousty  [APPRECIATION],39826,tiktok,@streetburger02,2026-01-02T19:43:58.833969,0,,,,,,,
224148,اكل لذيذ استقبال جيد خدمة سريعة,2299,Google Maps,HichamCook Grill House,2025-10-11T08:54:23.084Z,0,,,,,,,
748455,المقاطعة ثم المقاطعة ثم المقاطعة ثم المقاطعة ثم المقاطعة ثم المقاطعة,38704,tiktok,@kfc,2026-01-02T19:39:50.998431,0,,,,,,,
486313,délices de fazou   [APPRECIATION],60516,tiktok,@seraidi.live.z,2026-01-02T21:22:52.226145,0,,,,,,,
748461,انا كليت عندكم اقسم بالله غير لي عليه دعوة شر ياكل عندكم بلى تاع ميلونج لي فصورة ناقس وزيد كي تروح عندهم والله غير ناقس على هذا,12219,Facebook,Restaurant San Benito,2025-10-13T06:50:38.000Z,0,,,,,,,
748463,"Cuisson de la viande respecté 1 fois sur 2. Il n’y a pas ecris combien pese la viande donc impossible d’avoir une idee de quantité. Les jus sont bons mais le pain aurait pu etre chauffer. Ma viande etais beaucoup trop cuite, sec et dure. Celle de mon frere etais bonne. Javais plus de gras et d’os que de viande malgres les prix abordable. Il n’y a rien! Pour les vegetariens. Mais l’acceuil est incroyable et super gentil. Je vous le conseil mais prenez le filet de steak la sans os, cest un meilleur choix. Les pommes couper sur le jus de pomme sont pas ouf non plus, les manger pas lol cest des pommes a presser pas a manger dommage. Meme si cest mageable quoi. Merci a tous bonne journee.",2732,Google Maps,HichamCook Grill House,2023-05-03T15:28:54.230Z,2,,,,,,,
879544,علاش تقدم الاكل بديك اللحية . تدير اللخية هادي لكن ما تخدنش فؤ مجال الاكل . ياكلو الشعر الناس ؟؟؟,11126,Facebook,Restaurant Casa Bella - Draria,2025-07-28T18:03:57.000Z,0,,,,,,,
224210,Belle endroit mais cher y’a beaucoup mieux rapport qualité prix,34578,tiktok,@restaurantmonegasque,2026-01-02T19:24:02.147605,0,,,,,,,
355289,بالعكس انا بنت عنابه وكليت فيه وماشاء الله service rapide والماكلة بنينه لقعدة في لابول زايدة على برا من أجل الاطلالة,58256,tiktok,@vilageneige_annaba,2026-01-02T21:19:49.301120,1,,,,,,,
879579,"It was hyper-exaggeratingly over rated, hichem restaurant was worth it, the pizza place strongly not recommanded. And the prices",4495,Google Maps,هشام كوك بيتزا,2024-01-06T18:50:48.767Z,1,,,,,,,
224225,لاحول ولاقوة الا بالله,651,instagram,californiacafedz,2024-11-02T21:05:20.000Z,0,,,,,,,
355312,un régal !,73422,tiktok,@pont_hydra,2026-01-02T22:13:54.199660,0,,,,,,,
748534,أخويا أنت وخطر عديتي قريب إستني بالمطوع,53832,tiktok,@guellil._.tasnim,2026-01-02T21:08:13.490870,0,,,,,,,
617462,les burger sont très bon,8685,Google Maps,American Burger Factory,2021-09-22T14:14:58.005Z,0,,,,,,,
224248,Pizza  nehaboha ou burger manfartch fihe [BOUFFE],29882,tiktok,@gm.pizzaburger,2026-01-02T18:52:52.820258,1,,,,,,,
486404,الله ايبارك سعرع مقابل خدمة,36746,tiktok,@restaurant.madala,2026-01-02T19:34:38.381146,3,,,,,,,
224263,la France et les français  [APPRECIATION] [RECOMMENDATION],14088,tiktok,@le_dauphin_restaurant,2026-01-02T18:00:55.718301,0,,,,,,,
879626,C est louche,37754,tiktok,@kfc,2026-01-02T19:39:20.190174,1,,,,,,,
748581,T’a vue comment ces bon mais ces Cher,16486,tiktok,@torero.alger,2026-01-02T18:09:00.058091,0,,,,,,,
224296,بدري وتحبس تم,53096,tiktok,@express_sandwish,2026-01-02T21:05:12.135934,0,,,,,,,
486446,les kabylnegh toujours la classe,17714,tiktok,@le_dauphin_restaurant,2026-01-02T18:13:51.363550,0,,,,,,,
748599,الأسعار [APPRECIATION],51010,tiktok,@broaster_chiken,2026-01-02T20:59:48.842409,0,,,,,,,
879679,"Je déconseille cet endroit ! Malheureusement, j’ai eu des douleurs au ventre assez fortes juste après le repas, et je suis encore obligée de prendre des médicaments. Je crains qu’un des ingrédients n’ait pas été frais. De plus, j’ai été très déçue par l’attitude de la caissière, que j’ai trouvée mal polie ! Et honnêtement, j’ai été déçue par la qualité, ce n’était vraiment pas à la hauteur.",5914,Google Maps,Casbah Istanbul,2025-05-18T06:31:15.272Z,0,,,,,,,
224322,c ou le restaurant ?,31452,tiktok,@restaurantmonegasque,2026-01-02T19:13:04.841009,1,,,,,,,
355397,"pourquoi, toute les page qui donne , des bonne adresses, ne parle jamais de prix?",21822,tiktok,@maison_sardoudi,2026-01-02T18:22:32.640457,0,,,,,,,
617543,مين جات البنة؟,56280,tiktok,@the_chef_house_23,2026-01-02T21:14:39.343284,0,,,,,,,
748622,في القمة عجبني صح,61846,tiktok,@maestro_dz13,2026-01-02T21:26:54.391246,0,,,,,,,
355415,كون تخدمي نتي هاد الطبق يستقاملك ماكسييمون 700 اتلف تديريه كتر من هاكدا من كلش تديري 80 الف .,9827,Facebook,"  Restaurant elassil








",2025-12-17T23:07:18.000Z,1,,,,,,,
355424,صرعتينا بالفرنجية عقونة,850,instagram,garden.coffeeshop,2024-08-22T18:18:22.000Z,1,,,,,,,
617568,Ils sont 48%,16674,tiktok,@user5834669559361,2026-01-02T18:10:45.705971,9,,,,,,,
224358,c est a volonté ? Le prix,26224,tiktok,@lovers_grill,2026-01-02T18:34:51.325343,1,,,,,,,
355431,خويا احنا نحوسو على السومة مش على المضهر [APPRECIATION],56176,tiktok,@the_chef_house_23,2026-01-02T21:14:34.099087,4,,,,,,,
486503,لله يبارك مزال مكليتش بصح تبان انقة,41016,tiktok,@derby.food,2026-01-02T19:50:08.945261,2,,,,,,,
486507,La petite mâcha allah kitkbartakhraj zala en plus el a un regarde magnifique c une bonne vivante,72016,tiktok,@signature.dz,2026-01-02T22:12:12.164692,0,,,,,,,
355438,great service & food was nice,6191,Google Maps,Casbah istanbul,2023-02-21T15:14:44.172Z,0,,,,,,,
748661,Les homme sahbi,42568,tiktok,@street_food,2026-01-02T19:58:29.600663,1,,,,,,,
748673,"L'atelier en ville je connais, lotissement Amyoud, a côté de la salle de sport.",21566,tiktok,@maison_sardoudi,2026-01-02T18:22:25.678199,1,,,,,,,
355458,سلام عليكم وين البلسة خوا,9294,Facebook,,2025-12-27T19:59:55.000Z,0,,,,,,,
617601,Dans quel ville,26138,tiktok,@don_sido_,2026-01-02T18:34:33.255293,1,,,,,,,
879748,Delicious burgers taste,8037,Google Maps,American Burger said hamdine,2020-09-01T08:48:24.600Z,0,,,,,,,
879750,انا نشهدلو خاوتي ماشاء الله  [APPRECIATION],28824,tiktok,@snacky_time_kouba,2026-01-02T18:47:50.705824,2,,,,,,,
486535,ليوم دخلنا في لتنين 18 اوت مزال كاين هاد برومو,41174,tiktok,@streetfood2279,2026-01-02T19:55:22.714590,0,,,,,,,
879754,قتلتنا يخوي لعزيز سلمبي سلمبي وسرير في الدم تحيا المدنية,43616,tiktok,@serir_alger,2026-01-02T20:09:37.821554,0,,,,,,,
224395,Merci hanouna grâce à toi je découvre mon pays  [APPRECIATION],21172,tiktok,@triple_,2026-01-02T18:22:02.778841,0,,,,,,,
748702,Hamid Le Grand Un vrais batard,10395,Facebook,Dz Forest Restaura,2025-10-13T03:45:56.000Z,0,,,,,,,
355490,الأكل غير صحي,29998,tiktok,@three_,2026-01-02T18:53:45.873452,0,,,,,,,
748713,اكليت فيه المطعم الوحيد الي تخلص أقبل متكل يخدم غالي بزاف اشري بي روح اتحوس خير,17664,tiktok,@seven.times.luxury,2026-01-02T18:13:18.308918,0,,,,,,,
486592,"100% italienne, comment vous faites pour la ramener depuis l'Italie?",14900,tiktok,@lassiette.algeroise,2026-01-02T18:06:50.625073,1,,,,,,,
486593,انتي قلشي و انا نقلشك سيدتي,13340,Facebook,Restaurant San Benito,2025-12-16T14:34:50.000Z,0,,,,,,,
617667,روعة ربي بارك,50878,tiktok,@broaster_chiken,2026-01-02T20:59:47.253763,1,,,,,,,
355541,Je confirme et même l'accueil mashallah,20466,tiktok,@labelladalger16,2026-01-02T18:19:37.844164,0,,,,,,,
486616,وين محل في وهران,69140,tiktok,@cote_oran,2026-01-02T21:57:44.966938,1,,,,,,,
224482,je confirme trop bon et prix untik,49036,tiktok,@chicks_nook,2026-01-02T20:40:01.785559,5,,,,,,,
486644,مشاءالله موقع caza billa,10848,Facebook,Restaurant Casa Bella - Draria,2025-07-30T19:13:28.000Z,0,,,,,,,
748795,Service Zéro derna commande à table 3la 00:37 hbatena lih 3la 01:05 mawjdelnach la commande mimpa nsana. O ma commande nta troh tjibha. Commandina tacos M mais iban faregh o maychab3ch par contre TACCOZA et LA SOMBRA les tacos ta3hom bnan ktr o m3amrin (par expérience). La première et la dernière fois nrohlhom,6614,Google Maps,American Burger Factory,2025-09-20T01:02:09.126Z,0,,,,,,,
617724,ني صايمة  الله يبارك [APPRECIATION],30416,tiktok,@lasombra.dz,2026-01-02T18:58:25.645087,2,,,,,,,
879873,Ton Ton la classe,63992,tiktok,@restauranttrattoriaoran,2026-01-02T21:34:07.936832,2,,,,,,,
617730,"L'endroit est agréable, les serveurs gentils (avant ils ne l'étaient pas vraiment), la nourriture est bonne mais un peu chère, les plats sont copieux, on y mange bien et s'y sent à l'aise, même si les serveurs retirent vos plats dès que vous les avez finis mais c'est culturel chez eux car même en Turquie c'est pareil. J'adore leur kunefe le thé est offert Par contre je n'aime pas du tout leur ezme qui sent la tomate en conserve ni leur pide, je trouve que la viande a un goût prononcé (comme en Turquie aussi). Leurs pizzas, bof",5131,Google Maps,Casbah Istanbul القصبة اسطنبول,2025-07-22T16:29:44.669Z,1,,,,,,,
748806,Ch7al tes9am,39164,tiktok,@itchy_food,2026-01-02T19:41:08.941129,1,,,,,,,
617744,هذا صحيح أحسن واحد يدير الملفاي في عنابة,52986,tiktok,@patisserie_annaba,2026-01-02T21:04:19.801052,1,,,,,,,
224542,دايما الراي الجزائري عامل جو  [APPRECIATION],63526,tiktok,@santorino,2026-01-02T21:32:18.468472,1,,,,,,,
748832,الاكل عادي و السعر بزاف غالي القعدة تاعو صح مليحة صانيتار كارثة,10761,Facebook,Restaurant Casa Bella - Draria,2025-12-09T23:58:15.000Z,0,,,,,,,
486702,Gued Zouli خداعين دايما و في كل مكان,12446,Facebook,Restaurant Rais,2025-10-12T21:58:52.000Z,0,,,,,,,
486703,franchement vous êtes les meilleurs  [APPRECIATION],46196,tiktok,@checkin.31,2026-01-02T20:20:48.790725,2,,,,,,,
879920,"J'ai été très déçu, mon plat était mal servi, la viande était crue, les frites étaient froides, et en plus de cela, les prix ont considérablement augmenté. En tant que cliente fidèle, je n'ai vraiment pas du tout aimé cette expérience….",5453,Google Maps,قصبة اسطنبول,2023-08-28T13:13:25.515Z,0,,,,,,,
879930,Wow magnifique j'ais passé une belle soirée avec ma famille presque comme maison Istanbul de Montréal .,6449,Google Maps,Casbah Istanbul,2018-08-07T11:05:17.117Z,1,,,,,,,
224570,جبتلك ربي قلي شحال هذاك الكسكروط بكل صدق ومصداقية اخي,12461,Facebook,Restaurant Rais,2025-10-12T22:23:59.000Z,7,,,,,,,
617794,Trop cher pour pas grand chose,3911,Google Maps,L’Alchimiste Pâtisserie,2023-02-27T18:41:27.995Z,0,,,,,,,
224581,برغر ب 80 الف,52094,tiktok,@rays_annaba,2026-01-02T21:03:10.725710,0,,,,,,,
748873,هذاك التوتال الراك تهدر عليه معمر بالقرلو انت تاكل والقولو يمشي فوق حوايجك,10799,Facebook,Restaurant Casa Bella - Draria,2025-07-27T07:51:19.000Z,7,,,,,,,
355663,بارك الله عليكم عاءلة كرحوم,64746,tiktok,@msiiirdaa13,2026-01-02T21:35:51.931854,0,,,,,,,
748894,غير أعطيها واش راك تقارع,12303,Facebook,Restaurant San Benito,2025-10-13T16:00:28.000Z,0,,,,,,,
224607,باطل,11782,Facebook,Restaurant San Benito,2025-07-27T05:17:24.000Z,0,,,,,,,
879967,الأسعار في متناول بيريز,33310,tiktok,@ambiancefood,2026-01-02T19:21:12.263611,1,,,,,,,
224624,وين المحل بضبط,2143,instagram,wonder_food.s,2025-03-22T22:39:31.000Z,0,,,,,,,
355707,شاف حميد مستوى عالمي  [APPRECIATION],62228,tiktok,@hamidhamid806,2026-01-02T21:29:09.825910,1,,,,,,,
617860,"Magnifique endroit le service au top, le personnel sympa à refaire la prochaine fois",24772,tiktok,@laturquoisehotel,2026-01-02T18:30:29.288086,0,,,,,,,
355717,Restaurant moderne très propre ambiance familiale à la hauteur ; service professionnel équipe très accueillante ; mais le système de réservation a revoir j’ai appelé à 20h ils m’ont bien précisé de venir sans réserver à l’arrivée surprise une attente d’une heur très déçu ; la qualité de la Viande reste moyenne,2676,Google Maps,HichamCook Grill House,2023-08-08T22:35:56.739Z,1,,,,,,,
486792,نتي تاني دورادة الله يبارك,13381,Facebook,Restaurant San Benito,2025-12-16T21:45:45.000Z,0,,,,,,,
355724,how much,19242,tiktok,@helena,2026-01-02T18:16:32.748121,0,,,,,,,
880020,"Très beau hôtel calme avec piscine , une restauration excellente que je recommande avec une vue magnifique sur la mer . J'y reviendrais avec plaisir Acceuil et service 200%",3603,Google Maps,Laurel Restaurant,2025-10-30T14:12:57.779Z,0,,,,,,,
748951,وشبيهم غلاو هكا السندويتش,52096,tiktok,@rays_annaba,2026-01-02T21:03:10.725712,0,,,,,,,
224667,بصحتك شياخ,12284,Facebook,Restaurant San Benito,2025-10-13T09:25:19.000Z,0,,,,,,,
355745,ولحميس من عندنا,44568,tiktok,@dzforestrestaurants,2026-01-02T20:11:56.278221,0,,,,,,,
748961,cest vrai les commentaires d odi restez comme vous êtes machallah,65610,tiktok,@lauthentic_oran,2026-01-02T21:45:03.194657,0,,,,,,,
486820,Service 0/10 malheureusement . Benna 8/10,4063,Google Maps,هشام كوك بيتزا,2025-07-04T21:06:06.155Z,0,,,,,,,
486822,J'ai été à ce resto le goût été très ordinaire le service médiocre surtout les serveurs turcs Le cadre agréable. Mauvaise expérience je déconseille,5507,Google Maps,قصبة اسطنبول,2023-02-14T21:25:47.086Z,2,,,,,,,
486823,خاوتي انا بلاكيست مي مشي خادم بزاف راني نحوس على خدمة في بيتزيريا انا من مستغانم,42680,tiktok,@my_pizza,2026-01-02T19:58:59.743648,2,,,,,,,
880044,بئرخادم منضواحي القبة ؟؟؟,8894,Facebook,"  Sultan Restaurants


",2025-11-16T20:27:35.000Z,0,,,,,,,
617903,"Allah Ibareke  Allah Ibareke  en France tous ça coûte au moins 35 euros équivalent de plus 5. 200, 00 Da . Donc votre offre est un vrai Cadeau  Respect pour cette générosité [APPRECIATION]",56164,tiktok,@mfood.annaba,2026-01-02T21:14:21.456920,0,,,,,,,
355765,اسعار مليحة و القعدة شابة بزاف صراحة ما تندموش,62524,tiktok,@allechante,2026-01-02T21:30:51.792722,0,,,,,,,
748987,Youcef vrai les hommes,7919,Google Maps,American Burger Factory,2025-02-10T20:51:28.315Z,0,,,,,,,
355774,صح بنينة بزاف بصح لماكلة عندو خطء بيتزا مشي بنينة وطاكوس بزاففففف مالح,472,instagram,"brother.ts
",2025-01-23T21:39:51.000Z,1,,,,,,,
880069,le meilleur pour Moi  [APPRECIATION] [BOUFFE],33402,tiktok,@ambiancefood,2026-01-02T19:21:15.650006,0,,,,,,,
486854,الله يبارك أخالي موح,36980,tiktok,@restaurant.madala,2026-01-02T19:34:42.473865,0,,,,,,,
224714,وين في وهران بضبط,70282,tiktok,@le_petit_chalet,2026-01-02T22:00:17.984140,0,,,,,,,
880080,"Allah barek c'est magnifique, j'espère que la cuisine est propre",9475,Facebook,Restaurant Tabarka Annaba,2025-12-27T12:07:21.000Z,0,,,,,,,
224734,ربي يبارك علييك,54754,tiktok,@luestro_annaba,2026-01-02T21:12:12.932814,2,,,,,,,
880095,جيت نكوموندي ساندويتش قال لي تستنى ساعه بقاو على خير.,28868,tiktok,@snacky_time_kouba,2026-01-02T18:47:51.583955,1,,,,,,,
880096,Le service était excellent. La pizza est bien garnié mais la pâte était un peu sec et brûlé. mais très bon. La pizza était bonne en 5 minutes.,4347,Google Maps,هشام كوك بيتزا,2024-05-13T21:11:19.159Z,0,,,,,,,
486883,روعة,70708,tiktok,@my_pizza_oran,2026-01-02T22:00:47.106120,0,,,,,,,
355812,Les serveurs ne comprennent ni larabe ni le français cest un manque de respect pour nous On est en Algérie personne ne fait la lois chez nous Terbah,5353,Google Maps,قصبة اسطنبول,2024-03-10T23:13:52.647Z,0,,,,,,,
486892,مايوناز وهريسة هي صوص الجيريان,58392,tiktok,@la.nouvelle.etoile0,2026-01-02T21:20:56.232070,1,,,,,,,
224751,"C'est le meilleur américain Burger, la smash Burger est Just trop trop bon Le staff a la hauteur rien à dire",6823,Google Maps,American Burger said hamdine,2025-07-29T01:13:53.381Z,0,,,,,,,
749039,Amazing sandwiches Thx mrs ghiles,8164,Google Maps,American Burger Factory,2025-01-28T12:19:56.826Z,0,,,,,,,
749050,"merci pour le partage, a essayer",21342,tiktok,@triple_,2026-01-02T18:22:06.933382,0,,,,,,,
224764,Ça serait bien d’afficher le menu et le prix pour avoir une idée bonne continuation,57998,tiktok,@la.nouvelle.etoile0,2026-01-02T21:19:28.205376,0,,,,,,,
224770,فهمت غير 75 ألف و299 ألف والمحمدية,24894,tiktok,@woodgrill_dz,2026-01-02T18:32:01.234949,7,,,,,,,
486929,Excellent Très bonne adresse pour manger de la pizza. La pâte est croustillante et bonne avec sa touche de semoule. L’accueil et le service sont au top. Personnel souriant et à l’écoute. Cadre agréable. On peut s’y rendre en famille ou entre amis.,4203,Google Maps,هشام كوك بيتزا,2024-09-12T20:59:20.858Z,0,,,,,,,
355880,"Les serveurs du 2eme étage sont incompétent, ils ont perdu notre commande on a attendu une heure avec un enfant. Le soit disant gérant ne sert à absolument rien. Les tables ne sont pas bien nettoyer et il y a beaucoup de poussière.",7556,Google Maps,Restaurant À Petit Feu,2024-04-11T20:18:04.483Z,1,,,,,,,
355893,وين لمحل بالضبط في عنابة,53560,tiktok,@mega_pizza_annaba,2026-01-02T21:07:53.787908,4,,,,,,,
618039,قلب لوز فل غرب مستغانيم,43540,tiktok,@serir_alger,2026-01-02T20:09:21.842399,3,,,,,,,
486971,"Accueil : chaleureux et sympathique. Décoration: C’est très jovial et original avec une très belle terrasse Menu : menu varié avec des prix abordables Service : ça a pris un peu de temps car il y avait un peu de monde. Le serveur s’est trompé de viande or ça devait être à base de poulet. Goût : Les plats étaient très bien présentés comme vous pouvez le voir sur les photos. Les plats étaient très consistants, c’était super succulent ! On s’est régalé ! Dessert : On a pris des kunafas c’était bon mais par contre elles étaient un peu dur sur les côtés. Conclusion :Je reviendrai chez eux la prochaine fois Insha Allah Je recommande fortement ! C’était succulent sauf que le serveur s’est trompé de commande !",5780,Google Maps,Casbah Istanbul القصبة اسطنبول,2020-03-15T21:27:47.933Z,2,,,,,,,
880193,"Finally went to American Diner, FYI don’t they don’t offer any discount for Americans- I showed the cashier my I. d. and nope it didn’t work, but it was worth a shot lol. So before I went I read the reviews which was a bad mistake because the reviews are horrible and definitely didn’t match my expectations and kinda had me expecting the worse. Upon arrival the place was instagram worthy and so colorful , go upstairs and then you have a 100% American Diner set up, it was super cute and honestly perfect with the decor. They even serve glass bottle drinks for that special touch. Good: 10/10- cheesy pizza (good quality cheese) and the fries tasted like McDonald’s recipe. The cheesecake was 1/10, it tastes like whipped cream filling instead of cheesecake filling. Service: 8/10- too busy and I only saw two servers, but who were smiling throughout. Cleanliness: 10/10 very clean including the bathrooms. Speed of Food: 8/10- it was a Thursday so it was busy and the food came out at once. Prices- 10/10, I felt it was very affordable for the quality, quantity and taste. Decor- James Dean, Elvis and Marilyn Monroe galore…perfection. USA USA USA",4767,Google Maps,Hicham cook pizza pasta,2023-02-26T00:04:13.815Z,22,,,,,,,
880195,je confirme mon meilleur restaurant et mon chéri,21670,tiktok,@maison_sardoudi,2026-01-02T18:22:29.923797,1,,,,,,,
749133,دير ليڤو,12772,Facebook,Restaurant Rais,2025-10-12T20:41:29.000Z,0,,,,,,,
355919,Très joli décor et pizza excellente,7645,Google Maps,Restaurant À Petit Feu,2023-12-31T09:30:15.959Z,4,,,,,,,
749145,Abdou Midou وقتاه نكلموها,10592,Facebook,"  Restaurant elassil








",2025-12-27T17:37:42.000Z,1,,,,,,,
880232,هكا شحال,16394,tiktok,@soltane.el.kababe,2026-01-02T18:08:23.862100,1,,,,,,,
618099,يعرفو غير الماكلة ا؟؟؟؟,11024,Facebook,Restaurant Casa Bella - Draria,2025-07-28T00:29:12.000Z,0,,,,,,,
487031,trop c'est trop ce prix c'est plus du vol c'est du raquette !,4582,Google Maps,هشام كوك بيتزا,2023-12-09T09:30:52.660Z,0,,,,,,,
355963,خطرة شريت تريكو من فيترينا تاع جارنا يامات من بعد تلاقيت بمول الفيترينا فالحومة وأنا لابس هذاك التريكو جازو يامات تلاقينا ف عقيقة عند جارنا وأنا لابس نفس التريكو بعدها بيامات تلاقينا في عرس جارنا و تاني أنا بنفس التريكو بعدها بيامات تلاقينا في جنازة وأنا بنفس التريكو هنا السيد تقلق وجا عندي وقالي نتا قبل ماتشري التريكو هذا كنت تخرج عريان ولا كيفاه حشمت وغاضتني عمري ونفسيتي تحطمت حلفت على التريكو وبعتو زدت عليه وشريت تلفون بصح لوكان عرفت بلي بعد مانشري التلفون رايح نشوف هاذ المنشور كنت مابعتش التريكو تاعي ولا شريت تلفون وفي الأخير أشكر كل من قرأ التعليق للآخر وكان يستنى يلقى حاجة فيها فايدة وملقاش,12146,Facebook,Restaurant San Benito,2025-10-13T21:10:45.000Z,0,,,,,,,
880251,السي مصطفى بلا حدود و كلشي موجود نجبوه من المغرب وتونس وليبيا وموريتانيا مرحبا بك في مدينه وجده,68698,tiktok,@cote_oran,2026-01-02T21:57:31.022417,53,,,,,,,
618112,tres bien,3205,Google Maps,تاج محل بن عكنون,2020-12-02T17:49:11.549Z,0,,,,,,,
749187,جواعتنا ههه,16114,tiktok,@mardoum,2026-01-02T18:08:04.662542,0,,,,,,,
487055,Livraison bbz combien ?,29224,tiktok,@elcuatro_burgers,2026-01-02T18:49:33.685960,5,,,,,,,
618137,le même décor qu un restaurant a Marseille,19902,tiktok,@villa_frere,2026-01-02T18:17:37.285667,0,,,,,,,
224922,600da le burger avec frite c’est une 1/2 journée de boulo c cher de fou pour les locaux ! en France c’est 1 heure de boulo pour un menu burger,51996,tiktok,@rays_annaba,2026-01-02T21:03:08.680033,0,,,,,,,
224927,تلقاه راجل بشلاغمو يجي يدخل في المغارة تاع الجبس و يعطيه زوج حوتات ب 500 الف,11256,Facebook,Restaurant Casa Bella - Draria,2025-07-29T02:20:31.000Z,0,,,,,,,
224943,les plats indien tabasse de loin les plats algérien moi chui de alger donc je sais de quoi je parle,26288,tiktok,@lovers_grill,2026-01-02T18:34:55.204685,0,,,,,,,
356020,ديرنا طكوس بلعدس,40736,tiktok,@askim_food,2026-01-02T19:49:17.974719,0,,,,,,,
880310,طبرقة القديم,59380,tiktok,@maestro_dz13,2026-01-02T21:21:30.810711,2,,,,,,,
749245,Magnifique restaurant  [APPRECIATION],23440,tiktok,@moonzrestaurant,2026-01-02T18:25:44.360451,1,,,,,,,
880336,Ça se mange avec les mains et du pains les tajines marocain vive le royaume,69486,tiktok,@cote_oran,2026-01-02T21:57:58.741553,1,,,,,,,
880339,ونخرج من دار باه نتعشا في هواء طلق نتعشا هنا في هاد الغار والله متفوت,11093,Facebook,Restaurant Casa Bella - Draria,2025-07-26T10:58:15.000Z,0,,,,,,,
880349,Un beau restaurant avec de la bonne bouffe turque le personnel est sympa la nourriture est très bonne et variée un peu cher mais ça vaut le coup,5508,Google Maps,قصبة اسطنبول,2023-02-13T12:08:53.422Z,0,,,,,,,
618207,Le meilleur c Salembier,42738,tiktok,@pizza_carre,2026-01-02T20:00:23.749209,0,,,,,,,
356076,Tu as raison ma sœur hadou c'est des nouveaux,9328,Facebook,,2025-10-24T22:17:43.000Z,0,,,,,,,
356086,كايافصي ؟,37994,tiktok,@kfc,2026-01-02T19:39:25.427762,0,,,,,,,
618232,"De toutes les villes d’Algérie je n’ai jamais vu un restaurant aussi parfait du service à la cuisine, les plats sont délicieux, la propreté de l’endroit et l’amabilité des personnes qui y travaillent c’est magnifique continuez comme ça surtout ne changez rien !",5127,Google Maps,Casbah Istanbul القصبة اسطنبول,2025-08-09T22:25:03.823Z,0,,,,,,,
880377,طلعولي الكونط رحمة على والديكم,71846,tiktok,@dar.zellige.hydra,2026-01-02T22:11:03.366984,0,,,,,,,
618234,"Un vrai petit bout de Turquie ici ! Les plats sont savoureux, bien présentés et servis chauds. Le personnel est très accueillant et souriant. On se sent comme à la maison Je le recommande fortement",5103,Google Maps,قصبة اسطنبول,2025-08-12T13:46:22.979Z,0,,,,,,,
749307,Plat a revoir . Le prix ne correspond pas à ce qui est servi. Accompagnement maigre.,2391,Google Maps,HichamCook Grill House,2024-12-25T13:35:50.232Z,0,,,,,,,
356090,كلي مبصح خداعين تدخل لعندو تندم,12369,Facebook,Restaurant San Benito,2025-10-14T20:10:56.000Z,0,,,,,,,
487171,Si vrai مشاءالله,19494,tiktok,@sultan,2026-01-02T18:17:16.604871,2,,,,,,,
880395,واش درتي توابل من فضلك,14724,tiktok,@cuisineofalgeria,2026-01-02T18:05:58.326539,1,,,,,,,
618252,ماعجبنيش السيرفيس تاعهم لبنات ثقال ،و تاني كي تحب تدخل طوالت يقولولك occupé يدخلو هما يسڨمو روحهم بسوايع هاذي هي الماكلة مليحة,48276,tiktok,@rahmani_food,2026-01-02T20:34:28.248851,0,,,,,,,
749326,الدار>,41628,tiktok,@street_food,2026-01-02T19:57:48.416267,1,,,,,,,
487182,انا في الدغار والله يجي كي تاع برا اليد هي كل شي,41814,tiktok,@street_food,2026-01-02T19:57:52.064398,0,,,,,,,
749334,ستاربوكس  كيافسي,37826,tiktok,@kfc,2026-01-02T19:39:22.321374,2,,,,,,,
225046,"Pendant très longtemps c'était une référence pour moi et une adresse plutôt sûre, que ça soit pour les pizzas ou les grillades malgré une durée d'attente parfois très longue. Mais depuis leur nouvelle carte (qu'ils ont changée 2 fois il me semble) c'est devenu d'une médiocrité invraisemblable avec des prix extrêmement élevés qui ne concordent pas avec leur prestation. Après plus de 5 ans maintenant qu'on fréquente l'endroit, nous avons décidé de ne plus jamais y remettre les pieds et d'arrêter toutes commandes. Désolé",4811,Google Maps,Hicham cook pizza pasta,2022-09-01T11:15:47.593Z,1,,,,,,,
356138,Vendeuse désagréable.,3846,Google Maps,L’Alchimiste Pâtisserie,2025-05-25T16:17:36.803Z,0,,,,,,,
356139,بالبركة موفقين  [APPRECIATION],14932,tiktok,@lassiette.algeroise,2026-01-02T18:06:51.520472,1,,,,,,,
356142,L’accueil le décor top mais pour le goût je fais mieux chez moi,65514,tiktok,@frono_oran,2026-01-02T21:43:10.371371,0,,,,,,,
225071,Trop de fleurs fezd décor,18692,tiktok,@helena,2026-01-02T18:16:16.240773,0,,,,,,,
749364,Lasagne sans viande hachée et salade césar avec du poulet bouillie c est un super concept,4108,Google Maps,هشام كوك بيتزا,2025-02-19T16:53:13.909Z,0,,,,,,,
225076,بصحتهم الدم  [APPRECIATION],37574,tiktok,@kfc,2026-01-02T19:39:13.548391,1975,,,,,,,
356148,اختي شحال تهز الغاشي و تكريوها fête de bem,56912,tiktok,@papillons827,2026-01-02T21:16:42.512649,0,,,,,,,
487222,لخر باينة وشخشوخة,9914,Facebook,Restaurant Tabarka Annaba,2025-12-23T17:15:22.000Z,1,,,,,,,
618299,الله. ابرك. مشاءالله,27914,tiktok,@thala,2026-01-02T18:45:09.210909,0,,,,,,,
356165,Bou  [TREATMENT],71572,tiktok,@california_cafe,2026-01-02T22:09:07.134482,0,,,,,,,
749382,C'est où exactement,11089,Facebook,Restaurant Casa Bella - Draria,2025-08-14T23:11:48.000Z,0,,,,,,,
356176,"L’ambiance, le flow, tout est top dans ce réel  [APPRECIATION]",778,instagram,elmarssem.dz,2025-04-30T20:04:17.000Z,0,,,,,,,
356181,C’est encore à Paris ça,35628,tiktok,@sinai,2026-01-02T19:28:18.081574,0,,,,,,,
487263,السعر,12724,Facebook,Restaurant Rais,2025-10-14T19:16:30.000Z,0,,,,,,,
749411,نسكن تم,50310,tiktok,@quick_bite,2026-01-02T20:59:16.814034,0,,,,,,,
356195,"If you come here, you are paying for the service and not just the food. Everything is on point.",5754,Google Maps,Casbah Istanbul القصبة اسطنبول,2021-06-01T20:20:30.410Z,2,,,,,,,
618352,ماتحشمش كبير وكذاب. شاموتي وغدار. شوف غي التعليقات يعطوك الخبر. والله والله ماتربح يا حطب جهنم,11479,Facebook,Restaurant San Benito,2025-07-28T15:09:22.000Z,1,,,,,,,
487285,"J'ai bien aimé la décoration, l'accueil est chaleureux, le service est rapide, j'ai pris du fois qui était bon mais l'accompagnement n'était pas vraiment à la hauteur, mon mari a pris une pizza qu'il n'a pas vraiment appréciée.",7481,Google Maps,Restaurant À Petit Feu,2024-05-25T23:54:30.829Z,5,,,,,,,
487287,على قداش تغلقو فليل,47938,tiktok,@american_pizza,2026-01-02T20:33:55.893483,1,,,,,,,
225145,"avec alcool , j'espère.",71298,tiktok,@pont_hydra,2026-01-02T22:07:19.138950,1,,,,,,,
749443,كين توصيل,9948,Facebook,"  Restaurant elassil








",2025-12-16T12:32:39.000Z,0,,,,,,,
487300,I participate with all my accs au cas où,47116,tiktok,@mugi.burger,2026-01-02T20:28:33.436907,1,,,,,,,
880532,مطعم الحاجة في سرايدي بدون منازع  [BOUFFE],59066,tiktok,@maestro_dz13,2026-01-02T21:21:23.086435,1,,,,,,,
880533,le meilleur Macha allah,67796,tiktok,@kartaj_oran,2026-01-02T21:53:18.216416,0,,,,,,,
487324,"Très mauvaise expérience. Après avoir mangé chez vous, j’ai fini avec une gastrite. Impossible de savoir si ça vient de la viande ou d’autre chose, mais une chose est sûre la qualité de la nourriture laisse sérieusement à désirer.",5843,Google Maps,Casbah Istanbul,2025-12-21T09:49:56.324Z,0,,,,,,,
880548,دراهم هوما لي يقلشوك,13058,Facebook,Restaurant San Benito,2025-10-13T13:12:22.000Z,0,,,,,,,
487344,رووووح وختنا ب 8 ملاين ،وكيلك ربي,11094,Facebook,Restaurant Casa Bella - Draria,2025-07-26T17:17:16.000Z,0,,,,,,,
487353,نبغي لي تقلشني قلشيني سيدتي,13738,Facebook,Restaurant San Benito,2025-12-29T20:35:41.000Z,0,,,,,,,
618437,Worth trying  [APPRECIATION],1395,instagram,megapizza_kouba,2025-12-18T19:59:40.000Z,1,,,,,,,
487372,Super bon celui de kouba est un peu petit mais c est trop bon,8819,Google Maps,American Burger Factory,2018-08-01T15:55:39.263Z,1,,,,,,,
749518,لا إستقبال لا ماكلة شابة مزال غريسي فور عليهم و معاملة,63914,tiktok,@silyon69,2026-01-02T21:33:16.602446,0,,,,,,,
880602,"Personnellement, j’étais très satisfait une très bonne expérience. Toutes est bien , le personnel c’est des gas professionnelle les serveurs les agents de sécurité tout marche à merveille. Le plus important la nourriture c’était très bon de la très bonne viande une bonne portion… le prix par rapport a la qualité et la portion c’est très très raisonnable…. 10/10",2902,Google Maps,HichamCook Grill House,2022-05-21T22:36:20.694Z,4,,,,,,,
356317,"Même sous la torture, j’en mangerai pas! Beurk  [COMPLAINT]",72928,tiktok,@pont_hydra,2026-01-02T22:13:38.779373,1,,,,,,,
487394,مدام تفاديت تقول السومة باينة تبيع غالي,10056,Facebook,"  Restaurant elassil








",2025-12-16T17:45:05.000Z,0,,,,,,,
749540,Jatni la diarrhée la dernière fois glit andkom je suis srx,13117,Facebook,Restaurant San Benito,2025-10-12T20:50:32.000Z,1,,,,,,,
880614,عبد الله عبد الله درنالكم سندويتش تاع 25 على حسابكم قلتو خاوي ومشي كي لفديو درناركم سندويش معمر قلتو غالي نتونا وجه كران كول 20 ميل بلوقاف ودفيع وبلع فمك,12415,Facebook,Restaurant Rais,2025-10-14T08:23:29.000Z,9,,,,,,,
356328,Le burger le plus bon en terme du gout et de la quantité a alger ! Bon courage.,6829,Google Maps,American Burger said hamdine,2025-07-24T13:13:05.904Z,0,,,,,,,
356332,Too expensive for what it serves,5300,Google Maps,قصبة اسطنبول,2024-08-19T15:11:09.673Z,0,,,,,,,
749556,يخدمو بيان الله يبارك و بري مليح  [APPRECIATION],49094,tiktok,@chicks_nook,2026-01-02T20:40:13.769312,2,,,,,,,
880628,oui tres bon,72594,tiktok,@pont_hydra,2026-01-02T22:13:26.332264,0,,,,,,,
356347,كان ف الكارطي في سيدي عمار روعة روعةةةةةةةةةة,61558,tiktok,@guellil._.tasnim,2026-01-02T21:25:39.597087,4,,,,,,,
487420,ناس في كومنتار همها وحيد في فيديو كيفاش نطق كلمة زعما طايحين تفهم وخلين مشكلة كبير طحين في صحن كبير رب عالي,37700,tiktok,@kfc,2026-01-02T19:39:19.343114,2,,,,,,,
749577,"De l'accueil chaleureux au délicieux plats, mon expérience globale était excellente. Le personnel était attentif et courtois, créant une atmosphère accueillante dès mon arrivée. Les plats étaient savoureux, bien présentés et ont pleinement satisfait mes papilles gustatives. Cependant, je dois noter qu'il y a eu un petit inconvénient avec la soupe de poisson, qui n'était pas à la hauteur de mes attentes. Cela dit, cet incident mineur ne saurait entacher l'ensemble de mon expérience positive au restaurant. Je recommande vivement cet établissement pour son service attentionné et ses plats délicieux.",7576,Google Maps,Restaurant À Petit Feu,2024-03-01T12:20:46.464Z,5,,,,,,,
225293,وين أنا نسكن في بابا حسن تعيش,33708,tiktok,@restaurant_gizay,2026-01-02T19:22:48.740752,0,,,,,,,
618516,ارواح لدار البابور تشوف منضر رائع,43660,tiktok,@serir_alger,2026-01-02T20:09:41.329557,0,,,,,,,
225311,عندكم توصيل لبيرتوتة,33752,tiktok,@restaurant_gizay,2026-01-02T19:22:49.605430,0,,,,,,,
880698,Le meilleur par rapport à ses concurrents,7409,Google Maps,American Burger said hamdine,2024-11-14T12:54:01.652Z,0,,,,,,,
356417,Est ce qu’il faut réserver avant pour y aller ?,71344,tiktok,@dwiretelazz,2026-01-02T22:08:42.206592,2,,,,,,,
749644,والله سعر هايل اقسم بالله  [APPRECIATION],44174,tiktok,@dzforestrestaurants,2026-01-02T20:11:40.511658,0,,,,,,,
880721,C’est dommage très loin,39618,tiktok,@le_1675,2026-01-02T19:42:36.079741,1,,,,,,,
225377,و علذاك مرغاز تحسب راه جيعان,44610,tiktok,@dzforestrestaurants,2026-01-02T20:11:59.975281,0,,,,,,,
880737,Menu et prix svp,61224,tiktok,@la.criee,2026-01-02T21:24:45.600251,0,,,,,,,
487526,"J'adore ce restaurant, super accueil, établissement très grand, bonne nourriture que demander de plus ?",7629,Google Maps,Restaurant À Petit Feu,2024-01-27T09:21:03.858Z,2,,,,,,,
749683,على إنتي فين عايشا؟أكلة معروفا بفرنسا,72130,tiktok,@pont_hydra,2026-01-02T22:13:14.227709,8,,,,,,,
356468,Really good pide and plates,5903,Google Maps,Casbah Istanbul,2025-06-27T17:23:17.200Z,0,,,,,,,
880758,طاقيلي واحد يخدم لي كراب ملاح في لبلاد,55380,tiktok,@askim_food,2026-01-02T21:13:29.543722,1,,,,,,,
749693,On m’a livré une fois des chez vous c’était vraiment pas terrible pour ne pas dire autre chose j’espère que vous êtes meilleure maintenant,27402,tiktok,@lamignonne06bejaia,2026-01-02T18:43:25.537807,1,,,,,,,
618623,Service rapide; vous explique ce que vous mangez. très très bon d'ailleurs. Une nuit indienne par excellence !,3072,Google Maps,تاج محل بن عكنون,2024-06-29T05:58:00.931Z,0,,,,,,,
225412,الأسعار في متناول دونالد ترامب,13725,Facebook,Restaurant San Benito,2025-12-17T12:16:19.000Z,0,,,,,,,
880774,bravo  Chef  [APPRECIATION],41258,tiktok,@street_food,2026-01-02T19:55:41.427898,0,,,,,,,
880777,C combien s’il vous plaît,26320,tiktok,@lovers_grill,2026-01-02T18:34:55.974021,0,,,,,,,
356507,Très beau restaurant j'ai adoré,7695,Google Maps,Restaurant À Petit Feu,2023-11-14T11:44:59.745Z,1,,,,,,,
356511,هاديك هي سومتو,44116,tiktok,@dzforestrestaurants,2026-01-02T20:11:38.303337,0,,,,,,,
356518,المردوم حنا نسمعو غير بيهجامي ذقناه.,15588,tiktok,@mardoum,2026-01-02T18:07:52.596321,0,,,,,,,
618678,très bon f le goût qualité de fromage top et le vendeur très sympa et poli vraiment you are the best,40646,tiktok,@sandwitch.yabki,2026-01-02T19:48:04.975745,1,,,,,,,
618679,Really amazing,3409,Google Maps,Caracoya,2024-06-08T16:09:31.982Z,1,,,,,,,
880825,J'ai pris une poutine et un tacos poulet c'était trop bon,8239,Google Maps,American Burger Factory,2024-10-21T10:59:03.414Z,0,,,,,,,
880828,"Comme d'habitude nous avons réellement apprécié. Tout y est : excellent accueil, très bonne ambiance, les plats sont délicieux et le service est top.",3134,Google Maps,تاج محل بن عكنون,2023-01-21T20:22:53.823Z,0,,,,,,,
356547,Une très bonne adresse que je recommande En espérant que ça ne ce dégrade pas Bonne continuation,4174,Google Maps,هشام كوك بيتزا,2024-10-27T22:18:31.382Z,0,,,,,,,
487619,Montre-nous comment mange un hérisson,73460,tiktok,@pont_hydra,2026-01-02T22:13:55.187393,0,,,,,,,
749772,j'ai cru que c l'Italie wlh  [APPRECIATION],60256,tiktok,@seraidi.live.z,2026-01-02T21:22:46.348995,12,,,,,,,
356557,Nourriture délicieuse avec quantité suffisantes pour ne plus avoir faim. J'ai apprécié,6012,Google Maps,Casbah istanbul,2025-03-08T15:39:23.586Z,0,,,,,,,
487632,It's a Turkish restaurant. obviously(the name gives it up) Very nice place the menu is very detailed . a lot of plates to discover i liked the atmosphere every thing is Turkish the music. The Chanel on the television is Turkish (trt1) the staff are very welcoming and friendly and kind . the food is very delicious especially the season salad. i hope i visit this restaurant again,5177,Google Maps,قصبة اسطنبول,2025-05-28T21:57:59.398Z,0,,,,,,,
487634,جنة الله فوق الارض طبيعة و la verdureولا في الاحلام سيرايدي و ناسها الطيبين,60264,tiktok,@seraidi.live.z,2026-01-02T21:22:46.349007,3,,,,,,,
749797,زعمة صح مشي نشقاو نلقاه كثر,44512,tiktok,@dzforestrestaurants,2026-01-02T20:11:55.384156,0,,,,,,,
487661,"Bravo ! Ça fait plaisir de voir ça. Qu’Allah fructifie son commerce , Amin",45388,tiktok,@budz,2026-01-02T20:15:56.833601,1,,,,,,,
880880,meilleur endroit destresan  [APPRECIATION] [RECOMMENDATION],70240,tiktok,@le_petit_chalet,2026-01-02T22:00:16.570499,2,,,,,,,
225527,غير اللحم شوف حديقة التسلية بن عكنون يدوه لسبع . ياخي حابس للحم واحدو روح ق .,12641,Facebook,Restaurant Rais,2025-10-13T21:30:20.000Z,0,,,,,,,
356609,واش تركب باش تروحلها البيس ولا,70624,tiktok,@le_petit_chalet,2026-01-02T22:00:29.806819,0,,,,,,,
356610,المعيشة غالية شكون راه يجي ياكل,11155,Facebook,Restaurant Casa Bella - Draria,2025-08-18T17:59:05.000Z,0,,,,,,,
749828,les meilleurs ghiles,8146,Google Maps,American Burger Factory,2025-01-28T17:47:49.719Z,0,,,,,,,
749831,"Mansøur Møu Řad في Alger كاين بزاف , بصح لازم تعرف المحل . مرڨاز تع هنا على حساب اللحم ، ولا لقيت بوشي يحسب فاللحم 250 الف ، و المرقاز 100 الف ، أخطيك ماتشريش ، تلقاه ڨع زبل .",10336,Facebook,Dz Forest Restaura,2025-10-14T03:57:21.000Z,0,,,,,,,
487689,Tala c'est le nom d'un village kabyle,27670,tiktok,@thala,2026-01-02T18:44:59.712875,1,,,,,,,
487697,غالية ،، ؟؟؟ ديرولي كوراج نروح ليها مي خفت من الدراهم,71506,tiktok,@california_cafe,2026-01-02T22:09:03.706044,2,,,,,,,
618775,مهدي خويا قينا غير من ليبيا,43546,tiktok,@serir_alger,2026-01-02T20:09:21.842407,0,,,,,,,
749848,T'es sérieux Dj Snake mange dans ce restau ?,26210,tiktok,@don_sido_,2026-01-02T18:34:37.142475,1,,,,,,,
487707,وذي تقلشنا قالبحوت كاش حاجة خلاف ؟,12957,Facebook,Restaurant San Benito,2025-10-13T09:43:41.000Z,0,,,,,,,
880926,Dida Baba شحال دار الكاسكروط هذا الي راه في يدك خويا,12524,Facebook,Restaurant Rais,2025-10-14T19:16:39.000Z,0,,,,,,,
356640,"Restaurant à découvrir, mets excellents, cadre agréable et très propre. Prestation de très grande qualité.",3171,Google Maps,تاج محل بن عكنون,2022-03-29T19:06:12.458Z,0,,,,,,,
618798,Cool déco worth to  [RECOMMENDATION],4761,Google Maps,Hicham cook pizza pasta,2023-05-03T19:18:53.050Z,0,,,,,,,
618801,الله يبارك سعر معقول  [APPRECIATION],44272,tiktok,@dzforestrestaurants,2026-01-02T20:11:43.652572,0,,,,,,,
880948,"Très mauvaise expérience, personnels non chaleureux, on nous a retiré nos plats alors qu'on n'avait pas fini , nous pensions que c'était à cause de l'heure tardive , mais pas du tout , ils étaient juste pressés de faire sortir notre table de dix personnes. pour ce qui est des plats rien d'exceptionnel aussi , j'ai mangé ailleurs et c'était nettement mieux",6061,Google Maps,Casbah istanbul,2024-07-28T20:59:29.529Z,0,,,,,,,
749877,Les du menus sont pas les meme que la facture du vol à fuir,17960,tiktok,@casabelladraria,2026-01-02T18:14:50.295690,0,,,,,,,
487738,اسلم عليكم ورحمة الله وبركاته وين جاي غير مفهوم,9505,Facebook,Dz Forest Restaura,2025-10-17T17:20:24.000Z,0,,,,,,,
749887,وين تغسل يدك مكاش يا زح,5915,Google Maps,Casbah Istanbul,2025-05-16T17:07:54.288Z,0,,,,,,,
618818,ملايكتو ثقيلا الاخ,10913,Facebook,Restaurant Casa Bella - Draria,2025-07-30T02:37:56.000Z,0,,,,,,,
618822,هي مدرتهاش بصح حنسييها,1077,instagram,imstarvingfood,2025-02-05T23:23:53.000Z,0,,,,,,,
225623,ممكن عنوان المكان,31864,tiktok,@entracte,2026-01-02T19:14:25.718937,1,,,,,,,
487779,مقاطعين [COMPLAINT],38314,tiktok,@kfc,2026-01-02T19:39:31.574380,0,,,,,,,
356712,Le menu en photo ça aurait été plus simple.,21250,tiktok,@triple_,2026-01-02T18:22:04.417970,0,,,,,,,
881008,واش من ارباح خو ! و وين تروح !,48432,tiktok,@hafakafood,2026-01-02T20:35:29.188858,7,,,,,,,
356723,سلام وين بلاص نمير,11462,Facebook,Restaurant San Benito,2025-07-27T03:59:48.000Z,0,,,,,,,
881013,Très bon accueil bruits des agents en déplacent les chaises,7055,Google Maps,American Burger Factory,2025-07-10T07:12:34.738Z,0,,,,,,,
881017,"Je modifie mon commentaire, d’ailleurs je dois contacter le gérant , suite à une intoxication générale le jeudi 02/03/2023pour un déjeuner en famille de plus de 8 personnes , Je suis réellement déçue, même si le restaurant a une allure chic et le personnel bienveillants mais quand on se tape tous une intoxication du plus jeune au plus âgé et bien l’hygiène et la rigueur derrière les fourneaux doivent être revus! Quand la santé prend un coup …je ne montrai plus l’ascenseur pour manger chez eux !",5597,Google Maps,Casbah Istanbul القصبة اسطنبول,2023-03-05T11:43:49.246Z,7,,,,,,,
225660,Hhhh j'ai lu amroussa malheureusement dawna bouinan Béo est devenu un rêve,1318,instagram,mahroussaglace,2025-08-08T18:22:27.000Z,1,,,,,,,
356739,franchement c'est top,21824,tiktok,@maison_sardoudi,2026-01-02T18:22:33.434194,0,,,,,,,
618884,c ou ça,55928,tiktok,@mfood.annaba,2026-01-02T21:14:13.776282,0,,,,,,,
881034,فالدار باطل وبرى بالدراهم تستبنهم,42042,tiktok,@street_food,2026-01-02T19:57:59.469202,1,,,,,,,
749965,سخفتيني فاللوبيا,9916,Facebook,Restaurant Tabarka Annaba,2025-12-23T17:11:27.000Z,0,,,,,,,
881044,win ja ext,54732,tiktok,@luestro_annaba,2026-01-02T21:12:12.932784,4,,,,,,,
225690,It is the best restaurant I have ever went to even Mc Donald’s can’t defeat it,5397,Google Maps,قصبة اسطنبول,2023-12-09T15:51:14.770Z,0,,,,,,,
881055,"Service long, nourriture fade, nouilles immangeable (trop cuites), pas de geste commercial quand on réclame, je déconseille très fortement ce ""restaurant"".",7874,Google Maps,Restaurant À Petit Feu,2023-06-23T21:00:46.073Z,2,,,,,,,
356768,Trop sucré mais bon,66266,tiktok,@vibe.bistrot,2026-01-02T21:48:40.873867,0,,,,,,,
487839,سبحان الله بلعين يبان بنين,41714,tiktok,@street_food,2026-01-02T19:57:49.362776,1,,,,,,,
487856,Les oignons crispy,39922,tiktok,@streetburger02,2026-01-02T19:44:04.469169,0,,,,,,,
356785,كليت عندو روعة روعة,61648,tiktok,@guellil._.tasnim,2026-01-02T21:25:44.586399,0,,,,,,,
881081,Le service machallah meme la nourriture c’était trop bonne,3585,Google Maps,Laurel Restaurant,2025-11-23T13:49:08.889Z,0,,,,,,,
750010,L’ancien restaurant la coupole manifique j'adore la rénovation extraordinaire bravo machaalah  [APPRECIATION],14336,tiktok,@les_jumelles,2026-01-02T18:01:24.823676,0,,,,,,,
618959,الله أكبر كبيرا والحمد لله كثيرا وسبحان الله بكرة وأصيلا ولا إله إلا الله,16082,tiktok,@mardoum,2026-01-02T18:08:03.913120,0,,,,,,,
750035,واش حلاك مدخل يلي مزوق من برا,63082,tiktok,@allechante,2026-01-02T21:31:04.202460,0,,,,,,,
356828,Everything was perfect,7186,Google Maps,Restaurant À Petit Feu,2024-12-16T23:02:46.869Z,0,,,,,,,
225773,"Super resto les burgers sont au top surtout le Forest, une adresse à ne pas manquer à Alger",8365,Google Maps,American Burger Factory,2024-05-01T22:31:44.634Z,0,,,,,,,
619008,se n'est pas à Ain Taya c'est à Surcouf,24654,tiktok,@laturquoisehotel,2026-01-02T18:30:26.774673,0,,,,,,,
225795,"Il a vieilli, Mounir Mouns",68872,tiktok,@cote_oran,2026-01-02T21:57:36.689079,1,,,,,,,
750096,creative idea. congratulations,36192,tiktok,@sinai,2026-01-02T19:28:40.287180,0,,,,,,,
750097,ما شاء الله تبارك الرحمن ربي يباركلك يا طيب,10037,Facebook,Restaurant Tabarka Annaba,2025-12-31T13:49:39.000Z,0,,,,,,,
225813,The best girl wellah elle est adorable j’ai essayé les frites teahom avec les sauces plus عش البلبل saveurs Nutella et noisettes yummy [APPRECIATION],42940,tiktok,@street_food,2026-01-02T20:01:21.339998,1,,,,,,,
619033,jespere que les prix ne sont pas ceux des restaurants étoilés parisiens,14886,tiktok,@lassiette.algeroise,2026-01-02T18:06:50.625042,3,,,,,,,
487962,اه ايا فبايلي انت فوووور في الكونجلي ههههههه,11714,Facebook,Restaurant San Benito,2025-07-26T22:52:08.000Z,7,,,,,,,
619039,C ou svp,34414,tiktok,@restaurantmonegasque,2026-01-02T19:23:51.925291,0,,,,,,,
881184,"Restaurant sympa, cadre très beau, cuisine parfaite je recommande absolument",6496,Google Maps,Restaurant À Petit Feu,2025-11-07T19:11:47.352Z,0,,,,,,,
225826,Endroit agréable,8508,Google Maps,American Burger Factory,2023-05-21T18:24:55.281Z,0,,,,,,,
619044,des repas très délicieux,5979,Google Maps,Casbah Istanbul,2024-05-22T21:44:58.238Z,1,,,,,,,
225830,Très jolie restaurant,4680,Google Maps,Hicham cook pizza pasta,2025-02-02T19:59:57.285Z,0,,,,,,,
225838,ça te plaît ou non ?,21840,tiktok,@maison_sardoudi,2026-01-02T18:22:34.380340,2,,,,,,,
487983,C´est dine des grand restaurants étoilés,7210,Google Maps,Restaurant À Petit Feu,2024-11-09T13:05:22.328Z,0,,,,,,,
487988,Envoyez moi le menu svp,10549,Facebook,,2025-10-20T18:45:44.000Z,0,,,,,,,
881208,"J'adore ce restaurant ! L'ambiance y est chaleureuse, le service impeccable et la cuisine délicieuse. Je le recommande vivement à tous ceux qui cherchent une expérience culinaire indienne exceptionnelle !",3102,Google Maps,تاج محل بن عكنون,2023-09-28T17:04:34.809Z,3,,,,,,,
225850,ماشاء الله بالتوفيق  [APPRECIATION],1537,instagram,niwafood,2025-11-12T19:02:31.000Z,1,,,,,,,
488002,Nayla Nayla نعم افضل العروض العائلية عندنا مرحبا بالجميع,9339,Facebook,Dz Forest Restaura,2025-10-26T04:23:07.000Z,1,,,,,,,
750149,طياب بنة نقاوة ماشاء الله,64714,tiktok,@msiiirdaa13,2026-01-02T21:35:48.703996,2,,,,,,,
619087,ماعدنا وين نروحو ،الدزاير تلعب,66062,tiktok,@restaurant_mani,2026-01-02T21:47:12.759945,0,,,,,,,
225878,عاودها وقت البيام وبارك الله فيك,55732,tiktok,@mfood.annaba,2026-01-02T21:14:08.503673,1,,,,,,,
356954,"I was very disappointed with this pizzeria, especially compared to how it was when it first opened. There has been a total decline in quality. The service is slow and disorganized, and the food is no longer what it used to be. The amount of merguez on the pizza was honestly ridiculous — barely noticeable — which really kills your appetite. On top of that, the lack of hygiene is obvious, whether it’s the tables, the cutlery, or even the staff’s appearance. Honestly, I do not recommend this place at all.",4056,Google Maps,هشام كوك بيتزا,2025-07-16T18:08:51.500Z,0,,,,,,,
881244,Bonne service à cause de hani  [APPRECIATION],7950,Google Maps,American Burger Factory,2025-02-07T21:33:20.351Z,0,,,,,,,
619106,ومعاهم 3كعبات زيتون ونتشات تع دجلج,50232,tiktok,@king_food23,2026-01-02T20:58:45.862604,0,,,,,,,
619122,"De l’accueil au dessert, tout est appréciable. De plus, les serveurs sont très aimables.",4116,Google Maps,هشام كوك بيتزا,2025-02-01T12:40:08.280Z,0,,,,,,,
619124,حنا شكارة حليب مالحقناها . باه دخل هنا لازم تخدم في سونطراك ولا لاعب في مولودية واتحاد العاصمة,13544,Facebook,Restaurant San Benito,2025-12-31T17:01:57.000Z,0,,,,,,,
750197,لحم البرازيل النتن,12699,Facebook,Restaurant Rais,2025-10-13T09:17:15.000Z,0,,,,,,,
619127,Le jeudi j’y étais et c t pas fameux,33400,tiktok,@ambiancefood,2026-01-02T19:21:15.650004,0,,,,,,,
619131,"Beau restaurant familial, les plats généreux et succulents raffinés, personnel au petit soin seul problème c'est le volume de la télé trop fort sinon j'aurais mis 5 *",2635,Google Maps,HichamCook Grill House,2023-09-24T19:47:44.328Z,0,,,,,,,
881275,Hajer Hajer يعني مليون و خمسين ألف,11429,Facebook,Restaurant San Benito,2025-07-27T17:41:02.000Z,1,,,,,,,
619136,l'adresse exacte SVP,35108,tiktok,@sinai,2026-01-02T19:28:04.439892,0,,,,,,,
881292,Un snack 5 étoiles tu veux dire ?,17680,tiktok,@seven.times.luxury,2026-01-02T18:13:19.186016,0,,,,,,,
225935,Win Jay exact stp et mrc,64652,tiktok,@citoyennedumondedz,2026-01-02T21:35:18.906332,1,,,,,,,
619151,بارك الله فيك راهم قلال ناس اللي كيفك جزاك الله خير,49750,tiktok,@farouk.tacos,2026-01-02T20:42:08.671773,8,,,,,,,
881297,"شابة كي ضربتي نص مسنيي مع صباح تاع"" بوفوار """,13473,Facebook,Restaurant San Benito,2025-12-19T13:29:57.000Z,0,,,,,,,
619153,طبرقة روعة,59716,tiktok,@maestro_dz13,2026-01-02T21:21:40.561712,0,,,,,,,
881308,"Déçus de notre expérience aujourd’hui. Prix exorbitants vue la qualité des aliments dégradation total Nous avons commandé un sandwich chawarma viande : malheureusement, la viande n’avait aucun goût, très fade et sans assaisonnement. Sauce acide et trop amer Pour accompagner, un mojito qui contenait du citron manifestement pourri — vraiment pas acceptable pour un restaurant aussi connu Dommage, on s’attendait à mieux. On espère que le restaurant fera attention à la qualité des ingrédients à l’avenir.",5887,Google Maps,Casbah Istanbul,2025-08-02T22:56:33.314Z,0,,,,,,,
750238,مليح هكذا باش نعرفو شكون لي رهو معنا,37766,tiktok,@kfc,2026-01-02T19:39:20.190189,1,,,,,,,
750249,"Ce soir-là , burger sans frites , dommage ! On ne devrait jamais dire aux clients que la friteuse est en panne, à vous de trouver des solutions assez rapidement. Sinon le reste rien à dire top.",6812,Google Maps,American Burger Factory,2025-07-31T12:48:37.519Z,0,,,,,,,
225984,Thala c'est la fontaine en kayble,27720,tiktok,@thala,2026-01-02T18:45:03.223398,0,,,,,,,
881345,الحاجة لي مفهمتهاش علاش متحطوش السومة لي راه معايا ادير جامي.,39040,tiktok,@itchy_food,2026-01-02T19:41:03.054582,10,,,,,,,
357060,wine jaya brija c'est dans quelle wilaya ?,39508,tiktok,@le_1675,2026-01-02T19:42:31.954327,0,,,,,,,
619204,Un monde fou qui dépasse tout le personnel mis en opération.,4425,Google Maps,هشام كوك بيتزا,2024-02-23T21:37:36.523Z,0,,,,,,,
750277,ناس كل عرفاتو مقلوب غير نتا فرار,53424,tiktok,@piadzo_food23,2026-01-02T21:07:13.112016,0,,,,,,,
225997,كاين ليفريزون لباريقو  ؟؟ [APPRECIATION],47086,tiktok,@snacko_hm,2026-01-02T20:27:44.057965,1,,,,,,,
881364,صح  في دراهم شحال مشي تدخل وتحصل,62670,tiktok,@allechante,2026-01-02T21:30:54.725075,0,,,,,,,
619243,Sublime vue  hâte d’y passer insh’Allah cette été [APPRECIATION],70304,tiktok,@le_petit_chalet,2026-01-02T22:00:18.009030,1,,,,,,,
488181,Ouine jay le resto merci,13159,Facebook,Restaurant San Benito,2025-10-13T13:35:28.000Z,0,,,,,,,
488183,البوراك عنابي تع تونس مايجيش هكا,184,instagram,amine_la_cantine,2025-12-14T12:58:22.000Z,3,,,,,,,
881409,خونا يرحم والديك قولهم شحال السعر وخليهم يعلقوا كيما يحبوا ولاترد عليهم لخطرش هذا الشعب حاجة ما ترضيه تبيع رخيس يقولك منين راه يقضي. تبيع غالي يقولك والزوالي مايكلش. يا خاوتنا لي رزقوا ربي ياكل ولي مارزقوش مايسمطهاش على الناس في التعليقات.,10468,Facebook,"  Restaurant elassil








",2025-12-25T00:10:45.000Z,2,,,,,,,
619267,والله صح بري مليح,44030,tiktok,@dzforestrestaurants,2026-01-02T20:11:35.500161,0,,,,,,,
357129,"Un très bon restaurant ! La cuisine, l'accueil, terrasse couverte, tarifs raisonnable, . vraiment génial ! Merci a très bientôt ! !",3551,Google Maps,Caracoya,2017-05-31T14:11:41.088Z,1,,,,,,,
881417,Ya que sa en Algérie restaurant classe mdr dwab yoklou bark,61126,tiktok,@roofttop_anaba,2026-01-02T21:24:28.393685,0,,,,,,,
488211,البنة فركليطة  [APPRECIATION],41912,tiktok,@street_food,2026-01-02T19:57:54.385415,0,,,,,,,
226075,Restaurant à la hauteur hygiène qualité et sevice je recommande,9271,Facebook,,2025-10-20T17:29:34.000Z,1,,,,,,,
357151,لحم الحمير مكانش لمان في وهران لي حاسبينها لاس فيغاس,63850,tiktok,@silyon69,2026-01-02T21:33:15.618125,0,,,,,,,
357153,عجبني خلاه,61972,tiktok,@le_nordik,2026-01-02T21:27:32.480382,0,,,,,,,
881441,وين جاي هذا روحو,12704,Facebook,Restaurant Rais,2025-10-14T15:42:44.000Z,0,,,,,,,
750375,Vraiment 10 sur 10 elle est très bonne yaatikom saha,154,instagram,amine_la_cantine,2025-09-20T12:09:43.000Z,1,,,,,,,
750376,تمشي غير بشويا درتي زنزلة في دخلا,57838,tiktok,@_le216_,2026-01-02T21:17:33.157875,0,,,,,,,
357162,شهيتني الله يبارك ماشاءالله  [APPRECIATION] [BOUFFE],67586,tiktok,@bladi_oran,2026-01-02T21:51:50.985611,0,,,,,,,
881452,إنه لذيذ أعجبني,8439,Google Maps,American Burger Factory,2023-11-18T18:23:56.065Z,0,,,,,,,
226093,ou sa,44046,tiktok,@dzforestrestaurants,2026-01-02T20:11:35.500172,0,,,,,,,
750388,Took few seconds d to find out ستاربوكس,37796,tiktok,@kfc,2026-01-02T19:39:21.195879,3,,,,,,,
488247,Je suis dsl. Mais ni une bonne réception ni un goût. J' ai vu des Burger à 100 da mille fois mieux,8746,Google Maps,American Burger Factory,2020-10-07T11:25:05.213Z,1,,,,,,,
357175,Special burger,8573,Google Maps,American Burger Factory,2022-09-15T16:11:10.378Z,0,,,,,,,
619323,et pour les prix et la adresse svp?,27866,tiktok,@thala,2026-01-02T18:45:06.606619,0,,,,,,,
488255,"J'ai adoré leur cuisine en plus le service était rapide, c propre et les serveurs sont très gentils",7624,Google Maps,Restaurant À Petit Feu,2024-02-04T23:09:02.133Z,1,,,,,,,
226114,وين المحل بالضبط اخي,14824,tiktok,@lassiette.algeroise,2026-01-02T18:06:46.715714,1,,,,,,,
750407,"franchement, il faut nettoyer un peu, la vue est bien mais les murés sont sales, les câbles électriques qui traînent et pour le prix un minimum de qualité des desserts ne serait pas de refus",67798,tiktok,@kartaj_oran,2026-01-02T21:53:18.216419,8,,,,,,,
750425,Sou Sau Hafi عدنا 100 الف لكبدة تاع لجاج,9845,Facebook,Dz Forest Restaura,2025-10-13T16:15:03.000Z,0,,,,,,,
881501,واش معناتها kfc اهدرونا بلعربية ياخو,37838,tiktok,@kfc,2026-01-02T19:39:22.321384,0,,,,,,,
226146,je comfirme le meilleur franchement [APPRECIATION],52930,tiktok,@patisserie_annaba,2026-01-02T21:04:18.324405,1,,,,,,,
488311,المهم تعرف عبقور,49042,tiktok,@chicks_nook,2026-01-02T20:40:01.785565,1,,,,,,,
357246,"Cuisine indienne délicieuse Service rapideaimable et accueillant Ambiance traditionnelle indienne avec un fond musical indien Hautement recommandé pour les sorties famille et amis (sorties professionnelles non recommandées, préférable taj mahal charage)",3081,Google Maps,تاج محل بن عكنون,2024-04-06T19:42:32.490Z,0,,,,,,,
226178,Un bon restaurant il a une bonne Pizza mais y a pas de signalisation spécifique dehors !,4998,Google Maps,Hicham cook pizza pasta,2019-02-05T08:44:02.050Z,0,,,,,,,
488323,ياودي جيبي نخويه على جالك,13032,Facebook,Restaurant San Benito,2025-10-13T13:54:54.000Z,0,,,,,,,
619398,Diro f google maps bateau casse ki tl79o tema asmo resto moulay très connu,22430,tiktok,@le_perchoir,2026-01-02T18:25:02.841775,68,,,,,,,
226185,"Nouriture bonne, accudil chaleureux, mais ca reste un peu trop cher",5769,Google Maps,Casbah Istanbul القصبة اسطنبول,2021-03-13T13:14:19.858Z,0,,,,,,,
619403,مطعم جميل، طعام جد رائع,2705,Google Maps,HichamCook Grill House,2023-06-17T18:03:55.620Z,0,,,,,,,
619406,توصيل كاين لعزيز,17216,tiktok,@casa_burger1,2026-01-02T18:11:30.283752,1,,,,,,,
488341,"Etablissement exceptionnelle avec son staff professionnel, serveurs très accueillant, service est très rapide Je vous conseille de ne pas rater. Merci bcp pour Ghiles, mounir et toute l'équipe.",8177,Google Maps,American Burger Factory,2025-01-25T20:03:33.940Z,0,,,,,,,
488358,"Dida Baba Et le smig est presque à 2000 € , , , , La journée d'un simple ouvrier dans chantier de bâtiments est presque à 90€",12522,Facebook,Restaurant Rais,2025-10-14T18:11:14.000Z,0,,,,,,,
226229,"On y passe un excellent moment, la nourriture y est très bonne, le service est lui aussi fort appréciable, la seule note qui dérange, c'est qu'avant, l'on nous offrait des fleurs à la sortie, et après tout, la fin, c'est ce qui marque le plus.",3370,Google Maps,تاج محل بن عكنون,2014-05-02T12:26:45.648Z,2,,,,,,,
750518,Excellent rien à ajouter .,8603,Google Maps,American Burger Factory,2022-06-26T22:41:32.773Z,0,,,,,,,
881592,ملوخية الله الله,66248,tiktok,@cote_oran,2026-01-02T21:48:23.697240,0,,,,,,,
881598,Ahmed Bayoud هاذو مصدر رزقهم هو هذا المطعم ما فهمتش واش خصك ؟ يغلقو المطعم و يقطعو ارزاق تاع 20 خدام و ما يبيعوش الاكل للناس باه يتضامنو مع غزة ؟؟؟,12817,Facebook,Restaurant San Benito,2025-10-14T01:21:33.000Z,16,,,,,,,
881610,"tu as oublié de nous parler des prix ? moi personnellement je ne le recommande pas , c'est excessivement cher , cette déco est payante",22020,tiktok,@maison_sardoudi,2026-01-02T18:22:37.799279,0,,,,,,,
750559,سعر في. متناول. سلطان. سليمان,36450,tiktok,@skyistanbuldz,2026-01-02T19:30:57.299568,1,,,,,,,
357350,التوصيل متوفر مع Delivro  [APPRECIATION] [RECOMMENDATION],50290,tiktok,@quick_bite,2026-01-02T20:59:16.814001,9,,,,,,,
488434,Très bon et beau restaurant ! .,70258,tiktok,@le_petit_chalet,2026-01-02T22:00:16.570511,1,,,,,,,
357374,3 jours d'intoxication et du mal à me rétablir après avoir mangé chez eux pas uniquement moi mais même mes invités,5657,Google Maps,Casbah Istanbul القصبة اسطنبول,2022-09-06T19:22:07.349Z,0,,,,,,,
488448,درك تجي واحد يقلك و الخبز وين راه,12210,Facebook,Restaurant San Benito,2025-10-14T01:32:35.000Z,0,,,,,,,
881667,باتوفيق انشاء الله,61624,tiktok,@guellil._.tasnim,2026-01-02T21:25:44.586354,1,,,,,,,
750599,Ça sera bien si il cache leurs barbe et bonne continuation bravo  [APPRECIATION],600,instagram,budz.dz,2024-07-26T06:59:27.000Z,1,,,,,,,
881673,60 الف من نيتهم,55636,tiktok,@askim_food,2026-01-02T21:13:35.596547,0,,,,,,,
226320,غابة برادو جوزت فيها طفولتي,70930,tiktok,@paradou_restaurant,2026-01-02T22:04:50.948111,1,,,,,,,
357396,On avait faim,8546,Google Maps,American Burger Factory,2023-01-17T20:45:05.686Z,0,,,,,,,
881688,Amazing tacos so big and full Le service est magnifique,7979,Google Maps,American Burger Factory,2025-02-05T14:41:47.063Z,1,,,,,,,
881692,"BRAVO. La cuisine est faite pour être copie , revisiter améliorer. chacun fait le TAJINE A SA FAÇONS BRAVO [APPRECIATION]",68738,tiktok,@cote_oran,2026-01-02T21:57:32.413720,1,,,,,,,
750622,والسعر معليش تقولنا اذا ماتموتش زعما,9707,Facebook,"  Restaurant elassil








",2025-12-18T14:10:31.000Z,0,,,,,,,
357416,استقبال رائع وخدمة جيدة,5499,Google Maps,قصبة اسطنبول,2023-04-25T13:16:08.207Z,0,,,,,,,
488490,Dirolna la livraison l baraki,8248,Google Maps,American Burger Factory,2024-10-09T18:43:31.382Z,0,,,,,,,
357422,غي اللحم بلا بنة اللحم . الخبز بالخبز,12678,Facebook,Restaurant Rais,2025-10-31T21:43:30.000Z,0,,,,,,,
619566,احسن مطعم في عنابة في مطعم الزهرة في حي 8مارس بنة وحسن الاستقلال,59378,tiktok,@maestro_dz13,2026-01-02T21:21:30.810706,0,,,,,,,
881713,حتى بوجغللو ماسلكش منكم مسكين,72998,tiktok,@pont_hydra,2026-01-02T22:13:40.547314,2,,,,,,,
357427,cet plus français que algérien les plats a par couscous  [APPRECIATION],25186,tiktok,@lovers_grill,2026-01-02T18:33:07.362120,0,,,,,,,
619580,Y’a trop de monde vraiment trop de monde j’ai pas trop kiffé,25360,tiktok,@lovers_grill,2026-01-02T18:33:44.284024,0,,,,,,,
619586,"Dégradation dans la qualité des ingrédients. Viande fade, pain réchauffé au micro-ondes qui durcit une fois refroidi . etc",5855,Google Maps,Casbah istanbul,2025-06-29T14:25:55.712Z,0,,,,,,,
750663,الميغا زهر قادر درك يبدا مليح و مبعد يتدهور كيما كل مكان اخر,1424,instagram,megapizza.boussouf,2025-12-02T05:06:41.000Z,1,,,,,,,
226375,le prix c'est exorbitant,32998,tiktok,@sinai,2026-01-02T19:18:31.820604,0,,,,,,,
881737,Mashalah  ان شاء الله تزور وهران و نذوق من عنده  [APPRECIATION],18,instagram,6sens_pastry,2025-07-31T09:49:51.000Z,1,,,,,,,
619597,Une part de viande à 1000 da !,36700,tiktok,@restaurant.madala,2026-01-02T19:34:33.432620,0,,,,,,,
750669,les prix sont très cher,33452,tiktok,@ambiancefood,2026-01-02T19:21:16.556632,0,,,,,,,
488526,Uon Iz الزوالي كما حالتنا يدخل هنا يدوخ,9162,Facebook,"

Restaurant Casa Bella - Draria",2025-12-10T17:26:33.000Z,0,,,,,,,
226386,c pas vrai les vdo w ki tro7i c pas du tt la même chose,31300,tiktok,@taylor,2026-01-02T19:10:52.501694,1,,,,,,,
226411,اشتركوا عندي لتعلم الانجليزية و تطوير مهاراتك  [APPRECIATION],63506,tiktok,@santorino,2026-01-02T21:32:18.468451,1,,,,,,,
881784,Le no de téléphone ? ?,9002,Facebook,"  Sultan Restaurants


",2025-11-14T21:59:22.000Z,0,,,,,,,
619644,Il devrai changer la déco en une déco algérienne,26214,tiktok,@don_sido_,2026-01-02T18:34:37.142481,0,,,,,,,
881788,Mansøur Møu Řad والله راح نقولها,9668,Facebook,Dz Forest Restaura,2025-10-13T08:14:01.000Z,1,,,,,,,
750721,هادا في دبي,31708,tiktok,@entracte,2026-01-02T19:14:11.602593,3,,,,,,,
750729,سبحان الله واهل غزة حسيتو بالجوع ديالهم,11257,Facebook,Restaurant Casa Bella - Draria,2025-09-18T20:50:04.000Z,0,,,,,,,
750748,Sarhat Hakiri يعني باش تكون مسلم لازم تلبس مقطع و مديرش خواتم و تلبس قديم و مديرش نواظر و متحففش و تخلي لحية طويلة و مخنزة هذا هو مسلم حساب رأيك ؟؟؟ مانيش نهدر على أسعار راني نهدر على هيئة,9132,Facebook,"

Restaurant Casa Bella - Draria",2025-12-03T18:22:33.000Z,1,,,,,,,
488623,"lahibarek vous êtes magnifiques, bon courage et bonne continuation",27398,tiktok,@lamignonne06bejaia,2026-01-02T18:43:25.537804,1,,,,,,,
750776,خامج وبنين [APPRECIATION],42082,tiktok,@street_food,2026-01-02T19:58:00.340524,0,,,,,,,
357566,هشام دارلكم منافسة  [APPRECIATION],48110,tiktok,@rahmani_food,2026-01-02T20:34:24.680544,0,,,,,,,
619711,عندو سمانتين جاني غير ليوم لفديو,53714,tiktok,@guellil._.tasnim,2026-01-02T21:08:10.137893,3,,,,,,,
881859,قولونا على الأسعار لي رحتو تم,61424,tiktok,@denatelo_annaba,2026-01-02T21:25:04.435303,1,,,,,,,
226500,C’est pas duuu touuuuuut cher c’est à la porté de tt le monde  merci pour ce petit prix,1991,instagram,the____bakery,2025-12-30T14:00:20.000Z,3,,,,,,,
488657,اتهلا فينا راني خدام قداكمكم اك تعرف,1384,instagram,mega_pizza_elbiar,2025-09-05T08:13:25.000Z,0,,,,,,,
750804,on ne parle que de nourriture ou de fêtes c est dommage,51018,tiktok,@broaster_chiken,2026-01-02T20:59:49.023634,0,,,,,,,
619734,El Corleon والله انت بهلول تقارن الدينار بالاورو,9124,Facebook,Dz Forest Restaura,2025-10-29T18:51:03.000Z,0,,,,,,,
750808,Numéro tjr éteint,1794,instagram,seven_times_la_villa,2025-12-09T15:28:17.000Z,0,,,,,,,
357604,بصح وش فيها 2000د,10091,Facebook,"  Sultan Restaurants


",2025-11-13T18:47:01.000Z,0,,,,,,,
750822,"Excellent sur tout les points , du haut niveau ! Service, qualité, rapidité, saveurs. Foncez. ‏أسأل الله العظيم أن يبارك هذا المتعام",7817,Google Maps,Restaurant À Petit Feu,2023-08-11T21:44:42.430Z,1,,,,,,,
619755,L’accueil chaleureux et attentionné du vieux couple dans cet endroit magnifique m’a laissé une forte impression  empli de chaleur et de bonté rabi yahfadhom  [APPRECIATION],60768,tiktok,@seraidi.live.z,2026-01-02T21:22:58.311467,0,,,,,,,
488692,Le restaurant indinne . Bonne restaurant,3214,Google Maps,تاج محل بن عكنون,2020-04-04T02:21:50.069Z,0,,,,,,,
619770,سعيد سعيد والله غير جيت نكتب كومنتار هدا لقيتك سبقتني ، سبحان الله نفس الشعور ، مانرتاحلوش بتاتا,10826,Facebook,Restaurant Casa Bella - Draria,2025-07-27T14:23:59.000Z,0,,,,,,,
750845,"très déçu par les pizzas a emporté, pas comme la première fois a table, في عود ماتوقف فالباب تقول لناس راهي كومبلي روح اوقف على الخدامين",8219,Google Maps,Restaurant À Petit Feu,2022-10-15T12:50:17.972Z,3,,,,,,,
619777,œuvre à alger,45558,tiktok,@budz,2026-01-02T20:16:05.401275,0,,,,,,,
357634,تصوير خطيكصور اكا,62428,tiktok,@hamidhamid806,2026-01-02T21:29:15.634169,1,,,,,,,
750852,Food is so so oiled l wahd l point where I couldn’t eat it The beef was horrible 0/10 Same with chicken 3/10 We didn’t even eat it I don’t recommend it,2540,Google Maps,HichamCook Grill House,2024-03-26T13:24:58.792Z,3,,,,,,,
357654,J'adore votre cuisine et le personnel est un amour! Bonne continuation à vous !  [APPRECIATION] [BOUFFE],1602,instagram,quesadillasbk,2025-07-25T18:16:22.000Z,1,,,,,,,
881953,لي يشكر سلعتو و خدمتو اعرف بلي مدرنا والو,28864,tiktok,@snacky_time_kouba,2026-01-02T18:47:51.583951,0,,,,,,,
357670,نا شاء الله [APPRECIATION],67492,tiktok,@bladi_oran,2026-01-02T21:51:48.096317,0,,,,,,,
357676,pour l avoir fait. il est magnifique et reposant  [APPRECIATION],70572,tiktok,@le_petit_chalet,2026-01-02T22:00:28.463078,1,,,,,,,
226606,سومة,13223,Facebook,Restaurant San Benito,2025-10-14T20:19:04.000Z,0,,,,,,,
488754,maïs c'est chère Fréro c'est pas un hôtel 5 étoiles. ont revient jamais,35836,tiktok,@sinai,2026-01-02T19:28:27.105062,0,,,,,,,
226627,disponible aujourd'hui et l'heure de fermeture Merci,31540,tiktok,@woodgrill_dz,2026-01-02T19:13:53.447289,1,,,,,,,
750922,ماشي هذا الرستورون لي يخدمو فيه لي باس,61818,tiktok,@maestro_dz13,2026-01-02T21:26:52.422318,1,,,,,,,
488779,Ex « La Coupole » ? ! ?,14242,tiktok,@les_jumelles,2026-01-02T18:01:22.580397,1,,,,,,,
619852,مزالت؟,30148,tiktok,@bigmamaconstantine,2026-01-02T18:55:20.577389,0,,,,,,,
226639,mazalat la promo+ Kayan livraison l'Alger,48690,tiktok,@cassecroute_dz,2026-01-02T20:37:01.369306,1,,,,,,,
488785,محتواك روعة ربي يوفقك اخويا,52198,tiktok,@uncles_burger_dz,2026-01-02T21:03:27.374732,7,,,,,,,
488788,tout est algérien machallah,16868,tiktok,@user5834669559361,2026-01-02T18:10:49.604865,0,,,,,,,
488790,Ce n est pas de la pizza c est un sandwich de sauce tomate avec le matlou3,4254,Google Maps,هشام كوك بيتزا,2024-08-09T11:46:06.793Z,0,,,,,,,
619869,كون يقول السومة يوليو هاذوك لي قاعدين فارغين شغل اوووووو بهاذ السومة نشري هكتار ونشري فخذ وووووو راك فاهم,9572,Facebook,"  Restaurant elassil








",2025-12-16T16:49:55.000Z,8,,,,,,,
619885,Disappointing experience overall. The food was overly salty and lacked the authentic flavors you’d expect from real Turkish cuisine. Definitely below average.,5141,Google Maps,قصبة اسطنبول,2025-07-20T19:41:18.572Z,0,,,,,,,
226678,What I can’t forget is the waitress Ilham so sweet!,3786,Google Maps,Laurel Restaurant,2024-01-09T14:25:19.251Z,0,,,,,,,
750971,où se trouve le restaurant,36800,tiktok,@restaurant.madala,2026-01-02T19:34:39.262704,1,,,,,,,
619902,à recommander,6196,Google Maps,Casbah istanbul,2023-01-21T13:34:14.803Z,0,,,,,,,
226702,endroit chbb dkhlt même les prix raisonnable,62580,tiktok,@allechante,2026-01-02T21:30:53.140170,0,,,,,,,
357780,يليق لك تصور 2ملايين فالنهار بأه تاكل هنا مولا 150 علف فالنهار يشوف بعينه النهار وهو يشهي فالناس راه حاسب الناس راهي مقابلة غير الماكلة,9286,Facebook,,2025-12-20T18:14:45.000Z,0,,,,,,,
751003,top du top,19928,tiktok,@villa_frere,2026-01-02T18:17:40.968498,0,,,,,,,
357788,سارق. انحلك. السروال,11210,Facebook,Restaurant Casa Bella - Draria,2025-07-27T08:25:06.000Z,0,,,,,,,
882086,عيب عليك تاكل وحدك باباك نسمع به ماكانش كيما أنت,12221,Facebook,Restaurant San Benito,2025-10-13T10:08:50.000Z,0,,,,,,,
357799,C’est 2 fois plus cher dans les bulle que sur les table en terrasse,61398,tiktok,@denatelo_annaba,2026-01-02T21:25:02.416315,0,,,,,,,
751020,ثمن هذا,9703,Facebook,"  Restaurant elassil








",2025-12-16T20:12:08.000Z,0,,,,,,,
226737,cest trop trop cher dommage,28660,tiktok,@american.burger.tizi,2026-01-02T18:47:31.474882,0,,,,,,,
226743,"Bon la bouffe pas ouf , il y’avait un spectacle de clown à 20:00 il Est 21:00 tjr pas de clown serveur pas très aimable ÇA NE VAUT PAS LE COUP",4093,Google Maps,هشام كوك بيتزا,2025-04-24T19:58:53.902Z,0,,,,,,,
751044,صحن المشويات افضل حاجة كلتها مزالت كمونية ان شا الله نوكلها مرة عندكم,9109,Facebook,Restaurant Tabarka Annaba,2025-12-25T23:31:02.000Z,0,,,,,,,
226757,al forno,64096,tiktok,@restauranttrattoriaoran,2026-01-02T21:34:09.697301,1,,,,,,,
619977,Excessivement chere. Ne vaut le coup. des plat ordinaire quon trouve partt ailleurs donc le prix n'explique la touche personel.,2880,Google Maps,HichamCook Grill House,2022-08-13T16:32:09.010Z,5,,,,,,,
619982,Sarhat Hakiri ابدا بروحك ياولدي داير صوره كافر طايح مسلم وتنصح ابدا بروحك,9248,Facebook,,2025-12-04T00:41:03.000Z,1,,,,,,,
882128,ديما انروح روعة نظافة ومعاملة وبنة,58072,tiktok,@vilageneige_annaba,2026-01-02T21:19:43.333779,3,,,,,,,
357855,oooo tsafê b1 mrohtch anfranin,70578,tiktok,@le_petit_chalet,2026-01-02T22:00:28.463083,1,,,,,,,
488933,"Parfait! TRÈS PROPRE, service rapide et personnel aimable, souriant et accueillant. Je recommande fortement",4641,Google Maps,Hicham cook pizza pasta,2025-08-07T12:06:13.797Z,0,,,,,,,
620016,هاذاك الميلونج ڤاع ما نوضش على جاله الرحى,11444,Facebook,Restaurant San Benito,2025-07-26T20:14:33.000Z,1,,,,,,,
620030,je confirme le meilleur,42798,tiktok,@pizza_carre,2026-01-02T20:00:30.285017,0,,,,,,,
882185,بصحتك زهير,11461,Facebook,Restaurant San Benito,2025-07-27T04:49:14.000Z,1,,,,,,,
882194,"La pizza était excellente avec une pâte très légère. Les gratins poulet et crevettes très réussis aussi. La salle était parfaitement bien climatisée. J'y retournerai sans hésitation. Seul petit soucis au niveau du service, les gratins sont arrivés 15 minutes après la pizza . dommage !",4032,Google Maps,هشام كوك بيتزا,2025-08-20T00:20:44.186Z,0,,,,,,,
882195,مخلصاها بالدراهم,41566,tiktok,@street_food,2026-01-02T19:57:46.733829,2,,,,,,,
488980,خدامة على حساب مشفت مين يشوفو زوالي مايقيموهش ربي راه شاهد عليا,64818,tiktok,@msiiirdaa13,2026-01-02T21:35:54.428360,0,,,,,,,
751125,سلب الاغبياء اموالهم,11364,Facebook,Restaurant Casa Bella - Draria,2025-09-02T08:57:15.000Z,0,,,,,,,
751142,سفيان سفيان لالا ارنب,12801,Facebook,Restaurant San Benito,2025-10-12T19:42:39.000Z,0,,,,,,,
226856,les prix mlahhhhh,31780,tiktok,@entracte,2026-01-02T19:14:23.117718,2,,,,,,,
751155,Ça m'a pas plus du tout,6254,Google Maps,Casbah istanbul,2022-06-19T13:15:23.541Z,0,,,,,,,
226868,"Belle présentation de plats , c'était succulent la pizza est bonne et le gâteau san sebastien était également très bon et tout ça dans une agréable ambiance servi par des serveurs(ses) souriants (tes). Je recommande ce resto",3710,Google Maps,Laurel Restaurant,2024-10-29T12:49:39.353Z,0,,,,,,,
489023,J'ai vraiment adoré!,8562,Google Maps,American Burger Factory,2022-10-24T15:24:11.479Z,1,,,,,,,
620106,Yetchebah l klsh a par poutin,6882,Google Maps,American Burger Factory,2025-07-17T21:39:53.112Z,0,,,,,,,
882255,Restaurant Bay,66532,tiktok,@bakhcis_oran,2026-01-02T21:50:36.560277,4,,,,,,,
489041,c incroyable,22786,tiktok,@le_perchoir,2026-01-02T18:25:13.673802,0,,,,,,,
489042,best fast food in algiers,7928,Google Maps,American Burger Factory,2025-02-08T22:25:46.574Z,0,,,,,,,
751195,J'ai passé un bon moment avec ma femme une bonne ambiance et service,5344,Google Maps,Casbah Istanbul القصبة اسطنبول,2023-10-29T15:51:04.677Z,0,,,,,,,
226907,هاذا لي ما يعرفش يقع بجانب سفارة المغرب في وهران front de mer,14252,tiktok,@les_jumelles,2026-01-02T18:01:23.636681,0,,,,,,,
882274,Le restaurant est sympa service impeccable et la viande est délicieuse et tendre Le tout nous a coûté 7500 da Je recommande,2435,Google Maps,HichamCook Grill House,2024-09-03T14:50:43.670Z,0,,,,,,,
357995,Bravo American burger,8187,Google Maps,American Burger Factory,2025-01-09T12:33:22.295Z,0,,,,,,,
620150,"45 min d'attentes, pour un tacos et 2 burgers, service très moyen, nourriture bof",8594,Google Maps,American Burger Factory,2022-07-15T19:34:46.816Z,1,,,,,,,
358009,Vous êtes les meilleurs,6635,Google Maps,American Burger Factory,2025-09-10T13:44:36.635Z,0,,,,,,,
358033,il faut sortir le dimanche,73812,tiktok,@pont_hydra,2026-01-02T22:14:05.515771,0,,,,,,,
882323,Très bon restaurant. Les plats sont aussi bons que beaux. Le restaurant est agréable et propre. La déco et l'ambiance sont super Le service est impeccable. Je recommande fortement très bonne expérience,3739,Google Maps,Laurel Restaurant,2024-07-22T21:20:37.229Z,0,,,,,,,
751255,دعم حبوباتي [APPRECIATION],53868,tiktok,@guellil._.tasnim,2026-01-02T21:08:14.207245,0,,,,,,,
882339,"Aujourd'hui j'ai goûté les champignons au fromage de casbah Istanbul et j'ai aimé c'est léger tendre en dessous et croustillant en haut avec le fromage. Ça a comme un goût d'aubergines en bouche, c'est ce que j'ai ressenti en tout cas. J'étais avec une amie végétarienne qui a commandé ça elle était plutôt satisfaite de ce plat qu'on a reçu bien chaud d'ailleurs.",5920,Google Maps,Casbah Istanbul,2025-04-05T21:46:19.386Z,0,,,,,,,
751268,خامس بصحتك,15736,tiktok,@mardoum,2026-01-02T18:07:55.305490,0,,,,,,,
489123,"J’ai eu l’occasion de tester le restaurant À Petit Feu à Vieux Kouba, et je dois dire que leur pizza est tout simplement exceptionnelle. C’est, sans exagération, la meilleure pizza que j’ai goûtée à Alger — et pourtant, j’ai eu l’occasion d’en déguster en Italie, y compris à Naples, berceau de la pizza. La pâte est parfaitement maîtrisée : fine, légère et croustillante à souhait, avec une cuisson impeccable au feu de bois qui lui donne un goût authentique. La sauce est savoureuse, les ingrédients sont frais et généreux, et l’équilibre des saveurs tout y est.",6553,Google Maps,Restaurant À Petit Feu,2025-09-20T16:08:14.007Z,0,,,,,,,
882366,تجربة رائعة,2488,Google Maps,HichamCook Grill House,2024-05-24T18:41:00.394Z,0,,,,,,,
882369,ماشاء الله وفقكم الله,36060,tiktok,@sinai,2026-01-02T19:28:33.477109,0,,,,,,,
620228,في البريف و قدام المحكمة العسكرية و الحبس وين جا من اللور,67600,tiktok,@bladi_oran,2026-01-02T21:51:52.899283,0,,,,,,,
489156,"Très mauvaise expérience chez American Burger. Le service est interminable, j’ai fini mon poutine alors que mon ami n’avait toujours pas reçu son tacos. En plus, la qualité du fromage était vraiment mauvaise. À notre grande surprise, il y avait des frites à l’intérieur du tacos, ce qui n’était pas prévu et surtout pas à ce prix-là ! Comme si cela ne suffisait pas, il y a eu une bagarre entre les employés, ce qui a causé un vacarme insupportable sans aucun respect pour la clientèle. Seul point positif le serveur Asalas, qui a été très gentil et serviable malgré la situation chaotique.",8243,Google Maps,American Burger Factory,2024-10-17T23:00:24.003Z,1,,,,,,,
358093,livraison l ain taya Allah ystrk est ce Kayn wla NN w chhal ! ?,29280,tiktok,@elcuatro_burgers,2026-01-02T18:49:36.985401,0,,,,,,,
882383,لهجة تاع كبا ري,13279,Facebook,Restaurant San Benito,2025-10-15T13:57:27.000Z,0,,,,,,,
882388,3200 نعيش بيها سمانة بالفور,47620,tiktok,@bazookadz,2026-01-02T20:32:29.912464,0,,,,,,,
620245,في حالة درك وين خرجت من عندوا الغلا وبرك النوعية في حالة أنا عن نفسي ماعجبنيش السرفيس حدث ولا حرج,51566,tiktok,@broaster_chiken,2026-01-02T21:00:01.526232,0,,,,,,,
882405,c trop chere je suis passé et le service 0,47954,tiktok,@rahmani_food,2026-01-02T20:34:20.221963,1,,,,,,,
358118,انا واولادي آبينو عندو و كل ما يخدم راجلي الليل أولادي ماما chicks nook و جيراني ماشي بعيدة عليهم بنين والخدمة هايلة والشبيبة بزاف مربيين من مستقبلة المكالمات لليسارفور,49352,tiktok,@chicks_nook,2026-01-02T20:40:20.804450,0,,,,,,,
751337,Trop trop bon  [BOUFFE],9301,Facebook,"Restaurant La Napolitana









",2023-10-19T16:34:07.000Z,1,,,,,,,
751344,تاف تهود تحت للنغارة يجبدولك سيف ههه,11232,Facebook,Restaurant Casa Bella - Draria,2025-07-27T06:27:59.000Z,0,,,,,,,
489204,بتزا تاعو عادي لبنة ناقصه,42908,tiktok,@pizza_carre,2026-01-02T20:00:33.930058,0,,,,,,,
227060,سميه أمعاء كازا بيلا و لخلاص كي تهبط تحت الامعاء تخلص بدون توسويس,10987,Facebook,Restaurant Casa Bella - Draria,2025-08-31T01:06:15.000Z,1,,,,,,,
358149,La mal bouffe de ouf,612,instagram,budz.dz,2024-10-29T11:48:29.000Z,0,,,,,,,
489231,thala =une source en français,27898,tiktok,@thala,2026-01-02T18:45:07.903354,0,,,,,,,
620305,Y’a hasra min ken chafa3 hakmah c’était magnifique maintenant c’est devenu les nouveaux arrivistes,64612,tiktok,@cintra,2026-01-02T21:34:54.273384,1,,,,,,,
489244,شحال خويا تكلفة,39030,tiktok,@itchy_food,2026-01-02T19:41:03.054564,1,,,,,,,
751396,Je confirme kolch bnin,9177,Facebook,"

Sultan Restaurants",2025-10-22T20:14:49.000Z,0,,,,,,,
751403,Kheiro Fc Barça Cherifi FE تعقلو نهار فطرنا عنده يا درا البنة يادرا  [APPRECIATION],13341,Facebook,Restaurant San Benito,2025-12-16T19:12:23.000Z,2,,,,,,,
882481,"Bon accueil, bonne cuisine",6938,Google Maps,American Burger said hamdine,2025-07-06T11:42:12.038Z,0,,,,,,,
358198,Heureusement que vous avez changer la deco dans la nouvelle salle parceque c’est tout le monde qui veut devenir Bonsai avec les parapluies !,283,instagram,bonsairestaurant_dz,2024-10-28T12:48:50.000Z,0,,,,,,,
751449,où exact,21808,tiktok,@maison_sardoudi,2026-01-02T18:22:32.553457,0,,,,,,,
882524,في تسعينات هدا نوع نتاع بيدووو كونا نسيقوو بيه منكلوش فيه,57358,tiktok,@_le216_,2026-01-02T21:17:21.327059,1,,,,,,,
620382,والخنونة والعرق تعطي البنة,42292,tiktok,@street_food,2026-01-02T19:58:04.457354,0,,,,,,,
358239,الأسعار لمن إستطاع إليها سبيلا,10672,Facebook,,2025-12-05T19:21:00.000Z,0,,,,,,,
882527,Très bon repas du jour loup de mer grillé gastronomique. Bel accueil très gentille. Juste la musique des années 70 un peu dépassé,3595,Google Maps,Laurel Restaurant,2025-11-12T12:43:00.721Z,0,,,,,,,
620383,"Bon service, serveurs aimables, propre, pizza normale mais trop de bruits des clients dans la salle",4676,Google Maps,Hicham cook pizza pasta,2025-04-02T20:47:25.826Z,0,,,,,,,
620387,بصحتك والله شهيتني في الجنة  [APPRECIATION],61604,tiktok,@guellil._.tasnim,2026-01-02T21:25:43.488245,1,,,,,,,
882532,"Nous avons mangé sur place sur les tables de l'extérieur, ils ont fait l'effort de mettre des ventilateurs Le service était impeccable, les plats sont vite arrivés Coup de coeur pour les pides excellents, la pâte est légère et bonne, ainsi que la garniture Le burger et le plat avec poulet très bon ainsi que le boulgour Juste la salade ezme j'ai pas trop aimé, elle piquait pas et était un peu fade, par contre la fine galette qui l'accompagnait était bonne Les mojitos étaient bons mais pas assez frais, on aurait aimé avec des glaçons",6060,Google Maps,Casbah istanbul,2024-08-03T16:11:36.519Z,0,,,,,,,
882531,"*Parking gratuit et facile de se garer. *Prise de commande rapide. *Former un peu mieux serveurs pour déposer plat et débarrasser. * Pizza correctes mais peux mieux (pâtes trop fines) sinon suffisante * Cocktail bleu des mers, bon. * Dessert : -tiramisu ( trop de café et mascarpone pas assez bonne qualité. ) - crepe croustillante : bonne mais trop de Nutella .",4136,Google Maps,هشام كوك بيتزا,2024-12-25T10:52:51.767Z,0,,,,,,,
751471,K 3ad village de neige fakher ana je quitte,61794,tiktok,@maestro_dz13,2026-01-02T21:26:52.422284,2,,,,,,,
882547,وين جاي في سكيكدة,49494,tiktok,@kik.sfood21,2026-01-02T20:41:12.870541,1,,,,,,,
227190,win exct f sabah,45784,tiktok,@mister_n_alger,2026-01-02T20:17:49.648114,0,,,,,,,
882557,صورو قائمة الاكل نتاعكم مع السعر باه نعرفو وش نكوموندي هاذا بالنسبة لي يحبو ليفريزيو,29598,tiktok,@turtles_snack,2026-01-02T18:50:53.715994,3,,,,,,,
620422,de la part d'un français de souche. j'adore la cuisine du Maghreb. vous êtes la deuxième gastronomie du monde juste derrière la France. normal je suis français,35566,tiktok,@sinai,2026-01-02T19:28:17.247544,2,,,,,,,
882569,كلينا عندو الصيف لي فات السرفيس يطول بزاف سنينا حتان كرهنا والماكلة حاشا نعمة ربي والله ما تتكل,59910,tiktok,@oscar_restaurant,2026-01-02T21:22:06.564435,1,,,,,,,
751501,وين هاذي في وهران,62148,tiktok,@naps_oran,2026-01-02T21:28:49.601982,1,,,,,,,
227223,Sofiane Rab كل واحد على حساب قلبو,8923,Facebook,Restaurant Casa Bella - Draria,2025-12-07T07:38:58.000Z,0,,,,,,,
620441,Magnifique  félicitations [APPRECIATION],2233,instagram,teyr_ellil,2025-03-12T19:23:20.000Z,1,,,,,,,
620445,Thala veut dire une fontaine en Kabyle.,27698,tiktok,@thala,2026-01-02T18:45:01.884478,0,,,,,,,
489388,نديرو خير من هاك في دار على الاقل نعرف واش ناكل,42198,tiktok,@street_food,2026-01-02T19:58:02.743663,0,,,,,,,
358324,leur burger est normal,6831,Google Maps,American Burger Factory,2025-07-25T08:37:13.819Z,0,,,,,,,
489400,Vous êtes situé où ?,11728,Facebook,Restaurant San Benito,2025-08-19T02:34:03.000Z,0,,,,,,,
489402,غالي .,20730,tiktok,@labelladalger16,2026-01-02T18:19:43.848821,0,,,,,,,
882619,في هذه الحالة ناكل في hôtel سيبوس خير,59922,tiktok,@oscar_restaurant,2026-01-02T21:22:07.436056,0,,,,,,,
620476,لانه خامج,42114,tiktok,@street_food,2026-01-02T19:58:00.340571,0,,,,,,,
358335,Ambiance cool pour les jeunes trop bruyant pour les familles Très bonne pizza,4891,Google Maps,Hicham cook pizza pasta,2021-07-03T12:05:43.906Z,0,,,,,,,
882628,بصح محروقه تبان,28858,tiktok,@snacky_time_kouba,2026-01-02T18:47:50.705859,1,,,,,,,
489416,غدا السبت متوفر,56010,tiktok,@mfood.annaba,2026-01-02T21:14:16.148205,0,,,,,,,
620490,غالي والسرفيس تقيل,20336,tiktok,@labelladalger16,2026-01-02T18:19:35.299478,0,,,,,,,
489425,kayan vieux kouba f Rouiba par exemple  [APPRECIATION],28838,tiktok,@snacky_time_kouba,2026-01-02T18:47:50.705838,1,,,,,,,
620498,personnellement jai pas aimé,46694,tiktok,@oumanger.oran,2026-01-02T20:23:55.312865,0,,,,,,,
489444,In sha allah cette année même si cé cher se sera mieux que les surgelés en France,63592,tiktok,@silyon69,2026-01-02T21:33:07.064761,2,,,,,,,
751592,Des menteurs! Tfouh,11818,Facebook,Restaurant San Benito,2025-07-30T20:08:18.000Z,0,,,,,,,
751599,ماشي لي 299الف و 75 الف تاع وله ما فهمنا والو,24964,tiktok,@woodgrill_dz,2026-01-02T18:32:03.111919,0,,,,,,,
882674,سلام عليكم وين بلاصة الاخ,10689,Facebook,"  Restaurant elassil








",2025-12-26T10:38:52.000Z,0,,,,,,,
882676,"Il y a un an je leurs ai donné 5 étoiles, mais aujourd’hui mon avis a complètement basculé ! Aujourd’hui, mes amis et moi sommes partis pour dîner là-bas, il y avait deux enfants très turbulents qui couraient entre les tables (les parents étaient démissionnaires), on a demandé aux serveurs de demander aux parents de retenir leurs enfants, et là . un des serveurs était insolent et très mal élevé avec nous il nous a dit moi je ne vais les retenir (les enfants), on lui a demandé d’appeler le responsable, encore une fois il était très désagréable limite agressif en nous demandant d’aller nous mémé le chercher à la réception ! Tout en parlant avec ses mains et en élevant la voix, il nous a littéralement crié dessus. Lorsqu’on s’est plaint auprès des responsables ils se sont excusés plusieurs fois en faisant des aller-retours à notre table. Un tel comportement est inadmissible on s’est retrouvé en face d’un serveur très insolent très mal élevé et très irrespectueux. C’est vraiment décevant",3226,Google Maps,تاج محل بن عكنون,2019-12-20T22:33:01.892Z,4,,,,,,,
358402,La nourriture est très excellente Dommage très chère par rapport mahraja Nourriture 9/10 Service 8/10 Prix 4/10,3267,Google Maps,تاج محل بن عكنون,2019-01-30T17:39:18.765Z,1,,,,,,,
620551,قلشي داندو لراه في الدار برك,13241,Facebook,Restaurant San Benito,2025-10-13T10:52:51.000Z,0,,,,,,,
882699,السومة واش حوالها,50852,tiktok,@broaster_chiken,2026-01-02T20:59:46.444060,1,,,,,,,
358423,عدل روحو شوية ؟؟؟ جربتو ما عجبنيش service,52084,tiktok,@rays_annaba,2026-01-02T21:03:10.725698,2,,,,,,,
489501,Le déjeuner étais générale et surtout par le jeune Karim très souriant et très serviable,7977,Google Maps,American Burger Factory,2025-02-05T14:49:38.189Z,0,,,,,,,
358438,حميص بي 300ذج,60816,tiktok,@restaurant.beitdh,2026-01-02T21:23:13.956358,0,,,,,,,
358447,j'ai une mauvaise expérience leur burger était dégueulasse,20962,tiktok,@sultan,2026-01-02T18:21:27.397999,0,,,,,,,
620591,وفريت ومونات كان,13441,Facebook,Restaurant San Benito,2025-12-17T15:53:09.000Z,0,,,,,,,
489523,Oh merci beaucoup de parler de la ville de mes parents gros bisous  [APPRECIATION],61988,tiktok,@le_nordik,2026-01-02T21:27:32.480401,0,,,,,,,
227383,La rouille esmha la sauce,58358,tiktok,@la.nouvelle.etoile0,2026-01-02T21:20:53.470326,0,,,,,,,
751672,كينتاكي وين تروح نتبعها,38576,tiktok,@kfc,2026-01-02T19:39:43.088263,0,,,,,,,
620608,Farid Djimali Ch' hal Ihabo ikelfo rwah' houm L'hadja kbira 3lihoum Ils ne savent même pas parler correctement . Et ils font les beaux . Ils font les Kéké,10148,Facebook,"  Sultan Restaurants


",2025-11-08T02:18:09.000Z,1,,,,,,,
227399,سلام عليكم مشاء الله عليه والاسعار في معقول,15654,tiktok,@mardoum,2026-01-02T18:07:53.401707,0,,,,,,,
620617,Ya pas un menu sucré ?,61168,tiktok,@la.criee,2026-01-02T21:24:42.236942,0,,,,,,,
489553,ماعرفتش وين في الزعفرانية,61552,tiktok,@guellil._.tasnim,2026-01-02T21:25:39.597083,0,,,,,,,
227416,حوت بالمقارون  [APPRECIATION],121,instagram,amine_la_cantine,2025-12-25T09:23:59.000Z,1,,,,,,,
358488,صراحة تقول. لاشيء . تم لاشيء.,64822,tiktok,@msiiirdaa13,2026-01-02T21:35:54.428364,0,,,,,,,
489565,win exact ?,36368,tiktok,@skyistanbuldz,2026-01-02T19:30:53.970341,1,,,,,,,
882782,Anniversaire endhom silima ambiance wow service il est bien  les vendeuses et les Serveure ils sont gentils [APPRECIATION],62512,tiktok,@allechante,2026-01-02T21:30:49.256886,7,,,,,,,
489573,"Nous avons mangé un plat du jour , spaghetti au fruits de mer, une tuerie excellent et qty généreuse. Nous avons prit des cookies à en porter et sont délicieux Nous y retournerons certainement.",3654,Google Maps,Laurel Restaurant,2025-07-20T10:56:22.320Z,0,,,,,,,
751721,كل ولاية و لهجة تاعها. (كل طير يلغي بلغاه),27504,tiktok,@thala,2026-01-02T18:44:49.407744,0,,,,,,,
882793,لوريدني سعيد للحج والعمرة 500فقط,9093,Facebook,Dz Forest Restaura,2025-10-13T18:29:18.000Z,1,,,,,,,
620652,viva l'Algérie [APPRECIATION],45398,tiktok,@budz,2026-01-02T20:15:57.681408,0,,,,,,,
882804,pourquoi le gouvernement a autorisé son ouvertures on comprend rien on Algérie.,38296,tiktok,@kfc,2026-01-02T19:39:31.574337,0,,,,,,,
751736,Naya وكتاه نروحو [APPRECIATION],33916,tiktok,@restaurant_gizay,2026-01-02T19:22:54.660354,0,,,,,,,
227454,Je confirme rouht lih top,65354,tiktok,@frono_oran,2026-01-02T21:43:06.019512,0,,,,,,,
882818,الله يبارك في رزقك ومالك ويفتحلك ابواب الرحمة والمغفرة على الخير اللي درتو معانا. تعلمنا منك بزاف أمور,41204,tiktok,@street_food,2026-01-02T19:55:39.555329,2,,,,,,,
227459,"The food was excellent and the server was amazing in recommending what to get. Small downside was that not enough meat was served with the dishes, we got more sauce than meat.",3158,Google Maps,تاج محل بن عكنون,2022-08-06T17:52:28.934Z,2,,,,,,,
882824,علاه علاه  خرجلي صباح ربي  [COMPLAINT],48792,tiktok,@zeghlache_food,2026-01-02T20:37:21.208486,3,,,,,,,
358550,Klit andou lbena top w service mashae allah [APPRECIATION],9562,Facebook,,2025-11-09T12:27:28.000Z,0,,,,,,,
882840,دراهمك يقلشوك,12937,Facebook,Restaurant San Benito,2025-10-12T22:14:32.000Z,0,,,,,,,
882852,ويلي هذا اتا وحدي ومنشبعش,54514,tiktok,@meryam_officiel,2026-01-02T21:10:40.421438,0,,,,,,,
227496,Cool,6364,Google Maps,Casbah Istanbul,2019-12-07T19:29:51.215Z,0,,,,,,,
620719,Sauce tomate  ou sauce conserve en boîte.,11708,Facebook,Restaurant San Benito,2025-07-26T20:34:04.000Z,0,,,,,,,
358582,J'ai goûter le nouveau produit wonder delice es c'est une excellente découverte très bon avec une excellente crème et un bon croustillant pistache délicieux. Bravo wonder de nous regaler [APPRECIATION],2145,instagram,wonder_food.s,2025-01-17T14:00:24.000Z,1,,,,,,,
358598,سخفتينا  بصحتك  [APPRECIATION],55256,tiktok,@askim_food,2026-01-02T21:13:26.529146,0,,,,,,,
227530,خويا انا كنت ناكل عندكم تاكوس باني شباب بصح ما وليتوش ديروه بنين و بيتزا مادابيكم مانديروش فيها فلفلة و طماطيس طحنوها و ربي يعاونكم,47334,tiktok,@street_food,2026-01-02T20:31:30.576946,1,,,,,,,
358607,نزيهة قعدي عاقلة [APPRECIATION],41436,tiktok,@street_food,2026-01-02T19:55:45.735936,2,,,,,,,
751824,j'ai l'habitude de manger chez eux Sultan de place Audin leur service est super bon accueil il faut goûter leur falafel c trop bon je leur souhaite bonne continuation,20978,tiktok,@sultan,2026-01-02T18:21:28.304407,0,,,,,,,
489699,livreur 0778986920 ay w9t,30364,tiktok,@bonga.food,2026-01-02T18:58:04.827113,0,,,,,,,
358648,تقلشيني بلاش ولا بدراهم,13018,Facebook,Restaurant San Benito,2025-10-13T21:33:00.000Z,0,,,,,,,
358649,مامي لايت,63410,tiktok,@santorino,2026-01-02T21:32:15.838793,0,,,,,,,
620796,ربي يعوض عليه . و من الاحسن يراجع نفسو فيما يخص الاسعار و ينحي علينا لي قيقي,2882,Google Maps,HichamCook Grill House,2022-07-06T12:49:11.132Z,0,,,,,,,
227582,تخدم نهار باش تأكل melange. في بلاد الوت. زنزلا وتروحو قاع. عيب عليكم,11495,Facebook,Restaurant San Benito,2025-08-18T03:22:39.000Z,0,,,,,,,
358663,"كمونديت عليهم غير كيما والله ماكلة ما تتكل كامل gratin معمرا ب بيشامال مافيهاش كامل gout تاع فروماج والجاج مفتت زعما mix لحم مكاش كامل و ramequin لي حطو فيه ماشي هكا يجي صغير , burger معمر ب sauce maison يقهم ما تقدش تكملو زعما فيه sauce gauda والله مافيه فروماج كامل لموهيم خسارة دراهم ما نزيدش نكموندي عليهم كامل",550,instagram,"brother.ts
",2025-05-13T13:17:08.000Z,18,,,,,,,
358668,parmi les meilleurs restaurants li klit fihom bonne continuation,28080,tiktok,@amine.lacantine,2026-01-02T18:45:37.877605,0,,,,,,,
227624,Chez la chinoise quelque part dans la mitidja y'a pas de snobisme un curé dent et c était le nirvana sans chichi EL BABBOUCHE. Ihhhhh y'a badalazamane à ababa.,73040,tiktok,@pont_hydra,2026-01-02T22:13:42.129649,0,,,,,,,
620844,"L'accueil chaleureux et professionnel malgré le fait de s'inscrire et attendre qu'on t'appelle ! Parking bien géré et organisé . En salle, les serveurs sont très souriants et réactifs , la nourriture est bonne et bien garnis , pour le prix c'est raisonnable par rapport à la qualité . Ce qui m'a le plus choqué c'est les boxes ! Quel est l'intérêt de partir dans un resto et s'enfermer dans un box comme des chevaux et avec porte fermée ! Même les serveurs frappent la porte avant d'entrer ! Je ne comprends pas le plaisir ! Si tu veux pas te montrer ne va pas au resto fais toi livrer chez toi ! Un resto est fait pour se faire plaisir , être servi , bien manger et surtout apprécier le décor du resto et l'ambiance ! Pas s'enfermer dans une boîte de 2 M2! On part à la dérive !",2653,Google Maps,HichamCook Grill House,2023-09-02T14:03:07.768Z,4,,,,,,,
751929,Très bon et rapide,8254,Google Maps,American Burger Factory,2024-09-23T11:27:12.023Z,0,,,,,,,
227657,ارواحي كي متشبعيش نديك للدار,39866,tiktok,@streetburger02,2026-01-02T19:44:02.264712,1,,,,,,,
358729,"Dans le domaine de la haute gastronomie, la haute cuisine on utilise ce qu’on appelle le service à la française, et c’est partout dans le monde même dans les pays anglo-saxons. et dans ce domaine si vous parlez français c’est un plus. Le restaurant est magnifique, avec un service extraordinaire.",14086,tiktok,@le_dauphin_restaurant,2026-01-02T18:00:55.718299,0,,,,,,,
227664,Un grand merci pour cette expérience culinaire exceptionnelle,5213,Google Maps,قصبة اسطنبول,2025-02-24T20:36:01.211Z,0,,,,,,,
227678,Best food I’ve ever had out here,7433,Google Maps,American Burger Factory,2025-05-21T14:36:49.550Z,0,,,,,,,
883039,وين بلاصة؟,53844,tiktok,@guellil._.tasnim,2026-01-02T21:08:14.207188,0,,,,,,,
883042,c'est beau  [APPRECIATION],62692,tiktok,@allechante,2026-01-02T21:30:54.860442,1,,,,,,,
489827,الكاليتوس شحال,9852,Facebook,"  Sultan Restaurants


",2025-10-30T17:36:25.000Z,1,,,,,,,
751972,huuum tout ces plats font envie c’était qu’elle restaurant?,16646,tiktok,@user5834669559361,2026-01-02T18:10:45.373085,7,,,,,,,
227685,on ira inchallah c'est beau,68198,tiktok,@le_petit_chalet,2026-01-02T21:54:52.782663,1,,,,,,,
358756,belle ambiance et c'est à côté de chez moi . [APPRECIATION],23326,tiktok,@moonzrestaurant,2026-01-02T18:25:38.448165,1,,,,,,,
883060,haouse :slm kho andi des produits naturelle c sa vous intéresse bien sûr merhaba bik,71296,tiktok,@pont_hydra,2026-01-02T22:07:19.138947,0,,,,,,,
489845,عندي لانيفاغساغ تاع ختي 04 نوفمبر ربحني نديرهالها تم ههه,67124,tiktok,@bladi_oran,2026-01-02T21:51:36.931182,0,,,,,,,
883065,Pourquoi l'appellation Sinaî ? le Sinaî est occupé en grande partie par Israël,32868,tiktok,@sinai,2026-01-02T19:18:29.605355,1,,,,,,,
489862,Naili Fouad Abdelkrim الصراحة ان اللي يعرف وش قلت انت اللي مداري يفطر في المطاعم مش اللي يروح للقارقوطي . اللي ماعندهش يحسن عونه لكن عيب التعليقات السلبية . كل واحد يعيش قده و يحمد رب . بارك الله فيك خويا انت راك درتها بالحساب و طلع فيها الزبون رابح,10115,Facebook,Dz Forest Restaura,2025-10-14T19:04:25.000Z,0,,,,,,,
358792,ياخويا قوللنا السعر بركك مفيه والو علابالي على حسباختيارات الزبون كما الاختيارات لفلفديو بشحال يجيو ؟,39382,tiktok,@itchy_food,2026-01-02T19:41:13.058277,0,,,,,,,
227737,والله يالي واقفين فلباب خير من لماكلة ربي يبارك جيت وشفت لعرض  [APPRECIATION] [RECOMMENDATION],54788,tiktok,@luestro_annaba,2026-01-02T21:12:14.069577,0,,,,,,,
489886,Hamid Le Grand ن. م امك العاهرة ياولد العاهرة كلب الله يلعن الكرش لي جابتك ولد الحرام,10514,Facebook,Dz Forest Restaura,2025-10-13T06:50:09.000Z,0,,,,,,,
489887,سلام عليكم خويا ممكن ترد على لخاص,39356,tiktok,@itchy_food,2026-01-02T19:41:13.058234,0,,,,,,,
620971,"Mom mariage je l'ai fait chez vous, ct féerique je me rappellerai toute ma vie  [APPRECIATION]",1235,instagram,lepetitchaletoran,2025-04-12T10:55:35.000Z,8,,,,,,,
883116,très délicieux bon accueil service rapide,2728,Google Maps,HichamCook Grill House,2023-05-11T21:41:29.982Z,0,,,,,,,
358836,مكش كيما ماكلة تاع الدار  [APPRECIATION],58894,tiktok,@maestro_dz13,2026-01-02T21:21:20.642850,1,,,,,,,
489909,والله مصطفى خويا شفت لفيديو على حالك احلى ايامنا جوزناها مع مصطفى بلا حدود ربي يحفظك ويطول فعمرك [APPRECIATION],69046,tiktok,@cote_oran,2026-01-02T21:57:41.442009,1,,,,,,,
620981,غالي مش نورمال لي كان قبلو هارب عليه خلاه saphir lunch,58648,tiktok,@la.nouvelle.etoile0,2026-01-02T21:21:02.250246,0,,,,,,,
489928,Un serveur Machalah ils c’est bien occupé de nous pendants notre dîner  [APPRECIATION],18132,tiktok,@casabelladraria,2026-01-02T18:14:53.728523,0,,,,,,,
752077,Rapport qualité prix vraiment déséquilibré. rien ne justifie le prix pratiquer que ça soit l'emplacement du restaurant ou bien l'ambiance. j'étais déçu en fin de compte. la qualité des plats étaient vraiment ordinaire. dommage,2574,Google Maps,HichamCook Grill House,2024-01-06T09:38:01.396Z,0,,,,,,,
752083,عبد الله عبد الله يقلك مطعم الرحمة تدخل ليه ينحلك الرحمة تاعك,12420,Facebook,Restaurant Rais,2025-10-14T12:06:17.000Z,0,,,,,,,
621011,Je suis partie 3 fois et dans les 3 fois c impeccable la nourriture personnel sincérement tout vraiment 10/10 chorba trop bonne bourek plus que bon les grillades on à adoré et quand au prix à mon avis c'est vraiment raisonnable par rapport à la qualité.,2340,Google Maps,HichamCook Grill House,2025-07-23T00:58:21.649Z,0,,,,,,,
358869,Koriro Med هذا الفئة المستهدفة تاعو مشي الزوالي,9218,Facebook,,2025-12-11T10:04:09.000Z,0,,,,,,,
358871,كرهنا من الكوافة,13575,Facebook,Restaurant San Benito,2025-12-15T23:07:42.000Z,0,,,,,,,
752090,c ou exact ? bon bravo pour le cameraman,60244,tiktok,@seraidi.live.z,2026-01-02T21:22:46.343183,1,,,,,,,
752103,"Franchement, les pizzas étaient vraiment bonnes, et les burgers aussi, rien à dire là-dessus. Le serveur était super sympa, très pro. Par contre, petit bémol : j’ai pris un sandwich et le pain n’était clairement pas frais, on aurait dit qu’il datait de la veille… Je l’ai signalé, mais on ne m’a pas vraiment répondu, et c’est dommage. C’est ce qui m’a fait baisser la note, sinon l’expérience aurait été top!",4643,Google Maps,Hicham cook pizza pasta,2025-07-29T18:58:33.038Z,0,,,,,,,
489962,هو المعروف اكلاتكم طيبة لكن آخر مرة كموندينا شخشوخة الظفر بعتيلنا شخشوخة مسيلية,58322,tiktok,@khayma.naqa,2026-01-02T21:20:35.359579,0,,,,,,,
883186,320 نفطر بيها سمانة غير شوا,47522,tiktok,@bazookadz,2026-01-02T20:32:25.582841,1,,,,,,,
358900,c'est trop cher,8771,Google Maps,American Burger Factory,2019-11-30T12:23:45.748Z,0,,,,,,,
227838,لاه فرنسي,72430,tiktok,@pont_hydra,2026-01-02T22:13:22.267887,1,,,,,,,
883200,خليل رحماني لي ذكرتهم انا نكلهم با 150 الف,9956,Facebook,Dz Forest Restaura,2025-10-13T00:20:12.000Z,0,,,,,,,
752133,moustapha j'avais bcp d'estime pour toi malheureusement c'est fini,68784,tiktok,@cote_oran,2026-01-02T21:57:34.537217,1,,,,,,,
489992,هياو خوتنا رجال ولاد الشهداء لزم نقلبوه,38068,tiktok,@kfc,2026-01-02T19:39:27.046860,0,,,,,,,
489997,نعرفو اسباني راه حال في مستغانم يبيع غير فري,13687,Facebook,Restaurant San Benito,2025-12-31T07:46:45.000Z,0,,,,,,,
752156,هادو الماكصيمو نتاعهم 3000 صوميل,44592,tiktok,@dzforestrestaurants,2026-01-02T20:11:59.457744,0,,,,,,,
358945,Le,20070,tiktok,@darlmima,2026-01-02T18:17:59.402204,0,,,,,,,
621095,النظافة والبنة عنوانها شباتي team,50258,tiktok,@chapati_team,2026-01-02T20:59:01.076975,1,,,,,,,
227884,كوارث في ولاية عنابة والله العظيم  وما خفي أعظم [COMPLAINT],58288,tiktok,@vilageneige_annaba,2026-01-02T21:19:49.301175,0,,,,,,,
621100,مشكل كي تجي باسيارة وين نحطها ههههه,20440,tiktok,@labelladalger16,2026-01-02T18:19:36.965713,0,,,,,,,
490035,C’est beau  [APPRECIATION],14418,tiktok,@les_jumelles,2026-01-02T18:01:26.864246,0,,,,,,,
883259,لوكان عيطتلي نجي نزهيك في ذيك الطابلة,16218,tiktok,@mardoum,2026-01-02T18:08:07.097740,0,,,,,,,
621147,High price with low quality service,2276,Google Maps,HichamCook Grill House,2025-12-11T23:10:37.569Z,0,,,,,,,
621151,معفون و بنين العفت,42288,tiktok,@street_food,2026-01-02T19:58:04.457350,0,,,,,,,
621153,لزمك مليار باه تقدر توكل عندهم,61518,tiktok,@denatelo_annaba,2026-01-02T21:25:08.387484,0,,,,,,,
359012,"Ils sont sympathiques au niveau de l’accueil , par contre le service laisse à désirer Les pizzas étaient pas assez bonnes , j’espérais mieux Les sauces maknch gazouz Oulach",4556,Google Maps,هشام كوك بيتزا,2023-12-16T15:55:06.193Z,0,,,,,,,
359018,بالتووفيق,27136,tiktok,@memelkateelkabda,2026-01-02T18:41:07.293884,0,,,,,,,
752252,التالة في القرية نعمروا منها الماء c'est un bassin d'eau de source,27752,tiktok,@thala,2026-01-02T18:45:03.223447,0,,,,,,,
359037,الناس مساكين مشتاقين خبز وماء تحبو دراهم برك الله يسطر,11136,Facebook,Restaurant Casa Bella - Draria,2025-07-27T21:33:27.000Z,0,,,,,,,
359046,"Franchement deçue , c cher en contre partie pas de toilettes , pas de climatisation , les gâteaux juste moyens . on a du attendre une heure pour être servis !",62514,tiktok,@allechante,2026-01-02T21:30:49.256889,2,,,,,,,
883336,"j'ai mangé aujourd'hui ici c'était un délice franchement wawo très bon, très convivial  Bon courage l'équipe [APPRECIATION]",73834,tiktok,@eclipses_coffee_restau,2026-01-02T22:14:13.223443,2,,,,,,,
359057,ياسين محمد لوبيا بالكرعين مممممم والعدس باللحم البقري ولا أروع وبصحتنا,9939,Facebook,Dz Forest Restaura,2025-10-13T17:44:11.000Z,1,,,,,,,
883350,والله ماكلتهم بنينة عندي يامات رحت كليت عندهم,49038,tiktok,@chicks_nook,2026-01-02T20:40:01.785561,4,,,,,,,
490139,الله ابارك انشاء الله ربي يحفضكم زاينجحكم,9255,Facebook,Dz Forest Restaura,2025-10-13T18:21:44.000Z,1,,,,,,,
228001,انا من تيزيزي وزو السمنا هذي نجي بصاح انتي تسربيلي يا لوكان نقي ولا ما تعجابنيش لمكلۃ ما نخلاصش هههه,13207,Facebook,Restaurant San Benito,2025-10-13T18:49:25.000Z,0,,,,,,,
752293,Both red rooms are purrfect,23568,tiktok,@jomane,2026-01-02T18:26:24.548392,0,,,,,,,
621224,"Un restaurant exceptionnel où tout de l’accueil chaleureux aux saveurs exquises, est tout simplement parfait.",6725,Google Maps,American Burger said hamdine,2025-10-02T11:42:18.921Z,0,,,,,,,
490160,الحوت تاعو ماهوش جديد ، يشري سلعة ياسر و تبقالو ملغري لي يبيعلهم الحوت يجيبهولهم حي  [APPRECIATION],58332,tiktok,@la.nouvelle.etoile0,2026-01-02T21:20:53.470301,3,,,,,,,
621238,غالي صح,33308,tiktok,@ambiancefood,2026-01-02T19:21:12.263609,0,,,,,,,
752312,Serveur reda T très serviable aimable et bien accueillant,8356,Google Maps,American Burger Factory,2024-05-10T22:27:52.338Z,0,,,,,,,
752315,هدى الماكلا كامل مرط,33178,tiktok,@new_yorkais,2026-01-02T19:20:36.126432,0,,,,,,,
228033,if you're annabiya you have the best accent wlahh,61044,tiktok,@roofttop_anaba,2026-01-02T21:24:23.414514,0,,,,,,,
490178,Je souhaite réserver pour l’anniversaire de mon beau père le vendredi 7 novembre dite moi comment procéder merci,22624,tiktok,@le_perchoir,2026-01-02T18:25:09.583499,0,,,,,,,
359116,Merci pour votre visite  [APPRECIATION],17328,tiktok,@le_victoria,2026-01-02T18:12:39.965074,1,,,,,,,
621267,خليل رحماني الله يهديك انت 500راهي 5ايام خدمة من الصباح لليل وانت تقول رخيس,10653,Facebook,Dz Forest Restaura,2025-10-13T18:06:39.000Z,0,,,,,,,
359124,The best restaurant in Algiers. The food was tasty and the service attentive.,3060,Google Maps,تاج محل بن عكنون,2024-09-06T17:39:45.603Z,0,,,,,,,
752347,مكلتهم شابه بزاف سورتو ثومية بصح شاورما لحم عيانه,46824,tiktok,@oumanger.oran,2026-01-02T20:23:58.617732,1,,,,,,,
228059,"J’y suis allée, ce n’est pas TOP",14994,tiktok,@lassiette.algeroise,2026-01-02T18:06:52.360660,0,,,,,,,
359152,كاين التوصيل,55994,tiktok,@mfood.annaba,2026-01-02T21:14:16.148182,0,,,,,,,
883444,Pizza 1200 da w tacos 2000da w hamoud 2 3200da win rahi lpromo ? (Mm les prix bla promo w bzf ghalyin ),47662,tiktok,@bazookadz,2026-01-02T20:32:31.660232,3,,,,,,,
490233,نتا تدير إشهار ما عندكش مصداقية في تقييمك للأكل,1735,instagram,"resturant.arabesque
",2025-07-24T13:02:25.000Z,63,,,,,,,
490247,"tout était parfait , service très professionnel , cuisine vraie turque",5405,Google Maps,Casbah Istanbul القصبة اسطنبول,2023-08-15T11:45:06.561Z,0,,,,,,,
883469,Merci à vous pour ce beau retour et bienvenue chez nous,46180,tiktok,@thaisty_dz,2026-01-02T20:20:31.663094,3,,,,,,,
359187,26000 da pour deux personnes si on se prive pas,34008,tiktok,@leguidemichemiche,2026-01-02T19:23:14.775046,0,,,,,,,
228120,"Magnifique endroit, convivial et familiale, la cuisine est très bonne et le service est très bien.",7479,Google Maps,Restaurant À Petit Feu,2024-06-03T09:58:10.674Z,1,,,,,,,
752416,اسم محلكم من فضلك,49556,tiktok,@kik.sfood21,2026-01-02T20:41:13.882618,1,,,,,,,
490274,Et surtout n'oubliez jamais le propriétaire Macha Allah,848,instagram,garden.coffeeshop,2024-08-23T13:38:39.000Z,1,,,,,,,
883495,Bonne expérience Pizza bonne Presentation excellente Accueil et service excelent,4327,Google Maps,هشام كوك بيتزا,2024-06-01T12:12:59.561Z,0,,,,,,,
621360,c'est pas la rue d'avron dans 20ème,27542,tiktok,@thala,2026-01-02T18:44:49.494475,1,,,,,,,
752432,Bon Courage,15012,tiktok,@lassiette.algeroise,2026-01-02T18:06:52.360682,1,,,,,,,
621364,classy,14250,tiktok,@les_jumelles,2026-01-02T18:01:22.580408,2,,,,,,,
883529,c ou exactement svp?,45096,tiktok,@budz,2026-01-02T20:15:48.052539,2,,,,,,,
359245,شحال هكد,32306,tiktok,@restaurant_gizay,2026-01-02T19:15:25.042075,0,,,,,,,
883541,"Nous sommes venus visiter Alger, et ce fut une très belle expérience dans ce restaurant. C’était très bon et un très beau cadre, des glycines en décoration. Le serveur était très respectueux et agréable et une équipe accueillante. Nous reviendrons incha’a Llah",7341,Google Maps,Restaurant À Petit Feu,2024-08-10T23:45:50.186Z,0,,,,,,,
752470,جراثيم يج و شابين,42472,tiktok,@street_food,2026-01-02T19:58:08.773024,0,,,,,,,
883551,مطعم تبنييطو,13601,Facebook,Restaurant San Benito,2025-12-29T23:49:21.000Z,0,,,,,,,
490339,والله مافهمت كلمة كلش فرونسي المهم شفت تصاور و خلاص,32926,tiktok,@sinai,2026-01-02T19:18:30.249613,0,,,,,,,
621412,"Parmi les meilleurs restaurants que j'ai visité . des très bons plats, propre, et le personnel accueillant, bravo",5349,Google Maps,قصبة اسطنبول,2024-04-01T17:41:29.746Z,0,,,,,,,
490342,مزال دسبونبل,48730,tiktok,@cassecroute_dz,2026-01-02T20:37:02.209902,0,,,,,,,
621414,Rien à dire impecable,6703,Google Maps,American Burger said hamdine,2025-10-08T12:59:57.067Z,0,,,,,,,
883565,مش قاع مطعم وغالي بزاف 00/00,46608,tiktok,@oumanger.oran,2026-01-02T20:23:54.132870,15,,,,,,,
883575,الإسم غالي و المربط خالي,2401,Google Maps,HichamCook Grill House,2024-11-20T08:58:56.746Z,0,,,,,,,
752505,Très bien! Service impeccable! Les plats sont magnifiques!,3377,Google Maps,Caracoya,2025-12-01T22:28:01.539Z,0,,,,,,,
883578,le prix d'une canette ?,48334,tiktok,@baddi_pizza,2026-01-02T20:34:47.172757,0,,,,,,,
883582,سرير الفخامة قوة بنة او زيد ميشحش فل كمية ماشي كيما لوخرين,43702,tiktok,@serir_alger,2026-01-02T20:09:43.074252,0,,,,,,,
490372,bien sûr adrabti crevette congelé ou farhana,31132,tiktok,@taylor,2026-01-02T19:10:46.080506,0,,,,,,,
359315,وين جاي المطعم هذا ؟؟,11998,Facebook,Restaurant San Benito,2025-10-14T16:05:41.000Z,0,,,,,,,
752531,bonjour c'est où l'adresse svp,34876,tiktok,@sinai,2026-01-02T19:27:59.300972,1,,,,,,,
228243,احسن بيتزا كاري sqouar bab ezzoir من أروع مايكون بن ونبقى وحسن الأستقبال,42730,tiktok,@pizza_carre,2026-01-02T20:00:23.749204,3,,,,,,,
621466,فطور. فما شحال,31746,tiktok,@entracte,2026-01-02T19:14:20.872548,1,,,,,,,
490396,Bouch Djamel كيفاه عرفت بلي راه يتظاهر بالدين. طليت على قلبو نتا ؟؟؟ وزيد وين راك تشوف فيه يجري مور الدنيا ؟؟؟ التجارة ولات جري وراء الدنيا. نتوما الحسادين لازم تهدرو اي هدرة باش تعمرو الفراغ لي فداخلكم,10828,Facebook,Restaurant Casa Bella - Draria,2025-07-27T16:27:59.000Z,0,,,,,,,
883630,قاتلك نقلشك سيدي ونتا فهم روحك,13074,Facebook,Restaurant San Benito,2025-10-12T22:18:33.000Z,0,,,,,,,
752558,راك غالط بزاف خويا احسن مطعم في وهران مطعم الباي,66582,tiktok,@bakhcis_oran,2026-01-02T21:50:40.600984,4,,,,,,,
883632,Servise top,6653,Google Maps,American Burger Factory,2025-09-08T21:39:30.362Z,0,,,,,,,
228274,شحال هك لبلا,16456,tiktok,@soltane.el.kababe,2026-01-02T18:08:27.692644,0,,,,,,,
490421,"c'est un vrai delic , à ne pas rater  [APPRECIATION] [BOUFFE]",47254,tiktok,@snacko_hm,2026-01-02T20:30:20.376328,1,,,,,,,
883639,هذوين فهمت لاه مجابوهمش عندنا,37908,tiktok,@kfc,2026-01-02T19:39:23.690802,1,,,,,,,
490426,Je suis vraiment satisfait du service. On a très bien mangé. Vraiment une bonne adresse je le conseil. Bravo et bonne continuation.,6171,Google Maps,Casbah istanbul,2023-05-07T20:32:03.648Z,0,,,,,,,
359375,طاكوس كيف هذا وحدو ب 100 الف و ال plat هذا مكانش,40716,tiktok,@askim_food,2026-01-02T19:49:11.498613,0,,,,,,,
490456,décor abusé,19108,tiktok,@helena,2026-01-02T18:16:27.565017,0,,,,,,,
883675,السعر تاع هدٱك الكاسكروط,12400,Facebook,Restaurant Rais,2025-10-28T22:17:34.000Z,22,,,,,,,
883676,"Je garde de très mauvais souvenirs Réservation difficile, ils ont carrément refusé notre réservation sous prétexte qu'on était nombreux ! Aussi il ont refusé de nous servir du thé pour tous , sois prétexte qu'il fallait prendre du thé en infusion pour la moitié des personnes ! Dommage, depuis nous avons tous décidé de ne plus mettre les pieds ( nous étions 5 familles pour un total de 17 personnes )",2346,Google Maps,HichamCook Grill House,2025-06-13T06:57:08.045Z,0,,,,,,,
490460,Mon restaurant préféré depuis toujours,3106,Google Maps,تاج محل بن عكنون,2023-09-08T17:22:56.572Z,0,,,,,,,
621538,Faiza Moussouni كاين لوبيا ولعدس,9933,Facebook,Dz Forest Restaura,2025-10-12T18:53:59.000Z,7,,,,,,,
883683,اودي انا وخلعتني ولضحتني غير عشريننلف,51726,tiktok,@quick_bite,2026-01-02T21:01:56.786383,3,,,,,,,
490468,Non mais sérieux vous n'avez pas trouvé quelqu'un d'autre pour vous présenter,1173,instagram,L’ENTRACTE,2025-04-07T14:47:58.000Z,5,,,,,,,
752614,ان شاءالله نربح,943,instagram,hichamcookgrill,2025-09-23T20:18:25.000Z,14,,,,,,,
621554,بزاف تقال تقال تقال بصح ماكلة بنينة,8475,Google Maps,American Burger Factory,2023-08-20T13:10:41.382Z,0,,,,,,,
228339,"Bouffe extra grasse le goût était vraiment moyen, les prix exagèrés par contre c'est propre et l'accueil était bien",7105,Google Maps,American Burger Factory,2025-06-25T23:13:14.400Z,0,,,,,,,
883705,Service TRÈS rapide. Gastronomie TRÈS bonne. Super pour inviter des amis ou pour se faire plaisir.,5451,Google Maps,قصبة اسطنبول,2023-09-01T20:23:06.390Z,1,,,,,,,
752662,a lot of memories there  [APPRECIATION],32248,tiktok,@le_carre_restaurant,2026-01-02T19:14:51.260357,1,,,,,,,
228375,"Alors que des enfants meurent de faim, que des femmes et des personnes âgées tombent sous les bombes ou la misère — au Soudan, à Gaza et , ici et ailleurs dans tant d’autres régions oubliées — certains choisissent de se mettre en scène devant des tables débordantes de mets. Cette mise en spectacle du superflu devient indécente quand elle se déroule dans un monde où tant de vies s’éteignent dans le silence et la douleur. Ce contraste insoutenable devrait nous réveiller : ce n’est pas de plus d’images luxueuses que l’humanité a besoin, mais de plus de compassion, de partage et de conscience. , sans humanité, n’est qu’un miroir vide. si si تربية شوارع",57564,tiktok,@_le216_,2026-01-02T21:17:27.096152,2,,,,,,,
490522,زادو بزااااااف في الپري و الكمية نقصت سريقة هاذي par rapport ailleurs,48020,tiktok,@rahmani_food,2026-01-02T20:34:21.490219,0,,,,,,,
883750,كاين نفسو في كوبا بصح غالي باطل و ميشبعش,53240,tiktok,@aminakai09,2026-01-02T21:06:38.063230,3,,,,,,,
621609,"tu peux nous faire un sondage pour les followers, pour voir s'il y a des gens qui croient tes review",65356,tiktok,@frono_oran,2026-01-02T21:43:06.019514,2,,,,,,,
228425,Je descends dans quelques jours inchallah je vais me faire un plaisir d’aller au budz,45092,tiktok,@budz,2026-01-02T20:15:48.052534,83,,,,,,,
621650,شحال دخلة تعها,61364,tiktok,@denatelo_annaba,2026-01-02T21:25:02.416290,1,,,,,,,
228437,لا أحد يطبخ مثلي [APPRECIATION],17524,tiktok,@seven.times.luxury,2026-01-02T18:13:14.463674,0,,,,,,,
621662,A tester  [APPRECIATION],1624,instagram,restaurant_lemanrais,2025-12-30T20:30:26.000Z,0,,,,,,,
883809,algeroise mais 100% italienne,14988,tiktok,@lassiette.algeroise,2026-01-02T18:06:52.328389,14,,,,,,,
621666,ربي يعينكوصحيبي الحدايدي يالعقل على الريجيم,53436,tiktok,@piadzo_food23,2026-01-02T21:07:13.112035,0,,,,,,,
228451,الخير مدو باطل,12894,Facebook,Restaurant San Benito,2025-10-13T07:30:13.000Z,0,,,,,,,
883812,ماشاءلله قاعدة هايلة,10944,Facebook,Restaurant Casa Bella - Draria,2025-08-09T08:13:32.000Z,0,,,,,,,
883814,"For Indian food lovers, this is the perfect place to go. Food and service are super.",3292,Google Maps,تاج محل بن عكنون,2018-06-24T13:48:37.810Z,1,,,,,,,
621690,c'est l'enfer pour l'état algérien qui as donné KFC en Algérie parler avec l'état algérien,38570,tiktok,@kfc,2026-01-02T19:39:42.221380,0,,,,,,,
621696,مطعم رائع في المستوى موقف سيارات مجاني ملاحضة واحد في ما يخص العمال وجب تحسين منهم و شكرا,4481,Google Maps,هشام كوك بيتزا,2024-01-13T01:53:00.937Z,0,,,,,,,
752777,Je tiens à vous remercier sincèrement pour votre accueil chaleureux et votre professionnalisme. Vous êtes une personne remarquable et cela se ressent dès l’entrée dans le restaurant. Je vous souhaite beaucoup de succès dans votre parcours. Vous le méritez pleinement. Avec toute ma gratitude,7016,Google Maps,American Burger Factory,2025-07-10T23:31:59.441Z,0,,,,,,,
490639,كيفاش نديرو comande,31662,tiktok,@woodgrill_dz,2026-01-02T19:13:58.136748,0,,,,,,,
228499,For this price I expected more. The burger was bone dry.,6610,Google Maps,American Burger Factory,2025-10-15T18:25:14.371Z,0,,,,,,,
228503,والله صح يما هكدا انا في بالي غير يما ماتحبش تاكل برا,21316,tiktok,@triple_,2026-01-02T18:22:05.228118,0,,,,,,,
490649,The best ever Bravoooo [APPRECIATION],356,instagram,"brother.ts
",2025-11-05T19:00:47.000Z,1,,,,,,,
490650,هادا لي كان عند النسيم ولا لا,54802,tiktok,@luestro_annaba,2026-01-02T21:12:14.069588,0,,,,,,,
621723,غدوة نكون لتم,28510,tiktok,@restaurant.primo,2026-01-02T18:46:28.061368,0,,,,,,,
752799,win f Alger centre svp? !,34018,tiktok,@taylot,2026-01-02T19:23:28.957314,22,,,,,,,
752800,C’est très bon mashallah,29406,tiktok,@elcuatro_burgers,2026-01-02T18:49:39.557147,0,,,,,,,
490656,Une nette dégradation constatée.,4738,Google Maps,Hicham cook pizza pasta,2023-08-04T10:13:22.774Z,0,,,,,,,
228512,الف مبروك الافتتاح [APPRECIATION],14948,tiktok,@lassiette.algeroise,2026-01-02T18:06:51.559986,1,,,,,,,
228513,ghir la mienne thab takol bra,21282,tiktok,@triple_,2026-01-02T18:22:04.418034,0,,,,,,,
490663,Mon préféré w propre.,46664,tiktok,@oumanger.oran,2026-01-02T20:23:55.165483,0,,,,,,,
752809,Youcef Messai بارك الله فيك يدير إشهار ويتعشى باطل ويطبع الغاشي على راسو,8930,Facebook,Restaurant Casa Bella - Draria,2025-12-07T08:23:31.000Z,3,,,,,,,
752813,خاطر برى يدير 20 الف بسيف عليك تقول بنين على تاع الدار,42172,tiktok,@street_food,2026-01-02T19:58:01.955903,0,,,,,,,
752814,كولشي 150 مليح بصح الا طوبسي تع ميلوج 150 هذي تدخل في خيانة,12004,Facebook,Restaurant San Benito,2025-10-14T21:15:46.000Z,0,,,,,,,
883897,Cette été on viendra in cha allah,30560,tiktok,@barbes.food,2026-01-02T19:00:35.405372,1,,,,,,,
490683,البامبو يهبل ومعاك لاغونيصونص,59020,tiktok,@maestro_dz13,2026-01-02T21:21:22.179433,1,,,,,,,
359618,Serveurs désagréables et incompétents Pizza nullissime trop grillée Attente interminable Je ne le recommande pas À fuir …,4094,Google Maps,هشام كوك بيتزا,2025-04-17T22:38:23.673Z,0,,,,,,,
359631,Atmosphère,8828,Google Maps,American Burger Factory,2018-05-05T03:16:48.891Z,0,,,,,,,
752853,راني دايرة concours ارواحو تشاركو  [APPRECIATION],1369,instagram,mega_pizza_elbiar,2023-03-04T20:06:23.000Z,1,,,,,,,
621782,Psq zit hada t3 wa9te fir3awn [APPRECIATION],42008,tiktok,@street_food,2026-01-02T19:57:58.527983,0,,,,,,,
490718,"j'Y suis allée aujourd'hui c'était magnifique, merci pour le service du personnel",63024,tiktok,@allechante,2026-01-02T21:31:02.524615,0,,,,,,,
490727,Très déçu par les pâtes 4 fromages. Aucun goût de fromage juste du lait. Pour 1300da franchement ça ne vaut pas le coup.,6800,Google Maps,Restaurant À Petit Feu,2025-08-04T22:21:45.839Z,0,,,,,,,
621807,كاين لي مهوش يتعشا,57370,tiktok,@_le216_,2026-01-02T21:17:21.327071,1,,,,,,,
490748,في حالة ولي عجباتو الماكلة سمحني ماعندوش ذوق وكذلك المعاملة ناقصة ياسر ان شاء الله يكون تغيير و تحسن في المستقبل,58296,tiktok,@vilageneige_annaba,2026-01-02T21:19:50.055687,0,,,,,,,
752899,ch3al livraison Hay El yasmin,70682,tiktok,@my_pizza_oran,2026-01-02T22:00:46.260316,1,,,,,,,
359685,نجو معاك [COMPLAINT],16148,tiktok,@mardoum,2026-01-02T18:08:04.662584,0,,,,,,,
490762,je suis un client je commande via Uber Eats dommage fermé pendant le ramadan  [APPRECIATION],35578,tiktok,@sinai,2026-01-02T19:28:17.247597,1,,,,,,,
359695,W les tomates 3lah ?,34130,tiktok,@taylot,2026-01-02T19:23:33.774747,1,,,,,,,
490771,وين و كيفاه نشاركو,42946,tiktok,@street_food,2026-01-02T20:01:21.340012,1,,,,,,,
228628,raya's the best  [APPRECIATION],51928,tiktok,@rays_annaba,2026-01-02T21:02:49.867653,0,,,,,,,
883994,La nourriture est incroyablement bon le service et rapide le personnel très sympa je recommande,7939,Google Maps,Restaurant À Petit Feu,2023-05-03T12:15:54.463Z,0,,,,,,,
621852,عندك الحق اخي انا كنت خدام عند افخم مطعم في وهران بصراحة تشوف العجب الماكلة لي تبقى للزبون يعاودو يفوتوها من جديد للزبائن بتفاهم شاف مع المعلم خادمينها بناتهم .,29814,tiktok,@easy.cheesy,2026-01-02T18:52:04.275603,1,,,,,,,
228642,Bonjour vous ouvrez à quelle heure pour le brunch le vendredi svp ?,786,instagram,elmarssem.dz,2025-07-29T23:59:24.000Z,0,,,,,,,
884018,Tres bonne qualité mais un peu chère,6639,Google Maps,American Burger said hamdine,2025-12-17T15:26:59.455Z,0,,,,,,,
752950,bonne appétit belssaha in. challah [APPRECIATION],69182,tiktok,@cote_oran,2026-01-02T21:57:46.739307,0,,,,,,,
228666,وين بلاصة  [APPRECIATION],40046,tiktok,@streetburger02,2026-01-02T19:44:06.257571,0,,,,,,,
228679,I would love to say that this is a very good fast food restaurant  the service is really amazing especially the waiter who was very polite and very welcoming to us the food was tasty I got the ( poutine viande) …I highly recommend it and best of luck,7028,Google Maps,American Burger said hamdine,2025-05-20T12:32:32.917Z,0,,,,,,,
228687,Hatitha k3ba bourak,55568,tiktok,@askim_food,2026-01-02T21:13:33.704865,2,,,,,,,
490832,Demain nji et j’espère kima la photo,40312,tiktok,@woodchickendz,2026-01-02T19:45:45.311793,31,,,,,,,
752996,الأروع والأجمل الطباق والطعم خيالي الصدق و المصداقية المزيد من التوفيق والنجاح  ولنا موعد آخر في مطعمك الأنيقة [APPRECIATION],2512,Google Maps,HichamCook Grill House,2024-05-13T10:37:49.437Z,0,,,,,,,
490853,لوكان عرضتني نجي,16258,tiktok,@mardoum,2026-01-02T18:08:08.024103,0,,,,,,,
753002,وين بلاصه وطاقينه موله كيفاه راح نعرفوه هكا,52082,tiktok,@rays_annaba,2026-01-02T21:03:10.725697,1,,,,,,,
228717,Les serveurs sont d'un grand professionnalisme. Merci.,5254,Google Maps,Casbah Istanbul القصبة اسطنبول,2024-08-04T13:17:49.920Z,0,,,,,,,
753006,You:عندي مواد التنظيف و الأجبان البنة و السومة لكنت تخدم باطة تولي تخدم 10 الرقم فلفوطو مرحبا بكم,24248,tiktok,@spotter.dz,2026-01-02T18:27:30.836995,0,,,,,,,
359792,bnsr c'est où ça mrc,22612,tiktok,@le_perchoir,2026-01-02T18:25:09.480494,0,,,,,,,
228743,c'est quand la prochaine soirée,23738,tiktok,@leonard_restauran,2026-01-02T18:26:57.764655,2,,,,,,,
490892,"Excellent restaurant, le décor est sobre et agréable ! Le service est rapide fait par de vrais professionnels quant à la nourriture, je ne vous la vanterai pas, allez-y, dégustez , et donnez votre avis ! Hhh",9297,Facebook,"Restaurant La Napolitana









",2023-10-10T21:55:56.000Z,3,,,,,,,
228764,سعر بالأورو ولا دينار  [INQUIRY],39512,tiktok,@le_1675,2026-01-02T19:42:31.954330,3,,,,,,,
884138,عطيها قزة ب150 الف,11605,Facebook,Restaurant San Benito,2025-07-27T18:35:15.000Z,0,,,,,,,
622000,Phily cheese chiken bnin,6548,Google Maps,American Burger Factory,2025-11-24T13:01:21.475Z,0,,,,,,,
753083,انحب نشري وندي انطيب ونشوي في الغابة امع العائلة. اقل سعر وتكلفة وعلى الطبيعة,15538,tiktok,@mardoum,2026-01-02T18:07:49.011702,2,,,,,,,
359873,شوف يا الحاج عباس نخليلي نميرو تاعي كي تحصل حصلة كيما هادي عيطلي راني هنا ناكل معاك اا نوقف معاك قصدي,16256,tiktok,@mardoum,2026-01-02T18:08:08.024102,0,,,,,,,
359896,توصيل لسيدي قاسي شحال,50082,tiktok,@king_food23,2026-01-02T20:58:41.718893,1,,,,,,,
884186,جماعة بسم الله ما شاء الله يحكموك يضربوك ب سعر السرول يهبط حذاري منهم,9047,Facebook,"

Sultan Restaurants",2025-12-03T11:33:39.000Z,7,,,,,,,
884187,هههههه وفتح علاه رواح شوف ادا يدخلو ياكلو عندي,38252,tiktok,@kfc,2026-01-02T19:39:30.620856,0,,,,,,,
490976,Bravo c’est Manifique  [APPRECIATION],34844,tiktok,@sinai,2026-01-02T19:27:59.292580,1,,,,,,,
228838,Tu m’as donné envie demain je vais en acheter  [APPRECIATION],72332,tiktok,@pont_hydra,2026-01-02T22:13:20.381745,0,,,,,,,
753128,Livraison où le burger était correct et les frites pas terribles Je ne le recommande a personne,6526,Google Maps,American Burger Factory,2025-12-08T07:28:24.621Z,0,,,,,,,
228842,wallah au nom de dieu je suis en train de manger,43248,tiktok,@tastycroustydz15,2026-01-02T20:05:12.220790,0,,,,,,,
490994,فادي ولد خالتي لعزيز لغالي ربي يوفقك يارب  [APPRECIATION],53834,tiktok,@guellil._.tasnim,2026-01-02T21:08:13.490873,1,,,,,,,
884215,بيتزا غالية و مشي شابة,65518,tiktok,@frono_oran,2026-01-02T21:43:10.371376,0,,,,,,,
359930,نواح نواح غير اهرب و ما تشوف موراك يحسبلك حوت بي الميزان كيلو بي 700 الف ميرلون يطيبو يقليه يجي زوج حبات نورمال و ايسبادون 4 طرانشات صغار طبسي و الله ما يعمر العين بي 700 الف تحيا فوفو تاع برج البحري,9222,Facebook,,2025-12-03T18:43:28.000Z,1,,,,,,,
491006,was an experience I don’t regret,61896,tiktok,@ossy_anaba,2026-01-02T21:27:08.208089,1,,,,,,,
359950,"Bravo de l'accueil à la sortie en passant par le service et la qualité du repas. Chapeau à Mounir pour sa force de vente. Un jeune aimable, souriant et agréable. Beaucoup de succès",6986,Google Maps,American Burger said hamdine,2025-06-16T12:56:24.817Z,0,,,,,,,
359951,غااااالي فوق الحق,58176,tiktok,@vilageneige_annaba,2026-01-02T21:19:46.701460,0,,,,,,,
884245,وانا ناكد كليت عندهم فووووور بزاااااف,62150,tiktok,@naps_oran,2026-01-02T21:28:49.601994,5,,,,,,,
228892,La Viande du Brésil,36834,tiktok,@restaurant.madala,2026-01-02T19:34:40.171766,1,,,,,,,
884265,لهي بارك استادة,71530,tiktok,@california_cafe,2026-01-02T22:09:03.706063,0,,,,,,,
622140,بالتوفيق والنجاح إن شاء الله,34998,tiktok,@sinai,2026-01-02T19:28:03.462413,0,,,,,,,
622143,Dîtes a monsieur Mohand de nous donner la recette,73394,tiktok,@pont_hydra,2026-01-02T22:13:54.199638,0,,,,,,,
622146,"Mr avant donnez nous l adresse svp ,",11710,Facebook,Restaurant San Benito,2025-08-09T15:44:59.000Z,0,,,,,,,
228934,Tu as tout dis sauf que les prix sont extrêmement cher. N'y allez surtout pas.,33004,tiktok,@sinai,2026-01-02T19:18:31.820610,1,,,,,,,
753223,"Changement d'équipe, il s'est dégradé de ouff Serveurs pas compétents",8777,Google Maps,American Burger Factory,2019-10-11T21:16:58.699Z,2,,,,,,,
622157,Ca a vraiment l’air d’etre trop bon  [APPRECIATION],33150,tiktok,@new_yorkais,2026-01-02T19:20:36.126410,1,,,,,,,
753245,Poissonnerie Haouati,12277,Facebook,Restaurant San Benito,2025-10-12T23:40:50.000Z,0,,,,,,,
622173,كاينة بنة عالمية  [APPRECIATION],351,instagram,"brother.ts
",2025-11-07T18:48:12.000Z,0,,,,,,,
360032,ها وراك,44342,tiktok,@dzforestrestaurants,2026-01-02T20:11:50.113500,1,,,,,,,
228964,سعيد سعيد نفس الشعور. هذو لي يجرو مورا الدنيا و يتظاهرو بالدين صعاب بزاف,10827,Facebook,Restaurant Casa Bella - Draria,2025-07-27T15:33:27.000Z,2,,,,,,,
622180,Mansøur Møu Řad الشعب الجزائري مازال ما يفهمش واش معنتها تقديم الخدمات . الله غالب الجهل .,9849,Facebook,Dz Forest Restaura,2025-10-13T16:21:17.000Z,0,,,,,,,
753261,"Pour moi, c’est le meilleur restaurant indien de la capitale. Bravo à toute l’équipe pour la qualité de la cuisine et le sens du service remarquable !",3002,Google Maps,تاج محل بن عكنون,2025-08-22T13:57:48.743Z,0,,,,,,,
622201,ربي يوفقك خويا ما شاء الله  [APPRECIATION],47302,tiktok,@street_food,2026-01-02T20:31:26.732621,0,,,,,,,
491143,chrit wa7d mexicain o marinè l poulet jaboh bared hhhhh,20694,tiktok,@labelladalger16,2026-01-02T18:19:42.861030,1,,,,,,,
360090,Exceptionnel,6973,Google Maps,American Burger said hamdine,2025-06-19T18:54:28.729Z,0,,,,,,,
884383,بنت العز,57368,tiktok,@_le216_,2026-01-02T21:17:21.327069,1,,,,,,,
753322,عجبني ومعمر بطاطا الله يبارك,55712,tiktok,@mfood.annaba,2026-01-02T21:14:06.968847,1,,,,,,,
229040,المكان جميل لكن سلطة السيزار ليست سيزار أبدا بل عبارة عن خس اخضر والقليل من الدجاج وبعض حبات الطماطم فقط ! لكن الأطباق الأخرى لذيذة  [APPRECIATION],5068,Google Maps,قصبة اسطنبول,2025-09-18T21:37:38.469Z,0,,,,,,,
360117,C très bien  [APPRECIATION],9718,Facebook,"  Sultan Restaurants


",2025-11-14T09:09:54.000Z,0,,,,,,,
229049,"Good service, the food was good and the place was clean and well decorated.",8203,Google Maps,Restaurant À Petit Feu,2022-10-29T19:46:24.904Z,3,,,,,,,
229050,باكو رقم واحد في المدية,49862,tiktok,@flamingo,2026-01-02T20:44:07.237939,0,,,,,,,
884415,c’est excellent! bssahtek,73828,tiktok,@pont_hydra,2026-01-02T22:14:05.515783,0,,,,,,,
753344,توكلنا خمس خرجات  [APPRECIATION],20940,tiktok,@sultan,2026-01-02T18:21:27.397973,0,,,,,,,
360127,"J’aime beaucoup American burger, c’est très délicieux. Il a un goût unique avec du fromage, de la viande et des légumes frais. C’est un repas complet que tout le monde adore ! Et aussi j’aime bien l’accueil spécialement le bon vivent Mounir mashaalah il est très gentil et bon continuation à vous",6683,Google Maps,American Burger said hamdine,2025-10-16T12:21:31.223Z,0,,,,,,,
753346,c'est fou,16754,tiktok,@user5834669559361,2026-01-02T18:10:46.256491,1,,,,,,,
491207,imagine have a talent like this and u end up making MHAJEB  [COMPLAINT],49926,tiktok,@m7ajeb,2026-01-02T20:44:29.461606,1,,,,,,,
360136,"Excellent resto Par contre, de plus en plus cher",3074,Google Maps,تاج محل بن عكنون,2024-06-21T11:51:31.050Z,0,,,,,,,
360139,Bsahtek mon frère  [APPRECIATION],24520,tiktok,@opium,2026-01-02T18:29:41.221385,0,,,,,,,
884430,معندكش خوك ولا بوك يازبي شدو بناتكم,13840,Facebook,Restaurant San Benito,2025-12-28T17:01:57.000Z,0,,,,,,,
753388,aller chez sauveur prix normal familial et pinard,17774,tiktok,@casabelladraria,2026-01-02T18:14:42.669462,1,,,,,,,
884460,الي يخبطو لراس نتا درتلهم إشهار,19804,tiktok,@sultan,2026-01-02T18:17:23.351336,0,,,,,,,
753400,villa le pacha  [APPRECIATION],58954,tiktok,@maestro_dz13,2026-01-02T21:21:21.597227,5,,,,,,,
884475,Boulevard de la soumam … un restaurant très classe ! Y’avait un voiturier très chic f les années 2000…un vieux qui parle très bien français !,64326,tiktok,@cintra,2026-01-02T21:34:48.397223,1,,,,,,,
753406,Openaire c’est a Los Angeles ce n’est pas Oran ( w hadik machi mobilar ),69768,tiktok,@chtibo_oran,2026-01-02T21:58:33.586459,1,,,,,,,
753415,"J’ai déjà été y’avait des mouches alors que le resto était fermé, et la butter chiken était beaucoup trop sucrée, le pire indien d’alger pour moi",72086,tiktok,@taste_of_india,2026-01-02T22:12:30.468988,2,,,,,,,
229136,C'est un très très belle emplacement on est venu à 4 nous sommes 3 à être tomber malade ! On a eu tout les 3 la diarrhée mal au ventre Dommage ça manque d'hygiène. Il faut laver bien! [COMPLAINT],22798,tiktok,@le_perchoir,2026-01-02T18:25:13.673821,0,,,,,,,
753424,Un grand merci pour samy pour le service et pour son professionnalisme bravo  [APPRECIATION],6515,Google Maps,Restaurant À Petit Feu,2025-10-17T22:24:06.871Z,0,,,,,,,
229138,بوني,57522,tiktok,@_le216_,2026-01-02T21:17:25.498483,0,,,,,,,
753436,On nous a servi la sauce couleur crevette qui a tournée et qui était I mangeable. Je ne reviendrai pas chez vous  [COMPLAINT],2070,instagram,triple.r.restaurant,2025-06-15T11:43:16.000Z,0,,,,,,,
622369,L'un des meilleurs restaurants,7399,Google Maps,American Burger Factory,2025-05-22T11:19:07.437Z,0,,,,,,,
491299,وين في سكيكدة بالضبط [APPRECIATION],49582,tiktok,@kik.sfood21,2026-01-02T20:41:15.003158,1,,,,,,,
229156,Catastrophe,4010,Google Maps,هشام كوك بيتزا,2025-10-28T09:05:32.780Z,0,,,,,,,
884522,those plants are way more expensive to be in restaurant at oran,69958,tiktok,@chtibo_oran,2026-01-02T21:58:38.814978,0,,,,,,,
622379,les pâtisseries en algerie sont meilleurs que ceus de France . bravo ces magnifique  [APPRECIATION],63020,tiktok,@allechante,2026-01-02T21:31:02.524612,1,,,,,,,
753453,قوووة [APPRECIATION],1303,instagram,mahroussaglace,2025-06-23T21:47:42.000Z,0,,,,,,,
491311,"roht hier l9a3da dakhl bezaf chaba , , mais ryaht f la terasse m3a chta woow  [APPRECIATION]",23926,tiktok,@spotter.dz,2026-01-02T18:27:19.819369,4,,,,,,,
491320,Love this place!  [APPRECIATION],1242,instagram,lepetitchaletoran,2025-05-05T10:11:29.000Z,1,,,,,,,
360251,Très sympa,4743,Google Maps,Hicham cook pizza pasta,2023-06-19T19:10:32.483Z,1,,,,,,,
229194,Allah iberek je suis fière d'être algérienne,67744,tiktok,@kartaj_oran,2026-01-02T21:53:15.867004,1,,,,,,,
229201,"Bonjour l’équipe , Le rapport qualité prix n’y est pas ! Les prix sont exagérés . Je ne recommande pas",5229,Google Maps,Casbah Istanbul القصبة اسطنبول,2024-08-26T15:36:52.452Z,0,,,,,,,
622420,"oui moi je le mange pas mais je l'ai vuau Maroc, ça se vend dans la rue , cuisiné avec des herbes . il paraît que c'est bon pour la santé.",72302,tiktok,@pont_hydra,2026-01-02T22:13:20.298209,1,,,,,,,
491350,Pas mal… c’est où! ?,35244,tiktok,@sinai,2026-01-02T19:28:06.953466,0,,,,,,,
229218,vous faites de la pub pour chaque restaurant car a chaque fois vous dîtes excellent resto excellent.,27882,tiktok,@thala,2026-01-02T18:45:07.867054,0,,,,,,,
491381,هاذو كل با 1500 دج صح صح. اعطيوني العنوان و الولاية,11871,Facebook,Restaurant San Benito,2025-09-05T14:40:59.000Z,0,,,,,,,
491382,Excellente expérience accueil bouffe,7228,Google Maps,American Burger said hamdine,2025-04-02T19:36:30.862Z,0,,,,,,,
229242,علاء نعم الناس تستاهل خويا,61560,tiktok,@guellil._.tasnim,2026-01-02T21:25:39.597089,3,,,,,,,
622463,الفريت  ف 2025 هاااا [COMPLAINT],53356,tiktok,@piadzo_food23,2026-01-02T21:07:11.411504,0,,,,,,,
229254,"Le carré l’un des top j’aime bien endroit , de la bonne bouffe tu sens la fraîcheur personnelle très accueillant la propreté rien à dire prix raisonnable juste problème de stationnement",34598,tiktok,@le_carre_restaurant,2026-01-02T19:24:34.186916,3,,,,,,,
622479,زاكي خويا راك راجل ربي يوفقك  [APPRECIATION],49672,tiktok,@gosto_fast_food,2026-01-02T20:41:40.144235,1,,,,,,,
229263,حجا شابة نلقو حوايج عالمية في بلادنا,38368,tiktok,@kfc,2026-01-02T19:39:34.108763,0,,,,,,,
884628,20 m carree ch7al,39054,tiktok,@itchy_food,2026-01-02T19:41:03.054601,0,,,,,,,
622509,"Paper, c’est le meilleur sur Alger y’a pas photo",48436,tiktok,@hafakafood,2026-01-02T20:35:29.188862,0,,,,,,,
622532,"J’ai pu venir découvrir le smash burger x4 , franchement il était incroyable ! La viande bien cuite et bien assaisonné, le burger bien structuré, fromage fondant. La vérité 10/10. Le personnel est respectueux et a l’écoute. Je vous recommande cette adresse",7371,Google Maps,American Burger said hamdine,2024-12-22T12:46:08.188Z,0,,,,,,,
622536,Je recommande sans aucunes hésitations.,3080,Google Maps,تاج محل بن عكنون,2024-04-08T13:02:49.203Z,0,,,,,,,
229323,ربي يوفق,1183,instagram,"lagegarestaurant
",2025-11-30T14:59:56.000Z,0,,,,,,,
753612,"La cerise sur le gâteau, ou plutôt une bestiole. À l'ouverture de la boîte , une mouche à côté du gâteau . Rien consommé, boite jetee, Sans commentaires. A éviter .",3888,Google Maps,L’Alchimiste Pâtisserie,2024-03-03T12:56:12.454Z,0,,,,,,,
753616,شكرا ا مصطفى ربي يحفضك ، الله يطول عمرك  [APPRECIATION],69042,tiktok,@cote_oran,2026-01-02T21:57:41.442004,1,,,,,,,
491476,البلدية فالعاصمةوين باش نعرفو نروحو ليه؟؟,32388,tiktok,@restaurant_iceberg,2026-01-02T19:16:36.932753,0,,,,,,,
491480,Wlh elle tellement bonne j'ai commandé 3 fois mor b3dahom franchement y3tikom seha  [APPRECIATION],1962,instagram,sushigardendz,2025-09-03T02:08:43.000Z,2,,,,,,,
491483,عرفتك وين حال,54680,tiktok,@mr._brik,2026-01-02T21:11:19.594968,0,,,,,,,
360411,راكم لباس بديتو تتحسنو,31932,tiktok,@entracte,2026-01-02T19:14:28.267670,1,,,,,,,
884719,هذا فيه مكون رئيسي ليس موجود في المنازل و هي البكتيريا و الجراثيم على هذي إجي بنين  تحياتي لأكل الشوارع [APPRECIATION],42396,tiktok,@street_food,2026-01-02T19:58:07.057151,0,,,,,,,
753654,Endroit sympa service rapide. Burger délicieux,8433,Google Maps,American Burger Factory,2023-12-12T18:02:49.670Z,0,,,,,,,
491514,"Catastrophe , aucun goût , tacos remplis au béchamel qui donne envie de vomir Frites non cuites",8706,Google Maps,American Burger Factory,2021-07-18T08:27:04.697Z,0,,,,,,,
360445,allah ibarak tu as fini toute cette commande psahtak et pourtant je suis un gourmand chapeau a toi  [APPRECIATION],39554,tiktok,@le_1675,2026-01-02T19:42:35.045167,1,,,,,,,
491520,C'est vrai que c'est appétissant mais c'est aussi très nocif pour la santé. Il faut vraiment sensibiliser les gens par rapport à ce type de nourriture,9907,Facebook,,2025-10-30T09:45:38.000Z,0,,,,,,,
491525,franchement je suis allée à cause de cette vidéo arrivée sur place c’était pas du tout comme sa déjà il y avais plein de sécher près de l’eau + l’accueil n’etait pas du tout pro de plus si vous aimez manger du poissons avec des fritte il n’y en avais pas et l’attentes a était vraiment bcp trop longue 1h pour qu’on nous installe …,22718,tiktok,@le_perchoir,2026-01-02T18:25:11.147759,1,,,,,,,
229384,تعرفي اتبيعي,12927,Facebook,Restaurant San Benito,2025-10-13T16:44:40.000Z,0,,,,,,,
884746,تاكل تطلع لقمر تعڨب les vacances لتم,53914,tiktok,@guellil._.tasnim,2026-01-02T21:08:15.001588,0,,,,,,,
360464,Top  [APPRECIATION],370,instagram,"brother.ts
",2025-02-07T08:59:59.000Z,0,,,,,,,
229402,Excellent restaurant ça vaut le coup de le visiter facile à se garer équipe complète,4387,Google Maps,هشام كوك بيتزا,2024-04-18T14:05:01.627Z,0,,,,,,,
622621,"bonne continuation, , , Ravi de venir déguster",33138,tiktok,@sinai,2026-01-02T19:18:35.402201,0,,,,,,,
229407,El Corleon يخي جاهل هذي 500الي يخلص 3ملاين يقدر ياكلها؟,9125,Facebook,Dz Forest Restaura,2025-10-29T22:23:27.000Z,0,,,,,,,
884775,واحد نعرفو سقسا يماه قاللها وعلاه لماكلة تاع برا تجي بنينة على الدار قاتلو معفون وبنين زيت قديمة تلعبهالك تبينلك بلي بنين بصح هذيك مرض,41886,tiktok,@street_food,2026-01-02T19:57:53.500993,0,,,,,,,
229440,La qualité de pizza s'est gravement dégradée. Dommage avant j'allais rien que pour leur pizza.,4814,Google Maps,Hicham cook pizza pasta,2022-08-24T22:13:45.672Z,1,,,,,,,
229444,سعيد سعيد عيب عليك عيب. واش دخلك فيه علاش تشهر بيه. قولها مابينك وبين نفسك وانت واش دخلك فيه هو يعمل اشهار. وانت وجعك راسك,10873,Facebook,Restaurant Casa Bella - Draria,2025-09-03T13:55:14.000Z,0,,,,,,,
360521,هلكتونا بالموزاريلا,4505,Google Maps,هشام كوك بيتزا,2024-01-01T20:43:01.811Z,0,,,,,,,
884810,"Toujours au top. Très bons sandwichs, notre préféré reste le sandwich viande. Serveurs à l'écoute et dans la bonne ambiance. Continuez comme ça !",7328,Google Maps,American Burger said hamdine,2025-01-02T19:57:46.469Z,0,,,,,,,
491605,تنحي عليا الغمة راني استاذة ندرس قسم هبلني بزاف,66940,tiktok,@bladi_oran,2026-01-02T21:51:31.037600,0,,,,,,,
360536,Trop bon mais Hyper cher,3217,Google Maps,تاج محل بن عكنون,2020-02-23T23:38:38.471Z,2,,,,,,,
753753,On y a passé un agréable moment !,3497,Google Maps,Caracoya,2021-10-29T21:27:05.843Z,1,,,,,,,
229466,"J'ai bien aimé l'accueil, le personnel est sympathique et respectueux. Concernant la nourriture, c'est trop délicieuse, genre les plats sont frais, saveureux et bien présenté c'est une adresse que je recommande avec enthousiasme",6684,Google Maps,American Burger said hamdine,2025-10-16T12:13:51.514Z,0,,,,,,,
360538,بصحتك وليدو,58422,tiktok,@la.nouvelle.etoile0,2026-01-02T21:20:57.061371,0,,,,,,,
622686,J’ai commandé une pizza sauce rouge et jai eu droit à une pizza recouverte de mayonnaise c’était dégoûtant ! Je n’y retournerai plus jamais!,4798,Google Maps,Hicham cook pizza pasta,2022-10-20T18:11:17.293Z,0,,,,,,,
360544,تحيا غزة  تحيا فلسطين,44302,tiktok,@dzforestrestaurants,2026-01-02T20:11:46.534753,0,,,,,,,
622691,لوكان تزيدي شويا في وقت الفديو كنت راح نامنك راطيتي ختي ويعطيه,13576,Facebook,Restaurant San Benito,2025-12-30T10:44:35.000Z,0,,,,,,,
753765,لا اعرف من سيقرا تعليقي لكن اسال الله ان يرزقك الجنة وحسن الخاتمه والبركة في العمر وصحة في البدن من قراها يضع قلبا وجزاكم الله خير  [APPRECIATION],54340,tiktok,@guellil._.tasnim,2026-01-02T21:08:25.236774,0,,,,,,,
753766,على كل حال بارك الله فيك الماكلة بنينة بزاف عاودهانا المرة الجاية,15786,tiktok,@mardoum,2026-01-02T18:07:56.870213,0,,,,,,,
360550,أحكيلهم على الأسعار الخيالية تاني,19284,tiktok,@helena,2026-01-02T18:16:34.501893,0,,,,,,,
491624,De la très délicieuse bouffe,6323,Google Maps,Casbah Istanbul,2021-05-01T13:16:50.335Z,0,,,,,,,
884838,توصيل كاين لخميس الخشنة,47740,tiktok,@snackcheesekou.ko,2026-01-02T20:32:49.728555,0,,,,,,,
622706,mettez le menu et les prix svp comme ça on aura Une idée.  [APPRECIATION],61198,tiktok,@la.criee,2026-01-02T21:24:45.600220,1,,,,,,,
622713,الغني عن التعريف هشام كوك تم استقبالنا بطريقه ملكيه وانيقه جدا الاكل جدا بنين كان معانا جرسون طول الوقت يلبي طلباتنا وكمان يهتم فينا الاجواء جدا جميله وفخمه حبيت المكان كل صنف في الاكل مخدوم خدمه صح دخله المطعم جميله ويوجد مواقف للطنابيل يستاهل خمس نجوم انصح فيه وبقوة الاسعار مقارنه بالخدمه معقوله,2302,Google Maps,HichamCook Grill House,2025-10-05T19:39:15.035Z,10,,,,,,,
491675,"J'aime le fait que lorsque je viens dans cet endroit, je me sens psychologiquement à l'aise franchement venez je vais partager avec vous ce que je prend pour aujourd'hui Le champignon au fromage je l'ai trouvée nouveau donc je vais l'essayerai et je prend la salade césar avec un jus mojito  il est trop bon le au fromage merci casbah Istanbul",5224,Google Maps,Casbah Istanbul القصبة اسطنبول,2024-09-01T16:28:48.919Z,0,,,,,,,
884900,Le meilleur de tout Kouba ‍,8270,Google Maps,American Burger Factory,2024-08-24T12:46:53.727Z,0,,,,,,,
229550,KFC مقاطعة؟,37572,tiktok,@kfc,2026-01-02T19:39:13.548389,897,,,,,,,
622776,Nanayem parle kabyle ça serait mieux pour tout le monde,22132,tiktok,@maison_sardoudi,2026-01-02T18:22:40.358774,0,,,,,,,
360634,"excellent restaurant, nourriture de qualité et parfait dressage ! je recommande",1822,instagram,sinai.dz,2025-08-07T19:43:18.000Z,1,,,,,,,
491716,Juste avec un cure-dent on peut le manger tranquillement,73318,tiktok,@pont_hydra,2026-01-02T22:13:52.577569,0,,,,,,,
491721,هدا غير سبيتسال احمر  [APPRECIATION],44942,tiktok,@plaquiste_oran,2026-01-02T20:15:28.027347,0,,,,,,,
884938,البوتين ذاك شحال الرحمة على والديك الاخ,52314,tiktok,@uncles_burger_dz,2026-01-02T21:03:29.230210,0,,,,,,,
884939,de quel côté au juste à delta Ibrahim? du côté de bois des cars pour allez vers cheraga ( hôtel emir),38544,tiktok,@kfc,2026-01-02T19:39:40.329685,0,,,,,,,
229581,شكون يعرضني [APPRECIATION],44250,tiktok,@dzforestrestaurants,2026-01-02T20:11:43.250394,0,,,,,,,
491734,احكي على السومة يابولحية,9167,Facebook,"

Restaurant Casa Bella - Draria",2025-12-02T21:14:54.000Z,4,,,,,,,
884954,"Went for several times , used to have tasty food . Unfortunately yesterday went we had same menu for the three of us, and did got digestion trouble for the hole night, despite the tasteless food. Will not go there again.",5381,Google Maps,قصبة اسطنبول,2023-12-26T11:09:50.767Z,0,,,,,,,
229618,0 grammes de 8 jours à kel de palette f,3504,Google Maps,Caracoya,2020-10-22T11:45:48.642Z,0,,,,,,,
229619,وين في بئر خادم,15578,tiktok,@mardoum,2026-01-02T18:07:52.596309,0,,,,,,,
360696,"Les plats sont bons et bien préparés, mais le rapport qualité/prix pourrait être amélioré. Le service gagnerait aussi à être plus attentif et l’ambiance un peu plus chaleureuse. Avec quelques ajustements, l’expérience pourrait vraiment être à la hauteur",5090,Google Maps,قصبة اسطنبول,2025-08-18T22:06:09.016Z,0,,,,,,,
491777,كايفسي ستاربوكس,37926,tiktok,@kfc,2026-01-02T19:39:24.509704,1,,,,,,,
491782,طجين مغربي 100/100لا شك في ذالك,69552,tiktok,@cote_oran,2026-01-02T21:58:02.177013,1,,,,,,,
491784,Mide Lizom عيب عليك ماشي راجل نتا,9928,Facebook,Dz Forest Restaura,2025-10-13T02:36:48.000Z,0,,,,,,,
622885,ماشاء الله بصحتك  [APPRECIATION],2099,instagram,triple.r.restaurant,2025-06-28T13:58:26.000Z,2,,,,,,,
229686,ويقولوا الجزائر ماشي مليحة,11684,Facebook,Restaurant San Benito,2025-08-24T10:21:36.000Z,0,,,,,,,
885052,Un restaurant sans Sanitaires et 1 tomates plus du borghol avec moisissure pour 7000 Da un mixte de Petite viande sérieusement. Exagèrant. et le serveur qui ne voulait pas changer une commande. quelques secondes après. Et le cafard qui circule sur les bordures en bois. À ne pas y retourner.,5944,Google Maps,Casbah Istanbul,2024-11-04T09:28:31.693Z,1,,,,,,,
753983,اللهم صلي على النبي  [APPRECIATION],68630,tiktok,@cote_oran,2026-01-02T21:57:29.321259,1,,,,,,,
622920,الله يبارك .,50988,tiktok,@broaster_chiken,2026-01-02T20:59:48.842385,0,,,,,,,
229713,"Waw Ain franin. -J y passais mes vacances . des escaliers, un bungalow sur la gauche et puis une étendue avec un truc protégé sur gauche où il n y a plus . on nageait en sandales , eau profonde. s Souvenirs",70276,tiktok,@le_petit_chalet,2026-01-02T22:00:17.984136,0,,,,,,,
885074,"Super, promis, je vais faire un tour",34810,tiktok,@sinai,2026-01-02T19:27:58.405222,1,,,,,,,
754004,عطينا طريقة تحضير خويا ا الله يجازيك,44788,tiktok,@damisoran31,2026-01-02T20:14:12.689479,0,,,,,,,
360788,سعر من فضلك,68508,tiktok,@my_pizza_oran,2026-01-02T21:56:36.260924,0,,,,,,,
360799,Il existe d’autres alternatives au même niveau de ce restaurant mais à un prix plus abordable,5320,Google Maps,قصبة اسطنبول,2024-05-24T19:20:43.376Z,0,,,,,,,
491886,S’il n’y a pas de coca alors je viendrais avec toute ma famille !,25600,tiktok,@ofennec.officiel,2026-01-02T18:34:06.556543,56,,,,,,,
622962,ربي يخليك خويا,45894,tiktok,@ifood_31,2026-01-02T20:18:09.131453,0,,,,,,,
754038,سومة لوز [APPRECIATION],24860,tiktok,@woodgrill_dz,2026-01-02T18:31:56.328146,0,,,,,,,
229770,السومة باش لواحد يدير حسابه,69048,tiktok,@cote_oran,2026-01-02T21:57:41.442011,1,,,,,,,
491916,meilleur restaurant indien d'Alger,3293,Google Maps,تاج محل بن عكنون,2018-06-20T08:41:34.244Z,1,,,,,,,
360845,Jarebtou catastrophe ycopilk l'appetit,50750,tiktok,@broaster_chiken,2026-01-02T20:59:42.104961,1,,,,,,,
360847,Bon courage l'artiste,71240,tiktok,@pont_hydra,2026-01-02T22:07:07.993134,1,,,,,,,
622997,"Restaurant top, j'ai adoré, pizza très bonne et les plats sont succulents, la viande est très tendre. La déco est top, chaque niveau a sa propre décoration. Un bon rapport qualité-prix",8202,Google Maps,Restaurant À Petit Feu,2022-10-30T08:17:58.321Z,6,,,,,,,
754072,tro cher . c'est pour les riches. dz france,13986,tiktok,@le_dauphin_restaurant,2026-01-02T18:00:53.697117,0,,,,,,,
885145,c est que de l Algérois On vient pas,36024,tiktok,@sinai,2026-01-02T19:28:32.455791,0,,,,,,,
623007,وانا كون عرضتني,15744,tiktok,@mardoum,2026-01-02T18:07:55.305496,0,,,,,,,
885160,"Qualité de la bouffe normal , mais les prix sont exorbitants, le concept est copié du chef turc nusret et aussi burak , mais la qualité est loin d'être la même.",2806,Google Maps,HichamCook Grill House,2023-01-15T10:26:14.001Z,2,,,,,,,
229801,"On a bien mangé, merci",2719,Google Maps,HichamCook Grill House,2023-05-23T13:05:05.060Z,3,,,,,,,
491946,"My family and I went to ""A petit feu"" in Kouba, Algiers to have coffee. We ordered waffles and pancakes ( I ordered the waffles with fruits and ice-cream) I can honestly say that I don't remember last when I have tasted waffles this delicious. They were exceptional and the fruit was fresh and sweet (bananas and strawberries) The service was attentive and friendly. Great! We will definitely try to come back.",7544,Google Maps,Restaurant À Petit Feu,2024-04-29T08:30:44.448Z,2,,,,,,,
754095,Oui de live,57324,tiktok,@_le216_,2026-01-02T21:17:21.147900,0,,,,,,,
491953,"Afin de mieux comprendre cette distinction, pourriez-vous préciser les critères d’évaluation ainsi que la commission ayant procédé à cette sélection ?",28684,tiktok,@american.burger.tizi,2026-01-02T18:47:32.303299,2,,,,,,,
491955,75الف ل3 2250 و هي لوكان تشري وحدك تستقاملك الواحد ب 450 الفماكس,24842,tiktok,@woodgrill_dz,2026-01-02T18:31:56.328134,0,,,,,,,
754104,الوليمة و طبرقة  [APPRECIATION],58972,tiktok,@maestro_dz13,2026-01-02T21:21:21.597252,1,,,,,,,
360893,de tres bon prix,37232,tiktok,@restaurant.madala,2026-01-02T19:34:48.257035,0,,,,,,,
229829,"Un endroit agréable et propre… Les desserts et le café sont délicieux. La terrasse est jolie, avec un éclairage doux et apaisant.",3696,Google Maps,Laurel Restaurant,2024-12-25T17:02:40.466Z,0,,,,,,,
754122,Magnifique.,2692,Google Maps,HichamCook Grill House,2023-07-13T17:49:40.114Z,0,,,,,,,
360913,Servie 10/10 Accueil 10/10 Goût 7/10 Prix 6/10 Les prix zaydin chouia mais côté g3ada et propreté mlih,6201,Google Maps,Casbah istanbul,2022-12-24T16:28:40.962Z,0,,,,,,,
885202,لسكرقو مفيد الامراض جاد كاالثلال,73816,tiktok,@pont_hydra,2026-01-02T22:14:05.515775,0,,,,,,,
491993,Mais qu'est ce que vous ne faites pas pour l'argent de la pub,1423,instagram,megapizza.boussouf,2025-11-30T14:02:56.000Z,2,,,,,,,
754139,قرعة ماء عشرة لاف,18524,tiktok,@helena,2026-01-02T18:16:13.669116,0,,,,,,,
229856,لمشكل لبنات لي يخدمو فيه من الجزا ئر,38818,tiktok,@kfc,2026-01-02T19:39:55.022959,0,,,,,,,
885219,ايا نروحو للبلاد برك  [APPRECIATION],51084,tiktok,@broaster_chiken,2026-01-02T20:59:50.991572,1,,,,,,,
623091,C'est beau magnifique Extra,14662,tiktok,@les_jumelles,2026-01-02T18:01:34.195405,0,,,,,,,
885236,"Pizza , hamburger et poutine aucun goût et c'est chère Vraiment déçu et a ne pas refaire",4606,Google Maps,Hicham cook pizza pasta,2025-11-11T20:13:23.795Z,0,,,,,,,
229878,Bonne bouf bonne accueil grand merci pour le jeune hani de la réception à l’entrée,7951,Google Maps,American Burger Factory,2025-02-07T21:17:06.992Z,0,,,,,,,
492037,"Un de mes restaurants préférés à Alger ! L’ambiance est agréable, les plats sont originaux et se démarquent des autres restaurants turcs en Algérie. C’est juste délicieux, et le dessert était excellent ! Je recommande",5165,Google Maps,Casbah Istanbul القصبة اسطنبول,2025-03-22T21:32:16.398Z,0,,,,,,,
492040,"j'ai été plusieurs fois la déco très jolie surtout la salle avec du bas côté droit ont dirait un musée un coup de coeur, par contre les prix exagérés et aussi un point noir pour moi les mouches c'est dégoûtant",71950,tiktok,@fidelia,2026-01-02T22:11:53.027283,1,,,,,,,
754191,فاللول حطيتو فيديو تاع الهنودة تاع المكون البني,42470,tiktok,@street_food,2026-01-02T19:58:08.773016,0,,,,,,,
229904,Theria Ca بالنسبة ليك معقول أنا شهر وانا نصرف منها,9061,Facebook,Dz Forest Restaura,2025-11-01T21:04:40.000Z,0,,,,,,,
492055,البنة قوة,8343,Google Maps,American Burger Factory,2024-05-14T22:23:08.126Z,0,,,,,,,
754208,اهدري السومة اشحال,12918,Facebook,Restaurant San Benito,2025-10-12T23:09:32.000Z,0,,,,,,,
623138,الله يبارك ويسهل ان شاء الله,64662,tiktok,@citoyennedumondedz,2026-01-02T21:35:18.906360,0,,,,,,,
492074,Mohamed Solo كمل طيب انت وحط العايلة في البالكو يتنفسو وزيد اغسل المواعن,10500,Facebook,Dz Forest Restaura,2025-10-14T22:45:05.000Z,0,,,,,,,
492075,The food is awful and the staff r disrespectful,8456,Google Maps,American Burger Factory,2023-10-01T17:32:06.285Z,2,,,,,,,
623149,"Overhyped for nothing, Rice over cooked , soggy chips , meat not much flaver for the price in the region it is not worth it ,",2584,Google Maps,HichamCook Grill House,2023-12-25T19:49:19.123Z,0,,,,,,,
623157,كي شفت البيتزا السبت أن شاء الله اني عندكم انا نتبع البيتزا برك  [APPRECIATION],28462,tiktok,@restaurant.primo,2026-01-02T18:46:27.194168,0,,,,,,,
623161,"La pizza 5 fromages est vide , les boissons sont chaudes",4279,Google Maps,هشام كوك بيتزا,2024-07-23T11:21:41.201Z,0,,,,,,,
229948,C’est ouvert depuis un moment c’est magnifique j’y étais l’année dernière,61500,tiktok,@denatelo_annaba,2026-01-02T21:25:07.561851,1,,,,,,,
361023,بصحة وعافية وستر انشالله يارب العالمين,21302,tiktok,@triple_,2026-01-02T18:22:04.495511,0,,,,,,,
623170,Super moment avec les amies,3577,Google Maps,Laurel Restaurant,2025-12-09T11:04:45.730Z,0,,,,,,,
229957,"Après une très belle expérience à Bab Ezzouar en famille (accueil, service, plats au top), j’ai voulu tester la pizza chez Hicham Cook. Malheureusement, grosse déception ce jour : l’accueil n’était pas à la hauteur, la pizza ne m’a pas convaincu et elle n’est pas cuite au feu de bois. Il serait bon de revoir l’accueil, le service et la qualité des pizzas. Bonne continuation et bon courage !",3985,Google Maps,هشام كوك بيتزا,2025-11-25T23:03:36.049Z,0,,,,,,,
623174,Je trouve qu'il il sort de l'ordinaire. j'aime beaucoup. bonne continuation  [APPRECIATION],1024,instagram,hotspot_dz,2024-09-21T17:40:47.000Z,3,,,,,,,
229971,اوتال الخليج,28432,tiktok,@restaurant.primo,2026-01-02T18:46:23.351422,1,,,,,,,
885332,Barka Omar الجنةميصموش فيها أخي,12765,Facebook,Restaurant Rais,2025-10-13T12:29:03.000Z,0,,,,,,,
229977,كداب,12150,Facebook,Restaurant San Benito,2025-10-14T18:01:20.000Z,0,,,,,,,
885340,"Service, bouffe , tout est au Top Bravo",8199,Google Maps,Restaurant À Petit Feu,2022-11-04T09:56:52.431Z,2,,,,,,,
754269,On a été aujourd’hui on avait commandé des pizza des burger beef les pizzas étaient bonnes mais la viande du burger était infect d’un goût bizarre le service était très long vraiment je suis déçu,3649,Google Maps,Laurel Restaurant,2025-07-30T13:27:13.992Z,0,,,,,,,
229982,"Accueil excellent, nourriture également, service rapide",5886,Google Maps,Casbah Istanbul,2025-08-04T02:12:38.539Z,0,,,,,,,
361055,Accueil top serveur o top tepas tres bon et copieux,2816,Google Maps,HichamCook Grill House,2023-01-04T18:26:40.628Z,0,,,,,,,
492126,Tess بكل صراحة ماكلة الله بارك سرفيس شويا إنشاء الله يصلح الأخطاء ربي يعنكم,51588,tiktok,@broaster_chiken,2026-01-02T21:00:02.374302,0,,,,,,,
361060,Amine Adel بروشات مشي خمسالاف ستالاف بسك اي مخلطة كباب شوا مرقاز مليونج سما 70 بروشات 4200 جاجة 800 فريت 150 مشي 250 حميص 200 طيحلك 6000 وشوية,9749,Facebook,Dz Forest Restaura,2025-10-13T05:47:53.000Z,0,,,,,,,
885375,فاتحين اليوم؟,1777,instagram,seven_times_la_villa,2025-03-30T15:52:40.000Z,0,,,,,,,
754304,vous avez réussi. je serai a oran le 23 décembre je passerai inchallah,64970,tiktok,@vibe.bistrot,2026-01-02T21:38:30.078004,1,,,,,,,
754306,"Nous avons dîné en terrasse, Très bon service, des plats succulents et des serveurs au petit soin, je recommande vivement ce restaurant pour sa convivialité et la qualité de ses plats ainsi que son service irréprochable, je reviendrai avec plaisir",3435,Google Maps,Caracoya,2024-04-25T21:33:29.320Z,3,,,,,,,
361094,الصراحة غالي خلاه 60 ألف عند لاباتي ندير ابونمون,55342,tiktok,@askim_food,2026-01-02T21:13:28.670729,1,,,,,,,
492170,Bon courage et merci pour les prix  [APPRECIATION],36950,tiktok,@restaurant.madala,2026-01-02T19:34:41.789474,1,,,,,,,
492172,بصحة وعافية  [APPRECIATION],72692,tiktok,@pont_hydra,2026-01-02T22:13:30.581088,0,,,,,,,
230031,"Un tres bon restaurant, je le valide a 100% , benna machaa Allah et un accueil chaleureux  [APPRECIATION]",66336,tiktok,@elbey_oran,2026-01-02T21:49:58.503810,0,,,,,,,
230033,"service vrai madrnach , 1:30h w ana nsena mea lkher makla barda w matstahelch kamel had chi , overrated honestly",7739,Google Maps,American Burger Factory,2025-04-03T15:02:19.234Z,0,,,,,,,
492178,Thya chiken street,46120,tiktok,@chikenhest,2026-01-02T20:19:14.446518,2,,,,,,,
754329,غالي حبة كرواسو بعشرين الف لالا مابنتليش وخداع وش ماحلها من الاعراب,2009,instagram,the____bakery,2025-03-05T13:33:57.000Z,1,,,,,,,
623257,ناكل الحوت من يد قحبة,13048,Facebook,Restaurant San Benito,2025-10-12T23:41:54.000Z,0,,,,,,,
