final_id,comment_text,comment_id,platform,source_name,date,likesCount,food,service,place,delivery,price,treatment,out_of_scope
818529,"Dans l'ensemble il est bien le seul hic c'est le service qui est treeees lent nous avons attendu 50 min pour nous servir , le sandwich était bien le tacos aussi.",8479,Google Maps,American Burger Factory,2023-08-14T18:57:55.063Z,0,,,,,,,
949602,"Viande pas bonne , dure , élastique",2856,Google Maps,HichamCook Grill House,2022-11-13T23:11:21.981Z,2,,,,,,,
556392,جاية تحلى الله يبارك,13696,Facebook,Restaurant San Benito,2025-12-28T21:02:05.000Z,1,,,,,,,
294249,"Première fois dans ce restaurant . L'accueil est très chaleureux . Les serveurs plutôt réactifs. Le cadre est très agréable , joliment décoré. Les plats commandés étaient vraiment délicieux . Petit bémol , il n'y a pas de plats pour les enfants . Par contre , la musique est un peu trop forte, pas assez de place si on a une poussette, et la clientèle est trop hautaine . ce n'est qu'un resto dans un centre commercial comme partout ailleurs .",6183,Google Maps,Casbah Istanbul,2022-10-21T21:25:45.744Z,11,,,,,,,
687466,صراحة روووعه ونظافه احسن واحد في عنابة صح يطولو مي روعه او في لحجار,55232,tiktok,@askim_food,2026-01-02T21:13:24.963577,3,,,,,,,
163184,روحي تخري,13378,Facebook,Restaurant San Benito,2025-12-16T13:45:38.000Z,0,,,,,,,
556402,est ce qu'il fait la livraison ? merci,39550,tiktok,@le_1675,2026-01-02T19:42:35.045163,0,,,,,,,
163187,ملي شفت سوري داير وهرانية مانكا صاي عرفت بلي مكاش رجال عندكم,13338,Facebook,Restaurant San Benito,2025-10-14T00:00:07.000Z,0,,,,,,,
556404,راني بعيدة كيفاش نديرها  [APPRECIATION],54630,tiktok,@mr._brik,2026-01-02T21:11:17.625843,0,,,,,,,
818551,Le menu et les tarifs des plats . merci,10236,Facebook,"  Sultan Restaurants


",2025-10-30T17:08:44.000Z,0,,,,,,,
556417,في وسط المدينة وين دايرة قديمة,29618,tiktok,@turtles_snack,2026-01-02T18:50:57.050032,0,,,,,,,
687490,le jasmin le meilleur Bana wndafa,59314,tiktok,@maestro_dz13,2026-01-02T21:21:28.086053,0,,,,,,,
949641,صح كاين بلايص فخمة مي لماكلة تاع متتكلش وتندم لي رحت كليت عندو مي نتوما البنة حتى المكان صغير مي كي نجي وناكل نستمتع بلبنة صح حنا نحوسو على البنة ونتوما ملوك الاكل لبنين ربي يوفقكم,49744,tiktok,@gosto_fast_food,2026-01-02T20:41:44.744823,1,,,,,,,
163210,Ce restaurant est trop trop trop cher je vous le déconseille vivement ! On était 6 personnes et ça nous a coûté plus de 8 millions de centimes ! C’est exagéré ! C’est le resto le dauphin de la pêcherie Alger .,14002,tiktok,@le_dauphin_restaurant,2026-01-02T18:00:53.697135,1,,,,,,,
425355,ces un événement les pauvre bientôt il vont te dire. ces nous qui l on inventer,37986,tiktok,@kfc,2026-01-02T19:39:25.427731,0,,,,,,,
163214,عنابة زرتها في 2024 عجبتني بزاف,60250,tiktok,@seraidi.live.z,2026-01-02T21:22:46.348986,0,,,,,,,
818598,مشاء اله والله سومة معقولة [APPRECIATION],55934,tiktok,@mfood.annaba,2026-01-02T21:14:13.776300,2,,,,,,,
687534,Hajer Hajer راك آآوت السومون وحدو فوق 600الف الكيلو,11428,Facebook,Restaurant San Benito,2025-07-27T22:07:59.000Z,0,,,,,,,
687545,الله إبارك ربي حفظكوم,11010,Facebook,Restaurant Casa Bella - Draria,2025-07-30T22:29:45.000Z,0,,,,,,,
163264,c'est le meilleur  [BOUFFE],52942,tiktok,@patisserie_annaba,2026-01-02T21:04:18.982310,1,,,,,,,
556483,Une grosse déception ce jour. J'ai déjeuné avce mon épouse ce vendredi au restaurant. Nous avons été victime d'une intoxication alimentaire suivi de vomissements. J'ai appelé le restaurent. Ils se sont excusés. Ils m'ont demandé de leur laisser mes coordonnées pour me rappeler . Le mal est déjà fait.,3355,Google Maps,تاج محل بن عكنون,2016-04-08T22:21:53.497Z,3,,,,,,,
949713,Imla 9outli classe ahe ahhhe ah,71092,tiktok,@paradou_restaurant,2026-01-02T22:04:58.186454,0,,,,,,,
294354,عيطلي,13321,Facebook,Restaurant San Benito,2025-10-13T11:43:30.000Z,0,,,,,,,
949726,"un plat pour minimum 4 personnes je trouve ça correct, même pour ceux qui vivent et travaillent en Algérie",44212,tiktok,@dzforestrestaurants,2026-01-02T20:11:41.303489,0,,,,,,,
818656,شوفو صفحة تعي انا نخدم نفس الشي,32190,tiktok,@entracte,2026-01-02T19:14:36.058788,1,,,,,,,
818657,officiel  [RECOMMENDATION],49628,tiktok,@kik.sfood21,2026-01-02T20:41:15.942436,1,,,,,,,
294370,خامج وبنين [APPRECIATION] [BOUFFE],42254,tiktok,@street_food,2026-01-02T19:58:03.681388,0,,,,,,,
425451,وين هدي عنابة وين,52276,tiktok,@uncles_burger_dz,2026-01-02T21:03:28.158439,0,,,,,,,
163312,En maroc et à longtemps,37734,tiktok,@kfc,2026-01-02T19:39:19.608361,2,,,,,,,
294387,Trop de sucre win biha!,535,instagram,"brother.ts
",2025-10-20T22:30:36.000Z,5,,,,,,,
818675,انجيو و اتدونا راح اتخلصو علينا و لا اعرايس عندكم,13628,Facebook,Restaurant San Benito,2025-12-30T18:41:28.000Z,0,,,,,,,
949750,sais cher,35052,tiktok,@sinai,2026-01-02T19:28:04.343984,0,,,,,,,
818707,ربي يفوقكم [APPRECIATION],63392,tiktok,@santorino,2026-01-02T21:32:15.838780,1,,,,,,,
163351,سامحني كليت كلش عندكم كلش بنين بصح اللوبيا تعكم 10/10,10035,Facebook,Restaurant Tabarka Annaba,2025-12-26T10:20:32.000Z,1,,,,,,,
425499,Tres bon prix,36886,tiktok,@restaurant.madala,2026-01-02T19:34:40.863689,1,,,,,,,
687658,"franchement la déco No Comment, superbe belle déco, la bouffe à revoir pas de goût la viande sèche.",22056,tiktok,@maison_sardoudi,2026-01-02T18:22:38.675967,0,,,,,,,
294450,"Simple le meilleurs restaurant indiens que j’ai goûter, des goûts délicieux jamais déçu toujours une bonne idée de manger chez vous.",3129,Google Maps,تاج محل بن عكنون,2023-02-24T17:12:59.008Z,0,,,,,,,
425523,طفل لهي بارك,39026,tiktok,@iso_food,2026-01-02T19:40:42.718299,2,,,,,,,
556610,comme bien le mètre carré,60166,tiktok,@seraidi.live.z,2026-01-02T21:22:44.123255,1,,,,,,,
556611,نتعمن هاذي,38890,tiktok,@kfc,2026-01-02T19:39:59.232862,0,,,,,,,
163397,"Le personnel est très aimable et professionnel, et les sandwichs sont délicieux",6991,Google Maps,American Burger said hamdine,2025-06-10T13:54:18.935Z,0,,,,,,,
687685,Ouled Fayet gratuit ? liv,29440,tiktok,@elcuatro_burgers,2026-01-02T18:49:40.371777,0,,,,,,,
818760,Umm the song is chinese?,1760,instagram,saikosushi_oran_restaurant,2024-10-23T16:39:12.000Z,0,,,,,,,
949835,خلينا مالحوت قوليلنا نتي واش راكي,13618,Facebook,Restaurant San Benito,2025-12-20T12:50:34.000Z,0,,,,,,,
425563,تجربة راءعة,3445,Google Maps,Caracoya,2023-11-04T10:33:14.670Z,0,,,,,,,
294495,Les prix,66204,tiktok,@ambassadeurs,2026-01-02T21:47:49.680033,0,,,,,,,
556641,J’aime trop il est trop humble qu’Allah fructifie son affaire  [APPRECIATION],45350,tiktok,@budz,2026-01-02T20:15:56.664382,0,,,,,,,
294499,روني في بيلكور,42758,tiktok,@pizza_carre,2026-01-02T20:00:23.749224,6,,,,,,,
425575,Des bon gâteaux,3896,Google Maps,L’Alchimiste Pâtisserie,2023-11-20T17:31:32.273Z,1,,,,,,,
294514,تلعبيز داير حالة,52672,tiktok,@uncles_burger_dz,2026-01-02T21:03:39.748637,1,,,,,,,
818811,très déçu pour le burger smash zadma kbira,46986,tiktok,@seven_burgers,2026-01-02T20:24:51.470817,0,,,,,,,
163475,"Le design du fast-food et l’ambiance de la terrasse sont chaleureux et agréables. Cependant, la qualité des plats n’est malheureusement pas au rendez-vous. Les frites sont servies avec trop d’huile, et la poutine à la viande avait un goût étrange et peu appétissant. Une expérience décevante dans l’ensemble. Il y a clairement des améliorations à apporter, notamment sur la qualité et la préparation des plats.",7284,Google Maps,American Burger Factory,2025-05-28T15:41:32.773Z,0,,,,,,,
556701,Un endroit sympa bien fréquenté mais déçu pas la cuisine et les prix viande pas du tout tendre un plat viande frite a 2800 dinars il aurait été préférable de faire un plat a ce prix avec plus de variétés légumes riz. ext et bien sûr une viande bien tendre!,2596,Google Maps,HichamCook Grill House,2023-12-08T14:45:06.960Z,0,,,,,,,
556702,Acceuil chalereux. espace propre. serveur sympa. mais les prix sont chers et les plats ne sont pas tres top coté goût.,3248,Google Maps,تاج محل بن عكنون,2019-07-28T12:06:47.619Z,1,,,,,,,
687775,تلڨي باين عليك تموت على الدراهم,11178,Facebook,Restaurant Casa Bella - Draria,2025-07-27T12:44:06.000Z,0,,,,,,,
949921,شيكور خاوتي,49068,tiktok,@chicks_nook,2026-01-02T20:40:07.206643,2,,,,,,,
163502,le meilleur  [APPRECIATION],32382,tiktok,@restaurant_iceberg,2026-01-02T19:16:36.932748,0,,,,,,,
949936,عمي حسان هوا الي فووور,13137,Facebook,Restaurant San Benito,2025-10-15T13:30:08.000Z,0,,,,,,,
949939,أعمال :فرصة عمل جد مميزة من دارك ديري مداخيل أسبوعية لمهتمة تتواصل معايا في الخاص  [APPRECIATION],55628,tiktok,@askim_food,2026-01-02T21:13:34.598550,0,,,,,,,
949941,المكان؟,16370,tiktok,@soltane.el.kababe,2026-01-02T18:08:23.862074,2,,,,,,,
687801,looks magnificent,61212,tiktok,@la.criee,2026-01-02T21:24:45.600240,1,,,,,,,
425680,prk ta pas parlé des prix ? pour 2 personnes 5000da,22138,tiktok,@maison_sardoudi,2026-01-02T18:22:40.358779,0,,,,,,,
163536,تطور في بيتزا ياك,47454,tiktok,@street_food,2026-01-02T20:31:33.634749,0,,,,,,,
294610,Yahia Scuadra أيا روح قاتلك نقلشك ههه‍ههه,13425,Facebook,Restaurant San Benito,2025-10-13T18:55:10.000Z,1,,,,,,,
818900,je confirme c'est le meilleur fi annaba,52936,tiktok,@patisserie_annaba,2026-01-02T21:04:18.982288,1,,,,,,,
687829,le meilleur rien a dire,24660,tiktok,@laturquoisehotel,2026-01-02T18:30:26.774687,0,,,,,,,
556763,بعتني ليك جولد روجر,53734,tiktok,@guellil._.tasnim,2026-01-02T21:08:11.755074,3,,,,,,,
818909,كلش باطل باين بلي بنينة,21548,tiktok,@triple_,2026-01-02T18:22:12.076129,0,,,,,,,
687845,pas cher du tout c énormes faut être 2 pour manger ça 1 burgers me suffirait .,40606,tiktok,@woodchickendz,2026-01-02T19:45:54.995936,0,,,,,,,
294630,كليت عندهم ما شاء الله النقاوة و حسن الاستقبال و البنة قاع حاضرين,65630,tiktok,@anas_food,2026-01-02T21:45:22.471851,2,,,,,,,
163560,الوليمة طبعا,59276,tiktok,@maestro_dz13,2026-01-02T21:21:27.203049,0,,,,,,,
425707,الله بيارك فيك  [APPRECIATION],45884,tiktok,@ifood_31,2026-01-02T20:18:09.131443,0,,,,,,,
687852,Klit ando 2 fois ki kan house of burger ou drk wla uncle’s burger mcho mliiih khlah y3yef hacha na3met rabii poutine cv l,52664,tiktok,@uncles_burger_dz,2026-01-02T21:03:39.748630,11,,,,,,,
818930,وشمن ولاية,17146,tiktok,@casa_burger1,2026-01-02T18:11:29.349459,0,,,,,,,
818931,Très beau,31936,tiktok,@entracte,2026-01-02T19:14:28.267677,0,,,,,,,
163572,"accès facile à partir de l'autoroute et espace de parking gratuit, un service impeccable, des serveurs attentifs et à l'écoute, le problème c'est le food ! Je n'ai pas aimé le goût malheureusement, très moyen : pizza fermière et pasta râtées.",4512,Google Maps,هشام كوك بيتزا,2023-12-29T14:16:02.046Z,0,,,,,,,
163576,"J'étais agréablement surprise, pizza sauce gruyère est vraiment délicieuse, ça un goût special et unique faut dire la vérité Même le reste des plats c t trop boooon",4608,Google Maps,Hicham cook pizza pasta,2025-11-09T18:54:43.610Z,0,,,,,,,
687869,"suggest it for everyone, tacos is really delicious here",8297,Google Maps,American Burger Factory,2024-07-21T20:32:40.341Z,0,,,,,,,
294660,نتا اخدم ربي يعينك اما جات في بالي هذاك المسكين ليخدم ب ميات الف كيفاش يخدم خمس يام باش يتعشى ليلا ياحليل ناس  [COMPLAINT] [PRICE],10481,Facebook,Dz Forest Restaura,2025-10-13T13:52:12.000Z,0,,,,,,,
425736,"Absolutely recommended, i took doubled egg burger, which was absolutely mouth-watering, fries were so crunchy and oil-free! the staff were so nice; when we asked for the dressings, they brought us all of them! However, it’s somehow hard to park there [APPRECIATION]",8241,Google Maps,American Burger Factory,2024-10-19T12:03:33.340Z,0,,,,,,,
425737,les prix sont extravagant,27188,tiktok,@ambiance_telemcen,2026-01-02T18:41:26.498561,0,,,,,,,
556808,انا نشتيه بصح يقلقني غير هذاك البيض لي يبقا مش طايب,54626,tiktok,@mr._brik,2026-01-02T21:11:17.625839,0,,,,,,,
294665,"This store has an excellent fine pastry, it sells portions and also cakes for birthdays or family consumption",3897,Google Maps,L’Alchimiste Pâtisserie,2023-10-23T10:47:16.978Z,0,,,,,,,
425745,"Poutine c'est mon péché mignon mais les dernières temps les frites rendent le goût désagréable, ce qui est des burgers le forest yummyyyyy mon préféré",7960,Google Maps,American Burger said hamdine,2022-01-17T09:21:38.720Z,0,,,,,,,
294675,ربي يسهلكم خويا . بإذن الله راك ناجح . لنا زيارة قريبة  [APPRECIATION],53296,tiktok,@piadzo_food23,2026-01-02T21:07:09.087755,1,,,,,,,
425769,"Des sandwichs et tacos super bon , je vous conseille vivement",7759,Google Maps,American Burger said hamdine,2023-06-14T19:01:45.602Z,0,,,,,,,
818996,لاحول ولا قوة الا بالله العلي العظيم,57748,tiktok,@_le216_,2026-01-02T21:17:31.501466,0,,,,,,,
950074,Good one,8798,Google Maps,American Burger Factory,2019-04-12T17:27:47.093Z,2,,,,,,,
294725,العسكري الانيق والله يا اخي زوالي كيفي كيفكم وهدرت عالسعر مشي عالطابلة وماقالكش ارواح كول ذراع عندك مرحبا معندكش ربي يخلف ماتعلقوش عالناس ولا كلاتكم اشرو دوا تع الدود ساهلة والله,9927,Facebook,Dz Forest Restaura,2025-10-13T01:37:30.000Z,0,,,,,,,
425800,وشراك حسان كاش زلابية,11574,Facebook,Restaurant San Benito,2025-08-26T10:00:56.000Z,0,,,,,,,
556873,نجو ليك نشاله,24284,tiktok,@spotter.dz,2026-01-02T18:27:31.753258,0,,,,,,,
687944,زيد قولهم أسعار في متناول محرز و جماعة,19118,tiktok,@helena,2026-01-02T18:16:28.398031,1,,,,,,,
819032,علاه خاطر فالدار ما يستخدموش زبت المحركات,42362,tiktok,@street_food,2026-01-02T19:58:06.183248,0,,,,,,,
294746,جيد جربناه بس احس يبغالهم يحسنون الطعم شوي ، لكل بشكل عام لذيذ 8/10,34378,tiktok,@taylot,2026-01-02T19:23:38.797978,0,,,,,,,
556893,"Le restaurant indien de référence sur Alger, très propre, calme, ambiance zen, mes préférés sur le menu le butter Grévy, peas Pulao, mixette de viandes et le pain au fromage, je dois mentionner qu'on y trouve les serveurs les plus professionnels et les plus attentifs, service irréprochable, BRAVO",3185,Google Maps,تاج محل بن عكنون,2021-10-18T19:38:25.358Z,2,,,,,,,
556894,نحسو تاع نسا,19420,tiktok,@helena,2026-01-02T18:16:42.933002,0,,,,,,,
819043,مش غير عندو برك هذا انا كليتو عند shill &grill,52328,tiktok,@uncles_burger_dz,2026-01-02T21:03:29.230234,1,,,,,,,
687977,ربي معاك خويا  [APPRECIATION],51772,tiktok,@quick_bite,2026-01-02T21:01:58.708723,1,,,,,,,
294768,le culot à l état pur,16934,tiktok,@user5834669559361,2026-01-02T18:10:51.232487,1,,,,,,,
294770,كنت باغي نجي مين نتيا تم والله منجي,13518,Facebook,Restaurant San Benito,2025-12-30T19:43:21.000Z,0,,,,,,,
687987,"WORST EXPERIENCE On était avec mes potes, 5 personnes, y a environ 2semaines. Des notre entrée whoma darbinha b wahed teshnifa jsp pk mais genre hagrinna comme si qu on peut pas payer zaema comme on avait l’air un peu jeunes =20 21. Les autres clients avaient l’air d’hommes d’affaires, et eux, ils les laissaient tranquilles, mais ils tournaient tt le temps autour de la table ct tellement gênant Ils ont pris 30min pour les 2 pizzas et 2 pides et en plus ils ont commencé à débarrasser ce qu’on mangeait encore, ils ont commencé à nettoyer notre tables Mon amie n’avait même pas fini son assiette, elle était tt pleine l assiette, le serveur l’a prise sans rien dire, puis lui a demandé : ah vs avez terminé mme! c’était choquant, vraiment. Encore ils ont commencé à essuyer notre table alors qu'on était tjrs assises et certaines mangeait encore , ils nous ont clairement fait comprendre qu’on devait partir Franchement, lmakla n était pas de ouf. Une des pizzas kanet vraiment trop salée(poulet, je crois), et le reste… rien de spécial. DONT GO",5134,Google Maps,Casbah Istanbul القصبة اسطنبول,2025-07-11T01:39:10.117Z,1,,,,,,,
425853,مع ديزاد فوراست تاكل راسك كل اثنين,10103,Facebook,Dz Forest Restaura,2025-10-13T16:48:14.000Z,2,,,,,,,
556927,الحمد لله mais c’était la première et la dernière fois !,17716,tiktok,@le_dauphin_restaurant,2026-01-02T18:13:51.363558,1,,,,,,,
294796,wach habit at9ol filet de poulet  ch7al tzido a3liha,49326,tiktok,@chicks_nook,2026-01-02T20:40:20.804426,0,,,,,,,
294797,وين بلاصة فاتحة في باريس,35728,tiktok,@sinai,2026-01-02T19:28:24.503544,0,,,,,,,
688016,مشاءالله,39002,tiktok,@iso_food,2026-01-02T19:40:40.364660,0,,,,,,,
163729,m foud,59628,tiktok,@maestro_dz13,2026-01-02T21:21:37.792083,0,,,,,,,
425872,Khasou ydirelna harissa brk  [COMPLAINT],1852,instagram,snacky_time_kouba,2025-06-08T20:32:49.000Z,1,,,,,,,
556948,il est beau mais la bouffe est catastrophique,71710,tiktok,@opium,2026-01-02T22:10:13.798955,0,,,,,,,
294810,"Cuisine excellente, service un peu lent le soir, une file d'attente à l'entrée surtout les soirs de weekend, plutôt bruyant. Mais ça en vaut le coup",6463,Google Maps,Casbah Istanbul,2018-03-01T12:28:45.526Z,2,,,,,,,
688030,"Excellent restaurant propre et bien décoré, service rapide, personnel très courtois et au petit soin, plats généreusement servis et bien soignés, je recommande vivement.",7547,Google Maps,Restaurant À Petit Feu,2024-04-25T21:14:25.640Z,1,,,,,,,
688037,نصلي العشاء انتاعي و ندعي ربي,66078,tiktok,@restaurant_mani,2026-01-02T21:47:15.239268,0,,,,,,,
819113,الوليمة راني فالمحل مرحبا بيكم كامل في كل وقت,59002,tiktok,@maestro_dz13,2026-01-02T21:21:22.102210,0,,,,,,,
163770,جيت البارح قليتوا في حالة ناقص فرماج خلاه ماشي تع 65 ألف زعما سبيسيال,51662,tiktok,@mfood.plus,2026-01-02T21:01:24.075552,0,,,,,,,
819132,الاسعار باينة تخلع,67914,tiktok,@kartaj_oran,2026-01-02T21:53:22.675417,0,,,,,,,
294851,كيما في الفيديو؟,55992,tiktok,@mfood.annaba,2026-01-02T21:14:16.148171,0,,,,,,,
557000,يا خويا تحيا الجزائر ولاكن في العالم ماكاش مطعم بخمسة نجوم هذي معلومة بكل تواضع le guide Michelin s'arrête à trois étoiles  [RECOMMENDATION],17668,tiktok,@seven.times.luxury,2026-01-02T18:13:18.308924,0,,,,,,,
950218,في بسكرة,27844,tiktok,@thala,2026-01-02T18:45:06.606593,0,,,,,,,
557004,"Nous étions un groupe de 9 adultes et 2 enfants. Tout était parfaitement préparé pour notre arrivée, ce qui nous a beaucoup plu. Les plats étaient très bons, surtout le poulet à la crème fraîche et les jus pressés qui étaient excellents ! Seul petit bémol : la viande rouge était un peu dure. Mais à part cela, nous avons passé un très bon moment. Le service était attentionné et chaleureux. Le chef (Hicham Cook) est même venu nous saluer et s’assurer que tout se passait bien, ce qui a rendu l’expérience encore plus agréable. Une adresse que nous recommandons vivement ! ”",2306,Google Maps,HichamCook Grill House,2025-09-26T16:02:45.553Z,0,,,,,,,
688080,Donner l'adresse où la position,9261,Facebook,Dz Forest Restaura,2025-10-13T18:15:50.000Z,0,,,,,,,
425938,من بعد تدخل عندهم بدولار تخرج بدينار,13432,Facebook,Restaurant San Benito,2025-10-17T19:55:50.000Z,0,,,,,,,
950229,"They have a nice meaty pie, I can not call that pizza, but its good",4947,Google Maps,Hicham cook pizza pasta,2020-02-19T21:45:32.477Z,1,,,,,,,
294871,Je ne comprends pas hed les pubs sans donner le noms du restaurant.,15494,tiktok,@fouka.marine,2026-01-02T18:07:36.650667,4,,,,,,,
557015,ehhh tfakart Yamat LA COUPOLE  le bon vieux temps,14154,tiktok,@les_jumelles,2026-01-02T18:01:20.508931,2,,,,,,,
425948,"Pizza très ordinaire comme tout les autres en plus cher, j'comprends pas pk ya bcp de monde , il a fait trop de publicité et on était déçu. Ya bcp mieux",4585,Google Maps,هشام كوك بيتزا,2023-12-07T20:18:58.241Z,6,,,,,,,
688095,Vive 4 chemins,52076,tiktok,@rays_annaba,2026-01-02T21:03:10.725690,0,,,,,,,
688101,نريد الأكل الجزاءري.,50994,tiktok,@broaster_chiken,2026-01-02T20:59:48.842392,3,,,,,,,
557033,ماكلتهم شابة بزاف,44784,tiktok,@croustymood,2026-01-02T20:13:57.273718,1,,,,,,,
163840,ع العموم أنا شفت بعض التعليقات انو هذا تراث تونسي بصح هوما مو عارفين انو اي منطقة ساحلية يكون ستايلهم كذا ماشاء الله يجنن الديكور يارب الموفقية,56916,tiktok,@papillons827,2026-01-02T21:16:43.440848,1,,,,,,,
557058,بسم الله ما شاء الله ربي يوفقكم و يباركلكم في تجارتكم و بارك في رزقكم ان شاء الله .,65728,tiktok,@anas_food,2026-01-02T21:45:25.223696,1,,,,,,,
163850,Ont arrivent in sha allah,66416,tiktok,@barbecue_restaurant,2026-01-02T21:50:19.049092,0,,,,,,,
819225,تخلص القعدة ماشي المكلة البنة زيرو,18120,tiktok,@casabelladraria,2026-01-02T18:14:53.728511,3,,,,,,,
688154,hhhhhhhhh plat tunisien et marocain 100%,25178,tiktok,@lovers_grill,2026-01-02T18:33:07.362111,0,,,,,,,
950300,Bonne continuation amine le cassoulet révise hadja raw3a bravos,225,instagram,amine_la_cantine,2025-12-21T08:14:57.000Z,1,,,,,,,
819229,مقاطعة kfc,38866,tiktok,@kfc,2026-01-02T19:39:57.510413,0,,,,,,,
688157,الله يبارك شابة. انتي. والقروفاث.  [APPRECIATION],13886,Facebook,Restaurant San Benito,2025-12-16T23:21:37.000Z,0,,,,,,,
557088,C est l’atelier de la ville à tizi,21646,tiktok,@maison_sardoudi,2026-01-02T18:22:29.923754,1,,,,,,,
426017,ماتعجبنيش ماكلتهم الصراحة,56202,tiktok,@the_chef_house_23,2026-01-02T21:14:34.099112,0,,,,,,,
426026,"Grande diversité de plats, salades, viandes, poissons, pizzas, pâtes. Accueil chaleureux, service rapide et sympathique. Tout a été très bon mais les tiramisu Nutella et bueno sont incroyables !",6795,Google Maps,Restaurant À Petit Feu,2025-08-06T20:55:20.151Z,0,,,,,,,
688170,غير الميلومج الأخير ب 1500 دج أي فيديو piège,11982,Facebook,Restaurant San Benito,2025-10-13T22:45:03.000Z,0,,,,,,,
557102,مارطو غالي + خطرات يحرقلك لحم مشي يشويه ملا مكانش كيما غريسي والياس من حيث معاملة وسعر,63668,tiktok,@silyon69,2026-01-02T21:33:11.371212,0,,,,,,,
819257,عندي واحد خوا هذا شحال سومة خويا,39098,tiktok,@itchy_food,2026-01-02T19:41:07.242762,0,,,,,,,
426043,service très agréable les serveurs très sympathique respectueux مشاء الله نعم تربية,6611,Google Maps,American Burger Factory,2025-10-15T13:24:34.677Z,0,,,,,,,
426047,chaal tchakom et vous aimez les prénom français,63066,tiktok,@allechante,2026-01-02T21:31:03.371158,0,,,,,,,
426055,Bon lacceuil dans ce fast food ete bien . la decoration et lambiance est superbe . mais pour cette fois ci le sandwitch prepare na pas ete a la hauteur de mes attente . on a commande ded sandwitch au poulet mais finalement il on mis du thon a la place et resultat les sadwitch avait un gout fade. cher cuisinier svp rester fidel o menu sur votre carte . merci.,8419,Google Maps,American Burger Factory,2024-01-14T12:05:07.995Z,0,,,,,,,
426061,Très bon mais très gras aussi,5206,Google Maps,Casbah Istanbul القصبة اسطنبول,2024-09-22T01:13:32.267Z,0,,,,,,,
950353,خصت حاجة باش تزيان ليسطورو وتكتمل وهي أنا [BOUFFE],18336,tiktok,@helena,2026-01-02T18:16:10.235666,1,,,,,,,
819282,أنت قبايلي ولا وهراني ولا,11539,Facebook,Restaurant San Benito,2025-07-27T13:05:14.000Z,0,,,,,,,
950355,باينة هذا من بلاد الجوع,11707,Facebook,Restaurant San Benito,2025-07-27T16:50:01.000Z,0,,,,,,,
426070,Mabrouk à bientôt inchallah  [APPRECIATION],15002,tiktok,@lassiette.algeroise,2026-01-02T18:06:52.360673,0,,,,,,,
163932,Je ne savais pas que vous faites l'elevage du saumon chez vous,12364,Facebook,Restaurant San Benito,2025-11-01T13:12:52.000Z,0,,,,,,,
295006,ماشي حق عليك توري هاد الماكلة كاين ناس ما كلتهاش في عمرها . زعما انت اخينا. وكان الي راهي تتوحم. اتقوا الله في انفسكم,10899,Facebook,Restaurant Casa Bella - Draria,2025-08-10T00:52:38.000Z,0,,,,,,,
426085,La recette de la pizza est a revoir franchement pour le prix on peut avoir beaucoup mieux ailleurs,1376,instagram,mega_pizza_elbiar,2023-01-12T21:33:01.000Z,0,,,,,,,
950374,je vous souhaite beaucoup de succès,45568,tiktok,@budz,2026-01-02T20:16:05.401285,0,,,,,,,
163945,طاقيلنا باج تاعو,52716,tiktok,@uncles_burger_dz,2026-01-02T21:03:40.624924,0,,,,,,,
950380,Tres decue la qualite du service catastrophique on avait commander des. entre cotes qui etaient si fine au. point detre sec a la. cuisson et extrement grasse en plus quelles etaient excessivement sale apres avoir reclamer le chef de cuisine a affirme que le poid et le. sel. etaient aux normes ! Nimporte quoi il avait pri le plat sans le rendre une facon de nous dire on vous emmerde . Vraiment aucun respet pour le client,4035,Google Maps,هشام كوك بيتزا,2025-08-14T23:46:48.743Z,0,,,,,,,
295032,متعرفش طيب ول بري في متناول الون ماسك وماكلة متسواش بري نتاعها,2334,Google Maps,HichamCook Grill House,2025-07-31T16:54:56.606Z,0,,,,,,,
688254,ملا نعطيك 20 دج وتقعد تسالني 300,47706,tiktok,@bazookadz,2026-01-02T20:32:35.168881,0,,,,,,,
557186,هادو كامل 500 ألف,19802,tiktok,@sultan,2026-01-02T18:17:22.560543,0,,,,,,,
426114,ابتداءا من 17 تسمى لوكان نحبو ناكلو اللحم يطلع السعر ؟؟,25268,tiktok,@lovers_grill,2026-01-02T18:33:41.990853,7,,,,,,,
950406,عنوان المطعم,11596,Facebook,Restaurant San Benito,2025-10-11T20:50:37.000Z,0,,,,,,,
819340,La viande est plutôt bonne et bien meilleure qu'en France.,6099,Google Maps,Casbah Istanbul,2023-06-24T13:39:14.192Z,1,,,,,,,
557200,Mmmm vraiment maklathoum bnina mouch normal top  bonne continuation [APPRECIATION] [RECOMMENDATION],61160,tiktok,@la.criee,2026-01-02T21:24:42.236933,8,,,,,,,
557213,tu es le plus convaincu des pub crois moi tu le fais tes bien force a toi,25836,tiktok,@ofennec.officiel,2026-01-02T18:34:12.788113,3,,,,,,,
295072,elle a raison la cuisine Marocaine très connu au monde,17030,tiktok,@user5834669559361,2026-01-02T18:10:53.059402,0,,,,,,,
295079,"Casbah Istanbul was a huge disappointment. The prices were way too high for what they offer, and the quality of the food did not match the cost. On top of that, the staff was rude and unprofessional. For the price they charge, I expected much better food and service. Unfortunately, it was a complete letdown. I wouldn’t recommend this place to anyone looking for a good dining experience.",6016,Google Maps,Casbah istanbul,2025-01-30T07:55:29.926Z,0,,,,,,,
950442,good luck My friend,20494,tiktok,@labelladalger16,2026-01-02T18:19:37.844211,0,,,,,,,
819372,"Très déçue par notre expérience au restaurant Casbah Istanbul au centre commercial BBZ. Le personnel désagréable Nous avons commandé une pizza et deux plats. Le chich taouk était correct, sans plus, mais l’autre plat était une vraie déception : la viande n’était même pas bien cuite, servie sans le lit d’aubergines et de yaourt annoncé. Aucun goût À cela s’ajoute une hausse des prix injustifiée au vu de la qualité. Franchement, on s’attendait à mieux. Nous n’y retournerons pas.",5910,Google Maps,Casbah Istanbul,2025-05-31T13:29:56.316Z,1,,,,,,,
819378,Ana rohte had le chef wela ma3labliche moulaha b costume ghi ytmcha we y9zi f les serveurs ydir les remarques we makla mechy HTA l tem za3ma,1184,instagram,"lagegarestaurant
",2025-12-01T12:05:19.000Z,0,,,,,,,
557241,j'ai manger là-bas. c trop bon . spécialité algerie . DZ . la déco unique .,35590,tiktok,@sinai,2026-01-02T19:28:17.247611,0,,,,,,,
688315,تدخل هنا تاكل  هاذو تصبح باريتلو طومابيل تعشي دير فسطوب باش ترواح زيدو قولولي تكذب  [INQUIRY] [BOUFFE],32212,tiktok,@entracte,2026-01-02T19:14:37.821987,0,,,,,,,
295101,بصفتي انسان عادي,55282,tiktok,@askim_food,2026-01-02T21:13:26.529163,0,,,,,,,
164036,"Le menu est bien maîtrisé et les plats sont d'une qualité constante. Le dessert (kunafa) est bien réussi. L'ambiance, l'accueil et le service sont bons. L'endroit est aussi bien pour une sortie familiale qu'un déjeuner ou dîner d'affaires. Je vous le conseille.",5682,Google Maps,Casbah Istanbul القصبة اسطنبول,2022-05-13T23:00:08.272Z,12,,,,,,,
950477,. ml9itch lcalme,23594,tiktok,@jomane,2026-01-02T18:26:24.553418,0,,,,,,,
295122,il doit y avoir pleins de chats errants  [COMPLAINT],23306,tiktok,@le_perchoir,2026-01-02T18:25:25.742557,0,,,,,,,
426206,Je trouve qu'ils ont de très bons plans par contre trop d'attente et en plus vous pouvez même pas réserver une table,5762,Google Maps,Casbah Istanbul القصبة اسطنبول,2021-03-31T17:58:10.491Z,0,,,,,,,
164086,انديرو لاشين على الاكلة ماصراتش,39440,tiktok,@brother.tselbiar,2026-01-02T19:41:44.169669,1,,,,,,,
295160,الله يهديك,10722,Facebook,Dz Forest Restaura,2025-10-13T20:36:17.000Z,0,,,,,,,
164089,ليسطوما تبكي والعين تضحك عليها وتقولها راني شابعا واللسان يزغرت وريق داير ويدان هههههه,12712,Facebook,Restaurant Rais,2025-10-13T09:20:59.000Z,2,,,,,,,
950523,"Les plats sont délicieux, généreux et pleins de saveurs authentiques. L’ambiance est chaleureuse et le personnel très accueillant. On sent vraiment la passion pour la cuisine turque dans chaque assiette. Un vrai régal, je reviendrai sans hésitation ! Je recommande à 100 %. ”",5212,Google Maps,قصبة اسطنبول,2025-02-26T10:40:25.994Z,0,,,,,,,
819452,عيتني,28950,tiktok,@snacky_time_kouba,2026-01-02T18:47:53.129818,0,,,,,,,
819451,my next destination,22556,tiktok,@le_perchoir,2026-01-02T18:25:07.867934,1,,,,,,,
688380,العروض لي يخلوني نبقا في دزاير,44532,tiktok,@dzforestrestaurants,2026-01-02T20:11:55.715721,0,,,,,,,
295172,يوسف ابو معاذ و علاه لي ياكل كران عيب رزاق ربي زعما نتا كي راك تهدر تاكل غي شوا ياكلو كران و تلقاهم رجال و فحولا و لي قال غالي عندو الحق دير روسطورو رايس و شوف 500 ميل واش توكلك,9874,Facebook,Dz Forest Restaura,2025-10-13T00:01:00.000Z,0,,,,,,,
950536,Pire endroit,26678,tiktok,@labelladalger16,2026-01-02T18:37:04.084206,2,,,,,,,
688397,دنيا هدي طبقات كل واحد او كيفاه عايش مشي لازم كامل روحو كاين لي يقدر او الحمد لله,18294,tiktok,@helena,2026-01-02T18:16:10.202476,11,,,,,,,
295182,من احسن البلايص في تلمسان و سومة مليحة ماشاء الله عليكم [APPRECIATION],27168,tiktok,@ambiance_telemcen,2026-01-02T18:41:21.610687,1,,,,,,,
295185,الحمد لله فطنوا الجزائريين  [APPRECIATION],36090,tiktok,@sinai,2026-01-02T19:28:34.439325,0,,,,,,,
688404,اك منيتك,56302,tiktok,@the_chef_house_23,2026-01-02T21:14:39.906281,0,,,,,,,
819485,C'est qui le monsieur en costume noir ?,28686,tiktok,@american.burger.tizi,2026-01-02T18:47:32.303302,0,,,,,,,
164126,350da for a donut is too much,1483,instagram,mimas_donuts,2025-05-07T12:09:56.000Z,1,,,,,,,
819487,Bz Ben خويا أنا كي نشوف إنسان موهبة ملعند ربي نعرف إنسان متواضع ولا مڨوعري كلشي باين خويا,9185,Facebook,,2025-12-15T23:01:15.000Z,0,,,,,,,
557344,هذا جاي مور لافاك ؟,70932,tiktok,@paradou_restaurant,2026-01-02T22:04:50.948113,0,,,,,,,
557349,c est la fontaine,27600,tiktok,@thala,2026-01-02T18:44:57.723052,0,,,,,,,
688428,تشبه لهذاك لي في طيور الجنة,1740,instagram,"resturant.arabesque
",2025-07-23T19:51:15.000Z,5,,,,,,,
295212,إشهار بطريقة ديبلوماسية,55378,tiktok,@askim_food,2026-01-02T21:13:29.543714,1,,,,,,,
164142,les pauvres ils sont trop en retard  Ils commencent à ça et ça leur fait une fierté,38874,tiktok,@kfc,2026-01-02T19:39:58.381321,0,,,,,,,
557361,احنا سوندويتش كيما هك يبيعوهولنا ب50 الف وزيد يقلك طاكوس,54372,tiktok,@guellil._.tasnim,2026-01-02T21:08:25.236803,0,,,,,,,
295220,هادا موسخ وبنين ونتاع دار نظيف ومش بنين,41952,tiktok,@street_food,2026-01-02T19:57:55.159999,0,,,,,,,
295225,Sauce ou poivre j’ai pas aimé pour dir la vérité j’ai mangé y 10jour,34638,tiktok,@le_carre_restaurant,2026-01-02T19:24:38.705270,0,,,,,,,
426312,"Très bon rapport qualité prix, les pizzas sont excellentes, le service est rapide malgré le monde qu'il y a. Les desserts sont très bons (mention spéciale pour le fondant au chocolat) Ceci dit il y a eu de l'attente avant d'avoir une table",7298,Google Maps,Restaurant À Petit Feu,2024-08-30T14:12:35.000Z,0,,,,,,,
819536,يا ودي بركا ما تخرط علينا جينا عندكم وحطيتولنا البلاستيك مشي الحوت,11372,Facebook,Restaurant San Benito,2025-08-09T02:31:38.000Z,14,,,,,,,
950612,هذا سعر صح في المعقول بالنسبة لي الناس لي تاكل الشواء,44500,tiktok,@dzforestrestaurants,2026-01-02T20:11:55.384145,0,,,,,,,
557397,Chima the best,6626,Google Maps,American Burger Factory,2025-09-13T20:51:55.920Z,0,,,,,,,
557398,Le meilleur burger d’Algérie ? Sérieux c’est faux et je confirme car j’ai mangé là-bas hier et je suis déçu.,611,instagram,budz.dz,2024-12-11T08:39:55.000Z,1,,,,,,,
295256,نتي هي lily تع ساتبينيتو,13458,Facebook,Restaurant San Benito,2025-12-29T16:49:15.000Z,0,,,,,,,
688474,طيب علا سخانة تاع شمس وزيد يقولك ب15 نلف,41930,tiktok,@street_food,2026-01-02T19:57:55.159963,0,,,,,,,
950626,شحال توصيل دويرة,33566,tiktok,@restaurant_gizay,2026-01-02T19:22:45.945033,1,,,,,,,
557413,وين في باب حسن,33770,tiktok,@restaurant_gizay,2026-01-02T19:22:51.287343,0,,,,,,,
950632,"Restaurant ou on est bien accueilli . propre, calme. Quantite et qualité sont réunies.",5214,Google Maps,قصبة اسطنبول,2025-02-20T05:17:22.283Z,0,,,,,,,
688495,a essayer avec la frangine,71676,tiktok,@opium,2026-01-02T22:10:08.991108,1,,,,,,,
164207,أسد,12686,Facebook,Restaurant Rais,2025-10-13T14:32:47.000Z,0,,,,,,,
557432,Wlh Quand je vois ta tête ça donne pas envie de manger désolé,9519,Facebook,,2025-12-09T12:32:13.000Z,0,,,,,,,
950648,مطعم الرايس - Restaurant Rais المكان فضلا,12527,Facebook,Restaurant Rais,2025-10-13T08:28:38.000Z,0,,,,,,,
295309,Bonsoir vous faites la livraison maintenant ?,39728,tiktok,@benko.games,2026-01-02T19:43:06.957393,1,,,,,,,
950682,مشاءالله تبارك الرحمن,11530,Facebook,Restaurant San Benito,2025-08-18T23:35:32.000Z,1,,,,,,,
295323,félicitations tres joli machallah,59952,tiktok,@the_throne_annaba,2026-01-02T21:22:20.885353,1,,,,,,,
295329,وين بلاصة في باتنة,24328,tiktok,@raclitta,2026-01-02T18:28:19.451913,1,,,,,,,
295340,الله يبارك . اسكو منبعد نجم نبدل قرافيزم ولا الفوطو,63924,tiktok,@publideco,2026-01-02T21:33:30.715031,0,,,,,,,
295346,Bonne courage chef hicham,2814,Google Maps,HichamCook Grill House,2023-01-05T16:59:32.696Z,0,,,,,,,
819636,"On y mange très bien. Le mélange des odeurs et épices nous téléporte en Inde à chaque visite. Un accueil et service aux petits soins. Tout simplement : extra. Excellent pour des dîners à deux, en famille ou pour le travail. Bravo.",3284,Google Maps,تاج محل بن عكنون,2018-08-02T23:42:41.635Z,4,,,,,,,
950717,اناقة السومة معاملة الله يبارك ماعندي مانقول,29690,tiktok,@pizzeria.sadoki,2026-01-02T18:51:29.152642,2,,,,,,,
164289,ان شاء الله نربح و ندي ماما,66786,tiktok,@bladi_oran,2026-01-02T21:51:18.196033,1,,,,,,,
950725,اين المقر يوجد توصيل؟؟؟,17058,tiktok,@casa_burger1,2026-01-02T18:11:25.343891,0,,,,,,,
819658,"Bon service, bonne nourriture, tout était bien. Bonne continuation et merci pour les thés",5041,Google Maps,قصبة اسطنبول,2025-11-10T21:50:23.719Z,0,,,,,,,
426443,bravo et bonne continuation  [APPRECIATION] [RECOMMENDATION],45548,tiktok,@budz,2026-01-02T20:16:04.948321,0,,,,,,,
557521,ou exactement quel ville,27220,tiktok,@ambiance_telemcen,2026-01-02T18:41:26.498602,1,,,,,,,
557529,وين بلاص نجو,13102,Facebook,Restaurant San Benito,2025-10-13T15:41:48.000Z,0,,,,,,,
426458,Celui qui est convaincu de sa supériorité n'a pas besoin de ces esclandre. Ils ont un complexe devant l'algérie.,16758,tiktok,@user5834669559361,2026-01-02T18:10:46.256496,417,,,,,,,
819677,anitha idazegam,37482,tiktok,@restaurant.madala,2026-01-02T19:34:55.230304,1,,,,,,,
295393,La présentation des dessert est super nul comme d’hab partout on ne prends ps assez au sérieux les desserts,24484,tiktok,@opium,2026-01-02T18:29:38.994572,1,,,,,,,
295401,دخلنا على 20:00 طلبية 2 بيتزا متوسطة الحجم دخلوا الناس بعدنا يقدمولهم طلبياتهم عادي بعد 45 دقيقة انتظار مزال مابداوش أصلا في الطلبية تاعنا المهم هذي هي التجربة تاعنا ليوم 18 نوفمبر 2025 الحمد لله على كل حال و ربي يجازي كل واحد من جنس العمل اضطررنا في ساعة متأخرة للبحث عن بيتزا في مكان آخر,3992,Google Maps,هشام كوك بيتزا,2025-11-18T20:11:04.393Z,0,,,,,,,
688619,Bien on replonge dans Istambul. La bouffe est bonne sauf qu'il faut faire la queue surtout le week-end.,6414,Google Maps,Casbah Istanbul,2019-04-14T08:38:21.611Z,3,,,,,,,
688625,social attention Bnat familiya trouhouuu,27100,tiktok,@seven.times,2026-01-02T18:39:23.648723,0,,,,,,,
295411,"أين هو المميز، متوسط سعر المشاوي ما بين داند و روايال و مرڨاز و لحم ( مستورد طبعا ) هو 50 دج على أقصى تقدير أي دج3500=70x50, زيد جاجة ب 700 دج على أقصى تقدير ، زيد فريت + حميص ب 400 دج على أقصى حد، زيد 4 قطع كاممبار ب 300 دج ( مخبيها بالعاني ) أقصى حد + قرعة ڨازوز ب 100 دج، المجموع 5000 دج بأعلى التقديرات ، فأين العرض ؟! عندكم حق تستغلو شعب لا يعرف الرياضيات ولا يستعملها في حياته",9993,Facebook,Dz Forest Restaura,2025-10-13T22:45:03.000Z,2,,,,,,,
164347,في الركن البائس من الحياة؛ هناك دائمًا نافذةٌ للأمل [APPRECIATION],899,instagram,hichamcookgrill,2025-12-18T18:47:37.000Z,0,,,,,,,
819710,sauf celle que vous égorgez avant qu'elle ne soit morte » Sourate 5 Verset 3,73140,tiktok,@pont_hydra,2026-01-02T22:13:48.279110,0,,,,,,,
950806,machaallah . voilà un restaurant digne de ce nom . savoir faire et finesse. bonne continuation.,66024,tiktok,@restaurant.jnan.l,2026-01-02T21:46:43.352083,0,,,,,,,
557596,وين جاي خو. sa position GPS merci beaucoup,19428,tiktok,@helena,2026-01-02T18:16:42.933010,0,,,,,,,
950823,I missed the view,814,instagram,fontaine_dor_restaurant,2025-07-01T17:09:04.000Z,1,,,,,,,
950835,مرحبا بكم,2786,Google Maps,HichamCook Grill House,2023-02-07T20:30:59.557Z,0,,,,,,,
819768,مبروك عليك 8900 كالوري زيوت مهدرجة خميرة فرينة بيضاء. بالإضافة إلى 0 بروتين بصحتك,1869,instagram,snacky_time_kouba,2025-09-15T16:36:23.000Z,6,,,,,,,
688716,pourquoi ya pas ça. à Marseille,25192,tiktok,@lovers_grill,2026-01-02T18:33:07.362126,0,,,,,,,
819792,"Excellent service , avons été bien servies par le charmant Ayoub. Pizza végétarienne succulente . Face à la fac centrale en plein centre ville. Milieu convivial , herboré et bien protégé. Mille bravoooo et bonne continuation.",3702,Google Maps,Laurel Restaurant,2024-11-26T12:53:19.134Z,0,,,,,,,
819797,تحير,41896,tiktok,@street_food,2026-01-02T19:57:53.649956,0,,,,,,,
295511,"Je donne une étoile pour le seul point positif de cet espace c’est le personnel 10/10 sauf la fille à la caisse qui était en appel vidéo en encaissant l’argent des gens ! et la propreté de l’endroit ( 7/10) Sinon pour le reste, la kunafa est infecte même la pire sur la place d’Alger, pour les mojitos ils servent des jus qui tournent en machine comme dans les fast food et pas de vrai mojito, les autres plats était à la moyenne pour des tarifs qui ne sont pas du tout justifiés niveau rapport qualité prix. A déconseiller.",5129,Google Maps,Casbah Istanbul القصبة اسطنبول,2025-08-08T13:23:23.959Z,0,,,,,,,
557655,روعة عندكم الله يبارك,67752,tiktok,@kartaj_oran,2026-01-02T21:53:16.692246,0,,,,,,,
950874,"Service exceptionnel, rapide, attentionné. La nourriture est très bonne avec une quantité généreuse. Je reviendrai avec plaisir.  [APPRECIATION]",6861,Google Maps,American Burger said hamdine,2025-07-20T12:52:57.178Z,0,,,,,,,
426587,وين جاي هذا من صبح نحوس عليه,39538,tiktok,@le_1675,2026-01-02T19:42:35.045148,0,,,,,,,
164443,quel ville silvouplait,48718,tiktok,@cassecroute_dz,2026-01-02T20:37:02.209894,0,,,,,,,
426593,كي نجي نقدر نصورك كي تخدمو ياك ؟,36654,tiktok,@memelkateelkabda,2026-01-02T19:33:59.570084,3,,,,,,,
950883,Congelé arnaque,12184,Facebook,Restaurant San Benito,2025-10-12T22:02:32.000Z,0,,,,,,,
557667,"enfin , de joie  la  [APPRECIATION]",71236,tiktok,@pont_hydra,2026-01-02T22:07:07.993129,1,,,,,,,
426610,Bon concepte avec un très bon accueil,4948,Google Maps,Hicham cook pizza pasta,2020-02-18T17:20:18.166Z,0,,,,,,,
164466,On fait de la pub et on masque le prix du buffet?,1833,instagram,sinai.dz,2025-03-16T16:52:19.000Z,1,,,,,,,
164469,certificat médical franchement jamais vu une Européenne ou américaine qui fait comme elle ! ?,57120,tiktok,@_le216_,2026-01-02T21:17:17.800799,62,,,,,,,
164472,في درنا,66080,tiktok,@restaurant_mani,2026-01-02T21:47:15.239270,1,,,,,,,
426622,trompe l œil ta3houm c est un simple gâteau aux chocolat c n à rien à voir avec les fondants aussi Le jus mokheto samatt big flop zadma,63064,tiktok,@allechante,2026-01-02T21:31:03.371157,0,,,,,,,
688772,"Génial, prochain voyage je viens vous voir",45224,tiktok,@budz,2026-01-02T20:15:53.013139,1,,,,,,,
426631,خليل رحماني لقاوك غبي حشوهالك,10445,Facebook,Dz Forest Restaura,2025-10-13T05:02:37.000Z,0,,,,,,,
164492,Les plats servis froid et cher par rapport à la qualité les serveurs parlent turque et ne comprennent pas l’arabe alors qu’on est en Algérie je vois que c’est un manque de respect pour l’Algérie,5354,Google Maps,قصبة اسطنبول,2024-03-08T22:05:59.152Z,2,,,,,,,
688786,نفوتها فل جامع,66030,tiktok,@restaurant_mani,2026-01-02T21:47:12.759913,32,,,,,,,
950931,صحتين و هنا على قلبك عبد الرحيم,1337,instagram,mahroussaglace,2025-07-10T18:36:25.000Z,1,,,,,,,
295573,Magnifique c’est super bon et le service rien a dire  [APPRECIATION],7410,Google Maps,American Burger said hamdine,2024-11-12T12:16:29.310Z,0,,,,,,,
688792,لالا خويا اي لابلاك حاول ديرها فالطابونة لي يطيبو عليها الكبيرة تشوف الفرق و ادعيلي,41676,tiktok,@street_food,2026-01-02T19:57:49.336055,0,,,,,,,
164506,قاطعوه [INQUIRY],38592,tiktok,@kfc,2026-01-02T19:39:43.088299,0,,,,,,,
426650,"C'était trop bien, l'accueil était chaleureux. Un grand merci au serveur Sofiane, il nous a garanti que les entrecôtes sont bien cuites et que tout se déroule bien. Un goût exceptionnel du grillade et du camembert au four, merci!",2547,Google Maps,HichamCook Grill House,2024-03-03T12:19:52.640Z,4,,,,,,,
688795,À tester inshallah  [APPRECIATION],31886,tiktok,@entracte,2026-01-02T19:14:25.768436,1,,,,,,,
688801,شيخ سماعيل,11555,Facebook,Restaurant San Benito,2025-08-18T10:12:15.000Z,0,,,,,,,
557732,vaisselle de Pierre import  [APPRECIATION],14322,tiktok,@les_jumelles,2026-01-02T18:01:24.676981,0,,,,,,,
950955,Koriro Med زوالي مايفوتش على الطريق تعها,9220,Facebook,,2026-01-01T16:17:52.000Z,0,,,,,,,
426679,بلا قزوز ملينوا ميشربوش شحال تسعدني,10195,Facebook,Dz Forest Restaura,2025-10-13T05:20:25.000Z,0,,,,,,,
164540,امممممم يشهي,67064,tiktok,@bladi_oran,2026-01-02T21:51:33.584053,0,,,,,,,
688831,انا والله لا جيت بصح قلشيني,13238,Facebook,Restaurant San Benito,2025-10-13T13:19:54.000Z,0,,,,,,,
819904,Yahasraaa petit chalet w les souvenirs chabin  [APPRECIATION],68234,tiktok,@le_petit_chalet,2026-01-02T21:54:56.019942,1,,,,,,,
164546,خصتني قعدة في هذا مكان,60328,tiktok,@seraidi.live.z,2026-01-02T21:22:47.965520,0,,,,,,,
819918,"Ouiii, le carré a marqué les esprits. Quels beaux souvenirs ! Lors de ma prochaine visite dz, je ne manquerai pas de passer.",32216,tiktok,@le_carre_restaurant,2026-01-02T19:14:51.260315,0,,,,,,,
426702,سوق السيارات قلنا الله غالب مكانش الإستراد،بصح ليبروشات وجاجة بهاذ السومة? بلاك السر راهو فالقرعة قازوز لي مشفناهاش,9697,Facebook,Dz Forest Restaura,2025-10-12T19:56:33.000Z,77,,,,,,,
426707,"Terrible service! The staff was rude and inattentive especially the MANAGER . “He said to my sister if you didn't like a pizza and you decided not come back again is your problem” ""The prices also are exorbitant for what you get. The food was mediocre at best, I expected a lot more for the amount I paid. Not value for money. """,4483,Google Maps,هشام كوك بيتزا,2024-01-11T02:28:40.591Z,0,,,,,,,
819924,Il faut réserver ?,22358,tiktok,@beef_cote,2026-01-02T18:24:12.560919,1,,,,,,,
295640,j'en ai mangé beaucoup à Tlemcen. très bien préparés,72556,tiktok,@pont_hydra,2026-01-02T22:13:25.580898,0,,,,,,,
426714,هداك الله,10308,Facebook,Dz Forest Restaura,2025-10-13T08:58:11.000Z,0,,,,,,,
295644,Le restaurant c appelle jomane a dely Brahim  [APPRECIATION],23552,tiktok,@jomane,2026-01-02T18:26:23.435952,25,,,,,,,
557788,كاين مشروبات كحولية,23362,tiktok,@moonzrestaurant,2026-01-02T18:25:41.909373,0,,,,,,,
426718,j'étais un client fidèle jabtolna had la poubelle haramto 3lina blasa,70802,tiktok,@cintra,2026-01-02T22:01:14.580852,5,,,,,,,
295647,تجربة اكثر من رائعة مكان جميل عائلي نظيف جدا ،خدمة سريعة ، كمية الأكل جدا كافية . أنصحكم به .,6717,Google Maps,American Burger Factory,2025-09-01T19:07:49.624Z,0,,,,,,,
164593,C est beau j ai habité à Hydra c'est exactement,71798,tiktok,@dar.zellige.hydra,2026-01-02T22:11:00.780370,0,,,,,,,
819956,Excellent resto. Nous sommes venus en famille et l’accueil a été au top Les plats sont très généreux et très bon. Je recommande vivement cette adresse à deux pas de la grande poste,3638,Google Maps,Laurel Restaurant,2025-08-10T11:04:45.859Z,0,,,,,,,
688886,Au niveau de l’hôtel !,24648,tiktok,@laturquoisehotel,2026-01-02T18:30:26.774636,4,,,,,,,
819966,كش نهار نجربها قالو بنينة حتى وكلاها شحال من واحد باقي براكة,57260,tiktok,@_le216_,2026-01-02T21:17:20.268693,0,,,,,,,
164626,Les prix trés Précieux,2345,Google Maps,HichamCook Grill House,2025-06-20T10:45:27.919Z,0,,,,,,,
819990,"Première fois que je suis satisfait dans un fast-food en Algérie sur tous les plans, de la bonne bouffe, généreuse et un rapport qualité/prix qui vaut le coup. Le service était rapide, et les serveurs très aimables. Concernant le lieu, on ne sent pas que c'est une déco j'ai aimé ça, on dirait vraiment que c'est américain. Un seul hic, le stationnement n'est pas évident.",4899,Google Maps,Hicham cook pizza pasta,2021-06-14T15:52:30.045Z,1,,,,,,,
688919,"La cuisine est bonne comme toujours, le service pareil , concernant les prix , c’est pas excessivement cher mais c’est pas donné non plus , le seul bémol du restaurant de Beb ezzouar c’est l’emplacement des tables, si vous recherchez la discrétion c’est pas le bonne endroit, certaines tables se trouve au milieu du restaurant, les autres sont collés, trop de bruit …",5881,Google Maps,Casbah Istanbul,2025-08-14T21:24:19.139Z,0,,,,,,,
951063,المطعم عادي والاكل السيء 0. 5,6809,Google Maps,American Burger Factory,2025-08-02T23:53:54.970Z,0,,,,,,,
688928,الله يبارك ماشاء الله ربي يوفقكم إن شاء الله خدمة معاملة شهية طيبة وسعر في المتناول,8908,Facebook,"

Sultan Restaurants",2025-10-20T12:31:48.000Z,1,,,,,,,
295725,Super restaurant plats très copieux et très bon sur 4 étage bien décoré,7345,Google Maps,Restaurant À Petit Feu,2024-08-04T08:42:03.994Z,0,,,,,,,
820018,يحب أحب والله متربحو حتا وما ديان خين,44082,tiktok,@dzforestrestaurants,2026-01-02T20:11:36.764966,0,,,,,,,
688946,شحال دار هدا الطاكوس  [COMPLAINT],502,instagram,"brother.ts
",2024-07-15T12:01:12.000Z,0,,,,,,,
951092,عرفت الوصفة سرية نتاع ماكلة برا المقادير هي الفطريات . العفن بكتيريا ميكروبات الوسخ,42126,tiktok,@street_food,2026-01-02T19:58:01.090632,0,,,,,,,
688950,Great,2916,Google Maps,HichamCook Grill House,2022-05-12T07:01:13.927Z,0,,,,,,,
164697,"Nous avons pris deux pizza "" végétarienne et Fermier"", deux mojito, petite bouteille d'eau et une crème brûlée tout était très bon, et nous n'avons payé que 3050 Dinars, le serveur a bien assuré son service avec le sourire et la courtoisie. Sinon le reste du menu me semblait très abordable, entrecôte grillée à 1800 dinars et je crois que c'était le plat le plus cher, y'avait des pâtes, des burgers, des salades, gratins, de l'escalope en plat, . . En gros, j'étais agréablement surprise. Espérant que la qualité ""service et restauration"" sera maintenue.",4645,Google Maps,Hicham cook pizza pasta,2025-07-29T07:52:21.708Z,0,,,,,,,
688987,"Un bon restaurant où on mange bien avec des prix abordables, un décor parfait et un accueil professionnel .",56686,tiktok,@bamboo_annaba,2026-01-02T21:16:03.792127,0,,,,,,,
426854,كي تخلط عصومي مع وليد مع حكيم عنابة,49408,tiktok,@chicks_nook,2026-01-02T20:40:22.783029,0,,,,,,,
557927,C celui de phénix ? !,64038,tiktok,@restauranttrattoriaoran,2026-01-02T21:34:08.809217,1,,,,,,,
557938,كايا افصي,37804,tiktok,@kfc,2026-01-02T19:39:21.195885,3,,,,,,,
689015,Trop bon mashallah et service très rapide,7226,Google Maps,American Burger said hamdine,2025-04-03T18:49:18.893Z,0,,,,,,,
164729,انه مكان رائع,2500,Google Maps,HichamCook Grill House,2024-05-13T13:36:07.551Z,0,,,,,,,
820095,Le meilleur sûr Alger,7807,Google Maps,Restaurant À Petit Feu,2023-08-13T16:41:06.095Z,1,,,,,,,
951167,boulevard des voleurs,63086,tiktok,@allechante,2026-01-02T21:31:04.202463,0,,,,,,,
295809,ما شاء الله . من حيث الموقع . موقع ممتاز و الباركينق موجود قداام المطعم . من حيث الاستقبال. استقبال ما شاء الله أناقة و نظافة . العمال كلهم شبان . اما فيما يخص الأكل . عالمي . عالمي . عالمي,6532,Google Maps,Restaurant À Petit Feu,2025-10-09T20:43:58.489Z,0,,,,,,,
295811,Thala معناها منبع الماء,27478,tiktok,@thala,2026-01-02T18:44:48.001874,2,,,,,,,
557956,Le service catastrophique,62610,tiktok,@allechante,2026-01-02T21:30:53.187059,2,,,,,,,
951175,في متناول كريستيانو رونالدو,33320,tiktok,@ambiancefood,2026-01-02T19:21:12.263618,0,,,,,,,
557966,Àbd Ęl Jālįl لالا مرغاز تاع الزرافة يستقاملو غالي يروح حتى تانزانيا باش يجيبو,9867,Facebook,Dz Forest Restaura,2025-10-13T18:31:39.000Z,0,,,,,,,
557968,Amine Adel أنا أفهم تماما ما تقصده، لكن في بعض الأحيان الناس تحتاج إلى سماع آراء مختلفة و وجهات نظر أخرى، و هذا ما يجعل النقاشات مفيدة و بناءة,9935,Facebook,Dz Forest Restaura,2025-10-13T05:13:05.000Z,0,,,,,,,
951196,Albert Albert حتي نمركي روحي فى قرعه حج [COMPLAINT],12799,Facebook,Restaurant San Benito,2025-10-13T12:27:56.000Z,0,,,,,,,
295842,Superbe de bout en bout de l'entrée au dessert. Le caracoya une valeur sûre d'Alger.,3431,Google Maps,Caracoya,2024-05-09T14:57:53.689Z,0,,,,,,,
426916,هذا الإنسان والله ما يحمله قلبي كأني أرى في عينيه الخبث والكراهية والعلم لله,11566,Facebook,Restaurant San Benito,2025-07-27T01:27:14.000Z,0,,,,,,,
426919,الاسعار خويا في متناول الطبقات كل client,50774,tiktok,@broaster_chiken,2026-01-02T20:59:44.958895,1,,,,,,,
820138,La nourriture etait bonne et a la hauteur Les service est bon sauf un peu désorienté a cause du grand nombre des clients La disposition des tables a discuter car elles sont trés proches les unes des autres,2846,Google Maps,HichamCook Grill House,2022-12-02T07:37:08.350Z,0,,,,,,,
557995,vraiment de très bn prix bn continuation,36918,tiktok,@restaurant.madala,2026-01-02T19:34:41.737919,1,,,,,,,
295861,Est-ce que vous faites la livraison,45502,tiktok,@budz,2026-01-02T20:16:00.447724,0,,,,,,,
951222,"Un des meilleurs restaurant italiens àOran, et je connais toutes les spécialités italiennes par mes voyages en Italie  j'arriiiiiiiive bientôt ciao à tutti  [APPRECIATION]",65342,tiktok,@frono_oran,2026-01-02T21:43:06.019492,0,,,,,,,
164790,Food  [APPRECIATION],59430,tiktok,@maestro_dz13,2026-01-02T21:21:33.231880,1,,,,,,,
951226,c'est des prix très raisonnables .,36794,tiktok,@restaurant.madala,2026-01-02T19:34:39.262695,1,,,,,,,
295868,عنوان المحل من فضلك,10302,Facebook,Dz Forest Restaura,2025-10-13T13:53:08.000Z,0,,,,,,,
820160,كاين توصيل اغزراوزريف,36866,tiktok,@restaurant.madala,2026-01-02T19:34:40.863663,1,,,,,,,
558017,نموت عليك,13201,Facebook,Restaurant San Benito,2025-10-13T11:27:41.000Z,0,,,,,,,
164802,oooh hayat sérieux,72690,tiktok,@pont_hydra,2026-01-02T22:13:30.581087,0,,,,,,,
558020,Fouquets hhhhhhhh,15388,tiktok,@fouka.marine,2026-01-02T18:07:33.991892,2,,,,,,,
426963,hayet fait nous des live  [APPRECIATION],72662,tiktok,@pont_hydra,2026-01-02T22:13:29.189476,0,,,,,,,
689109,قاعة أعراس فوق ريسطو,51584,tiktok,@broaster_chiken,2026-01-02T21:00:02.374299,0,,,,,,,
426967,gedah livraison les allemands,50092,tiktok,@king_food23,2026-01-02T20:58:41.718920,1,,,,,,,
951260,C où ? Pour venir avec les enfants ce week-end,35050,tiktok,@sinai,2026-01-02T19:28:03.488723,0,,,,,,,
951267,"Super deco , équipe jeune et professionnelle. Un endroit très agréable pour une sortie entre amis ou en famille.",4939,Google Maps,Hicham cook pizza pasta,2020-09-03T15:40:34.283Z,0,,,,,,,
951270,prochain café les filles,2210,instagram,teyr_ellil,2025-11-11T09:57:57.000Z,2,,,,,,,
426983,l'Algérie le restaurant à Oran j'aime beaucoup,68706,tiktok,@cote_oran,2026-01-02T21:57:32.413685,7,,,,,,,
689130,"bjr tous le monde. j ai vecu a Annaba en 79, 80 et 81 et puis 2 jours en 2013. j ai laisse mon coeur et mon ame labas. et a la gin j ai meme mariè une auperbe femme algerienne (algeroise).",56382,tiktok,@the_chef_house_23,2026-01-02T21:14:41.293094,0,,,,,,,
558060,أفضل و اغلى,58964,tiktok,@maestro_dz13,2026-01-02T21:21:21.597245,1,,,,,,,
558070,كل حاجة بطبع مشاء الله الله يبارك سورتو السارفيس وكريم  [APPRECIATION],8080,Google Maps,American Burger Factory,2025-02-03T13:02:53.300Z,0,,,,,,,
427013,كما كل عام نفوتها فالدار. غ هاد العام بلا ميما خاطر مشات عليا ف 30 اكتوبر الله يرحمك ويوسع عليك ياميمتي,66032,tiktok,@restaurant_mani,2026-01-02T21:47:12.759923,7,,,,,,,
820236,La première fois ils sont pas de mauvaise fois respect,68770,tiktok,@cote_oran,2026-01-02T21:57:33.645111,2,,,,,,,
164884,Un restaurant très sympa et agréable Les plats bien garnis et généreux Les serveurs souriant  Music a l'italienne 10/10 chapeau bas,68438,tiktok,@patus_oran,2026-01-02T21:56:17.702751,0,,,,,,,
295957,aprés on peut gouter de tous les plats,25170,tiktok,@lovers_grill,2026-01-02T18:33:07.362104,0,,,,,,,
427038,Chaque année de passage à Bab Ezzouar je mange dans ce lieu c’es trop bon,6071,Google Maps,Casbah Istanbul,2023-08-22T00:04:06.164Z,0,,,,,,,
427045,Franchement c'était normal le truc qui m'as pas plu c'était l'accueil en plus de ça on avait envie de changer de table et le mec nous a dit nn elle est pour d'autre personne franchement c'est irrespectueux,8656,Google Maps,American Burger Factory,2021-12-10T09:24:32.287Z,0,,,,,,,
295975,C’était bon mes pas exceptionnel ! Faudrais revoir vos tarif qui sont très élever ! pour une viande oui je suis d’accord mes pour proposer des entres (betteraves) à 900d ou des jus à 900d sa fait cher en famille,2691,Google Maps,HichamCook Grill House,2023-07-14T21:17:30.359Z,2,,,,,,,
558121,قداه تفريلي مشكل فدالي براهيم وشكرا,18176,tiktok,@restaurantabarkannaba,2026-01-02T18:15:07.273643,0,,,,,,,
820265,Dz Forest Restaurant وين هذا,9067,Facebook,Dz Forest Restaura,2025-10-27T07:29:05.000Z,0,,,,,,,
951338,Je confirme qu'il sont excellent,9274,Facebook,,2025-10-20T17:51:35.000Z,0,,,,,,,
820273,مطعم الحاجة سرايدي,59238,tiktok,@maestro_dz13,2026-01-02T21:21:26.361284,0,,,,,,,
558135,c'est ou svp! au lieu de dire c'est cher et j'ai la même chose chez ma mere soutenez vos frères punaise!,34856,tiktok,@sinai,2026-01-02T19:27:59.300947,2,,,,,,,
164972,bonne réception,6188,Google Maps,Casbah istanbul,2023-03-26T11:41:26.589Z,0,,,,,,,
689261,tres bonne T-bone,2799,Google Maps,HichamCook Grill House,2023-01-24T21:31:31.555Z,0,,,,,,,
951407,Resto pour les riches qui friment. Allez y,32854,tiktok,@seven.times,2026-01-02T19:17:53.922554,0,,,,,,,
164977,A good restaurant serving a varied selection of Turkish dishes. The food is quite delicious and beautifully presented.,5680,Google Maps,Casbah Istanbul القصبة اسطنبول,2022-05-19T09:08:31.948Z,2,,,,,,,
164978,بلاش مايحلاش,41742,tiktok,@street_food,2026-01-02T19:57:50.212545,0,,,,,,,
689272,c'était la coupole y'a hasrah,14194,tiktok,@les_jumelles,2026-01-02T18:01:21.546571,1,,,,,,,
427129,glamorous and charming,22712,tiktok,@le_perchoir,2026-01-02T18:25:11.147753,0,,,,,,,
689276,اغتشي,72514,tiktok,@pont_hydra,2026-01-02T22:13:24.695634,0,,,,,,,
689277,كاين التوصيل؟,17142,tiktok,@casa_burger1,2026-01-02T18:11:29.349454,0,,,,,,,
689279,قلشيني سيدتي مانبغيش نڨي نبغي نوكل ديراكت,13314,Facebook,Restaurant San Benito,2025-10-27T07:28:09.000Z,0,,,,,,,
427140,سيو برك ماتطولوش فسارفيس,26706,tiktok,@labelladalger16,2026-01-02T18:37:04.993561,0,,,,,,,
427141,"rien a voir mais a quand le restaurant golan, si ce peuple a le courage de récupérer son du",33030,tiktok,@sinai,2026-01-02T19:18:32.721284,0,,,,,,,
689288,Le prix svp de ce plat,10422,Facebook,"  Restaurant elassil








",2025-12-17T15:40:34.000Z,0,,,,,,,
951434,تتشهاي ليريستوري كيما هاك تتفكري الاولاد تبطلي,19158,tiktok,@helena,2026-01-02T18:16:29.502779,0,,,,,,,
165004,"Wonderful Indian cuisine, mesmerizing Indian decoration and great variety of foods in the menu. Recommended to enjoy dining with Indian friends to know more about each dish!",3130,Google Maps,تاج محل بن عكنون,2023-02-23T11:03:19.228Z,0,,,,,,,
689292,حرڨتيهم,58300,tiktok,@vilageneige_annaba,2026-01-02T21:19:50.055692,0,,,,,,,
558222,c est ou?,14890,tiktok,@lassiette.algeroise,2026-01-02T18:06:50.625052,0,,,,,,,
951450,صلى الله عليه افضل الصلاة والسلام,55198,tiktok,@atlas.immo.annaba,2026-01-02T21:13:07.503376,1,,,,,,,
296090,نصو كل عجين,33984,tiktok,@restaurant_gizay,2026-01-02T19:22:56.507968,0,,,,,,,
427180,bonois,56018,tiktok,@mfood.annaba,2026-01-02T21:14:17.092388,1,,,,,,,
165049,on nous a servi sandwich et poutine tout 2 froid.  [COMPLAINT],28670,tiktok,@american.burger.tizi,2026-01-02T18:47:31.474895,0,,,,,,,
951486,يجوني كيف كيف واقيلا عندكم اختلال فالذوق [INQUIRY],42394,tiktok,@street_food,2026-01-02T19:58:07.057149,0,,,,,,,
165055,وينا بلاصة هذا,28014,tiktok,@amine.lacantine,2026-01-02T18:45:36.156421,0,,,,,,,
296130,يوسف ابو معاذ والله ياالثري لي جامي كلا كران وفريت ادي علينا حكايتك وفيما يخص ثمن الأكلة راه معقول صح,9881,Facebook,Dz Forest Restaura,2025-10-13T06:00:55.000Z,0,,,,,,,
951491,سيدي يحي,2813,Google Maps,HichamCook Grill House,2023-01-05T23:47:39.842Z,0,,,,,,,
951493,j'y suis allée plusieurs fois avec de ma famille la nourriture est trop bonne!,22574,tiktok,@le_perchoir,2026-01-02T18:25:08.690404,2,,,,,,,
165063,"Franchement top top Allah y barek. que ce soit le service, le goût , la rapidité tout était au top",2607,Google Maps,HichamCook Grill House,2023-11-12T22:18:17.811Z,1,,,,,,,
427222,عندي امرأة و3 أطفال هاي ولات،10000دج وين رخيسة,71118,tiktok,@paradou_restaurant,2026-01-02T22:04:58.186476,0,,,,,,,
296157,جربو ليلي حلب وردولي لخبر,59736,tiktok,@maestro_dz13,2026-01-02T21:21:40.561742,0,,,,,,,
558305,win fi Dely Ibrahim '. na3raf seven tims la villa Hada win,32602,tiktok,@seven.times,2026-01-02T19:17:41.334095,0,,,,,,,
689390,ماشاء الله تبارك الله روعة انا عندي عيد زواجي في 19نوفمبر عطوني سعرر شخصين,67220,tiktok,@bladi_oran,2026-01-02T21:51:39.728527,0,,,,,,,
951537,dans quelle ville syp tu m'as trop donné envie de venir déguster tes plats,34852,tiktok,@sinai,2026-01-02T19:27:59.300929,3,,,,,,,
689394,"Best foreign restaurant. If you like Indian cuisine, you will be fulfilled. I ve been eating there for at least 15 years and quality has always improved. The staff is extremely polite and remembers your favorite food. The cooks are fast and waiting time is always below 10 mn. Favorites are : daal / murg pakiza / saag paneer",3190,Google Maps,تاج محل بن عكنون,2021-07-04T16:08:50.666Z,1,,,,,,,
427249,التوصيل فوق طلبية 1500 سينو تخلص التوصيل,47942,tiktok,@rahmani_food,2026-01-02T20:34:20.221951,44,,,,,,,
820473,Mohamed Solo العايلة حابة تاكل الواجد ما طيب ما غسل.,10287,Facebook,Dz Forest Restaura,2025-10-13T22:35:58.000Z,0,,,,,,,
165116,"Les burgers était bon moi je dirais que le prix est un peu élevé comparé à la concurrence, le service dans la salle était très chaleureux oui, mais l'état des lieux commence à se dégrader et en plus le serveur avait oublié une commande du coup après 45 minutes d'attente j'ai dû annuler la commande, le caissier était vraiment pas accueillante, au final je penserai pas remettre les pieds de sitôt",8769,Google Maps,American Burger Factory,2019-12-03T16:47:04.175Z,7,,,,,,,
427261,اسمحيلي ختي بزاف غالي,21094,tiktok,@triple_,2026-01-02T18:22:01.861483,0,,,,,,,
165122,l9lach w lbena l'équipe machallah,68486,tiktok,@my_pizza_oran,2026-01-02T21:56:36.260873,1,,,,,,,
558339,صدمة في حيط,13130,Facebook,Restaurant San Benito,2025-10-30T12:20:03.000Z,0,,,,,,,
820482,Sah 3andou des prix vraiment raisonnables,19544,tiktok,@sultan,2026-01-02T18:17:17.404492,2,,,,,,,
165127,"J’ai fait une commande pendant Ramadan et c’était très bon, la pizza était très très épicé  mais c’était par ce que j’avais pas fait attention au menu, franchement nos fast food sont bien meilleures qu’à l’étranger! Keep up the good work",4354,Google Maps,هشام كوك بيتزا,2024-05-11T11:17:51.001Z,1,,,,,,,
951561,"Toute contente à l'idée de prendre mes parents dans un restaurant qui fait de la bonne viande. Je fût très déçue par ce que j'ai trouvé : 1/ hmiss sans aucun goût, assaisonné par une huile à très mauvais goût que je trouve dans les fast-food à la place de l'huile d'olive 2/ une entre cote dont la viande est coupée très fine, c'est normal qu'elle soit déshydratée et dure à la mastication, l'accompagnement n'est pas fameux à un point de ne même pas trouver la salade qui va avec bonne ! Les frittes étaient bonnes 3/ chorba frik ou chorba a la cannelle ? Elle est à la limite dégueulasse 4/ le poulet à la crème était bon, hamdoulilah hhhh 5/ je vous laisse voir la photo de ce qu'a pris ma mère ! Ceci dit, je n'ai pas été encouragée pour prendre un dessert ni mes parents d'ailleurs L'ambiance était agréable, le parking à l'intérieur, le personnel était accueillant En conclusion : j'aurais pu manger 10 fois plus bon pour 3 fois moins cher ailleurs. Ça sera malheureusement ma première et dernière fois chez hicham cook",2394,Google Maps,HichamCook Grill House,2024-12-18T03:53:41.974Z,0,,,,,,,
558349,et puis quoi . les cuisses de grenouilles,73784,tiktok,@pont_hydra,2026-01-02T22:14:04.047649,0,,,,,,,
820498,Chesse burger اقل من العادي Rien de spécial ni le pain ni une sauce zama fait maison rien de rien celui de djelloul est plus bon et j’ai commandé un jus 3 étages la fraise avait me goût pourris malheureusement Cheese hada 065da ca ne vaut pas le cout,4664,Google Maps,Hicham cook pizza pasta,2025-05-19T14:01:42.736Z,0,,,,,,,
689434,رانا محرقين منجموش نزوروكم لي معندوش ياكل [APPRECIATION],50744,tiktok,@broaster_chiken,2026-01-02T20:59:42.104957,1,,,,,,,
951580,Quel école que t'as appris de cuisiner et en plus pas de gants pour l'hygiène,11898,Facebook,Restaurant San Benito,2025-08-26T11:28:04.000Z,0,,,,,,,
296224,كميا كميا يكلوها قطوطه هدي اتقو الله ولدي ء3 سنين متشبعوش احشموو,9915,Facebook,Restaurant Tabarka Annaba,2025-12-23T21:59:16.000Z,0,,,,,,,
820516,Kheiro Fc Barça يادرة القسم والكليز ارحي الطاسة,13356,Facebook,Restaurant San Benito,2025-10-13T17:59:57.000Z,2,,,,,,,
296239,"Une découverte formidable, une expérience très agréable ! J'ai eu l'occasion de visiter cet endroit deux fois en une semaine, tellement j'étais satisfaite de mon expérience. Le goût est excellent, le service est rapide, les prix sont abordables, l'ambiance est calme, l'endroit est très propre et spacieux avec différentes pièces. Je les félicite et leur souhaite une excellente continuation. J'espère qu'ils maintiendront ce niveau de qualité. Une petite remarque : le serveur demandait à chaque fois si nous avions besoin de quelque chose. Je leur conseille de ne pas le faire, sinon, bravo à vous et bon courage.",7631,Google Maps,Restaurant À Petit Feu,2024-01-22T09:08:04.520Z,3,,,,,,,
820533,المواطن دائما يبحث عن الثمن واما المطاعم توجد في كل قنت ودورة,66634,tiktok,@bladi_oran,2026-01-02T21:51:11.463895,90,,,,,,,
296245,Très beaux et je pense très bon Masha الله  [APPRECIATION],23466,tiktok,@khayma.naqa,2026-01-02T18:25:57.822581,0,,,,,,,
165175,Tres intéressée,10788,Facebook,"  Restaurant elassil








",2025-12-17T15:36:04.000Z,0,,,,,,,
165173,ماشا لله ربي يبارك لاهل ويجعلها عتبة مربوحة انشا لله يبقى نظيف ومليح,50864,tiktok,@broaster_chiken,2026-01-02T20:59:46.444069,0,,,,,,,
427325,Koriro Med راهي باينة أخي السيد يخدم غير مع .,9156,Facebook,"

Restaurant Casa Bella - Draria",2025-12-03T10:05:58.000Z,1,,,,,,,
951626,Très bon resto turc bonne présentation service impeccable ! On se régale ! Bravo . Prix à la hauteur de la prestation !,6345,Google Maps,Casbah Istanbul,2020-02-25T11:58:38.825Z,1,,,,,,,
820561,"Service impeccable, brunch sucré délicieux",3610,Google Maps,Laurel Restaurant,2025-10-22T12:12:47.892Z,0,,,,,,,
165201,Vous donnez pas d adresse,10537,Facebook,"  Restaurant elassil








",2025-12-19T22:40:08.000Z,0,,,,,,,
558423,سبحان الله في العالم كامل الأسماك في متناول المواطن إلا في الجزائر مازالت عصابة الأسماك تتحكم في السوق مع خط الساحل الطويل و العريض لكن لا نعلم لماذا لا تضع الدولة حدا لهذه الإنتهاكات رغم أن ما يوجد في البحر من عند الله لا زرع ولا سقي حسبنا الله و نعم الوكيل,11852,Facebook,Restaurant San Benito,2025-08-17T17:58:19.000Z,0,,,,,,,
689503,"Le forestier je tuerai pour ce burger il est mais tellement bon que tu sent qu'il te fait en câlin en retour, méga calorique tu dois repartir à pied et faire le tour de Kouba pour espérer perdre les calories que tu englouti mais je ne peux pas y résister (j'ai faim maintenant T_T je souffre)",6628,Google Maps,American Burger Factory,2025-09-12T21:00:29.816Z,0,,,,,,,
820578,بلادنا جنة الله فوق الأرض,60360,tiktok,@seraidi.live.z,2026-01-02T21:22:48.839850,0,,,,,,,
558439,باسك تع الدار نضيف,41992,tiktok,@street_food,2026-01-02T19:57:56.860875,0,,,,,,,
427383,خليل رحماني ماشي الناس كامل يكلخولها حبيبنا الناس ماشي كيف كيف نتا ما تعرفش صلاحك,10571,Facebook,Dz Forest Restaura,2025-10-13T10:24:42.000Z,0,,,,,,,
951678,we have funny games,31408,tiktok,@jungle_alger,2026-01-02T19:12:08.685161,0,,,,,,,
165254,"L'expérience dans cette pizzeria a été décevante à plusieurs égards. Le temps d'attente était excessivement long, et le service était incroyablement lent. En fin de dîner, les serveurs ont créé un environnement stressant en nous pressant de quitter la pizzeria pour libérer la table, ce qui a considérablement altéré notre plaisir. La pizza elle-même était loin d'être délicieuse, avec une pâte trop fine et l'association de poulet épicé dans une pizza à la crème fraîche s'est avérée peu appétissante. Globalement, une expérience peu recommandable.",4560,Google Maps,هشام كوك بيتزا,2023-12-15T18:15:37.148Z,0,,,,,,,
558476,"Ça a beaucoup changé, je ne recommande pas. La cuisine est très moyenne, et l'endroit est mal entretenu, pour ne pas dire sale. La décoration ne fait pas tout, malheureusement. Et mettez du produit anti cafards, ça serait sympa.",4760,Google Maps,Hicham cook pizza pasta,2023-05-07T15:06:48.300Z,2,,,,,,,
558477,ici en France on mange jamais chez eux,38934,tiktok,@kfc,2026-01-02T19:40:00.958227,0,,,,,,,
296334,"Un immense merci à tout le restaurant pour cette magnifique soirée du réveillon 2026  L’endroit était splendide, l’équipe accueillante et professionnelle, le service impeccable, le menu délicieux et raffiné  Un grand bravo également au chanteur ( khouya lgheli  ) qui a sublimé la soirée, sans oublier l’ambiance exceptionnelle qui a rendu ce moment inoubliable. Tout était parfaitement organisé  nous avons passé une soirée magique. Merci pour ces beaux souvenirs et très bonne année 2026 à tout le monde  [APPRECIATION]",738,instagram,diyarbakir_restaurant_,2026-01-01T11:21:49.000Z,3,,,,,,,
689553,comment il s'appelle le restaurant ?,26426,tiktok,@rosa.astuce,2026-01-02T18:35:29.359986,1,,,,,,,
689556,"A vrai dire, le Fast Food est meilleur en terme de décoration et de présentation, avec plus de brio",49450,tiktok,@kik.sfood21,2026-01-02T20:41:11.566261,1,,,,,,,
558487,شكرا راكوم جيراني,40042,tiktok,@streetburger02,2026-01-02T19:44:05.415949,0,,,,,,,
689564,زوج حبات كلمار كونجلي ب 150 الف. الله يهديكم,12137,Facebook,Restaurant San Benito,2025-10-13T14:30:05.000Z,0,,,,,,,
427428,شوفنا مراقد تاع 100 ألف هذا الايام,16340,tiktok,@mardoum,2026-01-02T18:08:10.555275,0,,,,,,,
951724,شعر ZBi لي راه في وجهك ياكل معاك يا بوترمة ال٤جيبة ؟,11146,Facebook,Restaurant Casa Bella - Draria,2025-08-18T08:16:41.000Z,1,,,,,,,
820654,es k vous faites que du poisson,56588,tiktok,@terre_et_mer_annaba,2026-01-02T21:15:48.336817,0,,,,,,,
820665,أكل لي محلمتش بيه في منامي [BOUFFE],44198,tiktok,@dzforestrestaurants,2026-01-02T20:11:40.511683,0,,,,,,,
689605,بيتزا تستحق التجربة,4295,Google Maps,هشام كوك بيتزا,2024-07-08T19:10:48.437Z,0,,,,,,,
558539,Tres bonne pizza au fau du bois pr moi c la meilleure pizza que j’ai mangé de ma vie,4208,Google Maps,هشام كوك بيتزا,2024-09-07T11:52:21.715Z,0,,,,,,,
296399,جوبوني قهوة كرب مازال 500,63126,tiktok,@restaurantcarthage,2026-01-02T21:31:19.065945,0,,,,,,,
296404,خامج وبنين مقولة عالمية [COMPLAINT],42206,tiktok,@street_food,2026-01-02T19:58:02.743679,0,,,,,,,
951765,KFC avec les pattes de,38980,tiktok,@kfc,2026-01-02T19:40:01.812286,0,,,,,,,
427479,Le jour où l’Égypte a une gastronomie faite moi signe,33112,tiktok,@sinai,2026-01-02T19:18:35.402106,3,,,,,,,
820700,Pînk Fløwėr سكالوب 3الاف و حتى اللحم ماشي غالي 4الاف,9807,Facebook,Dz Forest Restaura,2025-10-15T01:21:08.000Z,0,,,,,,,
951775,WINE RESTAURANT FEL PAKISTAN AUCUNE ADRESSE,14876,tiktok,@lassiette.algeroise,2026-01-02T18:06:50.624979,0,,,,,,,
951777,My favorite two colors together  [APPRECIATION],23574,tiktok,@jomane,2026-01-02T18:26:24.548396,1,,,,,,,
951784,La bouffe est bonne,3738,Google Maps,Laurel Restaurant,2024-07-24T17:50:27.447Z,0,,,,,,,
165356,l endroit mon dieu  [COMPLAINT],43100,tiktok,@hocine.chapati,2026-01-02T20:03:46.401456,6,,,,,,,
558590,c'est très très délicieux Masha allah a refaire très bientôt incha allah [APPRECIATION],34870,tiktok,@sinai,2026-01-02T19:27:59.300965,1,,,,,,,
296447,c'est où ce restaurant,34796,tiktok,@sinai,2026-01-02T19:27:57.433349,2,,,,,,,
558592,"Like everywhere else in the surrounding area, you only come to such places for nice photos and to enjoy the atmosphere. I wouldn't come here expecting to be blown away with the food. We only got drinks and a cheesecake so I cannot speak about the food here, but it was mid at best. The hot chocolate was exactly the same as the instant powder we can get at the supermarket, the latte was just okay, and the cheesecake was frankly bad and too small. The only reason I'd come back here is to try the food.",3794,Google Maps,Laurel Restaurant,2023-11-12T16:56:08.872Z,9,,,,,,,
427523,و الاسعار,58002,tiktok,@la.nouvelle.etoile0,2026-01-02T21:19:28.205380,2,,,,,,,
820741,oui c est vrai  [APPRECIATION],29906,tiktok,@glacito_douera,2026-01-02T18:53:10.966599,0,,,,,,,
558603,لحم دواب منتمنوهمش ردو بالكم,12720,Facebook,Restaurant Rais,2025-10-13T05:47:32.000Z,0,,,,,,,
951829,مقاطعووونوتحيا فلسطين,38928,tiktok,@kfc,2026-01-02T19:40:00.228573,0,,,,,,,
427560,Pour une fois matchahinich . its toooo much,455,instagram,"brother.ts
",2025-07-30T13:40:26.000Z,114,,,,,,,
165420,كاين نتا وكاين واحد في لاري بابي كليت عندكم مشاء الله بنة ونظافة ومعاملة وسومة,56488,tiktok,@nacer.fast.food,2026-01-02T21:14:57.264668,1,,,,,,,
820783,بنا فی عرق وبعض بکتیریا,42434,tiktok,@street_food,2026-01-02T19:58:07.879580,0,,,,,,,
427567,كاين توصيل بلقايد,70642,tiktok,@my_pizza_oran,2026-01-02T22:00:41.861483,1,,,,,,,
165431,"La bouffe est une catastrophe littéralement, ne perdez pas votre argent vous serez déçus. Une expérience à ne pas répéter.",5480,Google Maps,قصبة اسطنبول,2023-07-13T20:47:13.338Z,0,,,,,,,
296510,"Montrez plutôt les plats et prix, moi je ne vais pas manger la vue, un coucher de soleil à 5000 Da",15512,tiktok,@fouka.marine,2026-01-02T18:07:36.650684,1,,,,,,,
689734,"Très bonne kunafa, service un peu long mais ya beaucoup de monde donc on comprend",6185,Google Maps,Casbah Istanbul,2022-09-26T23:05:41.864Z,0,,,,,,,
165447,دخلت نعرف السومة تاعو برك  [INQUIRY],39842,tiktok,@streetburger02,2026-01-02T19:43:58.833990,0,,,,,,,
165452,من افضل المطاعم الي جربتها فالقبه متخصص باللحم لذيذ جدا واسعاره جميله ومعقوله  [APPRECIATION],6603,Google Maps,American Burger Factory,2025-10-27T15:46:11.490Z,0,,,,,,,
820814,Mansøur Møu Řad أنت اللي ماكليتش المرقاز من 2010,10280,Facebook,Dz Forest Restaura,2025-10-13T21:11:39.000Z,0,,,,,,,
427599,لي تحب تدخل معنا لاسطورة تبعتلي بريفي رانا حالين غير بنات,19434,tiktok,@helena,2026-01-02T18:16:42.933030,0,,,,,,,
296529,نار تشعل فالأسعار ونحير فناس دايرين لاشان باه يدخلون ياكلووعندو اومبعد تلقاهم يشتكو من غلاء البطاطا وووو,1728,instagram,"resturant.arabesque
",2025-07-24T07:14:39.000Z,67,,,,,,,
165462,الاستقبال : 10/10 النظافة : 10/10 المعاملة : 10/10 الاكل : 10/10 الاسعار : 9/10 jus pressé غالي بالنسبة الكمية اما بالنسبة للبيتزا السعر شباب و كمية تاع الفرماج و لحم مرحي و التون كبيرة ماشاء الله المزيد من التألق ان شاء الله,4429,Google Maps,هشام كوك بيتزا,2024-02-21T18:49:46.309Z,3,,,,,,,
427610,La terrasse est magnifique leur brunch à tester  [APPRECIATION],8,instagram,6sens_pastry,2025-11-19T17:29:26.000Z,2,,,,,,,
427614,أخذتكم الدنيا,11158,Facebook,Restaurant Casa Bella - Draria,2025-08-13T22:19:36.000Z,0,,,,,,,
296542,"Bon service, bon plats.",4946,Google Maps,Hicham cook pizza pasta,2020-03-03T15:57:37.279Z,0,,,,,,,
820833,"Un fast-food au top ! Le personnel est super accueillant, toujours souriant et rapide. On se sent vraiment bien servis, je recommande à 100 %",6728,Google Maps,American Burger said hamdine,2025-09-30T12:49:45.498Z,0,,,,,,,
558690,موسخ بصح بنين  [APPRECIATION],42356,tiktok,@street_food,2026-01-02T19:58:06.183243,0,,,,,,,
296546,"Un endroit familial Food 100% Cleaningness 100% Les boissons 100% Prix raisonable I recommend , and I would like to go there again",4326,Google Maps,هشام كوك بيتزا,2024-06-01T13:55:51.464Z,0,,,,,,,
558692,13000 da le kilo de viande ma fhemtch l état winou,32664,tiktok,@seven.times,2026-01-02T19:17:48.707498,0,,,,,,,
689769,5 طباصة ب 150 وي حاجا فور لا كان هاداك ميلونج وحدو ب 150 أطلب لك الشفاء العاجل إن شاء الله يا عمو حسان  [APPRECIATION],12367,Facebook,Restaurant San Benito,2025-10-13T04:47:09.000Z,0,,,,,,,
427632,si je pouvait mettre moin3 cpas bon,4804,Google Maps,Hicham cook pizza pasta,2022-09-19T17:54:14.347Z,0,,,,,,,
951923,Je suis allé c’était fermé  [COMPLAINT],45458,tiktok,@budz,2026-01-02T20:15:58.944586,0,,,,,,,
689781,انا نعرفه  نسكن في عنابة  [APPRECIATION],28512,tiktok,@restaurant.primo,2026-01-02T18:46:28.061371,0,,,,,,,
951928,Top of the top,6710,Google Maps,American Burger said hamdine,2025-10-03T18:39:10.054Z,0,,,,,,,
296571,بولحية و يقول آلي  [INQUIRY],11234,Facebook,Restaurant Casa Bella - Draria,2025-07-28T12:01:10.000Z,0,,,,,,,
558739,Ou ! ?,69790,tiktok,@chtibo_oran,2026-01-02T21:58:33.935701,0,,,,,,,
820884,le bambou  [APPRECIATION],59280,tiktok,@maestro_dz13,2026-01-02T21:21:27.203058,0,,,,,,,
820888,Toujours aussi bon et au top,3053,Google Maps,تاج محل بن عكنون,2024-10-07T08:01:07.869Z,0,,,,,,,
951973,Mauvaise expérience malheureusement,20852,tiktok,@sultan,2026-01-02T18:21:22.579134,1,,,,,,,
558759,320 سمانا و انا ندرب في ليطاكوس و بيزا,47606,tiktok,@bazookadz,2026-01-02T20:32:29.908485,0,,,,,,,
951979,مقا طعة,38896,tiktok,@kfc,2026-01-02T19:39:59.232877,0,,,,,,,
296648,سلام مطعم جميل و هادئ، تستمع فيه،بالنسبة للأكل عجبني،والخدامين ملاح برك ايطولو شوية ، و الاسعار مقبولة بالنسبة ليا وكل واحد كيفاش ايشوفها ان شاء الله يبقى هكدا باش الواحد ايصيب وين إيروح.,7592,Google Maps,Restaurant À Petit Feu,2024-02-19T21:46:09.081Z,1,,,,,,,
689871,"Swiss burger c'est un Burger aux carottes, un minuscule morceau de poulet et beaucoup de carottes m, franchement c'est 0 vous méritez même pas une étoile",6524,Google Maps,American Burger Factory,2025-12-11T19:48:50.773Z,0,,,,,,,
558802,الاسعار في متناول كريسيانو,18388,tiktok,@helena,2026-01-02T18:16:11.210240,0,,,,,,,
296659,Yacine Bouakaz انا نقلك 4كوممبار ارى لوحدة تعمل فلحانوت خمسة الاف,9895,Facebook,Dz Forest Restaura,2025-10-13T09:38:32.000Z,0,,,,,,,
558810,sauf qu'on ai pas au bled lol,35558,tiktok,@sinai,2026-01-02T19:28:16.261628,1,,,,,,,
952036,ce plat š'appelle Ali Nazik très délicieux emmmmmmm,6435,Google Maps,Casbah Istanbul,2018-12-19T07:51:55.913Z,2,,,,,,,
820964,svp svp svp faut sélectionné la clientèle svp pas de . et pas de music rai svp au moin un endroit a annaba chic,60078,tiktok,@the_throne_annaba,2026-01-02T21:22:26.106111,66,,,,,,,
558821,Amazing staff and food,7881,Google Maps,Restaurant À Petit Feu,2023-06-06T22:23:32.406Z,0,,,,,,,
427760,c est où ça merci,35296,tiktok,@sinai,2026-01-02T19:28:08.587550,0,,,,,,,
820991,يا لطيف  وين راهم أصحاب الشعارات تبون قضى عليكم,38828,tiktok,@kfc,2026-01-02T19:39:55.891236,0,,,,,,,
558847,Ça a l’air idéal pour travailler  [APPRECIATION],71610,tiktok,@jardina.coffee,2026-01-02T22:09:37.584042,0,,,,,,,
427785,وين هاذ لخير,31720,tiktok,@entracte,2026-01-02T19:14:11.602610,2,,,,,,,
952075,مناد عبد الله تفكرت هد مطعم لي جاي في شط البخرة محطمة,13474,Facebook,Restaurant San Benito,2025-12-20T07:09:53.000Z,0,,,,,,,
689941,المطعم جميل و واسع حقيقة جلسة ماشاء الله هناك، لكن المراحض كارثية. والكارثة الكبرى البيتزا. مسوسة ناشفة جودة الجبن. ضعيفة. مكونات البيتزا من طماطم ودجاج خضر كارثية والجميل الشامبينيو التي هي الفطر محروقة ويابسة. خسارة كبيرة وعجين البيتزا جودة كارثية. مع مدة الانتضار طويلا. رغم انه لا يوجد زبائن.,4801,Google Maps,Hicham cook pizza pasta,2022-09-30T18:41:27.315Z,3,,,,,,,
558872,bien sûr . Il faut bien un parking . Non ?,14828,tiktok,@lassiette.algeroise,2026-01-02T18:06:46.715720,1,,,,,,,
952092,إبليس كان صريحاً معكم منذ البداية وأخبركم بأنه سوف يضلكم في الدنيا ويتخلى عنكم في الآخرة ولكن صمٌ بكمٌ عميٌ فهُم لايعقلون . !,12787,Facebook,Restaurant San Benito,2025-10-13T06:56:39.000Z,8,,,,,,,
952097,Très mauvaise expérience! Pizza fruit de mer décoré avec des rondelles de calamars congelé et des crevettes caoutchoucs. Quand j’ai réclamé on m’avait dis que c’était du frais. Arnaque,7143,Google Maps,Restaurant À Petit Feu,2025-04-07T18:30:11.212Z,0,,,,,,,
296741,Franchement je pense que j'irai dès je prds mn billet inch'Allah  [APPRECIATION],1244,instagram,lepetitchaletoran,2025-05-29T18:07:16.000Z,2,,,,,,,
952102,"Endroit sympa, portion correcte. Viande très bonne, sanitaire propre. Carte des desserts pas tres élaborée.",2714,Google Maps,HichamCook Grill House,2023-05-26T23:09:23.651Z,0,,,,,,,
558899,كاين توصل؟؟,27418,tiktok,@petit_tunisien,2026-01-02T18:43:38.814106,0,,,,,,,
952117,Pire expérience culinaire de ma vie J’ai pris un gratin poulet et pâtes aux “cinq fromages” sauf que les fromages ont dû oublier de venir. Ça goûtait plutôt le raïb en plus la même texture ! et la sauce béchamel de gratin était tellement compacte que j’aurais pu bâtir un mur avec Franchement une horreur ! À éviter,4020,Google Maps,هشام كوك بيتزا,2025-09-02T14:16:30.979Z,0,,,,,,,
427830,الحمد الله الطاجين المغربية وصل للعالمية كان باقي غي العالم الاخر هاهو ستعرف بالطاجين المغربي,69498,tiktok,@cote_oran,2026-01-02T21:57:59.950467,1,,,,,,,
952130,la gastronomie marocaine  le tajine et la tanjia de Marrakech même la musique dans le restaurant c'est du ch3bi du Maroc Dima Maghrib,69516,tiktok,@cote_oran,2026-01-02T21:57:59.950480,1,,,,,,,
165702,زعما ماكلتو نظيفة ؟ كن واحد يجرب عندو,51916,tiktok,@quick_food,2026-01-02T21:02:16.203845,0,,,,,,,
427848,Svp c disponible tt les jours ?,170,instagram,amine_la_cantine,2025-10-18T21:54:27.000Z,0,,,,,,,
296780,"Le thème USA est respecté. ‍ La pizza est pas mal, J'ai bien aimé la pâte. Leur poulet pané est bien croustillant. Service rapide. On aurait juste aimé avoir des sauces maison. Sinon, ça vaut le détour",4708,Google Maps,Hicham cook pizza pasta,2024-03-07T09:52:19.222Z,5,,,,,,,
558933,il est catastrophique a déconseiller hadak le burger 1250da la quantité Ta3 lham bzaf na9ssa les fromages kif-kif en plus qualité 0,34326,tiktok,@taylot,2026-01-02T19:23:37.947825,0,,,,,,,
427864,"il fallait donner l'adresse et l'idée sur les prix comme ça vous avez donné la moitié de l'information,",27848,tiktok,@thala,2026-01-02T18:45:06.606597,0,,,,,,,
427866,ليفيديو لي يخرجولك على ال2 تاع الليل الجوع يكون يلعب 10 و براسلي,36696,tiktok,@memelkateelkabda,2026-01-02T19:34:02.442557,0,,,,,,,
558940,haylin et top et n'oublie pas le service,8172,Google Maps,American Burger Factory,2025-01-26T12:07:31.761Z,0,,,,,,,
427876,Très bon et très beau restaurant continuer comme sa,5008,Google Maps,Hicham cook pizza pasta,2018-11-30T16:45:15.042Z,0,,,,,,,
427877,Serveuse cuisine top,7278,Google Maps,Restaurant À Petit Feu,2024-09-17T16:16:13.391Z,0,,,,,,,
821093,il s appelle pas azouaou le cerveur ?,18112,tiktok,@casabelladraria,2026-01-02T18:14:53.728501,1,,,,,,,
165746,It's one of the best food experiences I have had,5380,Google Maps,قصبة اسطنبول,2023-12-26T19:33:23.620Z,0,,,,,,,
952198,اسم اغنية!,25002,tiktok,@el_marssem,2026-01-02T18:32:16.408978,0,,,,,,,
821128,"il y a rien de chez toi c'est Français et Marocains  depuis quand le Rôti et le Tajine est Algérien,",26418,tiktok,@lovers_grill,2026-01-02T18:34:58.564763,0,,,,,,,
427919,svp abonné vs a moi  [APPRECIATION],73724,tiktok,@pont_hydra,2026-01-02T22:14:03.016156,0,,,,,,,
558999,C'est le top,23782,tiktok,@leonard_restauran,2026-01-02T18:27:02.784728,1,,,,,,,
559001,والله غير شهيتونا ولكن الله غالب كولو بصحتكم ربي يهديكم,10797,Facebook,Restaurant Casa Bella - Draria,2025-07-26T21:07:50.000Z,11,,,,,,,
952218,je vais tester encore une fois  [APPRECIATION],71918,tiktok,@fidelia,2026-01-02T22:11:53.027259,1,,,,,,,
690078,ما شاء الله  ان شاء الله نكونو من الحاضرين  [APPRECIATION],1540,instagram,niwafood,2025-11-12T19:12:07.000Z,1,,,,,,,
821151,Très bon service merci à tous les travailleurs  [APPRECIATION],7507,Google Maps,American Burger Factory,2025-05-21T12:37:16.429Z,0,,,,,,,
165796,تع البرى كي تكون جيعان يرجع لك بنين وبسيف تاكلو باسكو جيعان وتع دار طيبو فآي وقت كاين وين تكون نفحة مطيبو وتكون شبعان فدار ماشي كيف شارع,41528,tiktok,@street_food,2026-01-02T19:57:43.732945,3,,,,,,,
296877,هداك لحم كي قاسح وناشف,19212,tiktok,@helena,2026-01-02T18:16:31.069228,0,,,,,,,
690096,est ce que je peut acheter la franchise pour ouvrir à bejaia,45428,tiktok,@budz,2026-01-02T20:15:58.679425,0,,,,,,,
559034,Ou se trouve restaurant,11699,Facebook,Restaurant San Benito,2025-08-18T21:42:31.000Z,0,,,,,,,
296897,تخدمولي خاوتي,39096,tiktok,@itchy_food,2026-01-02T19:41:07.242760,0,,,,,,,
952272,"Je suis déçue de mon expérience récente dans votre restaurant. En tant que cliente , j'attends un environnement familial et respectueux.",72012,tiktok,@signature.dz,2026-01-02T22:12:12.164685,0,,,,,,,
690129,"Très déçue, hier nous avons commandé des pizza Fermière, nous avons constaté que le champignon n'était pas frais, pas comme d'habitude ! Je ne paie pas +1000da pour ça. Plus jamais !",4331,Google Maps,هشام كوك بيتزا,2024-05-28T17:25:51.028Z,0,,,,,,,
296917,أنا فكرني فواحد المنافق,10865,Facebook,Restaurant Casa Bella - Draria,2025-08-29T16:14:27.000Z,0,,,,,,,
821205,"une bonne décoration, un bon service mais ce n'est pas bon du tout et la bouffe très mal présentée. je ne recommande pas du tout !",22094,tiktok,@maison_sardoudi,2026-01-02T18:22:39.538569,0,,,,,,,
821208,"Excellent service , specialement les serveurs , Mounir.",6767,Google Maps,American Burger said hamdine,2025-09-02T12:09:48.094Z,0,,,,,,,
690151,"Everything was perfect at this restaurant, i really loved the vibes there, the decoration and the service. The food was so delicious, well done and well presented.",6982,Google Maps,Restaurant À Petit Feu,2025-05-06T18:19:50.469Z,0,,,,,,,
952296,j'adooore leur mojito  [APPRECIATION],66320,tiktok,@elbey_oran,2026-01-02T21:49:58.503733,1,,,,,,,
690157,Merci beaucoup á toute l équipe de la napolitana l accueille était chaleureux bien sérvi bonne continiation,9186,Facebook,"Restaurant La Napolitana









",2024-04-26T10:33:28.000Z,0,,,,,,,
428018,مليحة واللي يقول غالية ماهوش ياكل برا,44058,tiktok,@dzforestrestaurants,2026-01-02T20:11:36.764948,0,,,,,,,
952310,livraison bab el oued disponible svp intéressé,30042,tiktok,@pizza_carie_touati_,2026-01-02T18:54:33.948571,0,,,,,,,
296962,"C'est cher, c'est pas trop bon, personel agreable",8748,Google Maps,American Burger Factory,2020-09-18T15:59:29.810Z,0,,,,,,,
952322,"Vos gâteaux doivent être à la hauteur de vos prix. Prenez le temps d’écouter le client lorsqu’il passe sa commande, c’est certainement pour un événement spécial. Je suis extrêmement déçu, une dégradation de vos services se fait remarquer.",3816,Google Maps,L’Alchimiste Pâtisserie,2025-09-22T14:34:59.097Z,0,,,,,,,
690183,bon continuation,35058,tiktok,@sinai,2026-01-02T19:28:04.344002,0,,,,,,,
952330,كايافسي؟؟؟؟؟؟؟ [COMPLAINT],37932,tiktok,@kfc,2026-01-02T19:39:24.509713,1,,,,,,,
559118,Pardonnez moi mais Vous êtes trop loin d’être les meilleurs,620,instagram,budz.dz,2024-09-01T05:54:59.000Z,0,,,,,,,
428046,والله غير نفس البلا لي اقترحو السارفور عليا بلا مانعرف السعر من بعد الفاتورة:زوج ملاين أو مائتين ردني للبلاد  والله مازدت دخلتو للان [COMPLAINT],18126,tiktok,@casabelladraria,2026-01-02T18:14:53.728517,1,,,,,,,
559123,too rich for my blood,68046,tiktok,@maisonsept_oran,2026-01-02T21:54:30.118104,1,,,,,,,
428052,Mohamed Solo في بالي راك شابع عدس و حمص عندك مدة مكليتش مرقاز و الدجاج,10150,Facebook,Dz Forest Restaura,2025-10-13T19:48:20.000Z,1,,,,,,,
952341,ربحوني راني ضيفة,67452,tiktok,@bladi_oran,2026-01-02T21:51:47.464289,0,,,,,,,
428054,"Chez nous, l'escargot est la bouffe pour les canards.",72560,tiktok,@pont_hydra,2026-01-02T22:13:26.277457,0,,,,,,,
952345,Ya Charlomanti les crevettes et les calamars machi houte.,57076,tiktok,@_le216_,2026-01-02T21:17:13.777368,1,,,,,,,
952347,لي يقولو غالية! هذاك هو,43756,tiktok,@dzforestrestaurants,2026-01-02T20:11:27.904480,7,,,,,,,
428063,Djoudad Mohamed Rouget de père  [APPRECIATION],9141,Facebook,"

Restaurant Casa Bella - Draria",2025-12-05T20:42:20.000Z,3,,,,,,,
559137,كول هنا و موت لهيه,42238,tiktok,@street_food,2026-01-02T19:58:03.681365,0,,,,,,,
952361,هذا في لاغيباسيغيو ديك نهار دخلت عندو اووف عجبني الجو,49548,tiktok,@kik.sfood21,2026-01-02T20:41:13.847272,1,,,,,,,
428078,Liz Blf قاريدي 2,8993,Facebook,"

Sultan Restaurants",2025-10-20T13:22:18.000Z,0,,,,,,,
165934,خاوتكم يموتو بلجوع في فلسطين وانت فرحان وتنشر في الأكل اموا استر,11235,Facebook,Restaurant Casa Bella - Draria,2025-07-27T18:41:43.000Z,0,,,,,,,
821302,:والله مع إحترامي لجميع المطاعم الموجودة بولايةعنابة أفضل المطعم الموجودة الجاسما,59064,tiktok,@maestro_dz13,2026-01-02T21:21:23.086432,1,,,,,,,
165973,je compar pas je disais que les prix dans les restaurants c'est normal tu paye l'endroit,71030,tiktok,@paradou_restaurant,2026-01-02T22:04:54.797515,0,,,,,,,
821336,La déco est magnifique mais le goût est absent et pour la burata frère tu n’a jamais goûté la vrais si non tu comprends que ce qu’ils servent n’a rien avoir avec la burata,24494,tiktok,@opium,2026-01-02T18:29:41.221345,1,,,,,,,
165983,كانت 75نالف ولات ثلثمياتلف,24890,tiktok,@woodgrill_dz,2026-01-02T18:32:01.234939,18,,,,,,,
952430,الحمد الله كاين بايت الله,66096,tiktok,@restaurant_mani,2026-01-02T21:47:15.239289,0,,,,,,,
559219,حاني على روحك طبرقة ولا رد على تعليق,9686,Facebook,Restaurant Tabarka Annaba,2025-12-23T23:03:58.000Z,0,,,,,,,
559223,Un très bon service et rapide avec une ambiance formidable avec Reda Tii et Amanda et Youcef,7322,Google Maps,American Burger Factory,2025-05-23T22:16:25.493Z,0,,,,,,,
166013,وكتا تطلق بيتزيرا لعمامرة,29658,tiktok,@luppinio,2026-01-02T18:51:11.607236,1,,,,,,,
428166,c'est une cafétéria pour les femmes seulement,56902,tiktok,@papillons827,2026-01-02T21:16:42.512624,2,,,,,,,
166023,لبنة فلوسخ  [BOUFFE],41578,tiktok,@street_food,2026-01-02T19:57:47.041881,2,,,,,,,
428187,مرحبا في بلدك الثاني,33008,tiktok,@sinai,2026-01-02T19:18:31.820613,0,,,,,,,
297116,عدم تواجد الأوساخ في البيت,42314,tiktok,@street_food,2026-01-02T19:58:04.457372,0,,,,,,,
559263,جميل,8255,Google Maps,American Burger Factory,2024-09-21T11:17:51.033Z,0,,,,,,,
952485,حنا بويرة ثالة عين ولا عنصر,27772,tiktok,@thala,2026-01-02T18:45:04.675157,0,,,,,,,
166054,Très bonne pâtisserie Allahuma barik coup de coeur pour le trompe œil poire très bon. Accueille sympathique endroit propre très agréable.,3863,Google Maps,L’Alchimiste Pâtisserie,2024-11-30T21:02:05.231Z,0,,,,,,,
297130,ماتظحكوش هاذا تاع واش ماكله ولا مركه تاع ڨوفريط [APPRECIATION],37678,tiktok,@kfc,2026-01-02T19:39:18.570397,1,,,,,,,
297136,ربي يعاونك خويااا  [APPRECIATION],42584,tiktok,@street_food,2026-01-02T19:58:29.600678,1,,,,,,,
428213,bonne appétit mad:hayte,73416,tiktok,@pont_hydra,2026-01-02T22:13:54.199656,0,,,,,,,
297144,قمة في الاشهار والجوجة والنضافة مشاء الله حتى في التسويق ربي يوفق,1065,instagram,imstarvingfood,2025-12-10T15:26:16.000Z,0,,,,,,,
166077,ماشاء الله خدمة نقية على لميت تاع ولتر وايت  [APPRECIATION],1726,instagram,restaurant.cezam,2025-12-02T20:48:32.000Z,1,,,,,,,
428232,اكو مهندسين بلعراق يصممون هيك,39178,tiktok,@itchy_food,2026-01-02T19:41:08.941142,0,,,,,,,
297164,"C’est trop bon chez eux , je mange souvent chez wilaya",34842,tiktok,@sinai,2026-01-02T19:27:59.292578,6,,,,,,,
166093,والله أو تدخل les arrières boutiques des cuisines باطل ما تاكلش,18664,tiktok,@helena,2026-01-02T18:16:16.153758,0,,,,,,,
297175,نطلب ربي يغني راجلي ويقلشني ويفتح علينا وعليكم بيبان الخير دعوة مع الفجر,57066,tiktok,@_le216_,2026-01-02T21:17:13.777346,1772,,,,,,,
690392,فليل ابعتلي بعين البنيان,29448,tiktok,@elcuatro_burgers,2026-01-02T18:49:40.371785,0,,,,,,,
821467,بلاصة ديما نفوت عليها كيمك لازم نروح نوكل عندهم سخفت  [APPRECIATION],52286,tiktok,@uncles_burger_dz,2026-01-02T21:03:28.158456,0,,,,,,,
952540,Mmmmmmm ça l’air très bon  [APPRECIATION],168,instagram,amine_la_cantine,2025-11-12T14:09:31.000Z,0,,,,,,,
559325,"Worst experience ever. For those for who the taste is important avoid this place. Others comments are talking about the place is beautiful etc. really. Expensive prices and no taste. As long as ratio quality price is respected I have no probs but yesterday was really awful. Frozen schrimps overcooked rice. I'm just wondering where are our culinary critics. I do not recommend, this restaurant.",2861,Google Maps,HichamCook Grill House,2022-11-07T15:26:43.350Z,11,,,,,,,
428259,"C, est pas une pub gratuite c, est sur",10736,Facebook,Restaurant Casa Bella - Draria,2025-12-20T16:58:16.000Z,0,,,,,,,
428266,"La première fois , la bouffe était assez bonne , la deuxième fois ce n’était pas bon Les serveurs “turques” et non pas Algériens étaient désagréables , ils nous laissaient même pas manger alaise , ils ne cessaient pas de nous regarder d’une façon très gênante , et ils débarrassaient la table avant même pas de finir nos repas (ce n’étaient pas le cas pour tous le monde) . A un moment j ai voulu partager le dessert avec ma copine , le serveur est venu prendre la grande assiette du katmer et a fait tombé le dessert , il n’a même pas demander d’excuses par contre il m’a montrer la façon exacte comment partager le dessert et c’était hyper bizarre ! Contrairement au serveurs Algériens qui étaient à l’écoute et a chaque fois ils nous voyaient étonné par le comportement des autres serveurs ils nous disaient qu on peut se mettre alaise . JE NE REVIENDRAIS PLUS ! NI MES COPINES , NI MOI",5356,Google Maps,قصبة اسطنبول,2024-02-20T17:44:53.153Z,2,,,,,,,
821483,Reconnu chez lyahoud peut être,16930,tiktok,@user5834669559361,2026-01-02T18:10:51.232483,1,,,,,,,
690421,Laisse a désirer je l'ai essayer pour un 8mars déçus plat froid et gras accueil froid du patron et serveur sympathique c tt . a ne pas essayer 5000da pour rien,6422,Google Maps,Casbah Istanbul,2019-03-08T20:46:43.637Z,3,,,,,,,
166140,البنة راهي الطرش,29198,tiktok,@snacky_time_kouba,2026-01-02T18:47:59.123846,0,,,,,,,
428284,ما انكتروش الهدرة بزاف، اعطيني السومة، وانا اندير حسابي، شكرا خويا لعزيز.,10131,Facebook,"  Restaurant elassil








",2026-01-01T21:13:53.000Z,0,,,,,,,
952577,بيوم قامبه,13558,Facebook,Restaurant San Benito,2025-12-26T17:06:04.000Z,0,,,,,,,
428290,ديما نروحلو معاملة مليحة سعر عادي بالنسبة لبلاصة والقعدة الماكلة مضيفة وبنينة  [APPRECIATION],58084,tiktok,@vilageneige_annaba,2026-01-02T21:19:43.333790,5,,,,,,,
690436,wow c'est vraiment très abordable !,33174,tiktok,@new_yorkais,2026-01-02T19:20:36.126428,1,,,,,,,
166149,ممكن رقم الهاتف,40600,tiktok,@woodchickendz,2026-01-02T19:45:54.995927,0,,,,,,,
166155,يجوكم جماعت المال الفاسد,13450,Facebook,Restaurant San Benito,2025-12-29T16:46:34.000Z,0,,,,,,,
952592,إنشاء الله نجي مع راجلي و بنتي [APPRECIATION],67268,tiktok,@bladi_oran,2026-01-02T21:51:40.948789,0,,,,,,,
428314,"Merci beaucoup pour le service, tres propre, délicieux et variés .",6772,Google Maps,American Burger said hamdine,2025-08-26T13:17:20.495Z,0,,,,,,,
166176,le nom du restaurant ?  [INQUIRY],15298,tiktok,@fouka.marine,2026-01-02T18:07:31.673007,1,,,,,,,
297255,Pas de rechta? Pas de feremssa? Il manque pleins de plat DZ,36198,tiktok,@sinai,2026-01-02T19:28:40.287193,0,,,,,,,
952623,انموت علا ببوش,72162,tiktok,@pont_hydra,2026-01-02T22:13:17.221145,1,,,,,,,
559414,Meilleur fast food  [BOUFFE],30232,tiktok,@rombalfood,2026-01-02T18:56:32.308164,0,,,,,,,
297276,الاكل مقابل الاشهار,9204,Facebook,Restaurant Casa Bella - Draria,2025-12-07T10:43:38.000Z,1,,,,,,,
821570,il toujours des rageux plutôt jaloux msaquine,67908,tiktok,@kartaj_oran,2026-01-02T21:53:22.675412,0,,,,,,,
821581,نجي ان شاءالله نشلل عينيا ونخرج,19336,tiktok,@helena,2026-01-02T18:16:35.409806,0,,,,,,,
821583,"endroit a manger Turc, simple, bonne nourriture, prix un peu excessifs",5634,Google Maps,Casbah Istanbul القصبة اسطنبول,2022-12-09T09:08:13.975Z,0,,,,,,,
166233,Catastrophe c'est trop cher en plus makan makan,47,instagram,a_petit_feu_kouba,2025-05-28T09:49:19.000Z,1,,,,,,,
952668,just pr faire le buzz je pense que c'est a paris ce resto je l'ai vu il y a pas longtemps dans une vidéo,70140,tiktok,@chtibo_oran,2026-01-02T21:58:47.349532,0,,,,,,,
690528,ناكل بيها صلاد ولباقي كامل شوا غير لخبز والزيت,20932,tiktok,@sultan,2026-01-02T18:21:27.397962,0,,,,,,,
690533,Je recommende fortement ce restaurant pour famille et ami. Très belle accueil. Et tout est bon. Rien à redire sur ce restaurant.,6927,Google Maps,Restaurant À Petit Feu,2025-07-05T23:19:57.710Z,0,,,,,,,
428391,livraison hamiz,29398,tiktok,@elcuatro_burgers,2026-01-02T18:49:38.772703,0,,,,,,,
821610,l'entracte meilleurs restaurants  [APPRECIATION],31696,tiktok,@entracte,2026-01-02T19:14:11.602540,46,,,,,,,
821627,"Chez-nous, C'EST LE PEUPLE QUI DÉCIDE. Chose qu'un certain peuple d'à côté ne pourra JAMAIS faire. Sinon, la bouteille les attend au commissariat du coin. La soumission est maladive chez-eux.",38556,tiktok,@kfc,2026-01-02T19:39:42.221360,0,,,,,,,
821633,كاين التوصيل لافيجي رايس حميدو,33744,tiktok,@restaurant_gizay,2026-01-02T19:22:49.605420,0,,,,,,,
952707,ماشاءالله  [APPRECIATION],49792,tiktok,@ofc..dz,2026-01-02T20:42:25.010607,1,,,,,,,
821638,"on a été had essif avec les enfants c'était très très bon. toumiya excellente. et le riz ta3hom bnin bessaf, les prix raisonnables",49100,tiktok,@chicks_nook,2026-01-02T20:40:13.769322,3,,,,,,,
166294,حرام عليك شهيتني. بصحتكم,12546,Facebook,Restaurant Rais,2025-10-13T07:58:44.000Z,1,,,,,,,
166302,Sa ouvre quand ? J’ai envie d’y aller quand je vais à Annaba,60024,tiktok,@the_throne_annaba,2026-01-02T21:22:25.152147,1,,,,,,,
428446,"Il y avait une longue file d'attente, donc nous avons dû attendre considérablement. Malheureusement, les pizzas n'étaient pas à la hauteur de nos attentes, et je n'ai pas du tout apprécié. En conséquence, je ne les recommande pas. Il y avait certainement la possibilité d'améliorer la qualité, et je pense qu'ils auraient pu faire beaucoup mieux.",4475,Google Maps,هشام كوك بيتزا,2024-01-22T09:28:23.813Z,7,,,,,,,
166308,"Oui la pizza est bonne, mais dommage y a trop de mouches dans le restaurant",39570,tiktok,@le_1675,2026-01-02T19:42:36.070386,0,,,,,,,
166309,المقاطعة ؟؟؟؟,37798,tiktok,@kfc,2026-01-02T19:39:21.195881,3,,,,,,,
952745,شعرة,31310,tiktok,@taylor,2026-01-02T19:10:53.350594,0,,,,,,,
559531,نورالدين نورالدين oui avec yassir food,9558,Facebook,"Restaurant La Napolitana









",2023-10-11T12:33:34.000Z,0,,,,,,,
952749,"Service catastrophique, les plats sont froids et pas servis en meme temps les spaghettis aux poulets sont vraiment dégueulasse. A fuire",7140,Google Maps,Restaurant À Petit Feu,2025-04-12T21:29:10.840Z,0,,,,,,,
166320,"Service nul, caissier pas du tout professionnel parle mal aux clients, on a carrément annulé la commande",104,instagram,american.burger_dz,2025-12-23T14:18:44.000Z,0,,,,,,,
559543,"Déçu, pizza 2/10, pâtes 2/10. Prix ""exagérer"". la fourchette que j'ai reçue présentait des tâches ""des restes de nourriture"" et semblait mal lavée Pour ma part, je ne reviendrais plus jamais. PS : vérifiez vos tickets avant de quitter la caisse, un supplément ""gruyère"" additionné sans l'avoir.",4533,Google Maps,هشام كوك بيتزا,2023-12-22T21:44:11.958Z,0,,,,,,,
952765,10€ pour un Smic Algérien de 40€,12395,Facebook,Restaurant San Benito,2025-10-13T07:28:15.000Z,0,,,,,,,
821694,يبان بوراكة,55588,tiktok,@askim_food,2026-01-02T21:13:33.704887,0,,,,,,,
690633,Fade et aucun goût,4276,Google Maps,هشام كوك بيتزا,2024-07-26T00:51:21.086Z,0,,,,,,,
559563,على وجه ربي ، واحد فيكم يفهمني بلي صح وش راني نشوف  ملاحظة برك : نسكن فالقالة,72674,tiktok,@pont_hydra,2026-01-02T22:13:29.707885,0,,,,,,,
952782,Wa9tach thlo,65026,tiktok,@restaurantvillariviera,2026-01-02T21:38:47.170669,0,,,,,,,
690640,ياخويا بيبي برك نجي نعاون خويا,15652,tiktok,@mardoum,2026-01-02T18:07:53.401691,0,,,,,,,
821717,Nice food excellent service the best place to get a nice dinner in downtown Algiers.,3475,Google Maps,Caracoya,2023-01-09T18:47:23.420Z,1,,,,,,,
952791,216 طبرقة الوليمة,59004,tiktok,@maestro_dz13,2026-01-02T21:21:22.102212,0,,,,,,,
821719,باسكو خامج وبنين [APPRECIATION],42056,tiktok,@street_food,2026-01-02T19:57:59.469231,1,,,,,,,
559580,"premièrement le message n'est Pas adressé à vous! Deuxièmement je ne parle pas de la pâte à tartiner mais les ingrédients qui sont venu après, donc trop trop de sucreries, en plus j'ai donné mon avis avec respect. par contre le votre est déplacé, donc madakhliche rohek!",492,instagram,"brother.ts
",2024-10-12T06:36:41.000Z,0,,,,,,,
821726,واش من جهة بابا حسن,33684,tiktok,@restaurant_gizay,2026-01-02T19:22:48.740719,0,,,,,,,
821727,الحمدلله رب العالمين اجمعين انشاء الله  [APPRECIATION],49788,tiktok,@ofc..dz,2026-01-02T20:42:25.010602,0,,,,,,,
690658,قلشني عمري قلشني ناكلك شواربك موراها,13651,Facebook,Restaurant San Benito,2025-12-29T21:06:47.000Z,0,,,,,,,
297446,2 ملاين,13680,Facebook,Restaurant San Benito,2025-12-31T15:05:04.000Z,0,,,,,,,
690667,"Nous étions deux et avons pris 2 sandwichs et une poutine au poulet. Tout était très copieux, si bien que nous avons eu du mal à finir notre repas. Le rapport qualité-prix est bon. Les sandwichs étaient très bons, mention spéciale au chicken Philly. La poutine était également délicieuse. Contre toute attente, le service n'était pas trop lent malgré le monde qu'il y avait pour un jour de semaine. Petit bémol pour le manque de stationnement, mais l'enseigne n'en est pas responsable. Nous reviendrons sans doute. Bonne continuation, American Burger !",7856,Google Maps,American Burger Factory,2025-02-25T23:46:22.256Z,0,,,,,,,
952827,انسان عادي,55364,tiktok,@askim_food,2026-01-02T21:13:28.670750,0,,,,,,,
690692,اول من شاف فيديو بون كوراج,36672,tiktok,@memelkateelkabda,2026-01-02T19:33:59.570107,0,,,,,,,
428550,klit 3andu sandwich mexicaine ma3jbnich m3amr ghir b falfl khdar en plus Ghali,20474,tiktok,@labelladalger16,2026-01-02T18:19:37.844187,0,,,,,,,
821783,رحتلو همبرغر تيعو مش حاجة و غالي,60848,tiktok,@maestro_dz13,2026-01-02T21:23:30.472057,1,,,,,,,
428570,"Très bien reçu, toujours aussi bon, beaucoup de choix. Restaurant situé au dernier étage du centre commercial avec une vue panoramique.",5194,Google Maps,Casbah Istanbul القصبة اسطنبول,2024-11-17T19:27:36.178Z,0,,,,,,,
690714,قولي والله اولالا اولالا,10552,Facebook,,2025-10-22T19:46:37.000Z,0,,,,,,,
952871,عزرتينا  نجي نشري خايف عبالك  [APPRECIATION],51900,tiktok,@quick_bite,2026-01-02T21:02:01.882606,0,,,,,,,
166442,انا الحاجة لي متوقعتهاش هي الله ابارك خويا لعزيز راك ترحي بالكونتيتي و كليتي سلك منك غير الكارط,319,instagram,"brother.ts
",2025-12-13T06:26:41.000Z,2,,,,,,,
428591,تالة ميمون نسابنا وحبابنا,27650,tiktok,@thala,2026-01-02T18:44:59.712852,0,,,,,,,
559667,diroula une idée 3la les prix svp,64892,tiktok,@restaurant_marisco,2026-01-02T21:37:50.542891,0,,,,,,,
166455,c'est dans quelle ville?,34888,tiktok,@sinai,2026-01-02T19:27:59.300986,1,,,,,,,
297541,Délicieux bravo à vous  [APPRECIATION],1458,instagram,mimas_donuts,2025-05-10T19:22:00.000Z,1,,,,,,,
952912,بصح كون ديرها بلخميس خير مشي إتنين,44476,tiktok,@dzforestrestaurants,2026-01-02T20:11:54.829316,1,,,,,,,
690769,الحق مذخلتهاش مي جيت قدامها بالأزهر . شفت اشكال وانواع بائعات الهوى يخرجو منها,3720,Google Maps,Laurel Restaurant,2024-10-17T01:48:55.930Z,0,,,,,,,
821841,السئال الذي حير العلماء,42374,tiktok,@street_food,2026-01-02T19:58:06.183258,0,,,,,,,
297557,على الاقل اعطينا امثلة على تكلفة ولا سعر شحال باش الواحد يعرف روحه واش راه يدير,39360,tiktok,@itchy_food,2026-01-02T19:41:13.058241,0,,,,,,,
952929,Le service machellah dîna des burger avc garniture à 600 da chwiya ghali mais bnin ou ychabe3 ou yban propre,20476,tiktok,@labelladalger16,2026-01-02T18:19:37.844190,0,,,,,,,
166504,ماكان ولو تكل السكر مشي قلب الوز,43590,tiktok,@serir_alger,2026-01-02T20:09:37.821519,0,,,,,,,
166515,Je viendrai avec plaisir  [APPRECIATION],35112,tiktok,@sinai,2026-01-02T19:28:04.439929,0,,,,,,,
428660,j'ai testé ta3 dali brahim . et pas vraiment top . c vrai les plats chabin mais bana pas vraiment. tanit ytawlo bzzzf et sghira bzf placa,34038,tiktok,@taylot,2026-01-02T19:23:28.957332,14,,,,,,,
690804,"Une très bonne nourriture, avec une variété de choix entre Burger, sandwich et poutine. Un très bon rapport qualité-prix. Le seul bémol c'est que l'espace est très petit, mais heureusement que le personnel est à la hauteur.",8284,Google Maps,American Burger Factory,2024-08-14T13:55:26.092Z,0,,,,,,,
428664,Amazing staff Quite expensive,5972,Google Maps,Casbah Istanbul,2024-07-21T21:53:24.069Z,0,,,,,,,
559737,مكانش منها يا صحابي,43652,tiktok,@serir_alger,2026-01-02T20:09:40.211829,0,,,,,,,
297595,أنا رونالدو الثمن من فضلك,66910,tiktok,@bladi_oran,2026-01-02T21:51:29.289404,0,,,,,,,
690818,Y’a qui sur Alger la ?,22644,tiktok,@le_perchoir,2026-01-02T18:25:10.325571,0,,,,,,,
952964,"J'adore quand je veux voyage en Inde je mange dans ce restaurant un vrai voyage culinaire un seul bémol c'est l'odeur de la cigarette, normalement pas de cigarettes dans les endroits publics à méditer. Mais l'évasion garantie",3027,Google Maps,تاج محل بن عكنون,2025-04-09T12:27:45.992Z,0,,,,,,,
821896,"Bonjour, Je suis passé aujourd’hui manger sur place, et j’ai été un peu déçu par l’expérience. J’avais commandé une pizza carnivore avec supplément gruyère (comme celle montrée dans vos vidéos), un burger et deux barquettes de frites. Malheureusement, la pizza m’a été servie sans gruyère au début, puis refaite avec des petits cubes au lieu des tranches comme dans la vidéo. En plus, les frites sont arrivées très en retard, presque à la fin du repas, alors que j’étais le seul client. Je respecte énormément votre travail et vos contenus, mais je trouve dommage que la présentation réelle ne corresponde pas à ce que vous montrez. J’espère que vous prendrez cela comme un retour constructif pour améliorer l’expérience client.",4009,Google Maps,هشام كوك بيتزا,2025-10-28T23:25:26.709Z,0,,,,,,,
559758,شكون لجابو,38302,tiktok,@kfc,2026-01-02T19:39:31.574365,0,,,,,,,
559759,بليدة كاين توصيل؟,40396,tiktok,@woodchickendz,2026-01-02T19:45:49.945473,0,,,,,,,
428692,تخدم 8 سوايع باش تشري طاكوس وتريح,46282,tiktok,@damisoran31,2026-01-02T20:21:56.697661,16,,,,,,,
297622,Tres agréable service excellent,4751,Google Maps,Hicham cook pizza pasta,2023-05-15T20:54:32.577Z,2,,,,,,,
952995,المعفن يسمن,42528,tiktok,@street_food,2026-01-02T19:58:14.130593,0,,,,,,,
559779,ديرهم في زماحك الحوت هذا فايح,10417,Facebook,"  Restaurant elassil








",2025-12-29T16:18:55.000Z,0,,,,,,,
297650,أكل لذيذ ، الثمن شوي غالي ، الديفو تقعد واقف تستنا الصالة تفرغ ، الصالة صغيرة ، شوية serveur يطول ، لكن أظن بسبب الغاشي مايلحقوش .,8449,Google Maps,American Burger Factory,2023-11-03T11:34:59.951Z,0,,,,,,,
821944,Belle atmosphère. Cuisine acceptable. Service attentionné.,3473,Google Maps,Caracoya,2023-01-27T08:40:02.991Z,1,,,,,,,
953026,The best restaurant I have tasted,7537,Google Maps,American Burger Factory,2025-05-18T19:20:48.317Z,0,,,,,,,
166605,win plasa,40992,tiktok,@derby.food,2026-01-02T19:50:05.693614,1,,,,,,,
297692,Mohamed Solo سمى نتا مانعرفوش تدي عايلة تحوس وتنحي عاى خاطرها ماتعرفش تهني مرا من كوزينة و غسيل ماعن يا البخيل اصرف على ختك على بنتك,10403,Facebook,Dz Forest Restaura,2025-10-14T11:37:03.000Z,0,,,,,,,
821982,سيدي عيسى كاين توصيل ؟,55906,tiktok,@mfood.annaba,2026-01-02T21:14:13.763857,1,,,,,,,
559839,"Pourquoi seulement kouba , pourquoi pas Alger",10015,Facebook,"  Sultan Restaurants


",2025-11-11T15:37:46.000Z,0,,,,,,,
559850,Une jolie expérience avec un restaurant qui est propre le service pas mal et une bonne nourriture malgré que c un peu cher. je vous souhaiteune bonne continuation. incha allah je reviendrai prochainement,2810,Google Maps,HichamCook Grill House,2023-01-09T23:02:28.536Z,0,,,,,,,
953068,150 برك اه ربي يهديك,11510,Facebook,Restaurant San Benito,2025-08-30T09:19:01.000Z,0,,,,,,,
297731,شعال داير سومة,39950,tiktok,@streetburger02,2026-01-02T19:44:04.469187,0,,,,,,,
953092,"“Une excellente experience! Le cadre est chaleureux, le service attentionné et les plats sont délicieux. les produits sont frais, et la présentation est soignée. Mention spéciale pour le tacos poulet, un vrai régal ! Je recommande sans hésiter et j’y reviendrai avec plaisir. ”",7087,Google Maps,American Burger said hamdine,2025-04-17T11:56:02.778Z,0,,,,,,,
690949,شايب وخداع,11723,Facebook,Restaurant San Benito,2025-07-27T06:15:28.000Z,0,,,,,,,
428818,كونتيتي سمحني عندك مشكلة مع الصحونة,10188,Facebook,Restaurant Tabarka Annaba,2025-12-23T19:55:22.000Z,0,,,,,,,
428821,حرام عليكم كاين لي معندوش مسكين وشوف هكا,10941,Facebook,Restaurant Casa Bella - Draria,2025-07-29T19:24:48.000Z,0,,,,,,,
559898,صح قمة,20448,tiktok,@labelladalger16,2026-01-02T18:19:37.129067,0,,,,,,,
559903,باب الحارة في شوبو و اكل جزائري لطيفة  [APPRECIATION] [RECOMMENDATION],66550,tiktok,@bakhcis_oran,2026-01-02T21:50:36.560297,1,,,,,,,
822049,0 tout court,13178,Facebook,Restaurant San Benito,2025-10-12T20:42:46.000Z,0,,,,,,,
953133,"Lieu propre avec un décor agréable. Les serveurs étaient au top, la nourriture est bonne et il y a beaucoup de choix. Les plats sont copieux, une belle expérience !",6558,Google Maps,Restaurant À Petit Feu,2025-09-12T12:25:21.026Z,0,,,,,,,
428846,مصطفى نبغيه بزاف على خاطرك غادي نجي فالعطلة للمطعم ونشوفو المطعم لي شكرته,68956,tiktok,@cote_oran,2026-01-02T21:57:38.778214,1,,,,,,,
166704,bravo machallah je vous souhaite une bonne réussite et beaucoup de clients inchallah les DZ  [APPRECIATION],34860,tiktok,@sinai,2026-01-02T19:27:59.300953,3,,,,,,,
297779,Yesss [APPRECIATION],1315,instagram,mahroussaglace,2025-07-21T22:58:06.000Z,2,,,,,,,
428852,Le meilleur resto sur la place d’Alger  [APPRECIATION],289,instagram,bonsairestaurant_dz,2024-10-26T19:21:12.000Z,0,,,,,,,
166707,Les burger sont de qualité supérieure même supérieur de celle à l’étranger mais malheureusement j’ai pris du poid et je serai obligé d’arrêter se genre de nourriture bref continu comme sa vous êtes au top,8821,Google Maps,American Burger Factory,2018-07-08T18:24:58.081Z,2,,,,,,,
690999,فهمهم بلي غير الطبسي الأخير 150,11794,Facebook,Restaurant San Benito,2025-10-03T13:55:21.000Z,0,,,,,,,
822072,"Je remercie tout le personnel pour votre hospitalité, en particulier Mounir, pour son merveilleux travail.",8144,Google Maps,American Burger Factory,2025-01-28T18:48:44.376Z,0,,,,,,,
559927,لعزيز  [APPRECIATION],1069,instagram,imstarvingfood,2025-04-12T23:54:55.000Z,0,,,,,,,
297791,لي عندو تزيدولو رحت النخوة,57924,tiktok,@_le216_,2026-01-02T21:17:34.821763,0,,,,,,,
297793,هههه البنة فالراكليطة,41692,tiktok,@street_food,2026-01-02T19:57:49.362747,1,,,,,,,
559938,نهار يكبرو ولادي ونولي نقدر نروح وحدي فكروني في هاذ بلاصة,707,instagram,chocolate.sarayi.alger,2025-12-01T07:04:36.000Z,8,,,,,,,
166734,السر قاع فالراكليطة تاعو,42220,tiktok,@street_food,2026-01-02T19:58:02.743691,0,,,,,,,
822111,سلاطة وزيتون,13284,Facebook,Restaurant San Benito,2025-10-13T13:19:26.000Z,0,,,,,,,
559976,يادرى يا سي مصطفى تهلا و فيك . ؟؟؟؟,69094,tiktok,@cote_oran,2026-01-02T21:57:43.121341,1,,,,,,,
822121,c'est ou slv,37516,tiktok,@restaurant.madala,2026-01-02T19:34:56.280217,0,,,,,,,
691051,Sofiane Rab بالاك جا معاك في جيبك من داركم,8925,Facebook,Restaurant Casa Bella - Draria,2025-12-07T10:41:23.000Z,0,,,,,,,
691059,", ربي يعاونك صاحبي شتاهي كاين ملاحظة ماجي معاه حتى صوص ابار صوص سوكري و لا حارا",40036,tiktok,@streetburger02,2026-01-02T19:44:05.415940,1,,,,,,,
428917,"Ambiance très agréable, personnel à l’écoute, plats succulents, on adore !",5604,Google Maps,قصبة اسطنبول,2019-12-04T14:10:11.181Z,1,,,,,,,
822133,كليت فتاع الباهية شعال من خطرة مشاء الله . بصح نهار كليت فسيتي جمال الموت شفتها حريرة حامضة,64716,tiktok,@msiiirdaa13,2026-01-02T21:35:48.703997,0,,,,,,,
822136,win xst fi oran,14104,tiktok,@les_jumelles,2026-01-02T18:01:16.708067,4,,,,,,,
166777,Le restaurant casba est l'un de mes préférés de la ville. La nourriture est toujours exceptionnelle et le personnel est très accueillant. J'ai eu l'occasion de goûter plusieurs de leurs plats et tous ont été excellents. Je recommande vivement ce restaurant à tous ceux qui cherchent une expérience culinaire de qualité.,6200,Google Maps,Casbah istanbul,2023-01-07T15:31:04.583Z,0,,,,,,,
428922,ربي يبارك ماكلة هبال,53336,tiktok,@piadzo_food23,2026-01-02T21:07:11.411491,0,,,,,,,
953216,اوووو الله يبارك كلاص خلاه  [APPRECIATION],31824,tiktok,@entracte,2026-01-02T19:14:24.034743,3,,,,,,,
428932,الإستقبال ممتاز والباقي صفر,4431,Google Maps,هشام كوك بيتزا,2024-02-19T12:36:08.603Z,0,,,,,,,
560008,pas du tout halal les escargots,72146,tiktok,@pont_hydra,2026-01-02T22:13:14.227720,3,,,,,,,
560015,c est à Paris ?,14908,tiktok,@lassiette.algeroise,2026-01-02T18:06:51.520431,0,,,,,,,
297873,très belle déco mes les prix trop cher les portions trop petites,22180,tiktok,@maison_sardoudi,2026-01-02T18:22:41.177367,0,,,,,,,
560019,"c es magnifiques vraiment très beaux l accueil superbe, bonne ambiance l équipe très professionnels et de qualité, la terrasse et juste incroyable très respectueux  [APPRECIATION]",62662,tiktok,@allechante,2026-01-02T21:30:54.049949,1,,,,,,,
560020,L’adresse de le restaurant svp! ?,26436,tiktok,@rosa.astuce,2026-01-02T18:35:29.359995,1,,,,,,,
691112,باسم الله,72606,tiktok,@pont_hydra,2026-01-02T22:13:27.131001,0,,,,,,,
560047,قلشينا رانا تخذنا ، نقي الحوتة تاعك و رطبيها ، هذاك ما نبغوا حنا,13447,Facebook,Restaurant San Benito,2025-12-15T16:46:38.000Z,1,,,,,,,
297912,توصيل قهوة شرقي كين,30054,tiktok,@pizza_carie_touati_,2026-01-02T18:54:33.948581,0,,,,,,,
691133,"acceuil chaleureux et personnels professionnels 10/10 pizza margarita 7/10 pizza 5 fromage bonne 9/10 creme brûlée 8, 5/10 pizzeria spacieuse 2 etages et terasse 10/10 chaise confortable 10/10 belle decoration parking disponible prix trop cher 5/10",4463,Google Maps,هشام كوك بيتزا,2024-01-30T00:16:30.046Z,0,,,,,,,
297922,باينة حنترية,13503,Facebook,Restaurant San Benito,2025-12-28T13:33:30.000Z,0,,,,,,,
560078,"C’est bon mais sans plus, par contre le prix est excessif",32940,tiktok,@sinai,2026-01-02T19:18:30.249645,0,,,,,,,
560084,sur tout avec le l'huile de live,57392,tiktok,@_le216_,2026-01-02T21:17:22.062408,0,,,,,,,
953308,كمون ديت عنده ساندويتش قال لي تستنى 45 دقيقه كولو انت.,29190,tiktok,@snacky_time_kouba,2026-01-02T18:47:59.123841,0,,,,,,,
297964,win rah classe ! ?,70924,tiktok,@paradou_restaurant,2026-01-02T22:04:50.948105,0,,,,,,,
953328,تشبه لعصومي [APPRECIATION],49346,tiktok,@chicks_nook,2026-01-02T20:40:20.804445,0,,,,,,,
822257,مرسي عليك شاف  بالتوفيق ليكم جميعا  [APPRECIATION],41434,tiktok,@street_food,2026-01-02T19:55:45.735934,1,,,,,,,
691187,تقلشينا,13348,Facebook,Restaurant San Benito,2025-12-16T12:15:17.000Z,0,,,,,,,
822264,على حساب شحال تريح مفهش غير مكلة فيه كلش لبسين حفلات سمع وقيل ململيون لفوق,31748,tiktok,@entracte,2026-01-02T19:14:20.872551,0,,,,,,,
166925,C’était bon je confirme,19514,tiktok,@sultan,2026-01-02T18:17:16.604896,0,,,,,,,
953358,Celui qui n'a pas goûté le terroir italien en Italie ne peut pas juger ces restaurants italiens en Algérie,63950,tiktok,@restauranttrattoriaoran,2026-01-02T21:34:06.668627,20,,,,,,,
298002,Après 40 minutes d'attente dans ma voiture je décide d'aller voir si ma commande était prête et la je découvre qu'elle a été servie à table pour d'autres personnes et que je devais la lancer une deuxième fois . je ne remettrais plus les pieds là-bas. en plus j'ai trouvé mieux ailleurs. Vive Pepper!,8194,Google Maps,American Burger Factory,2024-12-29T20:23:39.796Z,0,,,,,,,
429084,sponsor castel bière américaine,14082,tiktok,@le_dauphin_restaurant,2026-01-02T18:00:55.718296,0,,,,,,,
298014,بلا طبرقة ومشويات,10273,Facebook,Restaurant Tabarka Annaba,2025-12-23T18:25:25.000Z,0,,,,,,,
560167,"Une bonne adresse si vous cherchez une bouffe bien copieuse, les assiettes sont bien garnies et délicieuses. Le service était accueillant et rapide, ce fut une merveilleuse découverte, je recommande !",5463,Google Maps,قصبة اسطنبول,2023-08-11T12:15:46.333Z,6,,,,,,,
560173,La pizza bnina la les frites ou tacos (sandwich) chwiya mlih wach rayk [COMPLAINT],1409,instagram,megapizza_kouba,2025-08-04T14:48:01.000Z,0,,,,,,,
691247,Sincèrement je suis très déçu vous écrivez que vous commencez le service à 07h30 je viens pour être servis vous me dite que le chef lui même il arrivera à 08h30 c’est très grave est très décevant,3781,Google Maps,Laurel Restaurant,2024-01-22T11:12:45.372Z,1,,,,,,,
298039,du cochon?,25582,tiktok,@lovers_grill,2026-01-02T18:33:50.475862,0,,,,,,,
298044,سلام عليكم خويا هذا كاين غير برج الكيفان ولا كاين في ثمنية ثاني جاوبني خويا لعزيز,44018,tiktok,@dzforestrestaurants,2026-01-02T20:11:35.500151,0,,,,,,,
560205,قرعة ما بعشرالاف يمكن معمرة بما زمزم هذي,16330,tiktok,@mardoum,2026-01-02T18:08:09.723279,0,,,,,,,
429137,كنتو تخدموه مليح مي جوك راكم تسلكو برك,30962,tiktok,@roi_du_fajitas,2026-01-02T19:08:43.362457,0,,,,,,,
953432,La qualité a vraiment baissé,6593,Google Maps,Restaurant À Petit Feu,2025-08-17T00:52:06.058Z,0,,,,,,,
822364,"Bon restaurant, sauf qu'il y'a trop de monde",6104,Google Maps,Casbah Istanbul,2023-06-17T16:11:54.753Z,1,,,,,,,
691295,هذا شاه؟قولي سخفتني باه ندير كوموند,70660,tiktok,@my_pizza_oran,2026-01-02T22:00:41.861502,1,,,,,,,
691303,هاذ الكمية كنكون نطيب نذوقها,120,instagram,amine_la_cantine,2025-12-24T20:48:54.000Z,16,,,,,,,
560253,Bonne surprise que ce restaurant! La qualité du service et le contenu de l'assiette.,3437,Google Maps,Caracoya,2024-01-21T19:06:00.136Z,0,,,,,,,
429181,I really liked the food but it took so long to arrive.,6888,Google Maps,Restaurant À Petit Feu,2025-07-19T10:46:25.514Z,0,,,,,,,
560259,Et les prix ? !,51050,tiktok,@broaster_chiken,2026-01-02T20:59:49.625950,0,,,,,,,
167047,عندهم كملا فوررر,38160,tiktok,@kfc,2026-01-02T19:39:27.947235,0,,,,,,,
560267,les prix très élevés plein de cafards par tout je vous jure,61520,tiktok,@denatelo_annaba,2026-01-02T21:25:08.387488,0,,,,,,,
298125,"food : great prices: not so good but could been worse, so normal service: terrible",8861,Google Maps,American Burger Factory,2017-06-19T02:01:01.305Z,1,,,,,,,
953486,يامجحاح نهار لخميس تلاقيت معاك صباح في باب الزوار هبطت في لاري ليسي,16254,tiktok,@mardoum,2026-01-02T18:08:08.024100,0,,,,,,,
953494,كاين توصيل للبليدة؟,40382,tiktok,@woodchickendz,2026-01-02T19:45:49.178243,2,,,,,,,
691351,"My friend and were intoxicated from the food…. quality is terrible…. it’s no where near the burgers quality we used to eat when it was small…it became a factory with no taste, bad food, and a loud place. I don’t recommend it to foodies and burger lovers!",7054,Google Maps,American Burger Factory,2025-07-10T11:42:58.215Z,0,,,,,,,
822425,Personnel très professionnel l'accueille est tr chaleureux est surtout on y mange super bien petit bémol les prix qui récemment on signifiquement augmenté mais ça reste correcte comparé a la concurrence.,3259,Google Maps,تاج محل بن عكنون,2019-03-14T16:20:36.648Z,1,,,,,,,
953497,"Super gentil , professionnel et menu très bon.",5579,Google Maps,قصبة اسطنبول,2022-03-06T02:42:45.436Z,0,,,,,,,
167074,كاين توصيل خويا لصبرا,12627,Facebook,Restaurant Rais,2025-10-12T19:19:51.000Z,0,,,,,,,
298147,je viendrais avec plaisir goûter vos plats inchallah [APPRECIATION],25778,tiktok,@ofennec.officiel,2026-01-02T18:34:11.064733,1,,,,,,,
167078,C en Belgique ?,35138,tiktok,@sinai,2026-01-02T19:28:05.172210,0,,,,,,,
822455,Nice place good service. I had a burger which was good,4983,Google Maps,Hicham cook pizza pasta,2019-06-21T00:05:54.164Z,0,,,,,,,
298173,Very delicious food especially kunafa,6276,Google Maps,Casbah Istanbul,2022-05-20T01:08:12.338Z,0,,,,,,,
298192,وعلاش شعبي نورمال متحطلوش كيما هيا يا ربي,57796,tiktok,@_le216_,2026-01-02T21:17:32.193166,1,,,,,,,
953552,Brothers el biar avant le COVID c'était la meilleure pizza que j'ai mangée. Ensuite les choses ont changé,389,instagram,"brother.ts
",2024-06-27T16:51:07.000Z,0,,,,,,,
560354,The best food I love fata and fatayar [APPRECIATION],32904,tiktok,@sinai,2026-01-02T19:18:29.605398,0,,,,,,,
298217,هديك هيا متزيدوش عليهاااا جاجة وحدها قريب 100تلف,44580,tiktok,@dzforestrestaurants,2026-01-02T20:11:59.457733,0,,,,,,,
691434,سلام وين لدراس,31598,tiktok,@woodgrill_dz,2026-01-02T19:13:57.475422,0,,,,,,,
429297,فهمونا كيفاه تقدرو تكل كل هدي الكمية,1862,instagram,snacky_time_kouba,2025-08-31T14:01:12.000Z,7,,,,,,,
298228,مطعم الأحلام Caracoya جميل منظم واكل جيد نظيف ولذيذ واحسن الطباخين يعملون بيهم نتمنى لهم التوفيق,3414,Google Maps,Caracoya,2024-06-08T13:39:56.282Z,0,,,,,,,
429309,Très bon et propre,8733,Google Maps,American Burger Factory,2021-01-10T11:51:46.947Z,0,,,,,,,
822538,force expresse byna Allah tkhabiii z3ma 3aw'ouh,45032,tiktok,@plaquiste_oran,2026-01-02T20:15:30.108632,0,,,,,,,
560395,شقة مفروشة للكراء بالايام في عنابة 0776999268,61356,tiktok,@la.criee,2026-01-02T21:24:49.035298,0,,,,,,,
691473,هذاك عشاء السراقين ماهوش لشهارين,10694,Facebook,"  Restaurant elassil








",2026-01-01T20:31:25.000Z,0,,,,,,,
429332,Prix un peu cher Service un peu lent Tacos bon Burger à la sauce aux champignons un coup de coeur Gratins et frites troooooop gras,7911,Google Maps,American Burger said hamdine,2022-02-12T14:33:42.716Z,2,,,,,,,
167191,Burger shoot fi cheraga grv bnin,34114,tiktok,@taylot,2026-01-02T19:23:32.880135,0,,,,,,,
560414,"La poulet était bon, mais les frites étaient immangeables. Le serveur turc était désagréable et pas du tout souriant. Nous avons réclamé à propos des frites, plus que 4 fois, mais nous avons payé le prix total des 4 plats que nous avions pris.",5418,Google Maps,قصبة اسطنبول,2023-10-29T08:19:26.667Z,1,,,,,,,
167198,Une queue pour ça ? Quand la hype sera finie le restaurant sera vide c’est une certitude. Les pizzas n’ont aucun goût la pâte pas cuite et les contours cramés ? Dans le menu il y’avait marqué qu’il y’avait du basilic ( plutôt une feuille de basilic vulgairement posée sur la pizza ),4245,Google Maps,هشام كوك بيتزا,2024-08-13T16:12:02.765Z,0,,,,,,,
822562,Ça plaît beaucoup aux enfants,6808,Google Maps,American Burger Factory,2025-08-03T10:39:29.069Z,0,,,,,,,
429354,adresse exacte merci point de repère,14928,tiktok,@lassiette.algeroise,2026-01-02T18:06:51.520467,1,,,,,,,
953642,"Restaurants familial avec une très belle ambiance, des plats divers je vous le recommande, j'ai apprécie les cuisses de poulet désossé et aussi le désert kounafa, le seul inconvénient c'est l'absence de grande bouteille d'eau car les petits sont très vite consommer, l'un des inconvénients aussi c'est l'attente qui peut être important leurs des heures de pointe",6141,Google Maps,Casbah istanbul,2023-08-19T00:17:22.651Z,0,,,,,,,
167212,La meme Quantité que la vidéo?,1904,instagram,spartacos2019/,2025-01-09T20:59:26.000Z,7,,,,,,,
822574,j'en veux moi,40326,tiktok,@woodchickendz,2026-01-02T19:45:45.311804,0,,,,,,,
822576,نحتهالي من فمي,39870,tiktok,@streetburger02,2026-01-02T19:44:02.264733,0,,,,,,,
822586,"C cher et avec aucun gout ! Du fromage de très mauvaise qualité, tacos rempli de fromage blanc sans gout au lieu de poulet et viande hachée en plus c est super cher !",8701,Google Maps,American Burger Factory,2021-08-11T00:13:31.297Z,1,,,,,,,
429376,بصح ياحبيبي شكون يدخليها هدا المغارة الا اصحاب التيكي,9287,Facebook,,2025-12-03T12:59:09.000Z,2,,,,,,,
167236,"“Une expérience culinaire exceptionnelle ! L’accueil est chaleureux, le service impeccable et chaque plat est un véritable voyage gustatif. Les saveurs sont parfaitement équilibrées, les produits frais et de qualité. L’ambiance cosy et soignée rend le moment encore plus agréable. Je recommande vivement ce restaurant à tous ceux qui veulent allier plaisir des papilles et moment convivial. ”",5119,Google Maps,Casbah Istanbul القصبة اسطنبول,2025-08-12T14:10:44.596Z,0,,,,,,,
953669,كلش غالي واش هبلتو نابوليتان بتسعين الف والله الغاليا بخمسة او سبعين ألف,10329,Facebook,,2025-11-30T18:08:54.000Z,0,,,,,,,
429380,مشاء الله لحقنا بنيين و سخون و كلش الله يبارك,17162,tiktok,@casa_burger1,2026-01-02T18:11:29.399175,5,,,,,,,
691527,السيد ابداها مع كول بلاش ربي يستر,53552,tiktok,@thaisty_dz,2026-01-02T21:07:30.875949,0,,,,,,,
560455,bon courage l'équipe,39776,tiktok,@le77tizi,2026-01-02T19:43:41.435645,0,,,,,,,
953673,"J’ai bien aimé la bouffe , service rapide , prix un peu cher pour ce que c’est .",5292,Google Maps,Casbah Istanbul القصبة اسطنبول,2024-02-24T08:22:54.340Z,0,,,,,,,
560462,كلش خرطي هدي هيا اللي قالو شيع ورڨد,10740,Facebook,Restaurant Casa Bella - Draria,2025-12-07T00:15:09.000Z,0,,,,,,,
953680,pro paid all the budget for the edit,49984,tiktok,@m7ajeb,2026-01-02T20:44:38.358383,20,,,,,,,
953691,"Just delicious Les filles sont sympas et très accueillantes malgré la pression qu’elle ont à servir , à répondre au tel, à écrire sur les gâteaux … Bonne continuation",3818,Google Maps,L’Alchimiste Pâtisserie,2025-09-11T06:21:18.039Z,0,,,,,,,
298332,La peinture c pour mélanger avec le repas,48916,tiktok,@le77tizi,2026-01-02T20:38:59.838023,0,,,,,,,
429410,Le meilleur restaurant d’Alger que j’ai goûté pour le moment ! Je recommande !,7480,Google Maps,Restaurant À Petit Feu,2024-05-26T12:49:03.881Z,3,,,,,,,
167271,تاع حميد باب الواد خير منو,43588,tiktok,@serir_alger,2026-01-02T20:09:37.821517,0,,,,,,,
691561,"c'est quoi le premier plat, j'ai rien compris",17086,tiktok,@casa_burger1,2026-01-02T18:11:28.513003,2,,,,,,,
167273,ماكانتش هك ،بدلوها شابة فور,19392,tiktok,@helena,2026-01-02T18:16:41.802108,0,,,,,,,
953709,لي راهم يقولو غالي نن مش غالي لخطرش غي حدانا و كنت ناكل عندهم تقريبا كل يوم و مكلتهم بنينا و السارفيس مشاء الله,33292,tiktok,@ambiancefood,2026-01-02T19:21:12.263593,73,,,,,,,
822637,hhhhhh wa3lahe tagdbe 3a nase 3ajle 2 douro,56428,tiktok,@the_chef_house_23,2026-01-02T21:14:42.198989,0,,,,,,,
953731,les cremes [APPRECIATION],55266,tiktok,@askim_food,2026-01-02T21:13:26.529152,1,,,,,,,
822661,Les prix ont beaucoup augmenté. Le personnel turc assez froid. On a l'impression qu'on a envie de nous mettre à la porte vite après avoir fini de manger. La tasse du thé très petite Sinon le goût y est,5414,Google Maps,Casbah Istanbul القصبة اسطنبول,2023-07-08T15:57:51.664Z,2,,,,,,,
560518,je déconseille chère pour des plats médiocre,2393,Google Maps,HichamCook Grill House,2024-12-18T20:11:16.079Z,0,,,,,,,
953737,endroit paradisiaque  [APPRECIATION],60336,tiktok,@seraidi.live.z,2026-01-02T21:22:47.965534,0,,,,,,,
822666,oui très belle restaurant,66426,tiktok,@barbecue_restaurant,2026-01-02T21:50:20.292388,2,,,,,,,
822667,"""5 étoiles""",17478,tiktok,@seven.times.luxury,2026-01-02T18:13:11.800447,1,,,,,,,
298391,وغاليين,56246,tiktok,@the_chef_house_23,2026-01-02T21:14:35.405747,0,,,,,,,
953752,عبد الحكيم عبد الحكيم صح لسانك. بارك الله فيك,11118,Facebook,Restaurant Casa Bella - Draria,2025-08-15T20:12:01.000Z,0,,,,,,,
822697,هذا بلال لا,1324,instagram,mahroussaglace,2025-05-12T18:00:02.000Z,0,,,,,,,
691626,j'ai mange la bas. malheureusement ca n'a rien a voir avec la cuisine syrienne. en plus la salade teboulé qui est tres simple a preparer avait une tres mauvaise odeur. je ne recommande pas du tout.,19486,tiktok,@sultan,2026-01-02T18:17:12.034381,0,,,,,,,
429484,كل مره ازور الجزائر من اليمن اروح ازور خالتي لازم امر على هل المطعم جرّبوه ماتندمو,6714,Google Maps,American Burger said hamdine,2025-10-03T02:04:28.687Z,0,,,,,,,
822702,"J'en ai mangé cette année pour la première fois. En sauce, un pur délice aussi  [APPRECIATION]",72304,tiktok,@pont_hydra,2026-01-02T22:13:20.298210,1,,,,,,,
298414,ريستورون جدا رائعة زرت عدة اماكن لاكن هذه من أجمل الأماكن,6529,Google Maps,Restaurant À Petit Feu,2025-10-11T09:54:03.127Z,0,,,,,,,
560560,"Excellent . On adore. Des habitué , On y etais ce week-end d ailleurs [APPRECIATION]",1980,instagram,sushiima_dz,2025-04-20T02:17:13.000Z,5,,,,,,,
691640,"De la très bonne cuisine, service de qualité. Une adresse incontournable pour bien manger",6891,Google Maps,Restaurant À Petit Feu,2025-07-16T19:32:53.007Z,0,,,,,,,
691647,مول الريسطو راه يعرض فيك على الزبائن ونتي تتبهللي تعرضي الحوت,12978,Facebook,Restaurant San Benito,2025-10-15T00:57:52.000Z,0,,,,,,,
953794,شي من عندك نسمع صوتك قبل رمضان ولا بعد,57264,tiktok,@_le216_,2026-01-02T21:17:20.268705,0,,,,,,,
691652,c'est où a paris merci,27820,tiktok,@thala,2026-01-02T18:45:06.097515,0,,,,,,,
298448,Bonjour vous en faites ce samedi si oui a quel prix svp ?,743,instagram,elmarssem.dz,2024-09-24T12:27:21.000Z,0,,,,,,,
560594,ohh trop belle ma sœur  [APPRECIATION],48982,tiktok,@le77tizi,2026-01-02T20:39:02.161315,1,,,,,,,
429524,moitié bénéfices.,17864,tiktok,@casabelladraria,2026-01-02T18:14:47.824021,0,,,,,,,
298453,The Best  [APPRECIATION],27162,tiktok,@ambiance_telemcen,2026-01-02T18:41:21.610679,1,,,,,,,
953814,الله لاتربح بلاد هذي تاع الشعر تدمر من صباح لعشية ولحم تاكلو من بعيد للعيد,999,instagram,hichamcookgrill,2025-12-24T13:39:47.000Z,1,,,,,,,
822745,je confirme juste ta raté leur gratins  [APPRECIATION],22080,tiktok,@maison_sardoudi,2026-01-02T18:22:39.538558,0,,,,,,,
429532,تع كرشكم برك,12371,Facebook,Restaurant San Benito,2025-10-13T16:10:18.000Z,0,,,,,,,
953820,Àĥmëď Bøùàita علاش ندوها غير صلاة صلي واخدم ياخي حاله باين قلبك اكحل و حساد,9395,Facebook,,2025-12-05T10:47:48.000Z,2,,,,,,,
429540,les prix  [APPRECIATION],20584,tiktok,@labelladalger16,2026-01-02T18:19:40.345538,0,,,,,,,
429543,Beaucoup de choix et beaucoup de thèmes selon l'étage. Idéal pour satisfaire toute la famille. Bravo !,6852,Google Maps,Restaurant À Petit Feu,2025-07-23T15:01:43.738Z,0,,,,,,,
822760,وكي كتجي تخلص يفڨعك,12573,Facebook,Restaurant Rais,2025-10-13T23:01:57.000Z,0,,,,,,,
167407,أنا ربحت في هاذيك تع جزائر,977,instagram,hichamcookgrill,2025-12-29T18:46:41.000Z,1,,,,,,,
560624,l’adresse s’il vous plaît,71356,tiktok,@dwiretelazz,2026-01-02T22:08:42.206611,0,,,,,,,
167419,2000 نشري بيها لحم و قضية تع 3 ايام توكل دار كاملة قالو ميتين باه تجيبها ظهرك يتقسم نخسرها على فرينة تتوط كون حتى جات واوو فالبنة حشا نعمة ربي  [COMPLAINT],53672,tiktok,@mega_pizza_annaba,2026-01-02T21:07:56.462722,0,,,,,,,
429568,الخليج,28588,tiktok,@restaurant.primo,2026-01-02T18:46:29.702772,0,,,,,,,
560651,متجيش دريلنا بيبليسيتي ريستو في برحال,58424,tiktok,@la.nouvelle.etoile0,2026-01-02T21:20:57.061372,0,,,,,,,
822798,"Tu pense que c'est pas cher, toz",11914,Facebook,Restaurant San Benito,2025-10-13T18:22:05.000Z,0,,,,,,,
822803,والسعر لمن استطاع اليه سبيلا  [APPRECIATION],20316,tiktok,@labelladalger16,2026-01-02T18:19:31.025229,13,,,,,,,
429602,On ne dit pas le restaurant elle vous propose On dit le restaurant vous propose,9714,Facebook,"  Sultan Restaurants


",2025-11-08T02:15:37.000Z,0,,,,,,,
298533,Jai deja visite . C'est magnifique,1247,instagram,lepetitchaletoran,2025-04-19T10:19:24.000Z,4,,,,,,,
298539,"Sorry but Tacos is disgusting, mschi ta3 450dz at all",8705,Google Maps,American Burger Factory,2021-07-23T16:20:45.508Z,0,,,,,,,
167477,"Magnifique sur tout les point . De l'accueil à la sorti en passant par le personnels, le gérant et la cuisine.",8022,Google Maps,Restaurant À Petit Feu,2023-02-05T20:30:18.493Z,0,,,,,,,
167479,"nourriture très fade sans aucun gout, sandwich sec frite molle déco très bien a ne pas recommander",4952,Google Maps,Hicham cook pizza pasta,2020-01-17T19:36:42.072Z,3,,,,,,,
822841,أسعار في متناول الشعب الأوروبي. 5000 da représente le quart d'un SMIG en Algérie,43732,tiktok,@dzforestrestaurants,2026-01-02T20:11:27.904459,1,,,,,,,
691785,اني فهمت قلك نتا جيب 870 او كل واحد اجيب 87 كي توصل 3500 ارواحو ذوقو هذا لبلا,31546,tiktok,@woodgrill_dz,2026-01-02T19:13:55.381353,6,,,,,,,
953932,الثمن لا يتناسب أبدا مع نوعية و كمية الأطباق,2389,Google Maps,HichamCook Grill House,2024-12-30T12:35:24.010Z,0,,,,,,,
429645,j'y suis aller en Avril c'était très bon  le salé et surtout le sucré et l'accueil excellent maschallah bravo  [APPRECIATION],27324,tiktok,@ambiance_telemcen,2026-01-02T18:41:29.333154,1,,,,,,,
298578,مڨردع بلحم بصح منبعد تڨردعلي جيب هههه,12401,Facebook,Restaurant Rais,2025-10-12T23:46:06.000Z,30,,,,,,,
298581,غادي نضربها برقدا لصباح عام جديد عام قديم واش هو الفرق,66042,tiktok,@restaurant_mani,2026-01-02T21:47:12.759931,0,,,,,,,
822869,très bon prix  Bon continuation [APPRECIATION],36936,tiktok,@restaurant.madala,2026-01-02T19:34:41.737935,1,,,,,,,
167517,du temps des colons j'ai appris a en manger. On les cueillait ds notre jardin aprés la pluie. On les vendait aux eyropéens pour 1FF le bidon,73806,tiktok,@pont_hydra,2026-01-02T22:14:05.515764,0,,,,,,,
298590,اسعار في متناول كريستيانو,61814,tiktok,@maestro_dz13,2026-01-02T21:26:52.422312,0,,,,,,,
429671,السلاطة تبقا سلاطة شوارما كيفها كيف شوارما لخرين والجنحين تاني كيف كيف مكاش جاجة سبيسيال على كل حال الله يعاونكم ويرزقكم بالحلال  [APPRECIATION],48012,tiktok,@rahmani_food,2026-01-02T20:34:21.487352,0,,,,,,,
560754,Merci pour l'accueil chaleureux Mounir et Youssef une très belle expérience a American burger vraiment une cuisine de ouf et un service exceptionnel,8123,Google Maps,American Burger Factory,2025-01-29T20:30:37.312Z,0,,,,,,,
822902,هاد الفخامة كامل امبعد يحطلي بيتزا extra plat,1398,instagram,megapizza_kouba,2025-12-19T17:11:24.000Z,0,,,,,,,
167548,Très bonne expérience culinaire je recommande vivement.,6530,Google Maps,Restaurant À Petit Feu,2025-10-10T18:43:40.076Z,0,,,,,,,
429695,معامالة ربي يبارك استقبال ربي يبارك وماكلة ربي يبارك,2800,Google Maps,HichamCook Grill House,2023-01-24T21:31:18.829Z,0,,,,,,,
298624,"Cuisine toujours aussi savoureuse depuis plus de 20ans ! Personnel aux petits soins. Seul bémol : on consacre l’étage le plus plaisant et esthétique aux fumeurs, aucune aération. Les non fumeurs sont punis au rdc à la sortie des cuisines et des wc , à rectifier",3112,Google Maps,تاج محل بن عكنون,2023-08-15T07:26:36.343Z,0,,,,,,,
953987,J’ai pas aimé accueil zéro manque d'hygiène (senia centre Oran ),2128,instagram,wonder_food.s,2025-12-05T18:27:30.000Z,0,,,,,,,
822919,اسعار غالية,2304,Google Maps,HichamCook Grill House,2025-10-03T16:56:36.786Z,0,,,,,,,
560783,إنه فخ يا جورج,2826,Google Maps,HichamCook Grill House,2022-12-28T07:00:22.061Z,0,,,,,,,
298641,"ate there multiple times before to give it a chance, the servers are very rude and treat customers with so much arrogance, especially the man with blue or green eyes, the food is alright but the workers are insufferable.",20652,tiktok,@labelladalger16,2026-01-02T18:19:42.046323,4,,,,,,,
822930,علاش حنا كلشي مانع علينا نشوف غير بعنينا بصاح الحمد لله اخرتها موت  [COMPLAINT],57540,tiktok,@_le216_,2026-01-02T21:17:26.318864,1,,,,,,,
560790,l'atelier de la ville  [APPRECIATION],21622,tiktok,@maison_sardoudi,2026-01-02T18:22:29.028017,2,,,,,,,
560793,Luxueux  [APPRECIATION],14296,tiktok,@les_jumelles,2026-01-02T18:01:23.669499,1,,,,,,,
954015,خليه يفتح انت قاطع,38100,tiktok,@kfc,2026-01-02T19:39:27.047139,0,,,,,,,
691877,Salam C'est ou ça,31544,tiktok,@woodgrill_dz,2026-01-02T19:13:53.447296,0,,,,,,,
429733,très belle ambiance bravo les oldistes ça nous manque la meilleure époque,23354,tiktok,@moonzrestaurant,2026-01-02T18:25:38.448196,2,,,,,,,
167594,Veuillez faire une mise a jour pour votre page sur maps cest pas sérieux . donner de fausse informations.,5583,Google Maps,قصبة اسطنبول,2021-03-20T11:09:05.359Z,1,,,,,,,
429740,Fait partie de mes resto préférés,5289,Google Maps,Casbah Istanbul القصبة اسطنبول,2024-02-25T10:32:04.505Z,0,,,,,,,
691889,Jamais vous trouverez se prix ailleurs en Algérie la belle vie vive Algérie du bio mes amis,43794,tiktok,@dzforestrestaurants,2026-01-02T20:11:31.252310,10,,,,,,,
429756,تحلو بالجمعة,575,instagram,"brother.ts
",2024-08-11T15:18:29.000Z,0,,,,,,,
167612,مطعم الرايس - Restaurant Rais وين انتم بنتي شافت السوندويتش راح تتغاشى  [BOUFFE],12448,Facebook,Restaurant Rais,2025-10-27T16:20:45.000Z,0,,,,,,,
822974,من أروع لي ريسطو في الجي سونتر يعجبني كالم. وهايل وماكلتو بنينة روعة بصح أسعار تاعو زايدين بزاف  [APPRECIATION],20530,tiktok,@labelladalger16,2026-01-02T18:19:38.696312,0,,,,,,,
954063,بالتوفيق بارك الله فيكم  [APPRECIATION],2325,Google Maps,HichamCook Grill House,2025-08-21T00:05:25.705Z,0,,,,,,,
429777,Je vais l'essayer prochainement nchalah,1159,instagram,L’ENTRACTE,2025-06-28T21:38:05.000Z,3,,,,,,,
298710,كدابة كلش عنده طوووووب,58198,tiktok,@vilageneige_annaba,2026-01-02T21:19:47.519366,0,,,,,,,
823000,délicieux  شوفي نروحولو [BOUFFE],19376,tiktok,@helena,2026-01-02T18:16:40.733227,0,,,,,,,
823011,يا كريتة يا كريتة راح تهبلني ؟ عيب عليك تسخفو فينا,9818,Facebook,Restaurant Tabarka Annaba,2025-12-31T13:49:24.000Z,0,,,,,,,
429810,"Franchement c'était trop bien Des bons plats pour des prix raisonnables Pour la cuisine rien à dire toop Accueil chaleureux, service très rapide , des gens sympas et souriants On a passé une agréable soirée",2286,Google Maps,HichamCook Grill House,2025-11-13T19:54:22.091Z,0,,,,,,,
167671,esque ya l'animation,65264,tiktok,@vibe.bistrot,2026-01-02T21:42:45.680577,1,,,,,,,
560887,"C'était très savoureux, ya vraiment de la place pour tout le monde: terrasse, espace fumeur, espace privé . les employés sont vraiment aux petits soins. J'espère vraiment que ça continue comme ça. BIG UP à toute l'équipe",4353,Google Maps,هشام كوك بيتزا,2024-05-11T16:29:28.622Z,2,,,,,,,
823036,على سلامتكم,38246,tiktok,@kfc,2026-01-02T19:39:29.612989,0,,,,,,,
429823,Je confirme  [BOUFFE],52876,tiktok,@patisserie_annaba,2026-01-02T21:04:17.321838,1,,,,,,,
429829,Le maestro du burguer,8633,Google Maps,American Burger Factory,2022-04-04T14:31:45.572Z,0,,,,,,,
560908,غلطة حياتي كي جيت عندك,857,instagram,hichamcookgrill,2025-11-16T18:58:34.000Z,1,,,,,,,
560912,Vraiment délicieux,8792,Google Maps,American Burger Factory,2019-05-26T21:34:57.738Z,0,,,,,,,
560915,دخلت نشوف التعليقات صح كاين ناس مريضة نفسيا الحسد,698,instagram,chaway_zaimm,2025-07-08T22:52:42.000Z,0,,,,,,,
298790,ماشي. اقدم. المحلات. تاع. القبة,42904,tiktok,@pizza_carre,2026-01-02T20:00:33.930055,0,,,,,,,
167723,انشاء الله نجيكم بربي انشاء الله  و مشاءالله,67784,tiktok,@kartaj_oran,2026-01-02T21:53:17.057833,0,,,,,,,
692018,Les avis sur Google sont mitigés.,25272,tiktok,@lovers_grill,2026-01-02T18:33:41.990866,11,,,,,,,
692028,الأغء,59616,tiktok,@maestro_dz13,2026-01-02T21:21:37.792074,0,,,,,,,
954180,citrate c'était avant souvenirs souvenirs  [APPRECIATION],64508,tiktok,@cintra,2026-01-02T21:34:51.788249,1,,,,,,,
560965,سعر ف متناول نيمار,46582,tiktok,@oumanger.oran,2026-01-02T20:23:51.156872,0,,,,,,,
560973,يدخلوها ليفاجئ,64510,tiktok,@cintra,2026-01-02T21:34:51.788252,0,,,,,,,
823118,Machallah adresse bien noté pour le weekend,25826,tiktok,@ofennec.officiel,2026-01-02T18:34:12.788100,1,,,,,,,
823117,Je viens nchallah wled bledi,35142,tiktok,@sinai,2026-01-02T19:28:05.172215,0,,,,,,,
429906,غالييييي,20424,tiktok,@labelladalger16,2026-01-02T18:19:36.965682,0,,,,,,,
560982,Alilou Belabdi كاينة قرعة قازوز  مرحبا بكم,9438,Facebook,Dz Forest Restaura,2025-10-16T17:40:55.000Z,0,,,,,,,
167771,Le prix du plateau,10698,Facebook,"  Restaurant elassil








",2025-12-19T22:25:33.000Z,0,,,,,,,
167774,"Je commence par les points positifs sur le american burger de said hamdine : * deco interessante * ambiance youth et décontractée avec équilobre * nourriture bonne * des serveurs courtois, aimables et soucieux de leur clients Les points negatifs : *l'emplacement et manque de stationnement * je n'ai pas trouvé les sanitaires * temps d'attente un peu long mais il faut avouer qu'ils ont beaucoup de demandes au telephone Une mention speciale au jeune homme de l'accueil qui degage une bonne dynamique de travail crois moi mec si tous les jeunes travaillaient avec la même passion que tu as , ce pays serait beaucoup mieux",6776,Google Maps,American Burger said hamdine,2025-08-16T02:17:14.529Z,0,,,,,,,
167787,J’ai testé je recoooooomande,63600,tiktok,@silyon69,2026-01-02T21:33:07.064771,2,,,,,,,
823158,thanmirthe sthezmarthim,27674,tiktok,@thala,2026-01-02T18:44:59.712878,0,,,,,,,
561015,تجربة هايلة مكان واسع و جميل فخم و هادىء اكلات متنوعة و لذيذة و الملاحظة الأهم هي كمية الأكل في الصحن ما شاء الله و الاسعار صح غالية لكن كيما المطاعم اللوكس من هذا النوع انا كليت بهذا السعر و بكميات أقل. و مرة فالغرة لي يقدر ماشي خسارة,2356,Google Maps,HichamCook Grill House,2025-05-12T11:51:02.115Z,0,,,,,,,
167803,"pourquoi je suis obligé d'aller au resto rien que manger des escargots. je le, mange chez mois, je serai plus a l'aise",73720,tiktok,@pont_hydra,2026-01-02T22:14:02.054179,0,,,,,,,
823164,خامج وبنينة  [BOUFFE],42076,tiktok,@street_food,2026-01-02T19:57:59.469255,0,,,,,,,
298899,المطعم عنابة العز والاناقة والفخامة  ما شاء الله الاحترافية  في الاكل و service  والمنظر طبيعي تاع سرايدي روعة. فقط موافين نقولو في عنابة: البنة تهبل : si je me permets Je préfère mieux : ( تهبل )juste petite remarque [APPRECIATION] [RECOMMENDATION],62002,tiktok,@le_nordik,2026-01-02T21:27:32.480418,1,,,,,,,
429974,Que l'Égypte débarque à hydra.,32990,tiktok,@sinai,2026-01-02T19:18:31.820589,0,,,,,,,
823191,خليل رحماني نتوما عندكم دراهم,10719,Facebook,Dz Forest Restaura,2025-10-14T15:49:31.000Z,0,,,,,,,
167834,تربية الأرانب حلوي لخضر شت ارنب بري ولا لا اختلاف في لون وحتي ذوق,12802,Facebook,Restaurant San Benito,2025-10-26T20:06:09.000Z,0,,,,,,,
429985,"Excellent service de livraison, j ai reçu ma pizza comme j ai demandé 10minutes avant el iftar elke était chaude et délicieuse.",4397,Google Maps,هشام كوك بيتزا,2024-04-05T19:03:42.372Z,0,,,,,,,
561059,Meilleure restaurant  [APPRECIATION],26832,tiktok,@seven.times,2026-01-02T18:39:15.318128,0,,,,,,,
954284,Tres bon accueil personnel tres sympathique,7420,Google Maps,American Burger said hamdine,2024-10-21T14:59:31.256Z,0,,,,,,,
167854,"Top pour famille ! Box privé et serveur respectueux, a cote du mesjid avec parking protégé. Vraiment je recommande",2700,Google Maps,HichamCook Grill House,2023-07-05T11:30:22.556Z,0,,,,,,,
692144,Excellent service. Bonne ambiance. De très beaux plats. Prix un peu élevés mais valent le coup,5429,Google Maps,Casbah Istanbul القصبة اسطنبول,2023-06-20T04:38:54.976Z,0,,,,,,,
167860,كي مقريتش انا صرا هذا قاع,36488,tiktok,@seven.times,2026-01-02T19:31:35.133565,1,,,,,,,
954293,Yummy  [APPRECIATION],789,instagram,elmarssem.dz,2025-07-16T20:50:10.000Z,1,,,,,,,
692156,بزاف 1000 الف,20982,tiktok,@sultan,2026-01-02T18:21:28.304412,0,,,,,,,
430013,الله يبارك خدمة متقونة مشاء الله  [APPRECIATION],39124,tiktok,@itchy_food,2026-01-02T19:41:08.088634,1,,,,,,,
823233,Excellente expérience pour y être aller 2 fois rien a dire sur le service les jeunes serveur son accueillant. La nourriture est bonne pour des prix abordable les pizzas pattes sont très bonne. Possibilité aussi de payer avec une carte visa francaise ce qui n’est pas le cas partout.,7168,Google Maps,Restaurant À Petit Feu,2025-01-16T21:55:48.029Z,0,,,,,,,
167880,كل مطعم ديرلك اشهار تاع سندويش، معمر لحم بسعر، اقل سومة او صحن معمر لحم بسعر خيالي، الشعب ينخلع يبقاو لاهطين عليه كي، يلحقو لعندو يلقاو العكس يقولو بصح احنا شفنا السعر على فيسبوك هاشعال يقلهم هداك سعر تاع افتتاح المطعم. هههه.,12462,Facebook,Restaurant Rais,2025-10-22T13:52:35.000Z,2,,,,,,,
823243,بالهناء والعافية,11586,Facebook,Restaurant San Benito,2025-09-17T14:10:30.000Z,0,,,,,,,
823245,"Les plats sont bons, mais je n'en mangerai pas tous les jours. Le service est un peu lent surtout le week end et ce qui nous a le plus marqués c'est le fait que les serveurs ne sont pas très accueillants, pas du tout souriants , limites snobes. dommage",5217,Google Maps,Casbah Istanbul القصبة اسطنبول,2024-09-12T22:48:07.169Z,0,,,,,,,
430032,إبراهيم بلعابد هاهو يخمم كيما انا,10560,Facebook,Dz Forest Restaura,2025-10-20T12:07:05.000Z,0,,,,,,,
823256,"I heard a lot of negative feedbacks but thought people exaggerated! For me the prices were okay since you are the one who decided to eat there , but I was very disappointed by the quality of food the chorba was literally horrible specially when you are serving an Algerian food for Algerians it should at least meet the standards . The kessra was MGARSLA and not fresh , we found pieces of sugar in our drink when it’s supposed to be natural and the worst was the roasted beef that wasn’t roasted at all and cooked in a pressure cooker instead on top of that our waiter wasn’t nice and tried to blame it on us when he forgot a part of the order . The one star goes to the very nice gentleman at the reception and the Hmiss.",2684,Google Maps,HichamCook Grill House,2023-07-27T09:12:45.205Z,13,,,,,,,
954329,لموهيم تفرجت كامل لفديو تاعك وصلت يلا التالي. حسبنا الله ونعمة الوكيل فيك طيحتلي سكر على 6 تع صبح ني خارج نحوس,543,instagram,"brother.ts
",2025-08-23T05:49:41.000Z,2,,,,,,,
823263,مليح بصح مشي لل les locaux,71848,tiktok,@amine.lacantine,2026-01-02T22:11:32.919359,1,,,,,,,
954336,le cadre est magnifique [APPRECIATION],71488,tiktok,@dwiretelazz,2026-01-02T22:08:48.271657,0,,,,,,,
823268,يا خو قلهم بالي لازم دير كومند فوق 1500دينار باه تكون ليفريزون باطل,48090,tiktok,@rahmani_food,2026-01-02T20:34:23.891611,0,,,,,,,
298982,مشاء الله [APPRECIATION],49716,tiktok,@gosto_fast_food,2026-01-02T20:41:43.663211,1,,,,,,,
823274,اياكم وذكر السعر,9375,Facebook,,2025-10-20T13:56:51.000Z,1,,,,,,,
298987,ختي رسلتلك فالبريفي علا الزيت جاوبيني الله يحفضك,54520,tiktok,@meryam_officiel,2026-01-02T21:10:40.421445,0,,,,,,,
430061,Très bon accueil les serveurs Très agréables rapide et nourriture très bonne je recommande vivement,2444,Google Maps,HichamCook Grill House,2024-08-26T18:26:54.357Z,1,,,,,,,
561134,"Chrit hier trois trompe-l'œil chez vous Mais malheureusement l9it La publicité que vous faites sur TikTok est loin de refléter la qualité réelle. Mangue: 00/100, vraiment ratée walah‍ Noix de coco: aucun goût, juste une vague mangue. Ferro-Rocher: le seul bon La vendeuse était très agréable yatik saha, mais l'accueil téléphonique était froid. Le lieu est propre mais rapport qualité/prix 0. Je ne recommande pas  [COMPLAINT]",3845,Google Maps,L’Alchimiste Pâtisserie,2025-06-01T08:53:30.729Z,0,,,,,,,
430069,"Cliente fidèle, j’aime bien cette cafétéria, mais j’ai remarquée que dernièrement ils ont réduit la taille des portions, que ce soit les crêpes, les gâteaux ou même le cheesecake. Avant c’était plus généreux.",712,instagram,chocolate.sarayi.algeria,2025-08-11T16:53:28.000Z,5,,,,,,,
167925,cintra w el barmil les années 80 90 j avais 25 ans avec une copine jahida rabbi yarhamha,64408,tiktok,@cintra,2026-01-02T21:34:49.085370,0,,,,,,,
167932,Bro deserves all the likes,50014,tiktok,@m7ajeb,2026-01-02T20:44:38.370362,6,,,,,,,
299004,الله يحفظك الله يبارك فيك,11773,Facebook,Restaurant San Benito,2025-07-28T22:24:36.000Z,0,,,,,,,
692224,واش فايدة يلحق بارد,10087,Facebook,,2025-10-20T09:23:23.000Z,0,,,,,,,
561153,il faut préciser que c'est un bar restaurant مطعم حانة,24640,tiktok,@laturquoisehotel,2026-01-02T18:30:17.426551,1,,,,,,,
430088,l'adresse s'il vous plaît,26272,tiktok,@lovers_grill,2026-01-02T18:34:55.204668,0,,,,,,,
692233,شحال قعدة في بالكون,20426,tiktok,@labelladalger16,2026-01-02T18:19:36.965684,0,,,,,,,
954380,هملا غير اعطيها راك طولت هههههههه,11698,Facebook,Restaurant San Benito,2025-08-09T13:05:40.000Z,0,,,,,,,
954386,"Le burger était assez bon, généreux en viande sauf que cette dernière manquait un peut d’assaisonnement. Sinon le gratin/poutine était très bon à conseiller.",8389,Google Maps,American Burger Factory,2024-03-13T07:16:19.716Z,0,,,,,,,
954387,Des plats délicieux mais un peu cher si non un service rapide,5976,Google Maps,Casbah Istanbul,2024-05-28T09:26:59.106Z,0,,,,,,,
299031,لانتراكت درارية العاصمة,31926,tiktok,@entracte,2026-01-02T19:14:26.999422,2,,,,,,,
299049,تحيا مرفال,66578,tiktok,@bakhcis_oran,2026-01-02T21:50:40.600980,0,,,,,,,
954410,بنة مي لخبز هذا كارطون,41750,tiktok,@street_food,2026-01-02T19:57:50.970747,0,,,,,,,
954413,"Super repas pris en famille, cuisine delicieuse, Dommage beaucoup de fumeur",3607,Google Maps,Laurel Restaurant,2025-10-27T13:28:34.061Z,0,,,,,,,
954417,دخلو عندي فلخاص,40598,tiktok,@woodchickendz,2026-01-02T19:45:54.995923,0,,,,,,,
561202,Excellent sur tt,5744,Google Maps,Casbah Istanbul القصبة اسطنبول,2021-07-19T07:21:20.038Z,0,,,,,,,
299065,bonne prix والله,43928,tiktok,@dzforestrestaurants,2026-01-02T20:11:33.052601,2,,,,,,,
430150,c'est l'ancienne ayoub ménage,43122,tiktok,@hocine.chapati,2026-01-02T20:03:46.401477,0,,,,,,,
561223,NULL ! Il n'est pas doué pour parler aux clients de manière irrespectueuse. Il vous voit en fonction de votre apparence. NULL ! CE N'EST PAS AMERICAIN C'EST ALG-RIEN,8416,Google Maps,American Burger Factory,2024-01-24T13:00:45.213Z,0,,,,,,,
299089,بصح تخدموا بليصوص تاع القرعة مادرنا والوا,51696,tiktok,@mfood.plus,2026-01-02T21:01:25.250798,0,,,,,,,
692311,info adresse si vous pleis mercy,68714,tiktok,@cote_oran,2026-01-02T21:57:32.413693,3,,,,,,,
168027,fih chicha ?,17564,tiktok,@seven.times.luxury,2026-01-02T18:13:15.325209,0,,,,,,,
954462,لحراش كاين,47732,tiktok,@snackcheesekou.ko,2026-01-02T20:32:49.728541,1,,,,,,,
823397,وفرنالكم مملحات صحية بالفرينة الكاملة لأصحاب الحميات والريجيم مرحبا بكم  [APPRECIATION],70596,tiktok,@le_petit_chalet,2026-01-02T22:00:28.463100,0,,,,,,,
823400,Moi je vous conseille l’échappatoire à Tlemcen il y en a pour tous les goûts et familiale copieux et excellent tarifs raisonnable  [APPRECIATION],20218,tiktok,@sebs_garden,2026-01-02T18:18:15.953413,1,,,,,,,
692329,Livraison l amara ?,29230,tiktok,@elcuatro_burgers,2026-01-02T18:49:33.685983,0,,,,,,,
954473,Naili Fouad Abdelkrim جاجة 150الف وين هاذي في خيالك ربي يهديك,10053,Facebook,Dz Forest Restaura,2025-10-13T12:09:05.000Z,0,,,,,,,
692334,"super bon, mais un milliard le repas",69124,tiktok,@cote_oran,2026-01-02T21:57:44.901418,1,,,,,,,
823409,ربي يرزقك خويا  [APPRECIATION],50332,tiktok,@quick_bite,2026-01-02T20:59:19.005233,0,,,,,,,
692343,je confirme le meilleur des meilleurs,22640,tiktok,@le_perchoir,2026-01-02T18:25:10.325567,0,,,,,,,
823418,J ai tellement fain,40948,tiktok,@kfc,2026-01-02T19:49:46.131853,0,,,,,,,
430203,ça ce voit que le propriétaire du restaurant il a du goût  [APPRECIATION],22376,tiktok,@beef_cote,2026-01-02T18:24:12.560937,7,,,,,,,
954510,"Trop bonn , belle ambiance",6501,Google Maps,American Burger Factory,2025-12-30T18:06:58.559Z,0,,,,,,,
954514,comment faire pour la livraison et pour la commande,36776,tiktok,@restaurant.madala,2026-01-02T19:34:38.536917,0,,,,,,,
823456,الله اذلكم انشاء الله,11353,Facebook,Restaurant Casa Bella - Draria,2025-07-26T10:48:56.000Z,0,,,,,,,
430251,توصيل باطل؟؟؟؟,30840,tiktok,@roi_du_fajitas,2026-01-02T19:08:41.599884,0,,,,,,,
430262,كخخخخ,72978,tiktok,@pont_hydra,2026-01-02T22:13:40.547281,0,,,,,,,
561341,يسلمك اخي ندعم جميع الي يسترزق بالحلال,9643,Facebook,"  Restaurant elassil








",2025-12-16T15:20:52.000Z,0,,,,,,,
823490,خليل رحماني محشيتلكم هذا ما كان.,10598,Facebook,Dz Forest Restaura,2025-10-13T13:31:31.000Z,1,,,,,,,
561358,يجي فيها المرقاز و الجاج والبط ولحم الارنب طيب عادي مورها يدروها في الفور ويربولها الفرماج ونقدرو نستغناو علب اللحوم الغير موجودة,232,instagram,amine_la_cantine,2025-12-20T19:41:46.000Z,13,,,,,,,
823502,Concernant la paella c’est la catastrophe aucun goût la viande mal cuite les huîtres sont vides le riz n’as aucun goût vraiment la déception totale par rapport son prix,7231,Google Maps,Restaurant À Petit Feu,2024-11-07T20:12:39.104Z,1,,,,,,,
692439,الكاليتوسة مليح,58306,tiktok,@vilageneige_annaba,2026-01-02T21:19:50.055699,0,,,,,,,
561368,C’est ou exactement !,34680,tiktok,@opium,2026-01-02T19:25:13.637525,0,,,,,,,
823522,وين المحل والولاية من فضلك,33564,tiktok,@restaurant_gizay,2026-01-02T19:22:45.945032,2,,,,,,,
561380,وشنو لي فرغت في الأول ملوخية ؟,66236,tiktok,@cote_oran,2026-01-02T21:48:23.697224,0,,,,,,,
299238,كاين توصيل لسيدي سالم,40712,tiktok,@askim_food,2026-01-02T19:49:11.498607,1,,,,,,,
954606,Machallah viva l'Algérie  [APPRECIATION],829,instagram,fontaine_dor_restaurant,2025-12-16T18:34:25.000Z,2,,,,,,,
299253,magnifique  [RECOMMENDATION],14062,tiktok,@le_dauphin_restaurant,2026-01-02T18:00:55.718272,1,,,,,,,
299258,يا خو الطو ديرو قبل ما طيب الپيتزا ؟؟,30166,tiktok,@farouk.tacos,2026-01-02T18:56:13.270192,0,,,,,,,
561406,Bessah Warilna les 2000da wech khlaste bihom ana rani presque une fois par semaine temak j’ai jamais payé moins de 4000da,70882,tiktok,@paradou_restaurant,2026-01-02T22:04:49.350348,0,,,,,,,
823559,عمار الصحن يا أخي,9477,Facebook,Restaurant Tabarka Annaba,2025-12-23T17:42:54.000Z,0,,,,,,,
430360,امشي درڨي وجهي عاهرة,13829,Facebook,Restaurant San Benito,2025-12-18T13:16:20.000Z,0,,,,,,,
430363,"restaurant du pont , chez akli c'est très bon",72230,tiktok,@pont_hydra,2026-01-02T22:13:18.232262,0,,,,,,,
561435,Bonjour faites-vous pas avoir les plateaux de viande sont payés aux poids les poissons sont hyper cher . Alors oui c’est très joli mais pour ceux qui n’ont pas trop les,58054,tiktok,@la.nouvelle.etoile0,2026-01-02T21:19:29.928775,0,,,,,,,
692511,Mohamed Solo وين صبت المرقاز ب 800 ول راك تحكيلي على ايام 2010,9667,Facebook,Dz Forest Restaura,2025-10-13T07:29:38.000Z,59,,,,,,,
561457,Talhi Mostapha تخلطتله مابين لارنب والقط ههههه,12797,Facebook,Restaurant San Benito,2025-10-13T02:11:34.000Z,0,,,,,,,
168247,كاينة وي,21304,tiktok,@triple_,2026-01-02T18:22:04.495513,0,,,,,,,
954687,تاع كرشكم فقط حيوان نطق,11354,Facebook,Restaurant Casa Bella - Draria,2025-09-05T11:40:06.000Z,0,,,,,,,
299340,Magnifique hâte de goûter  [APPRECIATION],11,instagram,6sens_pastry,2025-11-21T20:02:38.000Z,2,,,,,,,
430419,اسعار في متناول هشام كوك,19400,tiktok,@helena,2026-01-02T18:16:41.802131,0,,,,,,,
561506,وين ولاية,38762,tiktok,@kfc,2026-01-02T19:39:53.279851,0,,,,,,,
692580,والله غير حسبتها ،سعر معقول مقارنة بوحد المطاعم اللي النار مشعلينها فالغاشي,9619,Facebook,Dz Forest Restaura,2025-10-13T17:48:54.000Z,36,,,,,,,
299366,Toujours aussi agréable. C'est parfait sur tous les points!,3301,Google Maps,تاج محل بن عكنون,2018-03-08T23:09:21.012Z,1,,,,,,,
430446,wesh atay dans lmaqrach faut pas  en ts cas ça l'aire bon,35838,tiktok,@sinai,2026-01-02T19:28:27.105064,0,,,,,,,
823663,lol à peine ouvert même pas eu le temps de le tester pour la plupart il est classé meilleur fast food mais vraiment,28640,tiktok,@american.burger.tizi,2026-01-02T18:47:31.474845,0,,,,,,,
692596,وين جا المحل,50184,tiktok,@king_food23,2026-01-02T20:58:43.891414,0,,,,,,,
561527,الله يبارك ماشااااااااااااااااء الله وين المحل,10306,Facebook,Dz Forest Restaura,2025-10-13T16:42:40.000Z,0,,,,,,,
299387,وين المطعم,65878,tiktok,@cote_oran,2026-01-02T21:46:16.156811,2,,,,,,,
168319,الڨعدة اي فوڨ 5 ملاين,56742,tiktok,@lucia_annaba,2026-01-02T21:16:20.829758,4,,,,,,,
954759,"à chaque fois que je vais au bled je mange là-bas, j'ai goûté à tout leurs repas et boissons, juste magnifique avec un service impeccable, bn courage",21958,tiktok,@maison_sardoudi,2026-01-02T18:22:36.415338,0,,,,,,,
168328,Bonne cuisine,3457,Google Maps,Caracoya,2023-08-09T15:45:17.744Z,0,,,,,,,
823701,t3achit fiha,28478,tiktok,@restaurant.primo,2026-01-02T18:46:27.194193,0,,,,,,,
692630,خويا دومونديت قرعة تاع ما روح شوف باش تلحقني,48088,tiktok,@rahmani_food,2026-01-02T20:34:23.891609,0,,,,,,,
168347,service rapide restaurant très propre de très bon plats belle décoration tarif un peu cher 2000 da par personne konafa très bonne thé pas fameux pour ceux qui n'aiment la viande d'agneau vaut mieux prendre du poulet il utilise la viande d'agneau pour la chawarma viande et autre plat viande,5736,Google Maps,Casbah Istanbul القصبة اسطنبول,2021-10-05T22:28:06.904Z,2,,,,,,,
692647,Une follower de France ! Merci de nous montrer l'Algerie autrement que celle que nos parents nous ont montré  [APPRECIATION],21102,tiktok,@triple_,2026-01-02T18:22:01.861493,36,,,,,,,
430506,Les plats sont bons et savoureux Équipe rapide et excellent accueil Restaurant spacieux sur plusieurs étages Prix un peu cher par rapport au secteur Je recommande,7851,Google Maps,Restaurant À Petit Feu,2023-07-12T21:11:37.228Z,0,,,,,,,
823732,Au Maroc y’a le KFC Macdo et même un comité d’accueil pour les killers d’enfants à Gaza… bisous,38978,tiktok,@kfc,2026-01-02T19:40:01.812282,0,,,,,,,
823745,مشاء الله تبارك الله,888,instagram,hichamcookgrill,2025-10-19T12:59:35.000Z,0,,,,,,,
561606,"waaaw un style français, 1000 fois bravo",17794,tiktok,@casabelladraria,2026-01-02T18:14:46.930833,1,,,,,,,
823752,"Très bonne cuisine, ambiance magnifique, serveurs très gentils. Une belle expérience, mais les prix restent un peu élevés pour certains plats.",2351,Google Maps,HichamCook Grill House,2025-05-26T13:33:06.386Z,0,,,,,,,
692688,Je n'ai pas encore visité l'endroit,4442,Google Maps,هشام كوك بيتزا,2024-02-12T21:32:57.774Z,0,,,,,,,
692692,طاكوس بطرشي ياك,30702,tiktok,@tastino7,2026-01-02T19:06:20.334644,1,,,,,,,
823769,Des bon prix wallah Je te souhaite du succès,36986,tiktok,@restaurant.madala,2026-01-02T19:34:42.473869,0,,,,,,,
299486,The Lentil soup is awesome. The service is very good,5935,Google Maps,Casbah Istanbul,2024-12-19T15:07:12.296Z,0,,,,,,,
692702,"si vous ne savez pas écrire en français, vous pouvez toujours écrire en arabe ! ça ne rabaisse en rien la qualité de votre restaurant",14262,tiktok,@les_jumelles,2026-01-02T18:01:23.636709,0,,,,,,,
168418,Sarhat Hakiri ولو كان تخرجي مالفايسبوك يالبغلة اللي راكي لاصقة فيه وتكومونتي! شعب خرى ،عييتونا يا مخلفات الارهاب,9314,Facebook,,2025-12-29T18:10:55.000Z,0,,,,,,,
692708,كاين توصيل ل اولاد شبل؟,17200,tiktok,@casa_burger1,2026-01-02T18:11:30.275176,0,,,,,,,
692710,قلنا برك,15564,tiktok,@mardoum,2026-01-02T18:07:52.596289,0,,,,,,,
430567,وين جاي بالظبط في باب الزوار,314,instagram,"brother.ts
",2025-11-20T15:21:32.000Z,1,,,,,,,
692713,"Accueil chaleureux et service impeccable ! Les plats sont délicieux, bien présentés et donnent encore plus envie de les déguster. Une très belle expérience, je recommande vivement !",3618,Google Maps,Laurel Restaurant,2025-10-19T10:40:00.376Z,0,,,,,,,
168433,pas pour tout le monde,69622,tiktok,@cote_oran,2026-01-02T21:58:04.730304,0,,,,,,,
168434,"Très cher, mais trop bon",32978,tiktok,@sinai,2026-01-02T19:18:31.100604,0,,,,,,,
168435,mais c'est grave tu n'a pas donner même pas l'adresse,27944,tiktok,@thala,2026-01-02T18:45:10.803274,0,,,,,,,
823796,حاجة كبيرة كشغل,55392,tiktok,@askim_food,2026-01-02T21:13:29.543736,0,,,,,,,
823800,thala aussi cest la fontaine bsahtek,27614,tiktok,@thala,2026-01-02T18:44:57.723070,0,,,,,,,
954875,هدا تاع سيتي جمال ولا وين,64698,tiktok,@msiiirdaa13,2026-01-02T21:35:48.703966,2,,,,,,,
561665,"it’s so overrated, you can only come to take some aesthetic pics , the food is normal i mean the taste is expected and nothing special about it , the prices are too high , it’s just not worth it .",3792,Google Maps,Laurel Restaurant,2023-11-14T11:58:49.902Z,2,,,,,,,
430594,ٯلٯل,73550,tiktok,@pont_hydra,2026-01-02T22:13:57.935742,0,,,,,,,
430593,منيتك! ؟,9839,Facebook,Dz Forest Restaura,2025-10-12T19:34:36.000Z,3,,,,,,,
168456,Mide Lizom متربي ربي يبارك رجلة من اللور باين عليها تعرف الخدمة هذيك,9926,Facebook,Dz Forest Restaura,2025-10-13T01:36:21.000Z,0,,,,,,,
430606,c est quoi le nom du resto?,141,instagram,amine_la_cantine,2025-11-12T11:54:21.000Z,0,,,,,,,
430610,انا جامي كليتو في خاطري ندوقو بصح يعيفني ماعرفتش علاش,72962,tiktok,@pont_hydra,2026-01-02T22:13:39.620672,0,,,,,,,
168468,Restaurant sur des etages bien situé Belle Décoration des l entrée ainsi qu un large choix de salle et salon . Une prise en charge rapide par le personnel au petit soin Mes cuisines par spécialité ouvertes pour faire le show . Un large choix dans le menu Pour un premier essaye côté goût il n y était pas Nous avons pris comme entrée des camemberts panné c était bon mais ça manqué de raffinement lors de la présentation Pour les plats de grande assiette des portion copieuse malheurement nous avons laissé la moitié ça manquant de goût. D ailleurs même un des responsable est passé nous voir quand il a vu nos assiettes pour demander ce qui n allait pas.,8050,Google Maps,Restaurant À Petit Feu,2022-12-18T17:32:42.187Z,5,,,,,,,
430614,"Service catastrophique, ni qualité, ni personnel, À éviter,",2337,Google Maps,HichamCook Grill House,2025-07-28T13:22:10.489Z,0,,,,,,,
168474,الله يبارك وزيد سخفتنا,9014,Facebook,Restaurant Tabarka Annaba,2025-12-23T18:36:27.000Z,0,,,,,,,
954917,win Jay exactement,39624,tiktok,@le_1675,2026-01-02T19:42:36.079749,0,,,,,,,
954918,"good food, really slow service, crowded atmosphere, below average experience",8513,Google Maps,American Burger Factory,2023-04-27T20:04:06.143Z,1,,,,,,,
823848,f l'ouest naklouh Normal,73596,tiktok,@pont_hydra,2026-01-02T22:13:58.981718,0,,,,,,,
954920,toute femme qui se maquille elle ne fait pas la prière impossible car elle ne peut pas se lavé et maquiller le visage 5 fois par jour,57898,tiktok,@_le216_,2026-01-02T21:17:33.996996,0,,,,,,,
561711,fallait lui demander un certificat médical,16716,tiktok,@user5834669559361,2026-01-02T18:10:46.252482,2,,,,,,,
823860,Good service Yummy food,7508,Google Maps,American Burger Factory,2025-05-21T12:37:14.869Z,0,,,,,,,
954941,Assiette Algéroise avec glace italienne r,14826,tiktok,@lassiette.algeroise,2026-01-02T18:06:46.715717,5,,,,,,,
823873,"Un véritable coup de cœur ! De l’accueil chaleureux au service attentionné, tout était parfait. Les plats sont aussi beaux que délicieux, préparés avec des produits frais et de qualité. L’ambiance est conviviale et on s’y sent tout de suite à l’aise , Merci pour ce moment !",4668,Google Maps,Hicham cook pizza pasta,2025-04-05T20:11:18.608Z,0,,,,,,,
823880,مليح الواحد يبدل جو ويتعرف على ثقافات وعادات وتقاليد بلد آخر فندق رائع ونظيف وطعام متنوع شكلا وذوقا,3408,Google Maps,Caracoya,2024-06-08T19:28:58.209Z,0,,,,,,,
430674,Mon dieu j’arrive,25160,tiktok,@lovers_grill,2026-01-02T18:33:07.362096,0,,,,,,,
692819,علي الجزائري ممكن كاين لحب ايجرب ناس تحب تنوع في الاكل,12861,Facebook,Restaurant San Benito,2025-10-13T03:58:16.000Z,1,,,,,,,
823897,مطعم جميل وهادئ,3529,Google Maps,Caracoya,2019-01-15T13:58:00.350Z,0,,,,,,,
561762,"moi aussi, je l'ai jamais goûté hhhhh mais, il semble qu'ils sont bons.",73410,tiktok,@pont_hydra,2026-01-02T22:13:54.199651,0,,,,,,,
430693,"C'est très goûteux et très raffiné, personnel de qualité , bravo",3309,Google Maps,تاج محل بن عكنون,2018-01-05T21:49:52.563Z,1,,,,,,,
561767,"la pâte était excellente, la qualité de produits excellente aussi , service très rapide pizza 5 fromages la meilleure ainsi que la fermière, pizza viande normale ! Bonne quantité de viande hachée, pour la poulet fumé bonne! Pizza thon basic pizza thon quoi! La pizza et bien garni de bonne quantité",4458,Google Maps,هشام كوك بيتزا,2024-02-02T20:40:06.342Z,5,,,,,,,
168562,تخدم لفطور ؟ السعر من فصلك ولا رقم الهاتف ؟,58642,tiktok,@la.nouvelle.etoile0,2026-01-02T21:21:02.250240,0,,,,,,,
692854,C'était délicieux !,6689,Google Maps,American Burger said hamdine,2025-10-12T23:21:29.525Z,0,,,,,,,
692864,غير تغلقوه تتحرر غزة,38558,tiktok,@kfc,2026-01-02T19:39:42.221365,0,,,,,,,
692876,المهم خير من ماكانش,52318,tiktok,@uncles_burger_dz,2026-01-02T21:03:29.230224,0,,,,,,,
430733,غالي بزاف 50الف ناكل كويس تاع ايناس عبد لي,40282,tiktok,@streetburger02,2026-01-02T19:44:12.037277,0,,,,,,,
430743,Viande carbonisé,28834,tiktok,@snacky_time_kouba,2026-01-02T18:47:50.705834,0,,,,,,,
692889,الحمد لله مانيش وحدي الاماكن المغلقة ترعبني,11046,Facebook,Restaurant Casa Bella - Draria,2025-07-27T20:02:48.000Z,5,,,,,,,
299676,"Service au top , accueil chaleureux et incroyablement bon et copieux !",6746,Google Maps,American Burger said hamdine,2025-09-14T12:35:23.298Z,0,,,,,,,
561821,mais il n'ouvre pas avant 19h,22620,tiktok,@le_perchoir,2026-01-02T18:25:09.583484,1,,,,,,,
561831,ويااااااشحال بنين كرواصون بنة بنة بنة,2048,instagram,"the____bakery
",2025-05-18T12:38:03.000Z,30,,,,,,,
692917,Je conseille vraiment c’était exquis surtout les pizzas et burger,4756,Google Maps,Hicham cook pizza pasta,2023-05-15T20:42:20.122Z,1,,,,,,,
430774,راه دعوة شر  [INQUIRY],38324,tiktok,@kfc,2026-01-02T19:39:31.574463,0,,,,,,,
430786,لي دوموندا هذا ما يعرفش ياكل . هذي خالوطة ما تستبن والو.,12743,Facebook,Restaurant Rais,2025-10-13T15:04:43.000Z,0,,,,,,,
824009,قلشيني تيا مشي الحوت لحوت كليون ناكلو حمد,13595,Facebook,Restaurant San Benito,2025-12-29T23:02:32.000Z,0,,,,,,,
692946,ماشاء الله والله حسبت في أوروبا  [APPRECIATION] [INQUIRY],14346,tiktok,@les_jumelles,2026-01-02T18:01:25.734763,0,,,,,,,
561876,خونا فكرتنا في فريد الله يرحموا,41062,tiktok,@derby.food,2026-01-02T19:50:09.883797,1,,,,,,,
955111,هدي فى سرايدي مانعرفوهاش وين احنا زعم ووباد الفيلاج [APPRECIATION],60770,tiktok,@seraidi.live.z,2026-01-02T21:22:58.311469,3,,,,,,,
824040,بالتوفيق اختي مزيد من النجاحات ان شاء الله,42960,tiktok,@street_food,2026-01-02T20:01:21.340022,0,,,,,,,
561909,ندخل من الباب ونعاود نخرج شحال السعر؟؟,19182,tiktok,@helena,2026-01-02T18:16:29.502806,0,,,,,,,
955130,ونتي اي نوع نتاع حوت,13286,Facebook,Restaurant San Benito,2025-10-13T04:02:28.000Z,0,,,,,,,
299777,Déco thématique par étage. Très bonne cuisine. pizzas succulentes. le services parfait et aux petits soins. fréquentation respectable,8063,Google Maps,Restaurant À Petit Feu,2022-11-23T20:19:15.669Z,1,,,,,,,
168711,"Très satisfaits, rien a dire. Nous avions commandé des plats à emporter : on nous a dit que ça prendrait 15 a 20 min ce qui était le cas. Les plats nous ont été remis dans des doubles box ce qui était super pratique pour la conservation durant le transport. Les plats et la kounafa étaient excellents. Rien a dire d'autre qu'à refaire ;-)",6174,Google Maps,Casbah istanbul,2023-04-08T17:54:10.895Z,1,,,,,,,
561936,نو من قبل خير,18338,tiktok,@helena,2026-01-02T18:16:10.235668,1,,,,,,,
824082,عندما يحضر المال كلش يرخاص ربي يجيب خير ويرزقنا مال الحلال,57772,tiktok,@_le216_,2026-01-02T21:17:31.501490,2,,,,,,,
955155,J’ai envie de tester la quand j’irai à Alger mais je suis solo,26872,tiktok,@seven.times,2026-01-02T18:39:15.374424,13,,,,,,,
430868,- salade césar -Bourek -Hamburger simple - frites. Repas correct dans une ambiance familiale.,2387,Google Maps,HichamCook Grill House,2025-01-01T12:24:14.454Z,0,,,,,,,
824092,j'espère que t'as aimé nos délices  [APPRECIATION],27226,tiktok,@ambiance_telemcen,2026-01-02T18:41:27.791051,0,,,,,,,
561954,شحال تقيل على القلب,11104,Facebook,Restaurant Casa Bella - Draria,2025-07-25T23:59:57.000Z,0,,,,,,,
955174,وينا بلاصة بضبط,18708,tiktok,@helena,2026-01-02T18:16:17.035636,0,,,,,,,
299815,والله قلب لوز تاع ڨالمة تحفة مع العلم انا ساكنة في تيبازة,43602,tiktok,@serir_alger,2026-01-02T20:09:37.821533,3,,,,,,,
168743,ما تقولش السومة تعني فيها لوش باين السومة توشي ما نجوكش,10344,Facebook,"  Restaurant elassil








",2025-12-26T13:32:14.000Z,0,,,,,,,
955179,notre pays est magnifique  [APPRECIATION],60740,tiktok,@seraidi.live.z,2026-01-02T21:22:57.443478,0,,,,,,,
430892,Amir Bay Iyad لا المراة قبل ما طيب تغطي شعرها. وعند الرجال الواعيين كي يطيب يغطي شعرو. حتى لحية وعندها غطا,10837,Facebook,Restaurant Casa Bella - Draria,2025-07-27T02:13:16.000Z,1,,,,,,,
561963,شبلي؟,30624,tiktok,@gazouzafood2019,2026-01-02T19:05:30.586617,1,,,,,,,
693047,Le service est bon serveurs très poli et sympathique. Nourriture bonne pas wow,2518,Google Maps,HichamCook Grill House,2024-05-11T10:48:27.759Z,0,,,,,,,
955196,La réouverture le meilleur  [APPRECIATION],68410,tiktok,@restaurantvillariviera,2026-01-02T21:55:54.263688,1,,,,,,,
693053,ربي يبارك ويطول بعمرك الله الله ماشاء الله,67086,tiktok,@bladi_oran,2026-01-02T21:51:35.898476,0,,,,,,,
430912,le passé est derrière nouset maintenant ?,64426,tiktok,@cintra,2026-01-02T21:34:50.039406,0,,,,,,,
168800,Yacine Bouakaz كاين صح 70 اخي علاه تحبو تعتدو على الناس,9768,Facebook,Dz Forest Restaura,2025-10-13T00:12:02.000Z,0,,,,,,,
168803,علاه تأكلي في بلاصتي؟! ؟! ؟؟,34362,tiktok,@taylot,2026-01-02T19:23:38.797964,0,,,,,,,
168811,الاطباق التقليدية قلتونا مكانش منيش عارفة علاش,20002,tiktok,@villa_frere,2026-01-02T18:17:42.664355,1,,,,,,,
955246,les pizzas sont excellente,65326,tiktok,@frono_oran,2026-01-02T21:43:03.272951,0,,,,,,,
168828,وين في بيرخادم؟؟,15782,tiktok,@mardoum,2026-01-02T18:07:56.173426,0,,,,,,,
693127,شكون سمع الموسيقى لي دايرين نتاع جدوان هههههه مغريبي,68594,tiktok,@cote_oran,2026-01-02T21:57:26.802396,10,,,,,,,
299911,وين بالضبط,34050,tiktok,@taylot,2026-01-02T19:23:32.084460,0,,,,,,,
693140,لازم جيب معايا 20 مليون,17446,tiktok,@seven.times.luxury,2026-01-02T18:13:11.800395,3,,,,,,,
562076,"entré b 2000 da, werolna douka les plat plus de 3000 da ?",70908,tiktok,@paradou_restaurant,2026-01-02T22:04:50.559576,0,,,,,,,
824227,الله يبارك ما شاء الله,67396,tiktok,@bladi_oran,2026-01-02T21:51:45.536792,0,,,,,,,
299943,هههههههه هههههههه هههههههه لي من هدا لبلى ضحكو على ناس,13105,Facebook,Restaurant San Benito,2025-10-13T15:04:25.000Z,0,,,,,,,
955308,وتحية ل ليسرفاز البنات يعطيهم صحة نظافة واحترام,50758,tiktok,@broaster_chiken,2026-01-02T20:59:44.958871,0,,,,,,,
168877,نموت و ما ناكلهمش,73188,tiktok,@pont_hydra,2026-01-02T22:13:49.131782,0,,,,,,,
693168,G ps du tt aimé personnellement,31188,tiktok,@taylor,2026-01-02T19:10:49.671846,0,,,,,,,
824241,شحال سهرة 31شخصين واسكو فيها المبيت او عشاء وسهرة,27958,tiktok,@le13hotel3,2026-01-02T18:45:17.506078,0,,,,,,,
955320,متنساوش الهاشتاغ #تفهم_بوكودشوووز,43640,tiktok,@serir_alger,2026-01-02T20:09:40.211818,0,,,,,,,
299961,#غزة تباد,1868,instagram,snacky_time_kouba,2025-09-19T22:08:56.000Z,3,,,,,,,
824256,"J'ai toujours grandement apprécié la nourriture proposée. Un vrai délice. Chaque fois que j'essaie un autre restaurant indien je le trouve inférieur car le Taj Mahal reste dans mon esprit une référence. Bref, j'ai hâte d'y retourner",3209,Google Maps,تاج محل بن عكنون,2020-09-18T18:41:23.262Z,0,,,,,,,
562113,"ça se voit vous connaissez pas oran a part napel pizza, les autres c'est pas le grand top",66562,tiktok,@bakhcis_oran,2026-01-02T21:50:36.560307,15,,,,,,,
168896,"Nous avons passé un excellent moment dans ce restaurant. L’accueil est chaleureux et les serveurs sont aux petits soins, toujours disponibles et réactifs. Le cadre, spacieux et impeccable, plonge dans une ambiance typiquement indienne. Les plats, généreux et savoureux, sont parfaitement équilibrés en saveurs et en épices. Une très belle découverte, nous reviendrons sans hésiter!",3004,Google Maps,تاج محل بن عكنون,2025-08-14T07:52:35.165Z,0,,,,,,,
168899,"On a très bien été accueillie, le service est rapide mais il est parfois difficile de se faire comprendre avec certains serveurs…. c’est très propre, très bien entretenu et surtout très bon!",6018,Google Maps,Casbah istanbul,2025-01-12T15:45:30.054Z,0,,,,,,,
693190,الله يبارك,12969,Facebook,Restaurant San Benito,2025-10-13T20:51:34.000Z,0,,,,,,,
299989,"Pizza basique , voir pas bonne , la patte comme du matlou3, erreur sur le menu , déçu plus de pub que de qualité.",4571,Google Maps,هشام كوك بيتزا,2023-12-10T10:06:37.933Z,2,,,,,,,
955350,Very good service great hospitality will be coming here again inshallah,6491,Google Maps,Restaurant À Petit Feu,2025-11-16T23:00:06.227Z,0,,,,,,,
168919,tu est un vrai chef seif. bonne continuation [APPRECIATION],51616,tiktok,@mfood.plus,2026-01-02T21:00:15.420795,1,,,,,,,
693208,Je le recommande pas,2371,Google Maps,HichamCook Grill House,2025-02-02T21:40:10.941Z,0,,,,,,,
693211,Personnel professionnel propreté au rdv seulement le goût n'est pas au rdv je m'attendais à beaucoup mieux vu la médiatisation et le buzz créé autour du personnage les plats n'étaient pas du tout bon entrée ou plats de résistance Expérience à ne pas renouveler,2524,Google Maps,HichamCook Grill House,2024-04-28T06:30:45.860Z,1,,,,,,,
955362,"Très bonne bouffe, je valide  [RECOMMENDATION]",6647,Google Maps,American Burger said hamdine,2025-10-25T14:37:46.417Z,0,,,,,,,
562150,oui bien mais c'est mal préparer franchement,72936,tiktok,@pont_hydra,2026-01-02T22:13:39.117748,1,,,,,,,
955367,نتمنى نلقاك,50316,tiktok,@quick_bite,2026-01-02T20:59:16.814040,0,,,,,,,
693223,اذا خصكم خدام عيطولي,17662,tiktok,@seven.times.luxury,2026-01-02T18:13:18.308915,0,,,,,,,
431093,Oui est meilleur salade 3andhom,70962,tiktok,@paradou_restaurant,2026-01-02T22:04:52.707356,2,,,,,,,
824314,مليح اول مرة يفتح مطعم فاخر في الجزائر,38690,tiktok,@kfc,2026-01-02T19:39:47.807192,0,,,,,,,
824332,مصطفى كي نشوفك نضحك قبل ماتهدر هههههه,68752,tiktok,@cote_oran,2026-01-02T21:57:33.645084,9,,,,,,,
431125,Très cher,2939,Google Maps,HichamCook Grill House,2022-04-04T16:40:13.232Z,7,,,,,,,
562200,ga3 l'équipage,57412,tiktok,@_le216_,2026-01-02T21:17:22.062456,0,,,,,,,
300057,Bonsoir est-ce que vous vous pouvez m'envoyer votre numéro mon numéro est de 05 42 73 11 22,8896,Facebook,"  Sultan Restaurants


",2025-11-07T22:44:14.000Z,0,,,,,,,
955432,ونا بلاص,53932,tiktok,@guellil._.tasnim,2026-01-02T21:08:15.078032,0,,,,,,,
955444,Da Mohand ! Il assure,72348,tiktok,@pont_hydra,2026-01-02T22:13:20.381758,1,,,,,,,
431159,يأيها النبي قل لازواجك وبناتك ونساء المؤمنين يدنين عليهن من جلبيبهن ذلك ادنى ان يعرفن فلا يؤذين وكان الله غفورا رحيما,13758,Facebook,Restaurant San Benito,2025-12-31T00:12:11.000Z,0,,,,,,,
693306,au début nkhla3tbonne contusion,64864,tiktok,@pizzeria_garden,2026-01-02T21:36:59.564148,0,,,,,,,
169023,تجربة سيئة,6580,Google Maps,American Burger Factory,2025-11-12T20:57:56.820Z,0,,,,,,,
693314,نن صحيت ناكل قرنطيطة عند عمي لزهر بنة,37846,tiktok,@kfc,2026-01-02T19:39:22.914388,1,,,,,,,
562245,Where,69740,tiktok,@chtibo_oran,2026-01-02T21:58:29.220340,0,,,,,,,
562258,il faut garder la même ma9la bla mataghasssliha,41738,tiktok,@street_food,2026-01-02T19:57:50.212539,0,,,,,,,
562262,الواحد صايم خاوتي,30396,tiktok,@lasombra.dz,2026-01-02T18:58:22.671365,2,,,,,,,
955482,خيمة ولاد عزوز,59090,tiktok,@maestro_dz13,2026-01-02T21:21:23.893669,0,,,,,,,
300136,تشهيت وأنا صايمة  [COMPLAINT],30366,tiktok,@lasombra.dz,2026-01-02T18:58:22.671324,104,,,,,,,
693354,والله مشاء الله وين هاذي,44208,tiktok,@dzforestrestaurants,2026-01-02T20:11:40.625295,0,,,,,,,
431220,"Food Nul de chez nul aucun goût le burger, viande très dure alors que c’est du haché. Service lent aucun professionnalisme.",7781,Google Maps,American Burger said hamdine,2023-04-23T12:54:44.016Z,1,,,,,,,
562295,mazelt hed promo w ch3el livraison birkhadem,30024,tiktok,@pizza_carie_touati_,2026-01-02T18:54:33.948556,0,,,,,,,
693377,والله غير سومتها,44064,tiktok,@dzforestrestaurants,2026-01-02T20:11:36.764953,0,,,,,,,
169093,Top MachaAllah,4274,Google Maps,هشام كوك بيتزا,2024-07-28T13:35:01.218Z,0,,,,,,,
955530,ont y fera un tour incha allah. c est restaurant ou restauration rapide ?,35150,tiktok,@sinai,2026-01-02T19:28:05.224177,0,,,,,,,
169098,Leila Aek بغابة بن مراد برج الكيفان وهذا هو الموقع https://maps. app. goo. gl/TJSKoH1ae6Mn7c9f9? g_st=ac,9606,Facebook,Dz Forest Restaura,2025-10-16T17:57:28.000Z,0,,,,,,,
693389,تجور نسقسي روحي لمن هذو لي فيديو للزواولة و لى لي لباس بيهم پاسكو كي تقول fast food اكل خفيف راني نشوف expensive food,31302,tiktok,@taylor,2026-01-02T19:10:53.350577,0,,,,,,,
562327,خطرة كلينا عندو لابايلا مالفوق تبان مليحة حنا بدينا ناكلو صبناها محروقة وزاد خلص علينا,10884,Facebook,Restaurant Casa Bella - Draria,2025-08-19T15:25:49.000Z,0,,,,,,,
169118,هذه ليست قواقع ههههه,72490,tiktok,@pont_hydra,2026-01-02T22:13:23.871548,0,,,,,,,
824491,حنا مسلمون مانقدروش نجو,66048,tiktok,@restaurant_mani,2026-01-02T21:47:12.759935,4,,,,,,,
169151,وين راكم,10693,Facebook,"  Restaurant elassil








",2025-12-16T16:53:32.000Z,0,,,,,,,
300246,تقلوشنا باطل ولا كي نكملو تنحولنا السراول,13165,Facebook,Restaurant San Benito,2025-10-12T21:54:55.000Z,0,,,,,,,
300247,Hamid Atmani الطبقة البورجوازية و النبلاء و الأسقراطية كون يكملوا ياكلوا عندوا تخلاص عليهم كحلا,11265,Facebook,Restaurant Casa Bella - Draria,2025-07-27T23:03:50.000Z,0,,,,,,,
955606,مقاطع,38322,tiktok,@kfc,2026-01-02T19:39:31.574461,0,,,,,,,
431331,Le meilleur fi Oran a ma expérience,1767,instagram,saikosushi_oran_restaurant,2024-06-05T17:18:13.000Z,0,,,,,,,
169189,En Algérie ida kan endroit beau tu sera sûrement pas content  hada mnhom,71684,tiktok,@opium,2026-01-02T22:10:08.991114,2,,,,,,,
955622,والله عجبتني كي عرضتو حسيتها من قلبك خو,43016,tiktok,@melonge_dz,2026-01-02T20:02:39.790808,367,,,,,,,
693488,Déçue perso c’était pas exceptionnel,22084,tiktok,@maison_sardoudi,2026-01-02T18:22:39.538562,0,,,,,,,
955633,فكرتني من كان عندي العود كنت نفرغله زرع بالبيدو,57194,tiktok,@_le216_,2026-01-02T21:17:18.845034,1,,,,,,,
300279,سعر جميل وفقك الله,44066,tiktok,@dzforestrestaurants,2026-01-02T20:11:36.764955,0,,,,,,,
431352,La plus mauvaise bouf que j ai goutte de ma vie la cuisine est servie froide et sans saveur l ambiance est ringard le service long je vous le deconseille est vivement,7643,Google Maps,Restaurant À Petit Feu,2024-01-03T15:17:14.596Z,0,,,,,,,
693499,المكان. بالضبط,16420,tiktok,@soltane.el.kababe,2026-01-02T18:08:26.876208,0,,,,,,,
562428,الثمن كن فضلك,10785,Facebook,"  Restaurant elassil








",2025-12-17T19:05:27.000Z,0,,,,,,,
562431,دخلت ليها تووب [APPRECIATION],26730,tiktok,@seven.times,2026-01-02T18:39:08.809930,5,,,,,,,
169220,ils savent pas qu’il faut attendre 1h avant d’avoir sa pizza,62174,tiktok,@naps_oran,2026-01-02T21:28:49.602015,1,,,,,,,
431367,"Concernant la nourriture rien de spécial, service un peu lent, je trouvais que l'atmosphère était bonne.",8460,Google Maps,American Burger Factory,2023-09-21T21:09:30.372Z,0,,,,,,,
562439,عيدكم مبارك تقبل الله منا ومنكم,595,instagram,"brother.ts
",2024-04-10T10:14:35.000Z,0,,,,,,,
824589,شوف عنابة,60070,tiktok,@the_throne_annaba,2026-01-02T21:22:26.106103,0,,,,,,,
431375,Rir khorti commendîna 9oltona makach livraison,48026,tiktok,@rahmani_food,2026-01-02T20:34:22.211717,0,,,,,,,
431376,je suis d'origine de Oran la cuisine est très très bien bonne je vous aime amine,69662,tiktok,@cote_oran,2026-01-02T21:58:05.599088,0,,,,,,,
169231,الاسعار في متناول الطبقة البورجوازية,18560,tiktok,@helena,2026-01-02T18:16:14.469246,0,,,,,,,
431387,تاكل ماكلة في ساعة خلاصها شهر . البلد الوحيد في العالم الي الخلصة تاع شهر تاكلها في ساعة .,17484,tiktok,@seven.times.luxury,2026-01-02T18:13:14.373564,0,,,,,,,
824613,Merci américain burger merci sérieux la buffe bien serveuse amonda merci beaucoup,7361,Google Maps,American Burger Factory,2025-05-22T12:37:54.376Z,0,,,,,,,
562472,ما شاء الله,67536,tiktok,@bladi_oran,2026-01-02T21:51:49.779782,0,,,,,,,
169256,سعر غالي على فندق شيراطون وبلازا,58292,tiktok,@vilageneige_annaba,2026-01-02T21:19:50.055673,0,,,,,,,
693544,قبل وي اماذرك لا,55182,tiktok,@panera_41,2026-01-02T21:12:54.102886,0,,,,,,,
562476,كون نمشي فوق منها انا الوزن الثقيل نخاف نكسرها بطالو تاعي,31718,tiktok,@entracte,2026-01-02T19:14:11.602607,3,,,,,,,
431407,يعجبوني كرواسون بالسيترو روعة,52968,tiktok,@patisserie_annaba,2026-01-02T21:04:19.055835,1,,,,,,,
300336,"Quelle belle expérience ! Nous avons été super bien accueillis par deux jeunes serveurs, Sifou et Youcef. On a besoin de jeunes professionnels comme eux. Merci.",6506,Google Maps,American Burger Factory,2025-12-24T20:21:06.445Z,0,,,,,,,
562479,الله يوفقك إن شاء الله,62262,tiktok,@hamidhamid806,2026-01-02T21:29:12.264893,1,,,,,,,
955707,Franchement 10/10 ce restaurant de A/Z,71672,tiktok,@opium,2026-01-02T22:10:08.991105,1,,,,,,,
824646,احلى عبدو في العالم [APPRECIATION],1847,instagram,snacky_time_kouba,2025-06-08T20:57:36.000Z,5,,,,,,,
562508,ما شكتش كاين كاين إمرأة تعجز تخرج,9712,Facebook,"  Sultan Restaurants


",2025-11-10T22:35:19.000Z,0,,,,,,,
300364,Oh Wow! You Sing so Beautifully  [APPRECIATION],22348,tiktok,@le_scenario,2026-01-02T18:23:54.862289,38,,,,,,,
955730,Dépaysement total mets et Plats indiens raffiné. Une excellente expérience Le staff très professionnel.,2975,Google Maps,تاج محل بن عكنون,2025-12-07T04:17:37.993Z,0,,,,,,,
431453,Mise a part les prix qui sont trop cher le reste est trop bien,5757,Google Maps,Casbah Istanbul القصبة اسطنبول,2021-05-24T11:28:18.373Z,0,,,,,,,
955745,"J'ai récemment dîné dans un restaurant turc qui propose une délicieuse cuisine authentique. Les plats étaient savoureux, avec des saveurs bien équilibrées, et les portions généreuses. Cependant, le service était un peu lent et manquait d'attention. Malgré cela, l'expérience culinaire en vaut vraiment la peine. Je recommande vivement ce restaurant pour ses mets raffinés, même si le service pourrait être amélioré.",6031,Google Maps,Casbah istanbul,2024-11-04T12:38:23.766Z,0,,,,,,,
693602,Agréable endroit où aller en famille pour déguster les bonnes saveurs Turques.,5445,Google Maps,قصبة اسطنبول,2023-09-16T13:08:54.160Z,0,,,,,,,
300387,"Prix suisse et gout mediocre. Dans n' importe quel resto tu peux avoir la même qualité, voir mieux avec la moitié du prix.",2362,Google Maps,HichamCook Grill House,2025-04-06T17:06:48.257Z,0,,,,,,,
955746,Mashallah le service des employés surtout Oussama lhsen islem,8280,Google Maps,American Burger Factory,2024-08-15T20:46:00.480Z,0,,,,,,,
169322,هذا الطبق في تركيا اسطنبول تخلص 3 ملاين . تحيا الجزائر,43780,tiktok,@dzforestrestaurants,2026-01-02T20:11:30.146849,13,,,,,,,
693613,C’est marocay,68658,tiktok,@cote_oran,2026-01-02T21:57:29.321295,4,,,,,,,
955759,C’est trop cher c’est exagéré maime,32888,tiktok,@sinai,2026-01-02T19:18:29.605382,0,,,,,,,
562545,كليتو والله هايل وبنين,54652,tiktok,@mr._brik,2026-01-02T21:11:19.594948,1,,,,,,,
562557,وين هذي من فضلك,11802,Facebook,Restaurant San Benito,2025-08-22T14:47:27.000Z,0,,,,,,,
431487,"Cuisine: rien de spécial, c est comme chawyin de l'extérieur. Les salades manquent de saveurs Service: accueil froid a l entrée, on vous fait attendre alors quil y avait des tables vide. On ne laisse pas les clients rentrer et choisir leurs tables. Ambiance: on a mangé a 14h00, mais le bruit était insupportable, ambiance salle dinatoir d'un mariage. Prix: 15000 DA pour 4 peesones, c est abusé par rapport a la qualité et la quantité servies!",5942,Google Maps,Casbah Istanbul,2024-11-06T19:42:40.914Z,1,,,,,,,
431488,j y suis allee 3 fois et ca a tjs ete bon bien présenté les plats tjs bons. la je vois le 3asvan j en ai envie grave,26328,tiktok,@lovers_grill,2026-01-02T18:34:55.974026,3,,,,,,,
562568,J’ai été ! Et vraiment cata l’hygiène et ce qu’ils ont proposé ! Dommage qu’il ne soit pas sur place pr vérifier son commerce,45494,tiktok,@budz,2026-01-02T20:16:00.447714,0,,,,,,,
431498,شاف ربي يوفقك [APPRECIATION],62336,tiktok,@hamidhamid806,2026-01-02T21:29:14.012141,0,,,,,,,
562573,شابة بلاصة وحتى ماكلة ومعاملة,63150,tiktok,@restaurantcarthage,2026-01-02T21:31:19.065986,0,,,,,,,
824721,ya khawty plat poulet cordon bleu awiliiii chehal bnin,20910,tiktok,@sultan,2026-01-02T18:21:26.579805,73,,,,,,,
824726,البلاصه ويني,50180,tiktok,@king_food23,2026-01-02T20:58:43.891411,0,,,,,,,
300438,يعطيكم الصحة برافو,19418,tiktok,@helena,2026-01-02T18:16:42.932986,0,,,,,,,
169372,ماشاء الله خدمة فن,39134,tiktok,@itchy_food,2026-01-02T19:41:08.088648,1,,,,,,,
300445,"J'ai pris une paella et c'était pas du tout bonne. Le riz n'était pas cuit, j'ai dû donc la re-cuire à la maison.",4402,Google Maps,هشام كوك بيتزا,2024-03-23T01:08:49.844Z,0,,,,,,,
300448,ربي يوفقك خويا محمد مشاء الله,12560,Facebook,Restaurant Rais,2025-10-14T20:54:41.000Z,0,,,,,,,
955809,"Je vous accorde une étoile pour le parking/ propreté Et l'autre étoile pour le service Sinon soupe de poisson/bourek poisson infecte, chorba tres ordinaire, idem pour le reste, aucune garniture plausible pour un plat qui coute tres cher! Et pour le prix on aurait beaucoup mieux mangé ailleurs! A ne plus refaire",2377,Google Maps,HichamCook Grill House,2025-01-19T10:02:28.095Z,0,,,,,,,
824736,"Dégradation total aucun goût il suffit de voir la photo de la pizza « techba3 » La sauce tomate contient de l’eau ou 9arsa Le fromage non seulement est devenue de très mauvaise qualité en plus de ça fargha Rien a voir avec les début la deuxième photo peut en témoigner Je suis passé aujourd’hui à 12:30 et il était presque vide, je comprend pourquoi",4646,Google Maps,Hicham cook pizza pasta,2025-07-28T15:49:10.410Z,0,,,,,,,
693672,très cher pour les sandwiches je préfère aller à côté au constantinople,36116,tiktok,@sinai,2026-01-02T19:28:35.422896,0,,,,,,,
693675,Avec l’huile de live c’est délicieux,57906,tiktok,@_le216_,2026-01-02T21:17:34.317867,0,,,,,,,
169396,مليحة لينا,48238,tiktok,@rahmani_food,2026-01-02T20:34:27.377074,0,,,,,,,
955833,Ta3 alger centre is not that good. Sorry guys. En plus l’espace est trop petit.,34132,tiktok,@taylot,2026-01-02T19:23:33.774766,8,,,,,,,
300483,"Je sais que c’est le de it et y une charge énorme , mais je tenais à donner mon avis Pour les plat On a pris Pâte fruits de mer : très fades et n’on aucun goût malheureusement j’étais déçu Pizza : elle était bonne , Le service était nul",4577,Google Maps,هشام كوك بيتزا,2023-12-09T22:09:18.067Z,0,,,,,,,
955859,ناس بكري قالك ،، غانز وبنين,42516,tiktok,@street_food,2026-01-02T19:58:13.161071,0,,,,,,,
431578,"Une adresse sûr pour un bon repas , service rapide .",5916,Google Maps,Casbah Istanbul,2025-05-06T22:18:20.935Z,0,,,,,,,
169439,ان شاء الله تولو تفرقو بين التلج و التبلولي,36576,tiktok,@seven.times,2026-01-02T19:31:37.740169,1,,,,,,,
431585,بابا حسن وين؟ اسم المحل خونا؟ ربي يبارك,17056,tiktok,@casa_burger1,2026-01-02T18:11:25.343890,0,,,,,,,
169441,La serveuse Celine est très souriante agréable et a su être disponible. Merci à elle,3617,Google Maps,Laurel Restaurant,2025-10-19T12:15:04.531Z,0,,,,,,,
169445,شحال هذا,46522,tiktok,@damisoran31,2026-01-02T20:23:17.102454,0,,,,,,,
431608,Mounir Youcef,8120,Google Maps,American Burger Factory,2025-01-29T21:04:56.428Z,0,,,,,,,
693768,كيفاش نحجزو من فضلك ولا نجو ديراكت وين جاية هاد المطعم الله يبارك,26838,tiktok,@seven.times,2026-01-02T18:39:15.318134,0,,,,,,,
431627,Très très bon restaurant un goût de Turquie en algerie,5885,Google Maps,Casbah Istanbul,2025-08-05T16:39:25.944Z,0,,,,,,,
955937,immonde…que dire de plus…ce Mr ne vends et n’exploite que sa notoriété et les réseaux sociaux…. pour facturer un max et servir du bas de gamme à ses clients…,2433,Google Maps,HichamCook Grill House,2024-09-09T15:37:43.956Z,0,,,,,,,
562723,moch meilleur millefeuille arkhass millefeuille,52906,tiktok,@patisserie_annaba,2026-01-02T21:04:18.313509,1,,,,,,,
562724,Il est sympa nrohlo bzf,70976,tiktok,@paradou_restaurant,2026-01-02T22:04:53.914378,0,,,,,,,
431654,Grave niveau -10 si qq un est deja sur place pizza alors,4030,Google Maps,هشام كوك بيتزا,2025-08-21T22:19:58.853Z,0,,,,,,,
562733,félicitations maschalla,35310,tiktok,@sinai,2026-01-02T19:28:08.587566,0,,,,,,,
824879,"excellent accueil, et très bons burgers",6971,Google Maps,American Burger said hamdine,2025-06-20T22:10:25.734Z,0,,,,,,,
693808,win fi oran?,69890,tiktok,@chtibo_oran,2026-01-02T21:58:37.096448,0,,,,,,,
693811,J’y suis mais il mette trop de temps à servir des fois 40 minutes lol,61028,tiktok,@roofttop_anaba,2026-01-02T21:24:23.414503,16,,,,,,,
693812,Montage de son,63424,tiktok,@santorino,2026-01-02T21:32:16.733724,0,,,,,,,
824888,ماوليت نفرق بين راجل ومراة ولا مراة وراجل  [APPRECIATION],13755,Facebook,Restaurant San Benito,2025-12-15T22:16:02.000Z,0,,,,,,,
824889,هدي غيبة، راكي مليحة ؟ [APPRECIATION],31210,tiktok,@taylor,2026-01-02T19:10:50.805825,0,,,,,,,
431693,"Cela fait plusieurs fois maintenant que je vais chez Laurel, et c’est devenu mon adresse de prédilection pour mes rendez-vous. C’est un endroit chic et très agréable, surtout avec sa belle terrasse extérieure où je choisis systématiquement de m’installer. L’ambiance y est paisible, parfaite pour discuter tranquillement dans un cadre élégant. Je prends presque toujours leur fameuse salade César, qui est selon moi la meilleure d’Algérie. Elle est extrêmement bien préparée, on sent vraiment le savoir-faire derrière chaque bouchée. Honnêtement, je n’en ai jamais goûté une aussi bonne de ma vie. C’est devenu un classique personnel. La pizza, quant à elle, est correcte mais sans plus — ce n’est pas leur point fort, mais elle reste convenable. Une seule expérience m’a un peu dérangé : un jour, vers 13h, je n'avais pas très faim et j'ai simplement commandé un café. La serveuse a insisté (un peu trop) pour que je prenne un dessert, ce qui était un peu déplacé, surtout en plein rendez-vous. Ce genre de pression n’est pas très approprié dans un cadre aussi raffiné. Cela dit, à part cette parenthèse, le service est généralement très agréable et à l’écoute. Et un point que j’apprécie particulièrement : la musique. Elle est toujours bien choisie, avec des airs de Dalida ou des morceaux français très classe, qui participent pleinement à l’atmosphère distinguée du lieu. Bref, Laurel reste pour moi une très bonne adresse, surtout pour un rendez-vous en terrasse, dans un cadre chic et détendu.",3675,Google Maps,Laurel Restaurant,2025-05-03T02:06:29.994Z,0,,,,,,,
955985,"“La nourriture était vraiment délicieuse, surtout la soupe . Un goût excellent qui vaut la peine. Certes, le service est un peu lent, mais dès que les plats arrivent et qu’on les goûte… on oublie tout ! ”",2305,Google Maps,HichamCook Grill House,2025-09-26T22:32:20.848Z,0,,,,,,,
955991,ce n'est pas sur Oran.,69750,tiktok,@chtibo_oran,2026-01-02T21:58:33.586407,11,,,,,,,
562786,ستار بوكس  ويلي ويلي [APPRECIATION],38238,tiktok,@kfc,2026-01-02T19:39:29.612983,0,,,,,,,
693861,وين بلاصا باش ما نجيش,44588,tiktok,@dzforestrestaurants,2026-01-02T20:11:59.457740,0,,,,,,,
562790,انت تتكلم من قلبك قريب طيحتلك روح كاين راه يبات لجوع ونتا تتفرنح روحا دي حكايتك ورح وازد كون توصل هما متلقاش كما راه يقلك تلاقا حاجة قليلة ويزيد عليك نعرفكم كاع منافقين,44334,tiktok,@dzforestrestaurants,2026-01-02T20:11:47.144736,0,,,,,,,
956006,صحتين [APPRECIATION],326,instagram,"brother.ts
",2025-11-26T16:18:13.000Z,6,,,,,,,
956020,"Très bonne pizza, lieu agréable",4868,Google Maps,Hicham cook pizza pasta,2021-11-14T23:55:23.640Z,0,,,,,,,
169590,Peut mieux faire au niveau des saveurs si les sauces étaient faites maisons !,8540,Google Maps,American Burger Factory,2023-01-27T00:48:14.582Z,0,,,,,,,
562810,Ou ? !,69878,tiktok,@chtibo_oran,2026-01-02T21:58:36.398810,0,,,,,,,
693885,كلشي طوب,2581,Google Maps,HichamCook Grill House,2023-12-31T14:35:15.100Z,0,,,,,,,
824960,Tlemcen?,50024,tiktok,@m7ajeb,2026-01-02T20:44:38.370373,4,,,,,,,
431752,عندي محل كما هذا حاب نخدم نفس ستيل وشحال يسقام,39062,tiktok,@itchy_food,2026-01-02T19:41:03.054606,0,,,,,,,
300714,صمحلي كليت عندك مكان حتا بنا وسومة غالية بزاف بركو متهفو فالناس,11587,Facebook,Restaurant San Benito,2025-07-30T11:17:13.000Z,2,,,,,,,
693932,توصيل الرغايه شحال,30910,tiktok,@roi_du_fajitas,2026-01-02T19:08:42.393449,0,,,,,,,
956080,المخيرين,59754,tiktok,@maestro_dz13,2026-01-02T21:21:41.229236,0,,,,,,,
825017,"je recommande vraiment, j'ai été là-bas avec ma famille et on avait très bien mangé. tout était bon. y avait pas certains plats mais la majorité si. par contre l'attente était longue, contre minimum une heure de queue.",25258,tiktok,@lovers_grill,2026-01-02T18:33:10.856937,0,,,,,,,
431827,Je recommande,8031,Google Maps,American Burger Factory,2025-02-04T19:35:26.095Z,0,,,,,,,
562906,روحو ومتندموش ناكل ونتبنن  [APPRECIATION],49058,tiktok,@chicks_nook,2026-01-02T20:40:07.206628,4,,,,,,,
825052,إنجاز البحوث الجامعية حنا عدنا غير الكبدة تع الجاج لي رخيسة شوي,9847,Facebook,Dz Forest Restaura,2025-10-13T16:19:17.000Z,0,,,,,,,
300771,L’équipage,57230,tiktok,@_le216_,2026-01-02T21:17:19.475543,0,,,,,,,
825061,la classe machalh,59940,tiktok,@the_throne_annaba,2026-01-02T21:22:20.885344,5,,,,,,,
169702,Une délégation de 130 personnes  Waow vous avez assuré votre chiffre d'affaires de 6 mois  Machallah  [COMPLAINT],13990,tiktok,@le_dauphin_restaurant,2026-01-02T18:00:53.697122,1,,,,,,,
300779,تخدمو بالجمعة ؟؟؟؟؟؟؟,1366,instagram,mega_pizza_elbiar,2023-11-24T14:05:30.000Z,1,,,,,,,
693998,Annaba le vivier jesuis née a toche je connais très bien [APPRECIATION],56572,tiktok,@terre_et_mer_annaba,2026-01-02T21:15:46.820174,4,,,,,,,
956148,الاخوة تع كرشهم والتحواس والنساء,11241,Facebook,Restaurant Casa Bella - Draria,2025-08-11T09:01:06.000Z,0,,,,,,,
956154,بصحتك شهية طيبة,15562,tiktok,@mardoum,2026-01-02T18:07:52.596286,0,,,,,,,
431868,ya hassra ala la nouvelle étoile,55192,tiktok,@atlas.immo.annaba,2026-01-02T21:13:07.503112,0,,,,,,,
956158,la sauce dylhm top le même plat,22274,tiktok,@cezam,2026-01-02T18:23:30.708551,2,,,,,,,
956165,ربي يبارك لك لكن صراحة نخاف في كهف مطعم مستحيل,11043,Facebook,Restaurant Casa Bella - Draria,2025-09-02T09:39:27.000Z,0,,,,,,,
169734,"حساب مخصص للإعلانات لمختلف المنتجات والمحلات, ما عليك هو متابعة الحساب والإعجاب بالمنشورات، ثم إرسال فيديو خاص بمنتجك وسنتولى نشره على حسابنا باحترافية",56408,tiktok,@the_chef_house_23,2026-01-02T21:14:41.293122,0,,,,,,,
694025,والله شهني صراحه,967,instagram,hichamcookgrill,2025-12-14T20:05:52.000Z,0,,,,,,,
825116,"Sofiane Rab , والله غير عندك لحق معمرة ڨرلو",8926,Facebook,Restaurant Casa Bella - Draria,2025-12-07T10:51:48.000Z,0,,,,,,,
431907,magnifique rooftop avec une vu 3la dar les voisins en face,21042,tiktok,@seven.times.luxury,2026-01-02T18:21:45.959765,2,,,,,,,
825123,Tu nous a même pas invites,71724,tiktok,@dwiretelazz,2026-01-02T22:10:27.435777,0,,,,,,,
300841,Lili Lina صح الزوالي و الفقير و العامل اليومي و الموظف البسيط ميلحقش باه ياكل الحوت ولو مرة في الشهر اعيدي التفكير في تعليقك,9253,Facebook,,2025-12-04T09:05:31.000Z,0,,,,,,,
169804,Très belle expérience en famille ce jour. Avons pris 3 formules différentes étant 5 et c’était parfait! Je vous recommande fortement si vous êtes de passage à Alger !,3606,Google Maps,Laurel Restaurant,2025-10-27T20:36:25.645Z,0,,,,,,,
169805,سعر شحال,39176,tiktok,@itchy_food,2026-01-02T19:41:08.941141,0,,,,,,,
431951,du nouveau monsieur critique qui ne sait même pas c'est quoi un restaurant de luxe,66192,tiktok,@ambassadeurs,2026-01-02T21:47:49.680018,1,,,,,,,
825169,Service 100/10 Cuisine 9. 5/10 Équipe au tooop Prix 7/10,2614,Google Maps,HichamCook Grill House,2023-10-29T21:32:26.120Z,0,,,,,,,
956255,Vraiment top !,7392,Google Maps,Restaurant À Petit Feu,2024-07-19T18:07:22.769Z,0,,,,,,,
825187,Un demi-cercle de tortilla et un peut de fromage et viande hachée n'est pas une quesadia! B 800 da? C'est de la folie !,4892,Google Maps,Hicham cook pizza pasta,2021-07-01T15:57:54.250Z,1,,,,,,,
825194,Les plats sont vraiment bons et appétissants. Je relève que les prix sont un peu excessifs et que les serveurs ne sont pas très sympathiques.,3265,Google Maps,تاج محل بن عكنون,2019-02-19T07:39:31.346Z,1,,,,,,,
825196,شحال ليفريزو الجي صونتر وشكرا,29268,tiktok,@elcuatro_burgers,2026-01-02T18:49:36.985378,0,,,,,,,
694126,Excellent service  Grillades exceptionnelles Service impeccable,2592,Google Maps,HichamCook Grill House,2023-12-13T17:38:11.406Z,0,,,,,,,
825198,min kouna nashrou fi Cintra Cheb Khaled,64334,tiktok,@cintra,2026-01-02T21:34:48.397232,0,,,,,,,
431986,جلسه مميزه وجميلة وطعم لذيذ جداً وخدمه ممتازه العاملين جميعهم ممتازين وموظفة الاستقبال في قمة الاحترام وتقديم الضيافة والترحيب شكراً لكم,5645,Google Maps,Casbah Istanbul القصبة اسطنبول,2022-09-28T22:00:26.407Z,0,,,,,,,
694132,شعب خروطو مخلوع جامي شاف,10738,Facebook,Restaurant Casa Bella - Draria,2025-12-12T01:54:07.000Z,0,,,,,,,
169848,و فضلاتو فيه؟,73050,tiktok,@pont_hydra,2026-01-02T22:13:42.129671,0,,,,,,,
694138,Diabetes is writing….,483,instagram,"brother.ts
",2024-10-25T18:40:19.000Z,1,,,,,,,
956283,اكدلي على لهريسه,49834,tiktok,@saliiiiiihofood,2026-01-02T20:43:14.731874,1,,,,,,,
169855,وين لحنوت,485,instagram,"brother.ts
",2024-10-25T21:16:57.000Z,0,,,,,,,
825216,super les prix,37216,tiktok,@restaurant.madala,2026-01-02T19:34:47.585689,1,,,,,,,
432001,وين بلاصة في مارافال,66172,tiktok,@anes.food.maraval,2026-01-02T21:47:31.136453,1,,,,,,,
432004,Ma mère voulait tester les Champs-Elysées il lui a donné 4 crevettes 4 moule pour 3200,21098,tiktok,@triple_,2026-01-02T18:22:01.861488,1,,,,,,,
956292,وين كنتو راني نحوس على لي كيفكم,39118,tiktok,@itchy_food,2026-01-02T19:41:08.088625,0,,,,,,,
956299,du bon JAMBON  [APPRECIATION],25298,tiktok,@lovers_grill,2026-01-02T18:33:41.990886,2,,,,,,,
432016,C’est quoi stars bouxe,37918,tiktok,@kfc,2026-01-02T19:39:23.690810,1,,,,,,,
432018,"Le meilleur restaurant que j'aie jamais vu, et les plats sont excellents. Leur cuisine est de haute qualité et d'une propreté irréprochable, ce qui permet de voir le chef préparer ses plats. Quant à la pizza, j'ai pris la leur, la meilleure pizza d'Algérie, à l'italienne. The best restaurant I have ever seen in my life and the best dishes. Their cooking is characterised by high quality and cleanliness, to the point that you can watch the chef cooking your food. As for the pizza, I had their pizza, the best pizza in Algeria, Italian style. افضل مطعم رايته في حياتي وافضل اطباق يتميز طبخهم بجودة عالية ونظافة حتى انك يمكنك مشاهدة الطباخ وهو يطبخ طعامك اما عن البيتزا فاخدت بيتزتهم افضل بيتزا في الجزائر على الطريقة الايطالية",6850,Google Maps,Restaurant À Petit Feu,2025-07-27T13:50:25.258Z,0,,,,,,,
169877,"Convivial, propre, et services rapide, bonne continuation",5770,Google Maps,Casbah Istanbul القصبة اسطنبول,2021-03-08T08:53:01.695Z,1,,,,,,,
694169,انا ما نبغيش الروز بصح هنا راني نكمونديه غير هو  [BOUFFE],39912,tiktok,@streetburger02,2026-01-02T19:44:04.469153,0,,,,,,,
169894,je suis fait partie de l'équipe d'ouverture de cette bel hôtel je suis content de revoir ces images que l'hôtel et tjrs bien entretenues [APPRECIATION],24638,tiktok,@laturquoisehotel,2026-01-02T18:30:17.426549,3,,,,,,,
956332,بكم السعر وركم,9009,Facebook,Restaurant Tabarka Annaba,2025-12-25T10:23:38.000Z,0,,,,,,,
825261,Mon endroit favori un paradis sur terre avec un personnel très gentil et accueillant [APPRECIATION],60138,tiktok,@seraidi.live.z,2026-01-02T21:22:44.123207,4,,,,,,,
563120,je vois que le menu machallah mais le hic affiché les prix pour que la clientèle puisse faire c'est calcul ? généralement les prix devraient être affichés à l'extérieur est même à travers la publicit,62454,tiktok,@benete_wahran,2026-01-02T21:30:31.743505,3,,,,,,,
169905,"on dit toujours que c""est bon quand on est bien payés directement ou indirectement !",27460,tiktok,@thala,2026-01-02T18:44:44.642204,1,,,,,,,
169913,Pt1 mm babouche taklouh a la française diroh b noukha wela b sauce tomate,73338,tiktok,@pont_hydra,2026-01-02T22:13:52.577586,0,,,,,,,
956346,eau vichy ? vous avez vraiment de l'eau Vichy ?,14304,tiktok,@les_jumelles,2026-01-02T18:01:24.676967,0,,,,,,,
825274,بغد النظر عن السعر الذي لا يصدق، نصيحة فقط : طريقة الطهي لهذا الكوكتال السمكي يفقده قيمته الغذائية ( اخطاك من المقلي و لاصوص),11663,Facebook,Restaurant San Benito,2025-07-31T00:51:40.000Z,0,,,,,,,
432062,Je suis déçu j’ai toujours commandé chez vous quand je viens en vacance et jamais eu de problème mais là catastrophe sur le menu le 15 et a 500 dinars et facture a 700 dinars un burger m’a était compter en plus a 400 dinars avec une odeur suspect au début je penser c’était offert mais quand j’ai vue la facture je suis tomber de haut et j’ai essayer d’appeler personne ne me répond livraison à cinq maison samiha je suis très déçu,7727,Google Maps,American Burger Factory,2025-04-06T22:44:25.118Z,1,,,,,,,
956352,seulement a 25 mdrr,26430,tiktok,@rosa.astuce,2026-01-02T18:35:29.359990,3,,,,,,,
825301,Accueil : Parfait & Chaleureux Ambiance : Extraordinaire & Magnifique Gastronomie : Délicieux & Désireux,7679,Google Maps,Restaurant À Petit Feu,2023-11-23T08:58:16.174Z,0,,,,,,,
956375,وهذيك الي راهي تڨيطر انا نخلصها,19116,tiktok,@helena,2026-01-02T18:16:27.733431,2,,,,,,,
563165,"Une pépite ce restaurant à tester sans hésitation beaucoup de choix Tout les plats sont bien garnis Le personnel à disposition, aimable",7484,Google Maps,Restaurant À Petit Feu,2024-05-22T20:11:55.507Z,2,,,,,,,
432097,c'est où !,34460,tiktok,@restaurantmonegasque,2026-01-02T19:23:59.837607,0,,,,,,,
301033,A part la pizza qui était correcte le reste était de qualité mediocre. Hichem kook nous à habitués à mieux. Les serveurs par leurs gentillesse ont sauvé la soirée .,4644,Google Maps,Hicham cook pizza pasta,2025-07-29T09:09:54.405Z,0,,,,,,,
301036,رخيسة,916,instagram,hichamcookgrill,2025-07-26T19:55:35.000Z,3,,,,,,,
825328,"Un des meilleurs restaurants sur Alger, un grand espace avec un menu très varié et abordable. Je recommande vivement.",4988,Google Maps,Hicham cook pizza pasta,2019-05-22T11:02:16.044Z,0,,,,,,,
301041,ou se trouve votre resto je suis d'Alger,45500,tiktok,@budz,2026-01-02T20:16:00.447722,0,,,,,,,
694260,Toooop du toooop vraiment chapeau  bas pour vous  [APPRECIATION],269,instagram,bonsairestaurant_dz,2023-09-04T11:13:49.000Z,0,,,,,,,
432142,Service 3/10,29880,tiktok,@youzifood,2026-01-02T18:52:38.573440,0,,,,,,,
694290,الوليمة هو المخير  [APPRECIATION],61836,tiktok,@maestro_dz13,2026-01-02T21:26:54.391237,0,,,,,,,
956439,trop trop cher  11. 000 DA pour 800g de viande ( avec le poids de l'os) [COMPLAINT],32846,tiktok,@seven.times,2026-01-02T19:17:53.922389,0,,,,,,,
956442,Hmidat Aissni زيد 200 تجيب رجلة تع خروف هههههه,9989,Facebook,Dz Forest Restaura,2025-10-14T18:13:17.000Z,0,,,,,,,
170013,مطعم من العصر الفيكتوري [APPRECIATION],18440,tiktok,@helena,2026-01-02T18:16:11.981817,1,,,,,,,
432171,dommage que tu n'es pas en Avignon wallah,35968,tiktok,@sinai,2026-01-02T19:28:30.939359,0,,,,,,,
170034,ماكله ما شاء الله ، يستحق التجربه,46540,tiktok,@kokoriko.dz31,2026-01-02T20:23:35.503205,0,,,,,,,
825400,شحال هكا,16418,tiktok,@soltane.el.kababe,2026-01-02T18:08:26.876204,0,,,,,,,
432188,Amine sahbi les hommes [APPRECIATION],43188,tiktok,@le_122,2026-01-02T20:04:06.046385,1,,,,,,,
563261,صح ذوق خيالي ومام سعر خيالي,49050,tiktok,@chicks_nook,2026-01-02T20:40:01.785575,10,,,,,,,
825408,ou exactement sa m interesse svp,13145,Facebook,Restaurant San Benito,2025-10-12T19:39:55.000Z,0,,,,,,,
432198,مالا نجي على ظمانتك اختي,60806,tiktok,@restaurant.beitdh,2026-01-02T21:23:13.956349,0,,,,,,,
432214,patus la meilleure  [APPRECIATION],68426,tiktok,@patus_oran,2026-01-02T21:56:17.702735,0,,,,,,,
825441,la gendarmerie qui à tué 128 jeunes kabyle en 2001 ils sont devenus des amis des kabytchu en 2025,28782,tiktok,@american.burger.tizi,2026-01-02T18:47:33.938736,0,,,,,,,
825446,"Ses sandwichs sont plutôt bons, ses hamburgers très moyens, les prix un peu chers",8564,Google Maps,American Burger Factory,2022-10-18T12:59:49.139Z,2,,,,,,,
563308,غير من 1000 او لفوق شنهي هذا,52370,tiktok,@uncles_burger_dz,2026-01-02T21:03:31.550016,0,,,,,,,
432243,والله ق نحسبوامامي صوتوايشبهلوا. بصح مسكين مامي ماخداش حقو,63408,tiktok,@santorino,2026-01-02T21:32:15.838792,1,,,,,,,
563321,"l'une des meilleures pâtisseries d'Alger, rapport qualité prix excellent. idéale pour les gâteaux d'anniversaire, de fêtes.",3832,Google Maps,L’Alchimiste Pâtisserie,2025-07-27T13:41:50.652Z,0,,,,,,,
432250,yaslah ghir les photo ctt,59832,tiktok,@oscar_restaurant,2026-01-02T21:22:02.085791,2,,,,,,,
956539,Adif chez les chleuhs aussi [APPRECIATION],25158,tiktok,@lovers_grill,2026-01-02T18:33:07.362092,0,,,,,,,
432257,سمانة مليحة و سمانة لالا,42726,tiktok,@pizza_carre,2026-01-02T20:00:23.749200,17,,,,,,,
432259,franchement Alger c'est plus propre que Oran,25130,tiktok,@el_marssem,2026-01-02T18:32:22.246389,5,,,,,,,
825480,La meilleure resto de garden city le jus d'orange et délicieux et la pizza au thon pariel tout les plats sont trop bons,5827,Google Maps,Casbah istanbul,2025-08-18T12:09:52.023Z,0,,,,,,,
956553,متعطيليش وصفة يرحم ولديك,30870,tiktok,@roi_du_fajitas,2026-01-02T19:08:41.599910,0,,,,,,,
694411,vous êtes sur Alger ?,46542,tiktok,@kokoriko.dz31,2026-01-02T20:23:35.503219,0,,,,,,,
694417,الوليمة الوليمة الوليمة,58796,tiktok,@maestro_dz13,2026-01-02T21:21:18.803247,2,,,,,,,
694429,wqtash tehbs la promo ?,40436,tiktok,@woodchickendz,2026-01-02T19:45:50.906957,0,,,,,,,
563359,غاليا بزاف اونبيونس ماكلتها مليحة بصح غالي,27198,tiktok,@ambiance_telemcen,2026-01-02T18:41:26.498575,0,,,,,,,
694433,j l ai déjà mangé j ai adoré,73514,tiktok,@pont_hydra,2026-01-02T22:13:57.016226,0,,,,,,,
301221,على سلامتكم لحقتونا ل 2024,37570,tiktok,@kfc,2026-01-02T19:39:13.548387,227,,,,,,,
694441,تموت الأسد جوعا .,57870,tiktok,@_le216_,2026-01-02T21:17:33.204858,0,,,,,,,
694446,بنة في السديد,41574,tiktok,@street_food,2026-01-02T19:57:47.041877,3,,,,,,,
825521,A 400 da le mini gâteau on s’attend qu’il soit extraordinaire pas du tout les gâteaux framboise et les autres aux chocolats sont aussi secs que du pain et il s'effrite plus qu’un sablé. Première et dernière fois ne gâchez pas votre argent allez ailleurs.,3929,Google Maps,L’Alchimiste Pâtisserie,2022-04-13T23:06:33.900Z,5,,,,,,,
694457,مولاه جيلجلي ادا,58448,tiktok,@la.nouvelle.etoile0,2026-01-02T21:20:57.134230,0,,,,,,,
694463,غير 2000 da. غالية لياه,66520,tiktok,@barbecue_restaurant,2026-01-02T21:50:22.615729,0,,,,,,,
301248,"Aujourd'hui, ma fille et moi avons été les premières à nous installer chez Pizza Pocket. Nous avons pris une pizza Lover et un Pepito au foie de bœuf, et pour une première visite, nous avons été plus que satisfaites : c'était absolument délicieux, on s’est régalées, un vrai coup de cœur  Bravo à toute l'équipe, continuer comme ça  [APPRECIATION] [BOUFFE]",1586,instagram,pizzapocket_dz,2025-12-27T21:28:34.000Z,2,,,,,,,
825542,تبارك الله ماشاء الله عليكم,55060,tiktok,@chapati.sidi_amar,2026-01-02T21:12:38.200150,1,,,,,,,
825543,تطور أمين ؟ حبيبي نتا أمين  [APPRECIATION],47462,tiktok,@street_food,2026-01-02T20:31:33.634764,0,,,,,,,
825546,مشكلة ان اغلب اصحاب مقاهي و مطاعم كلاو عرق ناس طلعوا على ظهر ڨليل مسكين الا ل فيه خوف الله و م يكلش عرق ناس رانا نشوفو فيهم اصحاب مطاعم ياكلهم ف عرق الزوالية ل يخدمو عندهم. يتعب م نهار ل ليل مقابل مادي زهيد,13632,Facebook,Restaurant San Benito,2025-12-17T07:54:07.000Z,0,,,,,,,
825557,"When Morocco sends its people, they're not sending their best  [COMPLAINT]",16964,tiktok,@user5834669559361,2026-01-02T18:10:52.141269,1,,,,,,,
563417,"Tout est très bon, les produits de qualité mais le service est vraiment ce qui m’a le plus séduite ! Mounir est un véritable artiste, il est aux petits soins et a un toujours un mot pour vous faire rire. Franchement passez-y si vous aimez les burgers !",7414,Google Maps,American Burger said hamdine,2024-11-05T13:36:33.558Z,0,,,,,,,
563424,كنت ترجع الملح,15794,tiktok,@mardoum,2026-01-02T18:07:56.870225,0,,,,,,,
825572,Nice place overall.,3750,Google Maps,Laurel Restaurant,2024-05-13T23:23:37.339Z,0,,,,,,,
432368,vive Mostafa li yakhdem andkom A cause de lui je viens tout les jours à midi [APPRECIATION],64720,tiktok,@msiiirdaa13,2026-01-02T21:35:48.704001,0,,,,,,,
563451,تاع 25 الف توب كلينا من عندكم الله يعطيكم الصحة,12682,Facebook,Restaurant Rais,2025-10-12T19:23:12.000Z,0,,,,,,,
694535,kech hôtel bon prix w ma9boul grib lhed blasa svp,60724,tiktok,@seraidi.live.z,2026-01-02T21:22:57.443464,0,,,,,,,
432394,win exactement fi boulevard des lions,62544,tiktok,@allechante,2026-01-02T21:30:51.792749,0,,,,,,,
694557,هو صراحة بنين بصح يطولو بزاف كريثة ساعة ونص وحنا نسناو,52302,tiktok,@uncles_burger_dz,2026-01-02T21:03:29.079497,0,,,,,,,
563487,"Machallah , le service , la nourriture, l'ambiance, propreté Bon courage pour la suite Très bon rapport qualité prix",2599,Google Maps,HichamCook Grill House,2023-11-27T15:46:55.404Z,0,,,,,,,
956704,كي ولا السبادون سومون تسمى مية و خمسين الف تقدر تولي مليون و نص,11864,Facebook,Restaurant San Benito,2025-07-27T18:24:07.000Z,0,,,,,,,
563490,وهكذا أصبحت مطبعة رسميا [COMPLAINT],38972,tiktok,@kfc,2026-01-02T19:40:01.812277,0,,,,,,,
432432,سوختو مقلوب يهبل  [APPRECIATION],53794,tiktok,@guellil._.tasnim,2026-01-02T21:08:12.795371,1,,,,,,,
170289,j'ai manager la semaine dernière wlah magnifique super sauf les gens qqnd ils manage il crie bcp je sais pas pk,64804,tiktok,@msiiirdaa13,2026-01-02T21:35:53.094359,0,,,,,,,
301361,جينا عندكم ماكان والو غي الهف,11606,Facebook,Restaurant San Benito,2025-09-21T11:54:53.000Z,0,,,,,,,
956723,Super bon Surtout les poutines bzf bnane Accueil hayel Je recommande,8487,Google Maps,American Burger Factory,2023-07-12T21:07:02.125Z,0,,,,,,,
563508,هاد شي كامل بعشرة خمسينات,44590,tiktok,@dzforestrestaurants,2026-01-02T20:11:59.457742,0,,,,,,,
301375,تاغ لبيار وي مي تاع باب بزوار لاعلاقة تحسهم مزالهم ناقصين كوتي بنة,329,instagram,"brother.ts
",2025-11-26T19:04:16.000Z,3,,,,,,,
432458,خليل رحماني بلاك كليت فلمطار,10650,Facebook,Dz Forest Restaura,2025-10-13T15:34:02.000Z,0,,,,,,,
563531,Pain chocolat b 200da,20174,tiktok,@sebs_garden,2026-01-02T18:18:15.045219,7,,,,,,,
170320,فريڨو وحدو شحال ؟,39068,tiktok,@itchy_food,2026-01-02T19:41:03.054611,0,,,,,,,
825688,On sait comment faire madame je le mange à Noël et jour de l’an pourtant tu habites en France tu m’étonnes,73072,tiktok,@pont_hydra,2026-01-02T22:13:45.672544,0,,,,,,,
563560,C vraiment magnifique c à quelle adresse,70574,tiktok,@le_petit_chalet,2026-01-02T22:00:28.463080,1,,,,,,,
170349,"Rien à dire tout était parfait je recommande ce restaurant, tellement c’était bon je suis retourné une deuxième fois le lendemain",2679,Google Maps,HichamCook Grill House,2023-08-04T00:05:20.230Z,2,,,,,,,
563576,Ma visite en famille est une catastrophe. Service très moyen.,17740,tiktok,@le_dauphin_restaurant,2026-01-02T18:13:52.203288,1,,,,,,,
170360,0000 taste/0000 cuisine /0000 service Shame on you ! Iam upset,7213,Google Maps,American Burger Factory,2025-06-09T12:02:22.510Z,0,,,,,,,
301437,للمصداقية حط السعر في آخر الفيديو و شكرا,47978,tiktok,@rahmani_food,2026-01-02T20:34:21.487316,29,,,,,,,
432510,Dely Brahim ki tsoutnit:,36458,tiktok,@seven.times,2026-01-02T19:31:35.133541,1,,,,,,,
563581,اول ما اجي على عنابة رح روح اكل عندك,51730,tiktok,@quick_bite,2026-01-02T21:01:56.786385,0,,,,,,,
432514,C'est ou,11896,Facebook,Restaurant San Benito,2025-10-07T18:50:50.000Z,0,,,,,,,
825730,win exct stp,30986,tiktok,@roi_du_fajitas,2026-01-02T19:08:44.077717,0,,,,,,,
563589,كيما بانوزو ولا مقلوب تحط حميص اويكي ميكساكنو ههه مهم فريت فيها فيها,53432,tiktok,@piadzo_food23,2026-01-02T21:07:13.112029,0,,,,,,,
301463,village de neige. toooop et intime méga pizza . tout est bon et l'équipe sont tous gentils  216 . toooop [APPRECIATION],58676,tiktok,@maestro_dz13,2026-01-02T21:21:16.241774,3,,,,,,,
825760,c'est tres bon,73360,tiktok,@pont_hydra,2026-01-02T22:13:53.360540,0,,,,,,,
825761,"Tessnime est un vrai créateur de contenu, bravo et bonne continuation",52260,tiktok,@uncles_burger_dz,2026-01-02T21:03:28.152411,3,,,,,,,
301479,Food was delicious and has a nice atmosphere. The only negative is that a staff member came and took my soup away without asking and I wasn't finished eating it. everything else was great.,5366,Google Maps,Casbah Istanbul القصبة اسطنبول,2023-09-29T17:24:29.501Z,0,,,,,,,
301480,"J’ai pris des nouilles sautées au wok miam qu’est ce que c’était bon ! Le personnel trop gentil, il était débordé mais on venait à chaque fois nous demander si ça aller ! Y avait énormément de monde Lah iberek mais les délais d’attente était de 5/10minutes alors qu’on était plusieurs  [APPRECIATION]",8058,Google Maps,Restaurant À Petit Feu,2022-12-16T23:45:12.109Z,1,,,,,,,
694702,فيلالي عبد القادر معسكر بلدية عين فارس. تحيا وهران,69090,tiktok,@cote_oran,2026-01-02T21:57:43.121101,1,,,,,,,
563641,Mokhtar Merabet c'est un mensonge. Ce n'est pas du tout cher,9912,Facebook,,2025-10-20T17:49:30.000Z,0,,,,,,,
694719,هذا ندخل نعطيلهم كليتي ومنعرف,18676,tiktok,@helena,2026-01-02T18:16:16.153771,0,,,,,,,
301528,wallah ghir tekdeb il fait 9 euro avec la boisson .,46478,tiktok,@damisoran31,2026-01-02T20:22:12.480216,0,,,,,,,
301529,كي اف سي,37618,tiktok,@kfc,2026-01-02T19:39:17.543574,321,,,,,,,
301533,Adam Houtla hadik l3afia machi Les sources !,9241,Facebook,,2025-10-24T16:52:16.000Z,0,,,,,,,
301542,Un très excellent service stuff et rapidité Parking disponible Les portions des viandes sont acceptables et suffisantes Il faut juste faire attention à la chorba et bourak ne sont pas assez bonnes,2611,Google Maps,HichamCook Grill House,2023-11-07T23:58:23.968Z,0,,,,,,,
956906,صورولنا واجهة المحل من فضلكم عقبت لمرة لي فاتت معرفتش وين,54636,tiktok,@mr._brik,2026-01-02T21:11:17.625847,0,,,,,,,
694767,كروفاااات حمرة,13506,Facebook,Restaurant San Benito,2025-12-25T01:47:50.000Z,0,,,,,,,
694783,نتع ماليه,18406,tiktok,@helena,2026-01-02T18:16:11.904484,0,,,,,,,
694789,win place hada,22504,tiktok,@le_perchoir,2026-01-02T18:25:06.952921,0,,,,,,,
563718,جربت مؤخرا diyar bakir في الزعفرانية مطعم تركي [RECOMMENDATION],59178,tiktok,@maestro_dz13,2026-01-02T21:21:25.577634,0,,,,,,,
956936,يا عيسى,47792,tiktok,@favelas_burgers,2026-01-02T20:33:09.111842,0,,,,,,,
432648,"Clairement ma pâtisserie préférée, le filles sont super sympas et les gâteaux toujours aussi bon que la première fois, jamais déçue , je recommande vivement !",3875,Google Maps,L’Alchimiste Pâtisserie,2024-08-11T16:37:02.744Z,0,,,,,,,
825866,hummm sa donne envie  [APPRECIATION],34936,tiktok,@sinai,2026-01-02T19:28:01.420351,1,,,,,,,
563722,Horrible ! Service 0/20 accueil 0/20 la nourriture 0/200,4758,Google Maps,Hicham cook pizza pasta,2023-05-13T16:10:38.653Z,0,,,,,,,
825864,تفتحو نهار العيد؟,1778,instagram,seven_times_la_villa,2025-03-28T21:27:26.000Z,0,,,,,,,
956953,ملي كنت غريانة نفوتو عليه مين نحو هاودين لكريشتل . حلمي ندخله و ناكل فيه و ان شاء الله نحققه,68184,tiktok,@le_petit_chalet,2026-01-02T21:54:52.782644,2,,,,,,,
170524,البنة يا خويا ياخويا,68804,tiktok,@cote_oran,2026-01-02T21:57:34.598246,2,,,,,,,
563757,Je ne suis pas fan du décor on a l’impression d’être à la maison pas un restaurant ça reste mon avis,14118,tiktok,@les_jumelles,2026-01-02T18:01:16.708082,2,,,,,,,
825903,أنا من وجدة كبرنا مع مصطفي خويا  [APPRECIATION],68654,tiktok,@cote_oran,2026-01-02T21:57:29.321290,81,,,,,,,
956977,Vraiment ça vaut le coup  la propreté et l'élégance  [APPRECIATION],1837,instagram,sinai.dz,2025-03-14T14:54:33.000Z,0,,,,,,,
694850,"Il est dit que quiconque ouvre un KFC ou un dérivé à Ouargla pourrait devenir millionnaire en euros, selon la légende.",38918,tiktok,@kfc,2026-01-02T19:40:00.228558,0,,,,,,,
825929,si vrai bareh cheftou  [RECOMMENDATION],38372,tiktok,@kfc,2026-01-02T19:39:34.108776,1,,,,,,,
563787,كانت تجربة للأسف غير مرضية على الاطلاق ،خدمات ناقصة و الله ياسعر ماشي غييير غالي تقول راك تاكل في لحم مردوم ، ماننصحش بيها خاوتي لحوس ياكل صح ماشي هذي هي لبلاصة,6583,Google Maps,American Burger Factory,2025-11-12T20:52:37.500Z,0,,,,,,,
563790,Effectivement c'est excellent excepté le service de livraison. Ça fait 2 fois qu'on commande mais à l'arrivée le manger est froid.,7991,Google Maps,American Burger said hamdine,2021-08-29T19:58:09.598Z,0,,,,,,,
694862,سعر معقول، ولي يقولك نصرفهم في داري الله غالب ما يعرفش بلي المطاعم مديورة أيضا لغذاء عمل بين الشركاء وكذا ضيافات بين أصدقاء. ماشي ديما للعايلة,10381,Facebook,Dz Forest Restaura,2025-10-14T16:20:14.000Z,0,,,,,,,
563809,خليل رحماني انت الي حبيت,10778,Facebook,Dz Forest Restaura,2025-10-14T21:31:40.000Z,0,,,,,,,
694886,Thala aussi est une source d’eau!,27654,tiktok,@thala,2026-01-02T18:44:59.712861,0,,,,,,,
301672,Par les meilleurs hôtels et Les meilleurs services Merci l'équipes,2427,Google Maps,HichamCook Grill House,2024-09-20T01:12:57.746Z,0,,,,,,,
694911,à chaque fois je descend à ma ville natal je passe des moments agréable au chalet depuis mon enfance à la baie de mon rêve bonne journée,70344,tiktok,@le_petit_chalet,2026-01-02T22:00:19.133097,0,,,,,,,
301695,Wouaaaa la rage de certains dans les commentaires j’en reviens pas … vous pouvez pas être content pour eux ? Ou vous en foutre tout simplement ?,38948,tiktok,@kfc,2026-01-02T19:40:00.958393,0,,,,,,,
826006,اعلان غير مباشر للتطبييييييع,38670,tiktok,@kfc,2026-01-02T19:39:46.641945,0,,,,,,,
957089,الله يبارك يشتهي,69548,tiktok,@cote_oran,2026-01-02T21:58:02.177009,1,,,,,,,
170674,اسمو لمير,51918,tiktok,@quick_food,2026-01-02T21:02:16.203846,0,,,,,,,
957109,عباس خويا كان ديرنا مستشفيات تدي الاجر خويا,16142,tiktok,@mardoum,2026-01-02T18:08:04.662579,0,,,,,,,
694974,"le meilleur ,  bonne continuation  [APPRECIATION]",49542,tiktok,@kik.sfood21,2026-01-02T20:41:13.847267,1,,,,,,,
301760,Ici il vaut mieux prendre a emporter l'espace est petit pas trop ideale pour s'attabler mais l'hamburger est bon correcte et donne l'envie de le manger une seconde fois,6922,Google Maps,American Burger Factory,2025-07-16T03:32:13.201Z,0,,,,,,,
694983,"je confirme, ça fais un an qu'on part que là-bas  [APPRECIATION]",26166,tiktok,@don_sido_,2026-01-02T18:34:33.255314,0,,,,,,,
563919,Bonjour. Ou êtes vous situés svp. Je ne trouve pas l’adresse,1751,instagram,rolls_dz,2025-08-25T16:14:42.000Z,0,,,,,,,
170709,Klit andhom fooor,48250,tiktok,@rahmani_food,2026-01-02T20:34:27.377082,0,,,,,,,
826077,Leur viande cramé la,26184,tiktok,@don_sido_,2026-01-02T18:34:36.355663,2,,,,,,,
826078,وليدي قالك نروحو عندو,15662,tiktok,@mardoum,2026-01-02T18:07:53.444580,0,,,,,,,
957159,اقتراح . المرة الماجية في حالة كما هكا ولي أفتح لايف واعرضهم,15760,tiktok,@mardoum,2026-01-02T18:07:56.044531,0,,,,,,,
170730,او تحيا الدار. نت علابالاك وحنا علابانا,41710,tiktok,@street_food,2026-01-02T19:57:49.362771,1,,,,,,,
170735,Je déconseille. La dame à l'accueil coté fast food hyper désagréable. Poulet est sec.,6097,Google Maps,Casbah Istanbul,2023-07-14T14:38:54.116Z,0,,,,,,,
301818,"Tout est presque parfait Personnel accueillant Propreté parfaite Service rapide Plats variés, choix multiples plus toutes les catégories et toutes les tranches d’âge Les prix: selon les plats, pizzas ou pâtes Endroit très agréable calme pour les familles, entre amis ou inviter des personnes Stationnement plus ou moins disponible Chaises confortables",7666,Google Maps,Restaurant À Petit Feu,2023-12-09T07:55:52.334Z,1,,,,,,,
826110,وصايا لقمان الحكيم لإبنه  [APPRECIATION],28126,tiktok,@amine.lacantine,2026-01-02T18:45:39.645122,0,,,,,,,
695044,جعت,41830,tiktok,@street_food,2026-01-02T19:57:52.064438,0,,,,,,,
170760,"ce buffet qui est vraiment très cher, la viande est pas forcément de très bonne qualité. Vaut mieux aller manger en face au chinois au moins on on sait pourquoi, on paye pas cher boissons trop cher",25344,tiktok,@lovers_grill,2026-01-02T18:33:44.283997,2,,,,,,,
432915,"Il n'y a vraiment rien à dire sur ce resto. Le meilleur que j'ai jamais essayé. La cuisine est excellente, l'intérieur est nickel, le personnel fait bien son boulot. Une merveille",5872,Google Maps,Casbah Istanbul,2025-09-15T16:13:33.700Z,0,,,,,,,
826139,Le jasmin c’est le meilleur  [APPRECIATION],59346,tiktok,@maestro_dz13,2026-01-02T21:21:28.859707,0,,,,,,,
695088,Caroline Florstad,35460,tiktok,@sinai,2026-01-02T19:28:14.539483,0,,,,,,,
170804,C ewt chacun son truc,16842,tiktok,@user5834669559361,2026-01-02T18:10:49.604843,0,,,,,,,
170806,جزائر كع متطورة,38166,tiktok,@kfc,2026-01-02T19:39:28.088980,0,,,,,,,
564029,ساهلة قاطع,38284,tiktok,@kfc,2026-01-02T19:39:30.621297,0,,,,,,,
957249,مكان رائع جدا وسعر معقول ومعاملة جيدا أرجو أن تزور المطعم,7640,Google Maps,Restaurant À Petit Feu,2024-01-08T11:24:52.390Z,0,,,,,,,
301891,وين اخى,55902,tiktok,@mfood.annaba,2026-01-02T21:14:13.045669,1,,,,,,,
564044,Bof pas ouf c’est dommage c’est très jolie et propre mais les pâtisseries n’ont pas de goût. Super accueil par contre,3923,Google Maps,L’Alchimiste Pâtisserie,2022-08-11T11:48:11.575Z,2,,,,,,,
301902,Burger champignons qui coulait de partout je n'ai vraiment pas aimer Les autres était très bon Avec une grande quantité de viande,6815,Google Maps,American Burger Factory,2025-07-27T20:04:57.367Z,0,,,,,,,
432975,L un de mes endroi preferé !,70886,tiktok,@paradou_restaurant,2026-01-02T22:04:50.559555,2,,,,,,,
432976,رايحا نخدمها في الدار,452,instagram,"brother.ts
",2024-09-27T15:41:06.000Z,5,,,,,,,
301903,c où had le restos,21208,tiktok,@triple_,2026-01-02T18:22:03.688399,0,,,,,,,
957271,البستان محترم,60904,tiktok,@maestro_dz13,2026-01-02T21:23:33.442488,0,,,,,,,
564057,أسعار في متناول كريستيانو,21986,tiktok,@maison_sardoudi,2026-01-02T18:22:36.976966,3,,,,,,,
826212,لخطرش برا اتكون جيعان وتقعد اتشم فرحت الشوا فهمت,42382,tiktok,@street_food,2026-01-02T19:58:06.183265,0,,,,,,,
432998,"Welah j’ai pas compris vôtre prix 875, 00 dinars ou 8750, 00",31516,tiktok,@woodgrill_dz,2026-01-02T19:13:53.447252,5,,,,,,,
301926,"Belle terrasse, le brunch est très généreux et bon",647,instagram,californiacafedz,2024-06-27T18:05:02.000Z,1,,,,,,,
826216,فالأول كان واااعر ابري تبدل [APPRECIATION],20524,tiktok,@labelladalger16,2026-01-02T18:19:38.696302,0,,,,,,,
301939,هاذي كذبه,12147,Facebook,Restaurant San Benito,2025-10-12T21:54:48.000Z,0,,,,,,,
826231,معليش تحطلنا أسعار نتاع كل نوع,54678,tiktok,@mr._brik,2026-01-02T21:11:19.594966,0,,,,,,,
564088,فوبيا الأماكن المغلقة  وزبد بولحية ! لا شكرا.,11222,Facebook,Restaurant Casa Bella - Draria,2025-09-14T19:05:22.000Z,0,,,,,,,
695177,ههههه اول مرة لقيت وحدة كيفي نفس فكرتي. حتى انا لقيت شعرة. من تم مزدتش رجعت ليه عفت. وزعما زعما حاجة,58092,tiktok,@vilageneige_annaba,2026-01-02T21:19:45.812420,12,,,,,,,
826252,Why can’t we find this in England,34706,tiktok,@sinai,2026-01-02T19:27:50.043709,33,,,,,,,
826258,Delicious,5409,Google Maps,Casbah Istanbul القصبة اسطنبول,2023-08-08T00:39:21.752Z,0,,,,,,,
826260,نحب ندير عيد ميلاد ولدي لتم شحال,19900,tiktok,@villa_frere,2026-01-02T18:17:37.285664,0,,,,,,,
826261,Un bel endroit. J'espère que le service et les plats sont à la hauteur aussi  [APPRECIATION],21666,tiktok,@maison_sardoudi,2026-01-02T18:22:29.923792,0,,,,,,,
695198,للأسف جينا الأسبوع الماضي كلينا عندكم سامحلي سرفيس يعيف اللحم قدموه بارد ممكن عليها جا ناشف المكان حنا قاعدين ناكلو و هوما ينشفو و يلوحو ف المنظف…والله على ماأقول شهيد .,9044,Facebook,"

Sultan Restaurants",2025-12-03T16:19:06.000Z,19,,,,,,,
826274,5 étoiles !,17532,tiktok,@seven.times.luxury,2026-01-02T18:13:14.935322,0,,,,,,,
170931,هذا هو كلامي.,21364,tiktok,@triple_,2026-01-02T18:22:07.797632,0,,,,,,,
433076,TiFou Soltani تكفي القيم الإسلامية والزهد والتواضع حنا لازم نتبعو النبي ماشي الغرب واليهود والشيعة,9133,Facebook,"

Restaurant Casa Bella - Draria",2025-12-03T18:54:00.000Z,0,,,,,,,
564150,Un délice rien à dire recommandé 1000% bn continuation,8606,Google Maps,American Burger Factory,2022-06-21T11:38:11.709Z,0,,,,,,,
695223,منبعد تسمع بيه سكر,37840,tiktok,@kfc,2026-01-02T19:39:22.321386,3,,,,,,,
826296,Not that good . I thought it's something special but unfortunately . It's too bad . talking about pizza. But honestly the reception was on top . Red mango is the best place to get a pizza since now for me,4451,Google Maps,هشام كوك بيتزا,2024-02-08T17:20:12.002Z,0,,,,,,,
433086,meilleurs terrasse a alger le boustan,34386,tiktok,@restaurantmonegasque,2026-01-02T19:23:51.924887,4,,,,,,,
170944,أكلة الببوش,73468,tiktok,@pont_hydra,2026-01-02T22:13:56.081898,0,,,,,,,
957377,يعطيك الصحا,44242,tiktok,@dzforestrestaurants,2026-01-02T20:11:42.517082,0,,,,,,,
957381,ربي يبارك هذي في الجزائر,31786,tiktok,@entracte,2026-01-02T19:14:23.117723,2,,,,,,,
170952,3arbent vgayeth,48374,tiktok,@baddi_pizza,2026-01-02T20:34:51.635689,0,,,,,,,
564185,Bouzid Boulahouat تسما السيد يخدم عليك مايديش الفايدة تاعو ؟,9861,Facebook,Dz Forest Restaura,2025-10-14T16:18:31.000Z,0,,,,,,,
826331,باينة هي لي داياته معاها مجرور وخصه يحل فمه الرباني هذا تعشق فيه هذي طايرة موحال,57816,tiktok,@_le216_,2026-01-02T21:17:32.193184,1,,,,,,,
170982,تحيا بازوكا,509,instagram,"brother.ts
",2024-10-05T19:20:46.000Z,1,,,,,,,
695273,"Cuisine de qualité ! Accueil chaleureux et respectueux ! Service très professionnel, nous nous sommes régalés  [APPRECIATION]",20360,tiktok,@labelladalger16,2026-01-02T18:19:35.299510,1,,,,,,,
433131,زيزتك,13846,Facebook,Restaurant San Benito,2025-12-20T17:44:23.000Z,0,,,,,,,
826363,A éviter les week-ends et en haute saison d'été,4216,Google Maps,هشام كوك بيتزا,2024-08-29T19:08:15.175Z,0,,,,,,,
957450,Vive l’Algérie  et les Algériens  [APPRECIATION],16656,tiktok,@user5834669559361,2026-01-02T18:10:45.373100,4,,,,,,,
695322,بشحال خويا,12576,Facebook,Restaurant Rais,2025-10-28T12:33:47.000Z,0,,,,,,,
564251,"ah , ça me rappelle les années ""enfant"""" , j'ai adoré . sur la poêle tt simplement",72500,tiktok,@pont_hydra,2026-01-02T22:13:24.030650,0,,,,,,,
302107,Jai pas aimé malheureusement,21074,tiktok,@triple_,2026-01-02T18:21:58.677009,0,,,,,,,
564254,"vous êtes une personne très modeste et humble, j'aime trop votre contenus, Bonne continuation.",72426,tiktok,@pont_hydra,2026-01-02T22:13:22.267883,1,,,,,,,
302110,"C’est très bon, je suis d’Oran et j’adore avec du riz.",72310,tiktok,@pont_hydra,2026-01-02T22:13:20.298217,1,,,,,,,
826400,"Je mange pas tout ce qui nourriture asiatique en général, c’est pas à mon goût du tout, y a AUCUN monde ou j’me verrais débarquer dans un sushi par exemple pour attiser la haine comme ça",16692,tiktok,@user5834669559361,2026-01-02T18:10:45.705992,23,,,,,,,
171039,ويديك غسلتيهم,13335,Facebook,Restaurant San Benito,2025-10-13T10:18:18.000Z,1,,,,,,,
302114,مطعم الرايس - Restaurant Rais وين بلاصة,12487,Facebook,Restaurant Rais,2025-10-13T19:53:53.000Z,0,,,,,,,
695335,La pizza n’est pas vraiment bonne,4110,Google Maps,هشام كوك بيتزا,2025-02-15T13:31:29.095Z,0,,,,,,,
695336,ماشي كايفسي كي اف سي,37616,tiktok,@kfc,2026-01-02T19:39:17.543573,80,,,,,,,
302121,ههههه هادو كامل مضرين بلجيب والصحة,48282,tiktok,@rahmani_food,2026-01-02T20:34:28.248857,0,,,,,,,
826410,خلي نميروك,66526,tiktok,@barbecue_restaurant,2026-01-02T21:50:22.615737,0,,,,,,,
957486,في خاطرك ياسي مصطفى ان شاءالله كي نهبط فكونص نروح ناكل فماك.,68634,tiktok,@cote_oran,2026-01-02T21:57:29.321264,5,,,,,,,
564271,بيا هاذيك هيا,43926,tiktok,@dzforestrestaurants,2026-01-02T20:11:32.869792,1,,,,,,,
564302,عتبه مربوحه انشاء الله وين في رويبة من فضلك,20086,tiktok,@darlmima,2026-01-02T18:17:59.402226,0,,,,,,,
957539,Faical la classe ! Telemly street  [APPRECIATION],71224,tiktok,@pont_hydra,2026-01-02T22:07:07.993116,1,,,,,,,
695398,ah merci on croyez qu'il fallait mangé la coquille avant toi  [COMPLAINT],73702,tiktok,@pont_hydra,2026-01-02T22:14:02.054160,0,,,,,,,
957546,مطعم لطيفة مشاء الله,66544,tiktok,@bakhcis_oran,2026-01-02T21:50:36.560292,8,,,,,,,
826489,LE Diner Americain a draria c'est beau très grand mais très innondé de monde dans les occasions,5011,Google Maps,Hicham cook pizza pasta,2018-11-22T09:29:17.219Z,0,,,,,,,
564347,Their food is so delicious but the service is ehh and its crowded all the time,7524,Google Maps,American Burger said hamdine,2023-11-16T07:11:23.328Z,0,,,,,,,
695422,marrhba bikom livraison gratuite,44750,tiktok,@le_neuf_food,2026-01-02T20:13:41.529689,0,,,,,,,
302207,احلا مطعم في درارية فووور مشاء الله,11084,Facebook,Restaurant Casa Bella - Draria,2025-07-26T22:30:44.000Z,0,,,,,,,
302214,ربي يكتبلي و نزور الجزائر  [APPRECIATION],71378,tiktok,@dwiretelazz,2026-01-02T22:08:43.266202,5,,,,,,,
695431,Rien à voir rak ghalet sahbi,40244,tiktok,@streetburger02,2026-01-02T19:44:11.216056,0,,,,,,,
302217,نقلشك. نقلشك. الاسعار. ناااااااار,13868,Facebook,Restaurant San Benito,2025-12-16T09:18:29.000Z,0,,,,,,,
695435,Éléphant,57256,tiktok,@_le216_,2026-01-02T21:17:19.542915,3,,,,,,,
564375,"Très bonne expérience la bouffe était succulente, le service au top , la propreté y est … j’ai adoré et je recommande fortement",5586,Google Maps,Casbah Istanbul القصبة اسطنبول,2023-05-18T21:03:52.590Z,0,,,,,,,
564383,أجري سجلها قبل ما يشوفوها يقولو تاعنا,35608,tiktok,@sinai,2026-01-02T19:28:18.081553,0,,,,,,,
957602,مطعم جيد,2348,Google Maps,HichamCook Grill House,2025-06-05T09:31:29.086Z,0,,,,,,,
826534,Je le confirme acceuil prix qualité,8892,Facebook,"  Sultan Restaurants


",2025-10-28T21:11:05.000Z,3,,,,,,,
302251,"Restaurant excellent de part ses plats, le décor incroyable et pour terminer le service exceptionnel bravo au gérant et aux personnels  [APPRECIATION]",1629,instagram,restaurant_lemanrais,2025-12-30T19:16:40.000Z,3,,,,,,,
826547,Meilleur restau de tout les temps svp un petit ftor gratuit de votre part,7587,Google Maps,American Burger Factory,2025-05-17T10:38:22.288Z,0,,,,,,,
957635,Service top,6319,Google Maps,Casbah Istanbul,2021-06-12T18:27:08.208Z,1,,,,,,,
302280,yahasrah alla liyam zina Min kouna fi wid libon fi Cintra boulevard soumam,64646,tiktok,@cintra,2026-01-02T21:34:55.128032,0,,,,,,,
957642,ur favourite place,27008,tiktok,@seven.times,2026-01-02T18:39:18.554090,0,,,,,,,
564427,نخاف من هذه المطعام ديكور بزاف مأكلة زوج كعبات,19174,tiktok,@helena,2026-01-02T18:16:29.502799,0,,,,,,,
564446,بالطبع البنة و طياب لازم يكونو لكن انا نقول السر راهو فال plaque chauffante . !,41852,tiktok,@street_food,2026-01-02T19:57:52.698749,0,,,,,,,
957668,livraison souidania,29298,tiktok,@elcuatro_burgers,2026-01-02T18:49:36.985422,0,,,,,,,
957671,des prix super abordable et raisonnable la prochaine fois que je passe a Béjaïa obligé je mange chez vous akni3in rebbi,37048,tiktok,@restaurant.madala,2026-01-02T19:34:43.545595,1,,,,,,,
826600,Ahmed Mechnouai c'est plutôt un menteur qui fait de la publicité pour son ami restaurateur.,10449,Facebook,Dz Forest Restaura,2025-10-13T05:41:02.000Z,0,,,,,,,
957673,ولله تبقى حاير صح,41772,tiktok,@street_food,2026-01-02T19:57:50.970774,0,,,,,,,
695536,Bonne hôtel,5341,Google Maps,Casbah Istanbul القصبة اسطنبول,2023-11-04T17:07:18.957Z,0,,,,,,,
433399,خسارة بعيدة,55982,tiktok,@mfood.annaba,2026-01-02T21:14:15.550029,0,,,,,,,
302334,ماكلة روعة,11674,Facebook,Restaurant San Benito,2025-07-26T15:21:31.000Z,0,,,,,,,
695553,je suis la gagnante j'arrive  [APPRECIATION],67016,tiktok,@bladi_oran,2026-01-02T21:51:32.679022,0,,,,,,,
171267,مشاء الله على المطبخ الجزاىري,65940,tiktok,@cote_oran,2026-01-02T21:46:22.927529,0,,,,,,,
433412,عجبتني المقرونة ماشاء الله عليكم,9318,Facebook,Restaurant Tabarka Annaba,2025-12-27T10:32:57.000Z,0,,,,,,,
171269,كاين توصيل لعين النعجة,33990,tiktok,@restaurant_gizay,2026-01-02T19:22:56.507974,0,,,,,,,
433414,"As a turkish person, I really really recommand this restaurant, you can't find a single turkish restaraunt like this in all Western Europe but you can find one in Algiers, good for us I guess. Really delicious.",5766,Google Maps,Casbah Istanbul القصبة اسطنبول,2021-03-20T15:24:49.370Z,0,,,,,,,
171271,الأسعار في متناول نيمار,23998,tiktok,@spotter.dz,2026-01-02T18:27:24.951434,1,,,,,,,
957702,هدا كان في سيدي عمار مطرق تاع شواء ب 40 ملغري سكالوب عند جزار كان بري تيعو نورمال,61580,tiktok,@guellil._.tasnim,2026-01-02T21:25:39.597104,1,,,,,,,
171273,"J’avoue qu’au début j’étais un peu hésitante, je ne savais pas trop quoi choisir. Finalement, nous avons opté pour des grillades, du riz épicé et une sauce , et franchement, c’était succulent ! Petit point négatif : le poulet dans la sauce avait encore la peau, ce qui m’a un peu dégoûtée. Les prix sont aussi un peu élevés . L’ambiance est agréable, pas trop bruyante, et le personnel est très professionnel. Dommage cependant que le parking ressemble davantage à une piste, c’est vraiment malheureux Je vous souhaite bon courage et une bonne continuation !",2990,Google Maps,تاج محل بن عكنون,2025-10-16T13:07:13.768Z,0,,,,,,,
171274,خبار شخص لي طاحلو طبسي,976,instagram,hichamcookgrill,2025-12-29T19:16:13.000Z,11,,,,,,,
171276,Very good quality and the service is very good and fast. Highly recommended,5905,Google Maps,Casbah Istanbul,2025-06-21T15:07:19.395Z,0,,,,,,,
171279,Une arnaque,2662,Google Maps,HichamCook Grill House,2023-08-24T07:21:47.185Z,1,,,,,,,
564508,Walah Walah ano nhab lmakan c’est mon meilleur restaurant sur Alger wlh équipe hayla service top w surtout le nom LE CARRÉ Im really proud of you in love  [APPRECIATION],1228,instagram,le_carre_restaurantalg,2025-12-26T22:09:44.000Z,1,,,,,,,
564514,"Super restaurant avec des spécialités turques . Accueil chaleureux et personnel sympa, service assez rapide, beaucoup de choix sur les plats . Repas très copieux, on en a pour son argent malgré les repas un peu chers . Je recommande.",6362,Google Maps,Casbah Istanbul,2019-12-11T18:39:20.292Z,1,,,,,,,
564532,وعلاه خويا حبيت تربح الشعر راك فرطاس خويا 500الف تعرفها ولالا,10682,Facebook,Dz Forest Restaura,2025-10-12T22:42:29.000Z,2,,,,,,,
695618,بنات جبتلكم جبب تع عيد 2500دج يهبلو يهبلو  [APPRECIATION],23282,tiktok,@le_perchoir,2026-01-02T18:25:25.742537,0,,,,,,,
826695,السعر غالي مقارنة بالخدمات المقدمة هذا مع ضيق المكان وطول الإنتظار بالخارج تخيل أن تضطر للإنتظار أكثر من أربعين دقيقة فقط لدخول إلى المكان ثم بعد ذالك تنتظر من 15 إلى 30 دقيقة ليقدم لك الأكل,6275,Google Maps,Casbah Istanbul,2022-05-26T11:53:41.917Z,2,,,,,,,
433480,Beau décor pour le reste rien d'extraordinaire ça n'a rien avoir avec le burger américain j'ai pas aimé,4706,Google Maps,Hicham cook pizza pasta,2024-04-03T12:25:38.545Z,1,,,,,,,
957777,فالتعليقات راهم كشفينك لي كلاو عندك بركاك مالكذب,12168,Facebook,Restaurant San Benito,2025-10-13T12:05:52.000Z,0,,,,,,,
302417,الله يبارك فورررررررا,66930,tiktok,@bladi_oran,2026-01-02T21:51:31.037590,0,,,,,,,
302419,هذا لي صورت فيه شررين,19578,tiktok,@sultan,2026-01-02T18:17:17.746522,0,,,,,,,
826709,FREE PALESTINE,40960,tiktok,@kfc,2026-01-02T19:49:46.131864,3,,,,,,,
302422,"Alors la salade César sans croûtant de pain ni fromage et a la place de la sauce César on a eu droit à une vinaigrette le plat pas fameux Les prix un peu élevés quand même , rapport qualité prix c’est pas terrible Les serveuses étaient gentilles en vrai on a était servit rapidement et c’est le seul point positif",3591,Google Maps,Laurel Restaurant,2025-11-19T15:20:49.850Z,0,,,,,,,
695639,قريب على la région تاعي ازافون,27910,tiktok,@thala,2026-01-02T18:45:09.210906,0,,,,,,,
695640,Dounia Zed آسف مدام كزابيلا اذا كنت جرحت السبع ديالك لي يتصنع كيفكم وإذا كنت مرا ونص طيبي في دارك وكولي خير وارحمي راجلك راكم غير توخذو فيهم بأي حاجة تشوف ها ترند ولا كاش بلاصة غالية,9137,Facebook,"

Restaurant Casa Bella - Draria",2025-12-03T19:05:09.000Z,0,,,,,,,
433500,C’est original vraiment envie d’y aller !,61412,tiktok,@denatelo_annaba,2026-01-02T21:25:04.435275,3,,,,,,,
564587,والله غير حرام عليك,12329,Facebook,Restaurant San Benito,2025-10-13T22:36:01.000Z,0,,,,,,,
171381,"Une fidèle cliente depuis l’ouverture , je tiens à vous remercier pour votre prestation qui est toujours à la hauteur",1761,instagram,saikosushi_oran_restaurant,2024-09-12T20:38:19.000Z,0,,,,,,,
433526,الأسعار باهضة الطعام الخدمة الاجواء مليحة ربي يوفقو ونحن ربي يغنينا من فضله,4069,Google Maps,هشام كوك بيتزا,2025-06-25T05:49:33.209Z,0,,,,,,,
433531,Gooood bargain . lwish l could be there. enjoy while l in my Way.,11855,Facebook,Restaurant San Benito,2025-08-31T00:19:16.000Z,0,,,,,,,
957819,يسما 150الف ساهلة اوموا اهدر تحت 100 بلاك يجوك,11887,Facebook,Restaurant San Benito,2025-10-20T21:47:53.000Z,0,,,,,,,
826747,"machaalah bon courage, un conseil garder juste le même rythme ou un plus Mes pas de dégradation ĺe clients algérien et spécial",45378,tiktok,@budz,2026-01-02T20:15:56.833585,1,,,,,,,
433559,بنادم في قلبه تريحا شابا كما هادي مي معنديش معامن نريح  [APPRECIATION],63362,tiktok,@santorino,2026-01-02T21:32:13.067120,0,,,,,,,
957855,مسجد الرحمان بدون رحمة,56168,tiktok,@mfood.annaba,2026-01-02T21:14:22.106260,0,,,,,,,
433574,الكبدة ناكلوها منربوهاش,51740,tiktok,@quick_bite,2026-01-02T21:01:58.708693,3,,,,,,,
957866,An Is وانت واش دخلك اتردلي,12793,Facebook,Restaurant San Benito,2025-10-12T22:55:04.000Z,0,,,,,,,
171438,Pour ma part je n’ai pas aimé pour diverses raisons après c’est es gouts si vous recommandez c’est un choix,21656,tiktok,@maison_sardoudi,2026-01-02T18:22:29.923780,0,,,,,,,
302518,"Nous avons eu le plaisir de découvrir ce restaurant lors d'une occasion spéciale, et ce fut une véritable parenthèse gastronomique. Chaque plat était un petit chef-d'œuvre, aussi beau que délicieux. Les saveurs sont travaillées avec finesse, les produits sont de grande qualité, et le service est irréprochable : attentionné, discret et très professionnel. Certes, les prix sont élevés, mais ils reflètent la qualité de l’expérience proposée. Ce n’est pas un endroit pour un repas du quotidien, mais plutôt pour se faire plaisir et vivre un moment hors du temps. Si vous recherchez une cuisine raffinée dans un cadre soigné, et que vous êtes prêt à y mettre le prix, ce restaurant vaut clairement le détour.",6538,Google Maps,Restaurant À Petit Feu,2025-09-25T20:04:43.001Z,8,,,,,,,
957884,Forest le meilleur cheese en Algérie,6638,Google Maps,American Burger Factory,2025-09-08T21:42:31.432Z,0,,,,,,,
302529,Salam honnêtement le restaurant n'est pas a la hauteur de la publicité c'est vraiment moyen personnellement je ne retoune pas malgré le bon accueil des personnel le choix était vraiment limité ca ma étonné surtout machaoui bon courage quand même,2354,Google Maps,HichamCook Grill House,2025-05-20T14:18:25.990Z,0,,,,,,,
302534,enfin quelqun qui investi dans sont pays mashAllah,45042,tiktok,@budz,2026-01-02T20:15:44.592892,12429,,,,,,,
433606,دارو كليما داخل ،دخلت خطرة حمان خرجنا برا جاو لي يطلبو ، كاين غي حاجة لي يخدمو نتما متربيين و معاملة,63084,tiktok,@allechante,2026-01-02T21:31:04.202461,0,,,,,,,
171476,القبة ولات غير ماكلة,9182,Facebook,"

Sultan Restaurants",2025-10-21T11:50:06.000Z,2,,,,,,,
433633,Good food,3289,Google Maps,تاج محل بن عكنون,2018-07-07T20:00:38.734Z,1,,,,,,,
564718,"Un endroit très agréable et chaleureux, service impeccable et plats délicieux et très bien présentés, j'y reviendrai sans hésitation",3770,Google Maps,Laurel Restaurant,2024-02-22T22:31:16.068Z,0,,,,,,,
302575,لحم تاع لخارج,856,instagram,hichamcookgrill,2025-12-04T08:51:09.000Z,0,,,,,,,
433648,"Très bon accueil et des plats excellent, je recommande.",5082,Google Maps,Casbah Istanbul القصبة اسطنبول,2025-09-19T15:03:41.028Z,0,,,,,,,
957952,"Lieu très sympathique, service excellent les serveurs accueillant et à l’écoute Très satisfait",6035,Google Maps,Casbah istanbul,2024-10-05T21:48:27.133Z,0,,,,,,,
826882,Chal livraison?,40370,tiktok,@woodchickendz,2026-01-02T19:45:49.110920,0,,,,,,,
695816,كلش عندو توووب مام les boxes تيعو كل روعة و كاين حوايج غاليين ياسر مي يستاهلو و حوايج ملاح و كي توكل عندو خير و خير مداير ديكور روعة و كالم ياسر  [APPRECIATION],55402,tiktok,@askim_food,2026-01-02T21:13:29.543746,0,,,,,,,
826890,"Un accueil formidable, personnel professionnel, de très bons plats",3244,Google Maps,تاج محل بن عكنون,2019-08-15T06:28:50.214Z,1,,,,,,,
695827,"Honnêtement c'est trop cher, des prix exorbitant, on peut manger beaucoup moins cher que ça Mais il faut dire que ce n'est pas sa faute, les gens courent vers lui,",2815,Google Maps,HichamCook Grill House,2023-01-04T19:08:00.847Z,2,,,,,,,
695831,c'est raisonnable les prix,37182,tiktok,@restaurant.madala,2026-01-02T19:34:47.407391,0,,,,,,,
171544,الذوق ماكان والو شغل ثقيل بلا فايدة ماكاش بنة، انا كليت طاكوس ميكست ، الموسيقى صاخبة و الهاراج تع الخدامين ميخليكش تاكل آلاز,8233,Google Maps,American Burger Factory,2024-11-07T16:47:09.793Z,0,,,,,,,
433690,مشاءالله تبارك الرحمن الله يبارك  [APPRECIATION],68878,tiktok,@cote_oran,2026-01-02T21:57:36.689102,3,,,,,,,
957979,hedou nhar dertou journée gratuite,39424,tiktok,@brother.tselbiar,2026-01-02T19:41:44.169658,3,,,,,,,
957981,المخير تاع دار موسى,53302,tiktok,@piadzo_food23,2026-01-02T21:07:09.087760,1,,,,,,,
171551,Les moules et les palourdes ça dépend la season,174,instagram,amine_la_cantine,2025-10-17T21:12:26.000Z,0,,,,,,,
302628,"Vu les prix, les plats ne sont réellement attrayants. Aussi, serveur qui s'est occupé de nous était nonchalant, agressif verbalement. Attention, si tu ne sait pas quelque chose.",6851,Google Maps,Restaurant À Petit Feu,2025-07-25T13:47:27.461Z,0,,,,,,,
302631,لي فري عنابي يعرف بيلي الوليمة و الشالي احسن مطاعم ف عنابة,58672,tiktok,@maestro_dz13,2026-01-02T21:21:16.241769,30,,,,,,,
433712,Imagine ( ) reply My comment and vairl me. I hope.  support me . follow back [APPRECIATION],21044,tiktok,@seven.times.luxury,2026-01-02T18:21:45.959768,0,,,,,,,
958005,The dish was different from the description.,8414,Google Maps,American Burger Factory,2024-01-29T19:39:07.796Z,0,,,,,,,
695866,Very nice test almost the greatest in Algeria well served and nice present like American restaurant's really it was nice experience I enjoyed very much,2758,Google Maps,HichamCook Grill House,2023-03-18T16:51:49.831Z,1,,,,,,,
433735,واش الحاجة اللي بنينة في السوشي,1157,instagram,L’ENTRACTE,2025-09-03T21:21:25.000Z,0,,,,,,,
695888,بوغڨوغ,54594,tiktok,@meryam_officiel,2026-01-02T21:10:42.313667,0,,,,,,,
958033,ألله يبارك كليت عندهم استقبال النقا ماكلة بنينة بري مليح,49090,tiktok,@chicks_nook,2026-01-02T20:40:07.206687,2,,,,,,,
826963,قولي بسم الله الرحمن الرحيم,73312,tiktok,@pont_hydra,2026-01-02T22:13:52.577555,0,,,,,,,
302680,اليوم كاين,30048,tiktok,@pizza_carie_touati_,2026-01-02T18:54:33.948576,0,,,,,,,
826973,"Je me suis régalé. Rien à dire sur ce restaurant , le meilleur du centre commercial Bab Ezzouar",5991,Google Maps,Casbah Istanbul,2024-02-10T18:39:58.381Z,0,,,,,,,
564839,"Bessah le vrai sens de thala, cest la fontaine(la source d’eau)en Kabyle. Merci ma soeur pour cette visite au resto kabyle",27464,tiktok,@thala,2026-01-02T18:44:44.642208,3,,,,,,,
433771,"“The pizza advertised on their page is nothing like the pizza you actually get. I’m beyond disappointed—I drove 35 minutes to try this spot, only to be served the worst pizza I’ve ever had in my life. It was a complete letdown, and I will definitely never go back. ”",7167,Google Maps,Restaurant À Petit Feu,2025-01-17T20:30:47.353Z,0,,,,,,,
302706,"Petit feu du debut et maintenant en plein degringolade les quantites nakssou bezaf et la qualite aussi. j y ai dejeune lyoum la soupe de poissons n avait aucun gout , idem pour la pizza, et la quantite de riz 1 c a soupe. pour durer les efforts doivent etre quotidien sinon !",7646,Google Maps,Restaurant À Petit Feu,2023-12-24T20:41:30.114Z,0,,,,,,,
171638,تسنيم [APPRECIATION],53778,tiktok,@guellil._.tasnim,2026-01-02T21:08:12.795355,0,,,,,,,
695929,Bonjour ls chef,34596,tiktok,@le_carre_restaurant,2026-01-02T19:24:34.186913,0,,,,,,,
302715,Très beau endroit pour passer une agréable moment  [BOUFFE],68212,tiktok,@le_petit_chalet,2026-01-02T21:54:56.019916,6,,,,,,,
171646,صلاح الدين إناس أنس يعطيك مطرق يدخل في قاعك,9870,Facebook,Dz Forest Restaura,2025-10-14T17:25:37.000Z,0,,,,,,,
827030,الموقع تيزي وزو فبلدية ذراع بن خدة امام مصنع الحليب لونالي,1553,instagram,"nutellahouse15_
",2025-03-26T22:45:47.000Z,84,,,,,,,
433841,علاه راك تشهينا حرام عليك مين لي ماعندوش ،نت وين نجوك بربي,11767,Facebook,Restaurant San Benito,2025-07-27T17:40:56.000Z,0,,,,,,,
958130,فكرة Tahisty crousti حبيبنا,39988,tiktok,@streetburger02,2026-01-02T19:44:05.348589,0,,,,,,,
564930,ça l'air bon miam bon appétit,73486,tiktok,@pont_hydra,2026-01-02T22:13:56.081911,0,,,,,,,
827077,باطل تاني مليح,19552,tiktok,@sultan,2026-01-02T18:17:17.404502,0,,,,,,,
696011,معندهمش حسن المعاملة والغلى,63888,tiktok,@silyon69,2026-01-02T21:33:16.602423,0,,,,,,,
302797,"Klit ando, m’chwa wlh matayeb mara wlh, les prix",34754,tiktok,@sinai,2026-01-02T19:27:57.400152,2,,,,,,,
171727,Service tres bien. Et nous avions bien manger,6887,Google Maps,American Burger Factory,2025-07-16T20:44:40.489Z,0,,,,,,,
433878,Faites attention aux horaires 11:30 est c’est encore fermé Ils ouvres pas à 11:00  [COMPLAINT],2979,Google Maps,تاج محل بن عكنون,2025-11-17T10:30:17.530Z,0,,,,,,,
564952,قلبي داااااار . ها حط راسك في بيدون شوكولا و خلاص,536,instagram,"brother.ts
",2026-01-01T11:11:10.000Z,1,,,,,,,
302808,"La cuisine est un peu fade et manque de peps. Il manque quelques détails d’une authentique cuisine turque qui font toute la différence(par exemple les sauces sont les memes que dans un fast food au-lieu des vrai sauces blanches turques et le piquant caractéristiques, le pain est quelconque et pas chaud). C’est plutôt cher pour ce que c’est. Le restaurant est propre et le service un tout petit peu lent. On sent aussi une pression pour faire des rotations de service. On n’est pas vraiment dans ce restaurant .",6065,Google Maps,Casbah istanbul,2024-07-23T18:59:49.397Z,0,,,,,,,
827104,مزال بوكس هدا,55686,tiktok,@mfood.annaba,2026-01-02T21:14:06.968816,3,,,,,,,
302816,"Un beau restaurant , service à la hauteur, plats copieux Petit bémol : c est que ils ont augmenté les prix des plats par rapport à ma dernière fois Bonne continuation",6009,Google Maps,Casbah Istanbul,2023-11-08T10:05:05.673Z,2,,,,,,,
302833,المشكل كامل تشكرو بضاعتكم بصح مين جي فالثمن دقول دربوكم بسيف اقسم بالله العلي العظيم في كل حاجة في حياتي مين نشوف واحد يشكر في سلعته وميقولش السومة اقسم بالله مانروح عنده لوكان باطل,13461,Facebook,Restaurant San Benito,2025-12-30T14:50:14.000Z,0,,,,,,,
827123,Très bon service merci nous avons passé un agréable moment nous reviendrons inchallah,5125,Google Maps,Casbah Istanbul القصبة اسطنبول,2025-08-12T13:45:37.495Z,0,,,,,,,
958196,"Farid laâziz , toujours présent  [APPRECIATION]",41156,tiktok,@derby.food,2026-01-02T19:50:11.585812,0,,,,,,,
171764,واش من ولاية خويا,43992,tiktok,@dzforestrestaurants,2026-01-02T20:11:34.194233,0,,,,,,,
958199,Service de qualité et beau cadre mais je n' ai pas trop aimé le plat : sauce tomate trop acide et la viande trop grasse. Peuvent mieux faire. De plus ils ne proposent pas de viande kebab c'est dommage .,5554,Google Maps,قصبة اسطنبول,2022-08-21T20:58:21.420Z,1,,,,,,,
171767,كولوا غير نتوما و حنا نتفرجوا,11096,Facebook,Restaurant Casa Bella - Draria,2025-07-27T06:31:20.000Z,0,,,,,,,
827142,متقولوا مرى تتوحم متقولوا معنهاش منين تجيب حسابي الله ونعم الوكيل,11148,Facebook,Restaurant Casa Bella - Draria,2025-10-02T15:52:09.000Z,0,,,,,,,
696071,Très bonne adresse pour manger de la pizza. La pâte est croustillante et bonne avec sa touche de semoule. L’accueil et le service sont au top. Personnel souriant et à l’écoute. Cadre agréable. On peut s’y rendre en famille ou entre amis. Je regrette juste l’absence de sauce piquante spécial pizza. Sinon les plats sont fidèles à leur présentation sur la carte.,4286,Google Maps,هشام كوك بيتزا,2024-07-17T15:16:29.748Z,0,,,,,,,
302858,عقداش تفتحوا اسكوا تفتحوا في النهار,24974,tiktok,@woodgrill_dz,2026-01-02T18:32:03.111931,0,,,,,,,
696086,خويا انت مشاء الله عندك شعب وحدك يحب ياكل عندك وهذي مش تنقص منكم لعكس تزيدلكم كون ماجتش ماكلتكم ادمان راهو ماكش ناس كامل هكا يجوكم ربي يرزقكم ان شاء الله,49742,tiktok,@gosto_fast_food,2026-01-02T20:41:44.744820,1,,,,,,,
958236,انا نخدم هكذا,31766,tiktok,@entracte,2026-01-02T19:14:23.117702,2,,,,,,,
565026,لازم تخدم في فرنسا وتاكل فجزاير,46438,tiktok,@damisoran31,2026-01-02T20:22:09.062564,1,,,,,,,
696105,je donne 4/10 pour le rapport qualité prix,21988,tiktok,@maison_sardoudi,2026-01-02T18:22:36.976968,2,,,,,,,
958250,Trop chère mais la bouffe 9/10,5390,Google Maps,Casbah Istanbul القصبة اسطنبول,2023-08-27T15:42:40.215Z,0,,,,,,,
958251,"Salem a3leikoum, J'aime beaucoup la nourriture turque, En france je mangeais la plupart du temps dans les restaurant turque les meilleurs selon moi . Mais là vraiment avec tout mon respect c'est pas du tout ça . Pas de sauce yaourt La viande pas un bon goût Le pain libanais pas toasté Ni la viande ni e le poulet ont été bon Franchement très déçu Surtout pour le prix que ça coûte Pour les sandwichs je déconseille fortement.",5235,Google Maps,قصبة اسطنبول,2024-12-04T13:07:20.668Z,1,,,,,,,
302893,تخدمو حتى بعد الفطور ولا لا ؟؟,54416,tiktok,@mfood.annaba,2026-01-02T21:09:29.929160,0,,,,,,,
827182,Je vous conseille pas les prix sont chers par rapport à la qualité de la bouffe Il nous a ramène la bouffe froid d'après 40min d'attente et y avait pas beaucoup de monde et malheureusement c'était pas du tout bonne,6544,Google Maps,American Burger Factory,2025-12-01T00:44:25.363Z,0,,,,,,,
827183,Restaurant l’atelier en ville à Tizi Ouzou,21620,tiktok,@maison_sardoudi,2026-01-02T18:22:29.028015,0,,,,,,,
827184,#رقم_واحد_في_التبلعيط هذا من الجووور لي يعبد الدراهم لوكان تحبسلو الخدمة يموت . لوكان نروح عندو نقولو معنديش يمدلك #كاسكروط_فريت ولا طبسي #عدس,10925,Facebook,Restaurant Casa Bella - Draria,2025-10-15T19:17:42.000Z,2,,,,,,,
565042,صوم 3 ايام على لحليف بالهف,46476,tiktok,@damisoran31,2026-01-02T20:22:12.480213,0,,,,,,,
171829,المقولة الشهيرة خامج وبنين  [APPRECIATION],42402,tiktok,@street_food,2026-01-02T19:58:07.057156,0,,,,,,,
302903,yban le meilleur fi Skikda Bon couraje  Win balssa b3d w'ida ydakhel les couple ? [APPRECIATION],49458,tiktok,@kik.sfood21,2026-01-02T20:41:11.566270,1,,,,,,,
171834,كل هاذ تصميم ب 120لايك و 33 متابع والله تستاهل كثر,49920,tiktok,@m7ajeb,2026-01-02T20:44:29.461602,20,,,,,,,
565054,"Très très déçu, attente de 20 mns, riz froid, légumes non cuits, viande immangeable, 5200DA, bref, à éviter !",7942,Google Maps,Restaurant À Petit Feu,2023-04-27T15:57:54.721Z,1,,,,,,,
958284,ماشاء الله ربي يبارك,70150,tiktok,@restaurantkingsenia,2026-01-02T21:59:18.866641,2,,,,,,,
827218,دمرتنا  [APPRECIATION],23476,tiktok,@khayma.naqa,2026-01-02T18:25:57.822589,0,,,,,,,
827227,عندنا أكل سوري و متوفر توصيل مرحبا بيكم [APPRECIATION],19798,tiktok,@sultan,2026-01-02T18:17:22.560538,0,,,,,,,
696172,Rapport de qualité prix 5/5 Avec une note d’un petit retard de traitement de commande [APPRECIATION],7647,Google Maps,Restaurant À Petit Feu,2023-12-24T16:26:09.543Z,2,,,,,,,
696177,ch7al les prix?,32360,tiktok,@triple_,2026-01-02T19:16:20.950474,0,,,,,,,
827257,"Nulles de chez nulles, dégradation très remarkable au niveau de service et hygiène",4028,Google Maps,هشام كوك بيتزا,2025-08-23T13:10:32.138Z,0,,,,,,,
958335,لؤ لؤة هههه,8990,Facebook,"

Sultan Restaurants",2025-10-20T22:35:59.000Z,0,,,,,,,
958337,هذا فتحوه باش يطيحو علام شعب,38698,tiktok,@kfc,2026-01-02T19:39:50.997355,0,,,,,,,
302985,الجي صونطر باطل تليفري,29272,tiktok,@elcuatro_burgers,2026-01-02T18:49:36.985383,1,,,,,,,
958358,la poutine au poulet elle est incrr,45450,tiktok,@budz,2026-01-02T20:15:58.944578,0,,,,,,,
565142,Svp combien le prix par pièce ?,1345,instagram,mahroussaglace,2025-10-07T18:13:42.000Z,0,,,,,,,
565145,كوول عندو وموت بعييد,42492,tiktok,@street_food,2026-01-02T19:58:08.773040,0,,,,,,,
696217,هاذا غالي بزاف كلينا كنت زوج عباد سلكنا مليون او نص غااالي بصح مكلتو بنينة,32678,tiktok,@seven.times,2026-01-02T19:17:48.707517,0,,,,,,,
696220,انا جيت وتزيدلي الدراهم منزيدش نولي عندك,8870,Facebook,Restaurant Casa Bella - Draria,2025-12-06T20:15:08.000Z,45,,,,,,,
565150,سمى احنا البليدة نقعدو نشوفو,33616,tiktok,@restaurant_gizay,2026-01-02T19:22:47.063831,1,,,,,,,
696227,il est parmi les meilleurs a oran,45206,tiktok,@budz,2026-01-02T20:15:52.195879,4,,,,,,,
303012,"« À Oran, dans les années 50-60, le Cintra n’était pas qu’un simple café : c’était LE lieu mythique où artistes, intellectuels et habitants se retrouvaient. Fondé en 1921, avec ses grandes salles, son bar élégant et parfois même un orchestre, il incarnait le cœur vivant et cosmopolite de la ville. Certains disent même qu’Albert Camus y écrivait… Aujourd’hui, Le Cintra continue de faire vivre cette légende. »",64512,tiktok,@cintra,2026-01-02T21:34:51.788254,1,,,,,,,
827302,القعدة صح هايلة مي لغلاء الفادح والسارفيس عيان ساعة باه إجيك . المهم المكان مليح ماذابينا يتحسن للأفضل .,58290,tiktok,@vilageneige_annaba,2026-01-02T21:19:49.301178,0,,,,,,,
958381,"Trop cher, je suis decu",2952,Google Maps,HichamCook Grill House,2022-03-26T06:42:22.617Z,9,,,,,,,
434093,لي مع اخينا ماشي كان يخدم في سوبيرات البنة فالقبة ؟,47574,tiktok,@bazookadz,2026-01-02T20:32:28.394437,0,,,,,,,
434099,Sassi Amine ني نقارعلك شوف نتا,12035,Facebook,Restaurant San Benito,2025-10-14T16:16:46.000Z,1,,,,,,,
565203,واين أدا أختي,54516,tiktok,@meryam_officiel,2026-01-02T21:10:40.421441,0,,,,,,,
303061,شبعة جديدة الله غالب,57362,tiktok,@_le216_,2026-01-02T21:17:21.327063,1,,,,,,,
171990,C'était pas bon.,45276,tiktok,@budz,2026-01-02T20:15:54.502932,1,,,,,,,
827349,Meilleur endroit  rapide et professionnel [APPRECIATION],6678,Google Maps,American Burger Factory,2025-09-04T19:59:39.002Z,0,,,,,,,
171998,"Bonjour, y a-t-il deux étages à monter pour une personne âgée ?",22356,tiktok,@beef_cote,2026-01-02T18:24:12.560908,1,,,,,,,
827359,اللحن علامة [APPRECIATION],68238,tiktok,@le_petit_chalet,2026-01-02T21:54:56.019948,1,,,,,,,
827365,Meilleur plat de viande Carte bien fournie Bonne cuisine orientale et française Personnel accueillant Bon vin Algérien et français,3485,Google Maps,Caracoya,2022-06-27T10:32:43.426Z,3,,,,,,,
827372,"american burger kouba: une bouffe dégueulasse et des sanitaires encore plus dégueulasses je suis très déçue par mon passage dans ce restaurant j'ai passé par la plus mauvaise expérience de ma vie suite à mon repas ""poutine poulet"" qui avait un goût bizarre un jour après j'ai tombé malade "" des nausées , vomissements, diarrhée, des douleurs aiguës au ventre"". après mon passage chez un médecin, il m'a confirmé qu'il s'agit clairement d'une intoxiation alimentaire je vous le deconseille fortement",6814,Google Maps,American Burger Factory,2025-07-28T20:22:14.412Z,0,,,,,,,
827378,venez à Alger. Rouiba,45574,tiktok,@budz,2026-01-02T20:16:06.146609,0,,,,,,,
434180,Le personnel antipathique,614,instagram,budz.dz,2024-09-30T20:53:06.000Z,0,,,,,,,
696332,بطريق برك,57490,tiktok,@_le216_,2026-01-02T21:17:24.640336,0,,,,,,,
303117,5 stars for the restaurant and 20 star for skander the boss!  [APPRECIATION],8309,Google Maps,American Burger Factory,2024-06-18T22:54:12.570Z,0,,,,,,,
303122,"It's located at a calm and good area of Ben Aknoun. It seems to have lost its previous charm and so I was disappointed because it was my go-to spot for small dinners with friends The staff are nice enough but not very professional. Their packaging is excellent, hence 3 stars but beyond that don't expect anything special. All in all, I'd say it's just 'okay' .",3211,Google Maps,تاج محل بن عكنون,2020-06-26T02:10:50.786Z,0,,,,,,,
303123,تم تأجيل الافتتاح لنهاية السنة,37848,tiktok,@kfc,2026-01-02T19:39:22.914392,1,,,,,,,
696343,الدراهم هما الي يدرولك القيمه ويعزوك الله يرزقنا  [APPRECIATION],57072,tiktok,@_le216_,2026-01-02T21:17:13.777364,2043,,,,,,,
696348,Franchement c’est vraiment un plaisir d’avoir un restaurant aussi bien fait les menu,39782,tiktok,@le77tizi,2026-01-02T19:43:41.435649,0,,,,,,,
958501,"Merci à toute l’équipe , on a passé une très belle soirée tout était parfait et bien organisé Bonne Année  [APPRECIATION]",732,instagram,diyarbakir_restaurant_,2026-01-01T16:02:26.000Z,0,,,,,,,
827431,Ma tunisienne préférée en Algérie  [APPRECIATION],16488,tiktok,@torero.alger,2026-01-02T18:09:00.058166,19,,,,,,,
958503,نجيو نوكلو في سان بينيطو و نروحو نبنيطو,13188,Facebook,Restaurant San Benito,2025-10-13T12:14:44.000Z,0,,,,,,,
172074,Quality food and good customer service the meat was perfectly cooked,7827,Google Maps,Restaurant À Petit Feu,2023-07-26T20:03:06.956Z,0,,,,,,,
696377,بنت فاميلية ياه,57126,tiktok,@_le216_,2026-01-02T21:17:17.800807,19,,,,,,,
565317,مجرد رأي خاص محتواك مليح لكن بالنسبة لواحد يخدم جورنيا ب 600 دج 1000 دج و يخلص زوج ملاين و 3 ملايين و نص كاري عندو دراري يخلص ماء و تريسيتي 2000 دج جيه غالية خويا,71160,tiktok,@paradou_restaurant,2026-01-02T22:05:03.491629,0,,,,,,,
827464,très bon commerce sa fait plaisir. que dieu soit avec vous,34732,tiktok,@sinai,2026-01-02T19:27:50.043731,1,,,,,,,
565323,لاتيراس تاع اوتال الخليج شابي,28460,tiktok,@restaurant.primo,2026-01-02T18:46:27.194165,0,,,,,,,
303189,Forchetta ta3 bebouche  hyati w Ana nedrob fih b l’épingle,73750,tiktok,@pont_hydra,2026-01-02T22:14:03.016541,0,,,,,,,
696406,Juteux**,46920,tiktok,@seven_burgers,2026-01-02T20:24:48.066558,13,,,,,,,
434266,قلشينا بالفرولة  [BOUFFE],13486,Facebook,Restaurant San Benito,2025-12-29T21:13:26.000Z,0,,,,,,,
958557,catastrophes. ghir khtikom,46834,tiktok,@oumanger.oran,2026-01-02T20:23:58.617740,0,,,,,,,
434269,Équipe bien organisé,4368,Google Maps,هشام كوك بيتزا,2024-04-30T13:12:32.744Z,0,,,,,,,
303200,لازم سومة تكون مليحة,48006,tiktok,@rahmani_food,2026-01-02T20:34:21.487347,1,,,,,,,
172144,كم سعرها,12447,Facebook,Restaurant Rais,2025-10-28T12:36:47.000Z,0,,,,,,,
172147,هي بين بينين ختركش بلاش,52724,tiktok,@uncles_burger_dz,2026-01-02T21:03:40.624939,0,,,,,,,
696443,قل هو الله احد تبارك الله اللهم صلي وسلم سلم على سيدنا محمد [APPRECIATION] [RECOMMENDATION],1914,instagram,spartacos2019/,2025-11-12T19:43:32.000Z,11,,,,,,,
565377,صحيت غاليا بصح مليحة الله يبارك,12015,Facebook,Restaurant San Benito,2025-10-14T00:08:36.000Z,0,,,,,,,
565383,مطعم بنكهة زيكولا,18462,tiktok,@helena,2026-01-02T18:16:11.981842,3,,,,,,,
172172,"Très beau restaurant, belle terrasse, bien aérée et climatisée aussi. Les serveurs sont très polis et le service est impeccable comme si nous étions en Turquie. Les plats sont très bons! Nous étions réellement surpris par le goût tellement les viandes étaient délicieuses. Jus de citron pressé et très frais aussi ! Le Houmouss était excellemment et très goûteux. Les prix sont justifié par le goût et par la qualité de service. Addition de 5500 DA pour deux personne; 2 plats, 1 Houmouss, 2 jus de citron et une Kunefa. Je recommande bravo",5675,Google Maps,Casbah Istanbul القصبة اسطنبول,2022-05-29T17:17:24.306Z,1,,,,,,,
696461,بوبريط أو يامات الصغر والله مايتنساوها,42722,tiktok,@pizza_carre,2026-01-02T20:00:23.749197,6,,,,,,,
827538,tout va bien sauf le plafond,21838,tiktok,@maison_sardoudi,2026-01-02T18:22:33.434217,0,,,,,,,
303259,الوليمة. طبرقة. النسيم,59350,tiktok,@maestro_dz13,2026-01-02T21:21:28.859711,0,,,,,,,
696478,الطبق النفضل عندي ولو أن كل الأطباق مفضلة احيانا اميل إلى المشويات ربي يعاونكم ويحفظكم واصلو على هذا المنوال,8882,Facebook,"

Restaurant Tabarka Annaba",2025-12-23T17:22:12.000Z,3,,,,,,,
303267,هدا تاع صحاب دراهم حنا زواولة,32816,tiktok,@seven.times,2026-01-02T19:17:52.608615,0,,,,,,,
827558,"The staff made us feel really uncomfortable. We hadn’t even finished our food when they kept asking if we were done. Then a guy came over and actually touched the plate to take it away without even asking us. We had only been there for about 40 minutes, and the restaurant was practically empty. It was so unprofessional. On top of that, an older man just kept staring at us the whole time. Honestly, this was the worst restaurant experience ever",5132,Google Maps,Casbah Istanbul القصبة اسطنبول,2025-07-17T18:45:05.584Z,0,,,,,,,
434348,Meilleur restaurant pour manger turc c'est très varié et la nourriture est juste excellente succulente bravo,6047,Google Maps,Casbah Istanbul,2023-09-30T00:45:42.919Z,0,,,,,,,
696494,C’est combien le menu svp,26232,tiktok,@lovers_grill,2026-01-02T18:34:51.325351,0,,,,,,,
696496,Le service est vraiment très très long mais le jeune serveur était au petit soin . Spécialité américaine a la hauteur des attentes a l'exception des oignons ( manque de maîtrise de la cuisson ) Lieu fréquenté essentiellement par des lycéens donc vous risquez rapidement de vous sentir vieux MDR,5014,Google Maps,Hicham cook pizza pasta,2018-11-09T12:36:45.549Z,1,,,,,,,
303286,Restaurant elassil بركة متبلعيط، نتا درت ترويج أعطي السومة، هدي بلا مزيتك,10665,Facebook,"  Restaurant elassil








",2025-12-26T21:47:25.000Z,0,,,,,,,
172218,"Bonne pizza et plats mes invités étions satisfait, les serveurs de 1 er etage étions très sympa surtout avec mon petit neveu et ces caprice Je recommande cet endroit",6932,Google Maps,Restaurant À Petit Feu,2025-07-02T15:19:49.163Z,0,,,,,,,
565437,Aujourd’hui disponible ?,48668,tiktok,@cassecroute_dz,2026-01-02T20:37:01.369238,1,,,,,,,
303294,est ce que c'est halala dé manger le escargots,72274,tiktok,@pont_hydra,2026-01-02T22:13:19.397954,1,,,,,,,
172222,"Amazing food, especially the philly cheese steak sandwich, the waiter was so respectful, but the guy on the door (who kept mentioning that he's not a waiter and doesn't do the waiters job even when they had a shortage) well he was so rude.",8437,Google Maps,American Burger Factory,2023-12-02T10:33:53.539Z,0,,,,,,,
565440,هادا بولحي مطرفيكي,9365,Facebook,,2025-12-24T15:24:57.000Z,0,,,,,,,
172233,"Le tacos philly steak est nul, steak très dur, on mâche pendant 5 minutes puis on le jette, le poivron n'est pas du tout compatible, c'est très amer et ça a bousillé complètement le goût du tacos, en plus la taille du medium est minuscule, je n'y reviendrai malheureusement pas.",7872,Google Maps,American Burger said hamdine,2022-06-15T22:21:06.896Z,1,,,,,,,
827600,غالي بزاااااااااف,33970,tiktok,@restaurant_gizay,2026-01-02T19:22:55.708522,0,,,,,,,
303313,Un peu chère,8785,Google Maps,American Burger Factory,2019-08-21T19:30:25.258Z,0,,,,,,,
172248,Nul la bouffe . et surtout pour le prix … a fuir,5819,Google Maps,Casbah istanbul,2025-09-16T17:26:44.416Z,0,,,,,,,
303329,Rahmni Abd Nour قارع خويا مش كلش كبدة كاين كبدة ومرقاز وبلاك لحم صح غاليين مي سكالوب راه 3 الاف,9804,Facebook,Dz Forest Restaura,2025-10-13T17:31:41.000Z,0,,,,,,,
303335,Le Burger EGG est vraiment de loin mon préféré chez American Burger,7864,Google Maps,American Burger said hamdine,2022-08-25T15:55:34.012Z,1,,,,,,,
172265,chaloureux? parle on arabe stp 3lach BIK had nech,20216,tiktok,@sebs_garden,2026-01-02T18:18:15.953410,7,,,,,,,
827626,5 quoi,17598,tiktok,@seven.times.luxury,2026-01-02T18:13:16.684565,10,,,,,,,
303343,entre 1300 et 2800 je préfère الجملة الشهيرة تاع ماماك ا حبتش تبريزيك تطفرت,21554,tiktok,@triple_,2026-01-02T18:22:12.076135,0,,,,,,,
696567,Qui se souvient du cyber café du sous sol,14350,tiktok,@les_jumelles,2026-01-02T18:01:25.734768,0,,,,,,,
565496,الدراهم شايديروووو ربي يرزقنا ويغنينا,57476,tiktok,@_le216_,2026-01-02T21:17:23.715897,1,,,,,,,
696573,جوعتوني,47258,tiktok,@snacko_hm,2026-01-02T20:30:20.376333,1,,,,,,,
565508,Un bon prix mon ami,11919,Facebook,Restaurant San Benito,2025-10-13T19:13:20.000Z,0,,,,,,,
565512,برسكو برا خامج وبنين,42216,tiktok,@street_food,2026-01-02T19:58:02.743688,0,,,,,,,
434443,Vous cherchez quelqu’un travailler avec vous ?,34992,tiktok,@sinai,2026-01-02T19:28:02.656670,0,,,,,,,
827660,هذا تاع الاشهار وزيد هذاك المرقاز تقولشي نحيتو من الكبش واحطيتو ديراكت فيه مترة,12708,Facebook,Restaurant Rais,2025-10-12T20:07:06.000Z,0,,,,,,,
696591,يخدمو بالتقسيط؟,62654,tiktok,@allechante,2026-01-02T21:30:54.049928,0,,,,,,,
172318,الجوهرة حلال,63406,tiktok,@santorino,2026-01-02T21:32:15.838790,0,,,,,,,
303391,شكون هداك لحداها,57448,tiktok,@_le216_,2026-01-02T21:17:22.899576,0,,,,,,,
827680,الله يبارك احسن restaurant في بسكرة لحد الان مذوقتش ماكلة خير من تاعكم قد ماجربت,49662,tiktok,@gosto_fast_food,2026-01-02T20:41:40.144009,2,,,,,,,
958760,الكمية هذي تاع الاسود خويا بزاف على الانسان,12630,Facebook,Restaurant Rais,2025-10-14T22:06:26.000Z,0,,,,,,,
827701,"je suis allée au restaurant après votre pub, les plats sont bons mais la quantité est pas trop et le pain  c'est pas vrai il le prépare au restaurant Cad pas du restaurant. [BOUFFE]",21522,tiktok,@triple_,2026-01-02T18:22:12.076097,1,,,,,,,
172343,مطعم في المستوى و أكل لذيد و كلشي ايجابي ما عدا المكان نوعا ما ضيق. و مع ذلك ادعوكم لزيارته.,6292,Google Maps,Casbah Istanbul,2021-12-21T13:21:41.030Z,0,,,,,,,
565584,"I wouldn’t recommend this place , my sister and I have ordered a chawarma Gobit for 490 da , there was a very tiny portion of chicken most of the sandwich was bread and salad , not well heated and most importantly no taste ! The first time and definitely the last one",6150,Google Maps,Casbah Istanbul,2023-01-28T19:39:12.167Z,0,,,,,,,
827729,Comment vous contacter ?,33014,tiktok,@sinai,2026-01-02T19:18:31.820618,0,,,,,,,
434515,"Ils ont oublié de servir l'un de nous. On a du leur faire la remarque. Le pain était vieux. Les prix sont élevés pour rien. Y'avait rien d'american. Aucune viande n'était cuite. Quand on leur a demandé de les cuire, ils ont dit non, qu'ils pouvaient pas faire plus. Y'avait rien de spécial dans leur ""americain diner burger"", a part le prix élevé sans raison. les frites étaient pas bonnes. Plusieurs personnes ont retournés leur plats. Les 2 étoiles c'est pour le service et pour la pizza qui était ok.",4820,Google Maps,Hicham cook pizza pasta,2022-08-05T21:05:29.061Z,4,,,,,,,
958809,"l'endroit est magique, les pattes trop trop bonne mais la pizza samhouli 00/10",65336,tiktok,@frono_oran,2026-01-02T21:43:03.272959,1,,,,,,,
565620,كاين توصيل شط,55946,tiktok,@mfood.annaba,2026-01-02T21:14:14.531649,1,,,,,,,
827766,Gastronomie de la Street food ? Goul. bark,1029,instagram,hotspot_dz,2025-05-27T13:12:19.000Z,1,,,,,,,
827770,top et chique,59996,tiktok,@the_throne_annaba,2026-01-02T21:22:24.294518,0,,,,,,,
303486,450da gâteaux tres cher [APPRECIATION],26602,tiktok,@labelladalger16,2026-01-02T18:37:02.385203,1,,,,,,,
565639,وين في ينكلوا أعطينا العنوان بالظبط,56810,tiktok,@papillons827,2026-01-02T21:16:38.306187,1,,,,,,,
303505,خليل رحماني حشاهالك,10655,Facebook,Dz Forest Restaura,2025-10-13T20:05:18.000Z,0,,,,,,,
172444,روعة الله يبارك,50766,tiktok,@broaster_chiken,2026-01-02T20:59:44.958883,3,,,,,,,
827805,ثقتي بالله تكفيني متوفر كل اثنين عندنا مرحبا,9608,Facebook,Dz Forest Restaura,2025-10-26T17:28:19.000Z,0,,,,,,,
434593,"J’ai passé un très bon moment dans ce restaurant. Le service était impeccable : les serveurs étaient souriants, professionnels et très attentifs. La propreté des lieux est irréprochable, aussi bien à l’intérieur qu’à l’extérieur. La terrasse est particulièrement agréable, bien entretenue et parfaite pour profiter d’un dîner en plein air. Une expérience que je recommande vivement ! Franchement bravo et bonne continuation",7686,Google Maps,American Burger Factory,2025-04-27T20:28:02.049Z,0,,,,,,,
958881,بالصحة و راحة,28210,tiktok,@amine.lacantine,2026-01-02T18:45:42.577715,0,,,,,,,
827810,شحال توصيل خويا,39690,tiktok,@benko.games,2026-01-02T19:43:06.957058,2,,,,,,,
565665,Bonne bouffe Bonne équipe a l'accueil Prix un peut élevé. je trouve.,8016,Google Maps,American Burger said hamdine,2021-03-13T13:45:47.730Z,1,,,,,,,
958895,Des endroits c es magnifique,70564,tiktok,@le_petit_chalet,2026-01-02T22:00:26.489398,1,,,,,,,
827831,On remercie equipe et les serveurs ghiles,8179,Google Maps,American Burger Factory,2025-01-25T19:21:48.447Z,0,,,,,,,
303544,Service digne d une Gargote. Kounafa infecté. Mauvais accueil.,5371,Google Maps,Casbah Istanbul القصبة اسطنبول,2023-09-20T12:28:04.469Z,0,,,,,,,
565696,"Très belle expérience, je recommande fortement ce restaurant. J’ai aimé le rôti de veau c’est un vrai délice, Le service était excellent , personnel accueillant et le chef Hichem était présent qui nous a accueilli de sa part, en tout je suis très contente et satisfaite de cette expérience.",2890,Google Maps,HichamCook Grill House,2022-06-11T21:07:05.678Z,3,,,,,,,
827845,Je travail à 100 mètres Et j ai manger plusieurs fois hum. C est trop bon.,35090,tiktok,@sinai,2026-01-02T19:28:04.439810,0,,,,,,,
958919,à éviter trop chère,13924,tiktok,@le_dauphin_restaurant,2026-01-02T18:00:51.463453,8,,,,,,,
172504,Parler nous de prix,62450,tiktok,@benete_wahran,2026-01-02T21:30:31.743500,0,,,,,,,
303578,غالي بزاف. كليت عندو,20712,tiktok,@labelladalger16,2026-01-02T18:19:42.861050,0,,,,,,,
565724,Meilleur resto indien d'alger. Les portions sont trop grandes. 2 plats suffisent amplement pour 3 personnes,3206,Google Maps,تاج محل بن عكنون,2020-11-10T18:18:24.465Z,0,,,,,,,
303586,Prix naaaaar Le plus cher C pad de cette façon qu'on paie nos dettes chikh Hicham . Li 7ab yerba7 l3am twill Je déconseille,2845,Google Maps,HichamCook Grill House,2022-12-02T17:04:31.452Z,16,,,,,,,
565736,اهدرونا على واحد يعامل مليح والاسعار في متناول الجميع ،شكرا,20484,tiktok,@labelladalger16,2026-01-02T18:19:37.844200,0,,,,,,,
434678,ex la coupole,14188,tiktok,@les_jumelles,2026-01-02T18:01:21.546564,1,,,,,,,
565762,"Le meilleur burger sur la place d alger , u. Endroit où l'on peut se retrouver entre amis en couple ou en famille avec un menu très riche et varié et le goût est au rdv Personnel et service a améliorer pour le reste c'est bien",6546,Google Maps,American Burger Factory,2025-11-30T01:43:18.826Z,0,,,,,,,
172548,كولو واقف في دار,42410,tiktok,@street_food,2026-01-02T19:58:07.057163,0,,,,,,,
696837,زواوية بالوهراااانية ههههه,12263,Facebook,Restaurant San Benito,2025-10-14T00:06:01.000Z,0,,,,,,,
434695,meilleur restau,32934,tiktok,@sinai,2026-01-02T19:18:30.249631,0,,,,,,,
172554,In love   [APPRECIATION],1006,instagram,hotspot_dz,2025-10-19T15:16:32.000Z,1,,,,,,,
827915,"Un très bon resto: le plat chaud le service parfait le climat aussi, j'aurais voulue avoir des baclavas riches en pistache, le feuilleté pris était bon mais juste sepoudré de pistaches",5997,Google Maps,Casbah Istanbul,2024-01-11T09:48:17.021Z,0,,,,,,,
434705,ça été changé de propriétaire ?,16536,tiktok,@le_dauphin_restaurant,2026-01-02T18:09:32.917279,0,,,,,,,
172562,le même concept que le restaurant Elena &don de la galerie Lafayette pareil,18454,tiktok,@helena,2026-01-02T18:16:11.981834,1,,,,,,,
565780,هاداك اللحم كامل مشهانيش قدما شهاني الكوموبار  [APPRECIATION],876,instagram,hichamcookgrill,2025-12-19T20:30:10.000Z,17,,,,,,,
827925,باغيهم يخلصو روبا,16334,tiktok,@mardoum,2026-01-02T18:08:09.723282,0,,,,,,,
565790,شبعتونا مقروط,11141,Facebook,Restaurant Casa Bella - Draria,2025-09-24T21:46:14.000Z,0,,,,,,,
434722,زوج حبات شوفرات ب150 الف غير أعطيها,11617,Facebook,Restaurant San Benito,2025-08-31T22:04:48.000Z,0,,,,,,,
959016,شعب تاع هدرة فراات ستار باكس موش بوكس,38856,tiktok,@kfc,2026-01-02T19:39:57.510216,0,,,,,,,
696872,Bouffe excellente Par contre le service est moyen,4962,Google Maps,Hicham cook pizza pasta,2019-10-12T17:21:31.343Z,0,,,,,,,
303668,حوت فري راهو في إسبانيا,13701,Facebook,Restaurant San Benito,2026-01-01T10:28:00.000Z,0,,,,,,,
827971,Je recommande +++,5510,Google Maps,قصبة اسطنبول,2023-02-07T20:52:18.910Z,0,,,,,,,
827972,كليت عندو 0///000,49158,tiktok,@chicks_nook,2026-01-02T20:40:14.931475,1,,,,,,,
303686,Décoration hadi ta3 la table mn endhm!,23526,tiktok,@jomane,2026-01-02T18:26:23.435926,8,,,,,,,
696908,Très bon gâteau d'anniversaire,3958,Google Maps,L’Alchimiste Pâtisserie,2020-06-30T22:39:01.256Z,0,,,,,,,
827986,oui comme ma mère  [APPRECIATION],21162,tiktok,@triple_,2026-01-02T18:22:02.778831,0,,,,,,,
959069,Tout est bon et merci chaima pour le service [APPRECIATION],7124,Google Maps,American Burger Factory,2025-06-11T12:33:06.625Z,0,,,,,,,
565861,Niveau goûts rien à dire je tire chapeau au chef et même niveau service je me rappelles même d’un serveur qui s’appelle Salim qui m’a bien accueilli (très sympathique et respectueux) et très bien servi l’hors mon arrivé la dernière fois,6954,Google Maps,American Burger said hamdine,2025-06-26T12:17:48.891Z,0,,,,,,,
828006,خويا الحق الطاكوس تعكم رووووعة افضل حاجة عندكم بنسبة ليا [APPRECIATION],53572,tiktok,@mega_pizza_annaba,2026-01-02T21:07:53.787954,0,,,,,,,
959083,Jomane  [APPRECIATION],23542,tiktok,@jomane,2026-01-02T18:26:23.435943,0,,,,,,,
696944,Magnifique la vu,68374,tiktok,@le_petit_chalet,2026-01-02T21:55:05.450144,1,,,,,,,
172659,"Amabilité des serveurs Service rapide Conseil à la commande Étant une habituée, je recommande fortement. Bravo à toute l'équipe pour le bon travail.",7072,Google Maps,American Burger said hamdine,2025-04-29T18:17:09.763Z,0,,,,,,,
696949,Restaurant classe,5778,Google Maps,Casbah Istanbul القصبة اسطنبول,2020-04-19T16:12:18.794Z,0,,,,,,,
303735,شفت الفيديو على. الوحدة تاع صباح وانا جيعانة خلاه خلاه خلاه خلاه وش اسمها الحية المكعبرةة هادي تشهي تشهي تشهي الله يبارك و اللي وين مسجد الرحمان تابعكم,51674,tiktok,@mfood.plus,2026-01-02T21:01:24.075566,0,,,,,,,
565881,"Temps d'attente super long, pizza pâteuse pas assez cuite et un goût fade",5007,Google Maps,Hicham cook pizza pasta,2018-12-06T20:56:41.285Z,0,,,,,,,
172666,هل اسعار في متناول الجميع وروز جربي وكفتاجي بقداه من فضلك,18186,tiktok,@restaurantabarkannaba,2026-01-02T18:15:07.273656,0,,,,,,,
303739,والسومة مليحة  قولي باش نجيب العائلة الكريمة [APPRECIATION],47496,tiktok,@redcap86,2026-01-02T20:32:09.118551,0,,,,,,,
565884,La viande haché elle a le goût du mouton ?,61660,tiktok,@guellil._.tasnim,2026-01-02T21:25:44.586435,0,,,,,,,
696957,"Pour un samedi après midi ça été très calme service rapide les serveurs étaient très gentils l’accueil était agréable les pizzas sont trop bonne qualité et prix correct, bonne continuation",4166,Google Maps,هشام كوك بيتزا,2024-11-09T19:52:00.280Z,1,,,,,,,
565890,Lotfi Bedjaia بلاك تحبهم يكونو طلالبة وكي تحبهم ولا تكرهم ماريح تبدل فيها والو,10866,Facebook,Restaurant Casa Bella - Draria,2025-09-06T19:42:29.000Z,0,,,,,,,
434819,Bonjour est ce que l’endroit est ouvert svp? Je passe à chaque fois c’est toujours fermé!,60192,tiktok,@seraidi.live.z,2026-01-02T21:22:45.454076,0,,,,,,,
172678,Ouii bzaaf chaba the view is just wow Allah ybarek,1644,instagram,restaurant_poisson_or,2025-12-30T18:31:11.000Z,3,,,,,,,
172679,c où exc,71622,tiktok,@jardina.coffee,2026-01-02T22:09:37.584056,0,,,,,,,
959120,حميدة راه فرحان,57938,tiktok,@_le216_,2026-01-02T21:17:35.168026,0,,,,,,,
434836,win fi paris,39594,tiktok,@le_1675,2026-01-02T19:42:36.070446,0,,,,,,,
828053,ممتاز درتها مفاجعة للزوجة هي استمتعت بالمكان و الأكل و انا خليت كلوة هناك لكن والله غير يستاهل التحربة je recommande vivement,2647,Google Maps,HichamCook Grill House,2023-09-13T08:16:48.463Z,5,,,,,,,
172696,c’est ou ?,14390,tiktok,@les_jumelles,2026-01-02T18:01:26.755355,0,,,,,,,
959147,الله يرحمو ويجعل مثواه الجنه يارب العالمين,71294,tiktok,@pont_hydra,2026-01-02T22:07:19.138944,0,,,,,,,
959154,سلام مخصكش حطب يابس تاع زيتون,15534,tiktok,@mardoum,2026-01-02T18:07:49.011697,0,,,,,,,
697012,ماشاء الله الكل يشهي إلا الملوخيه,9681,Facebook,Restaurant Tabarka Annaba,2025-12-25T18:36:49.000Z,0,,,,,,,
565940,حبيت واحد يعرضني دايت من بعد ندابزو و يخرج يحلل فيا نرجع نكمل السهرة,23588,tiktok,@jomane,2026-01-02T18:26:24.548405,0,,,,,,,
828089,قالي 67 مليون صاحبك,39358,tiktok,@itchy_food,2026-01-02T19:41:13.058238,0,,,,,,,
959163,"Des plats populaires, 1%de la gastronomie algérienne",36158,tiktok,@sinai,2026-01-02T19:28:36.581713,0,,,,,,,
434879,عيطال يا عباس نجى من بجاية مكنش مشكل,16306,tiktok,@mardoum,2026-01-02T18:08:09.723262,0,,,,,,,
434881,halle. ou la vienne de,25878,tiktok,@ofennec.officiel,2026-01-02T18:34:13.655033,0,,,,,,,
303816,الله يقدر ووفق,62212,tiktok,@hamidhamid806,2026-01-02T21:29:09.825898,0,,,,,,,
172748,ce qui concerne les crêpe  je valide si les meilleurs mais restauration désolé,27348,tiktok,@lamignonne06bejaia,2026-01-02T18:43:24.120339,4,,,,,,,
828115,Ça devient notre meilleur endroit sur alger centre Une très bonne adresse pour prendre un petit déjeuner complet grace a leur menu brunchs et leur cake hyper bon vraiment a essayé Meme leur plats hyper bon,3774,Google Maps,Laurel Restaurant,2024-02-22T13:15:09.933Z,0,,,,,,,
959188,c'est tres bon resturant,2541,Google Maps,HichamCook Grill House,2024-03-19T01:23:37.972Z,0,,,,,,,
565978,je vais visité inchallah,60262,tiktok,@seraidi.live.z,2026-01-02T21:22:46.349003,1,,,,,,,
565980,Impeccable je recommande vivement tout est bien. Encore merci.,3682,Google Maps,Laurel Restaurant,2025-04-06T17:36:11.343Z,0,,,,,,,
828125,Un délice à recommander sur tt pour ceux qui aiment les épices.,3179,Google Maps,تاج محل بن عكنون,2022-01-19T19:36:10.485Z,0,,,,,,,
434912,قرعة ما عشرالا قهوة عشرينالف,16300,tiktok,@mardoum,2026-01-02T18:08:08.760156,0,,,,,,,
434919,moi par contre je suis très déçue le menu décevant le prix exorbitant on regretté,21076,tiktok,@triple_,2026-01-02T18:21:58.677011,2,,,,,,,
828140,"Exceptionnelle, notre expérience aujourd'hui était très satisfaisante, le repas le service et l'accueil étaient parfait, un remerciements spécial pour le gérant à l'entrée et pour le serveur Yacine. 1, 2, 3 viva hichem Cook",4318,Google Maps,هشام كوك بيتزا,2024-06-10T22:26:47.387Z,1,,,,,,,
172786,waw le restaurant et magnifique bravo  [APPRECIATION],48968,tiktok,@le77tizi,2026-01-02T20:39:01.344243,1,,,,,,,
303862,"On a pris un burger forest à 500da et l'attente a dépassé 50 minutes on a dû prendre un burger blue à la place qui était pas si bon que ça pour son prix et un tacos m à 750Da qui était moyen pour son prix de même et sa taille on dirait un S, l'endroit est beau mais ça sert à rien si la bouffe est mid. On était deux personnes et on est sortis après plus d'une heure d'attente et le ventre même pas rempli",7890,Google Maps,American Burger Factory,2025-02-14T21:17:23.280Z,0,,,,,,,
566010,Petit déjeuner et déjeuner extra je vous souhaite d être servi par Seline serveuse souriante et dynamique au top je reviendrai très vite,3613,Google Maps,Laurel Restaurant,2025-10-20T11:06:43.264Z,0,,,,,,,
172800,الله يبارك ماشاء الله ربي يبارك بصح يا صحبي لي يأكل هذا السندويتش يكون من أكلات اللحوم,12595,Facebook,Restaurant Rais,2025-10-14T21:19:38.000Z,0,,,,,,,
172805,أنا شخصيا راني عجبتني 16 75 برك,39492,tiktok,@le_1675,2026-01-02T19:42:31.954313,0,,,,,,,
434954,ممتاز . بالتوفيق. [RECOMMENDATION],1211,instagram,le_carre_restaurantalg,2025-06-05T15:06:44.000Z,1,,,,,,,
172832,جيت البارح وكمنديتو قوتلي فض,51664,tiktok,@mfood.plus,2026-01-02T21:01:24.075555,0,,,,,,,
434976,"service impeccable, accueil chaleureux avec une nourriture extra bonne",7199,Google Maps,American Burger said hamdine,2025-04-09T13:17:18.841Z,0,,,,,,,
303907,Mkache avec frites ?,39962,tiktok,@streetburger02,2026-01-02T19:44:04.635106,0,,,,,,,
959268,Bonne appétit,58372,tiktok,@la.nouvelle.etoile0,2026-01-02T21:20:56.231991,1,,,,,,,
172842,مشاءالله تبارك الرحمن  [APPRECIATION],41460,tiktok,@big.daddyfood,2026-01-02T19:56:16.847320,1,,,,,,,
434991,ou se trouve exacte à oran?,45240,tiktok,@budz,2026-01-02T20:15:53.013158,1,,,,,,,
828212,Délicieux et copieux Personnel accueillant et bienveillant Bravo,2322,Google Maps,HichamCook Grill House,2025-08-21T12:28:26.434Z,0,,,,,,,
959288,ماشي صحية تحيا اللوبية و العدس و الشربة و البركوكس بالكابويا,10635,Facebook,,2025-10-20T12:56:56.000Z,2,,,,,,,
828224,Larviole à côté VU,23936,tiktok,@spotter.dz,2026-01-02T18:27:19.819377,1,,,,,,,
828232,bravo bon courage bonne continuation et faites découvrir notre bonne et succulente cuisine,34968,tiktok,@sinai,2026-01-02T19:28:02.656623,0,,,,,,,
959333,جميل تنوع الثقافات بالجزائر  فقط للتنويه البيبيمباب طبق كوري حتى الكلمة بحذ ذاتها للكورية بيبيم وتعني مزج وباب وهي ارز ولا اكل بالكورية 비빔밥 موفق [APPRECIATION],716,instagram,cottoncandyblanc,2025-04-25T20:20:03.000Z,111,,,,,,,
697192,Cuisine qualitative et personnel aimable ! Je recommande vivement !,3749,Google Maps,Laurel Restaurant,2024-05-27T20:48:46.329Z,0,,,,,,,
828265,Hanène Hakim خاصة الخميس كي نكون في عنابة فطوري عندهم كسكسي بالعصبانة بنينة تهبل,9772,Facebook,Restaurant Tabarka Annaba,2025-12-24T07:28:53.000Z,1,,,,,,,
828268,"Dégradation de ce qu'il était avant cette nouvelle enseigne, les goûts ont changé, manque d'organisation avec un système de commande pas fluide. En commandant 3 tacos L on reçoit 6 boîtes chacune contenant une moitié de tacos et elles étaient mélangées aléatoirement. Vous prenez à table mais vous recevez tout de même des boites. A s'améliorer tant qu'il est a ses débuts.",7791,Google Maps,American Burger Factory,2025-03-07T02:25:21.946Z,0,,,,,,,
566126,De bonne nourriture problème de retard du service,8484,Google Maps,American Burger Factory,2023-08-02T17:38:07.695Z,0,,,,,,,
172910,Désolé il est très loin d’être le meilleur,27394,tiktok,@lamignonne06bejaia,2026-01-02T18:43:25.537800,1,,,,,,,
566127,Great food and service .,8000,Google Maps,Restaurant À Petit Feu,2023-03-05T17:06:25.918Z,1,,,,,,,
828272,ولدها خرج ولا لا,57172,tiktok,@_le216_,2026-01-02T21:17:18.828059,4,,,,,,,
697199,ما شاء الله مطعم أصلي للغاية في حديقة نباتية في الجزائر العاصمة,69874,tiktok,@chtibo_oran,2026-01-02T21:58:36.398807,1,,,,,,,
435059,On a mangé la bas en famille cet été c'était juste magnifique à côté du mediterrannean garden franchement au top,4,instagram,6sens_pastry,2025-11-19T18:33:03.000Z,2,,,,,,,
303992,و اكديلي على كي تخرج لازم تخلي الكلية تاعك تم,18804,tiktok,@helena,2026-01-02T18:16:20.648658,0,,,,,,,
959352,We ve waited alot to receive our order and to my surprise the burger tastes like it's been grilled with margarine which is unusual,7621,Google Maps,American Burger Factory,2025-05-12T21:54:49.828Z,0,,,,,,,
303994,"Aujourd'hui le resto est en ruine malheureusement. Nous y avons mangé il y a une semaine, c'est une cata. Les fauteuils sont déchirés, ce n'est pas propre. La nourriture est normale mais rien d'extraordinaire. Nous avons été très déçus.",45050,tiktok,@budz,2026-01-02T20:15:44.592908,2,,,,,,,
303996,غالي بزاف دخلت مكليت والو شوية سوندويتش وكاس جو مع شوية تبناج 3250 بزاف والله حسبي الله ونعم الوكيل,20766,tiktok,@labelladalger16,2026-01-02T18:19:45.451982,0,,,,,,,
303997,Hands down the best donuts in Algeria  [APPRECIATION],1488,instagram,mimas_donuts,2025-08-18T20:48:25.000Z,2,,,,,,,
697216,دير للفريزو دك,30358,tiktok,@bonga.food,2026-01-02T18:58:04.827102,0,,,,,,,
959367,غالي زعما درت حاجة كبيرة ترررررررر,10375,Facebook,Dz Forest Restaura,2025-10-13T05:11:36.000Z,0,,,,,,,
172945,Salam Machallah une soirée réussie  [APPRECIATION],729,instagram,diyarbakir_restaurant_,2026-01-01T11:09:08.000Z,1,,,,,,,
172951,كاين توصيل حي 5 جويلية 62 أمام حي فلاك,50118,tiktok,@king_food23,2026-01-02T20:58:41.774005,0,,,,,,,
697239,Trop bien Allah y berek . j espère que vous ouvrirez des Restos un peu partout en France inchaa Allah pour que ce soit accessible à tous  [APPRECIATION],35170,tiktok,@sinai,2026-01-02T19:28:06.172476,0,,,,,,,
172952,يحي رسطورولوفي [APPRECIATION],53758,tiktok,@guellil._.tasnim,2026-01-02T21:08:11.828107,2,,,,,,,
697250,رائع ، خدمة سريعة والاكل يوصل حار ، اللحم طري ولذيذ ، الاسعار من متوسط غالي بشكل عام جميل انصح بزيارته,6237,Google Maps,Casbah istanbul,2022-07-31T22:46:23.417Z,0,,,,,,,
566184,Vous ressemblez énormément a l'actrice Carole Bouquet.,72706,tiktok,@pont_hydra,2026-01-02T22:13:33.232300,0,,,,,,,
172969,Thala c'est la fontaine,27480,tiktok,@thala,2026-01-02T18:44:48.001877,6,,,,,,,
435118,وين في اودان . ان شاء الله تجوبوني,702,instagram,chocolate.sarayi.alger,2025-12-21T19:01:20.000Z,0,,,,,,,
697263,تحطو الماكلة وتولو تهدرو فوقها والبزاق والنفس منعرف كي تخممو,12122,Facebook,Restaurant San Benito,2025-10-13T20:05:47.000Z,0,,,,,,,
959427,Avec toute sincérité c’est la meilleur pizza que j’ai mangé dans ma vie! Le service vraiment top tout était super merci à vous,4159,Google Maps,هشام كوك بيتزا,2024-11-18T13:06:19.116Z,0,,,,,,,
172999,صومون ولا سبادون,11844,Facebook,Restaurant San Benito,2025-08-29T13:12:01.000Z,0,,,,,,,
304073,باسكو خامج و بنين,42162,tiktok,@street_food,2026-01-02T19:58:01.955893,0,,,,,,,
697290,On est venus hier et vraiment une belle surprise ce resto L’ambiance est agréable et on sent que l’équipe fait tout pour qu’on passe un bon moment Mention spéciale pour la serveuse Nafissa qui a été adorable du début à la fin Souriante rapide très à l’écoute Elle a su nous conseiller sans forcer et elle a vraiment un super contact avec les clients C’est rare de croiser un service aussi humain et pro à la fois Franchement entre la qualité et le service j’y retournerai les yeux fermés,6880,Google Maps,American Burger Factory,2025-07-18T16:55:07.289Z,0,,,,,,,
435149,"l'acceuil et la deco est franchement Tres bons, mais en ce qui concerne le gout",21596,tiktok,@maison_sardoudi,2026-01-02T18:22:25.678233,1,,,,,,,
959447,La viande es excellent service exemplaire,3173,Google Maps,تاج محل بن عكنون,2022-03-13T22:27:29.053Z,0,,,,,,,
304088,وين هذي أنا خرجت على 12:30,36478,tiktok,@seven.times,2026-01-02T19:31:35.133555,0,,,,,,,
828379,"Salut, je voudrais partager mon expérience chez hichem Cook pizza: Accueil :simple Pâte à pizza 6/10 Prix : exagéré par rapport à la qualité Graniture: 1-pizza fruit de mer deux ou trois crevettes, l ba9i poulpe 2-pizza cinq fromages des morceaux minuscules presque invisibles de camambert, le reste je ne sais pas de quels fromages utilisés il s'agit 3-la sauce tomate sans aucun goût 4- peu de fromage utilisé sur la pizza fruits de mer 5-pizza messousa 6-bordures m3ajnine Voilà, grosomodo, ça ne vaut pas la peine",4269,Google Maps,هشام كوك بيتزا,2024-07-31T20:21:51.058Z,0,,,,,,,
304110,"On a commandé des plats ""entrecôtes"" et les morceaux etaient dures a coupe même avec un coûteux (déjà mangé chez lui en hiver c'était ""Zebda"") Avec des salades césar : la sauce césar manque de goût et les morceaux de poulets et le fromages c'était pas trop généreux Service long (vendredi soir) et le qui s'occupait de notre table manquait de professionalisme (il ramène les papiers et les lignettes et il les a presque jetté au lieu de les déposé calmement a la table) Dernier point : chaise haute bébé non sécurisé , faut penser a acheté d'autres où on peut attaché un bébé avec des ceintures avec une barrière qui lui empeches de glisser par dessous . Hichem cook Ouled Fayet .",2465,Google Maps,HichamCook Grill House,2024-07-30T21:24:41.420Z,0,,,,,,,
566261,comment ça classé première ? elle vient d'ouvrir !,28650,tiktok,@american.burger.tizi,2026-01-02T18:47:31.474870,0,,,,,,,
959483,"On était 5 et 3 d'entre nous ont chopé une intoxication sévère dont un enfant (diarrhée carabinée, fièvre élevée . ) ! Je demande au propriétaire de faire son travail de restaurateur, car avant d'interdire la musique dans le resto il faudrait peut-être interdire la mauvaise hygiène et les aliments avariés. C'est une honte de rendre les gens malades de cette façon. J'ai essayé d'appeler le numéro vert des services d'hygiène, malheureusement il ne fonctionne pas. Je déconseille ce restaurant malgré le point positif de l'accueil.",6480,Google Maps,Restaurant À Petit Feu,2025-12-25T15:03:00.937Z,0,,,,,,,
435199,مكان جد عادي مقارنة بالإشهار له كإسم يشبه قاعة عشاء في قاعة الحفلات الخدمة كان طاقم ماشاء الله الأكل طلبنا شوربة وبرواك وحساء السمك كان كل شيئ لذيذ بالإضافة إلى صحن سمك مشكل من مختلف الأنواع الذوق كان ممتاز بيتوتي السعر مبالغ فيه نوعا ما ولكن كان إختيارنا من الأول كتجربة لم تكن جد مميزة ولكن جيدة,2417,Google Maps,HichamCook Grill House,2024-10-13T19:53:19.952Z,0,,,,,,,
697347,C’est où à Oran,65160,tiktok,@restaurant_marisco,2026-01-02T21:40:08.510623,1,,,,,,,
304137,Les plats à partir de 2000,66442,tiktok,@barbecue_restaurant,2026-01-02T21:50:20.292410,0,,,,,,,
566291,كنت لتمة البارح  [APPRECIATION],62068,tiktok,@le.rooftop.annaba,2026-01-02T21:27:47.356278,0,,,,,,,
304149,On viendra seulement si les serveurs et serveuses sont bien élevé,62542,tiktok,@allechante,2026-01-02T21:30:51.792746,3,,,,,,,
828438,"Très belle expérience à refaire avec plaisir, service rapide, top, l'accueil très chaleureux, personnel très accueillant. Un grand Bravo pour la déco vraiment originale. Beaucoup de succès inchallah",7331,Google Maps,American Burger said hamdine,2025-01-01T15:34:56.656Z,0,,,,,,,
959510,vous faites la livraison à bateau cassé bordj kifan,48632,tiktok,@otsy.burger,2026-01-02T20:35:48.188234,1,,,,,,,
566297,c'est génial c est où svp,36146,tiktok,@sinai,2026-01-02T19:28:36.581674,0,,,,,,,
173086,dommage vu la pub je voulais essayer malheureusement j'ai vu une mouche qui rodais autour de mestapha  [BOUFFE],68732,tiktok,@cote_oran,2026-01-02T21:57:32.413715,2,,,,,,,
959527,"Merci pour être assez chaleureux et Yumyy au même temps, Bonne continuation.",6650,Google Maps,American Burger said hamdine,2025-10-24T17:51:00.993Z,0,,,,,,,
173102,الله يزيدك من رزقه و يبارك لك فيه,49948,tiktok,@m7ajeb,2026-01-02T20:44:33.062637,4,,,,,,,
435248,tt sauf l adresse et les prix,32918,tiktok,@sinai,2026-01-02T19:18:30.249587,0,,,,,,,
435250,"Bon restaurant, bon plats & parking disponible. Le service est un peu lent.",5567,Google Maps,قصبة اسطنبول,2022-07-13T06:31:45.842Z,2,,,,,,,
566323,مزال كاين ناس تخلي بناتها تتعرى و دايرين بيها سوق و إشهار لمحلاتهم,13832,Facebook,Restaurant San Benito,2025-12-29T23:17:49.000Z,0,,,,,,,
828468,شيش كباب تاع الميترا,11187,Facebook,Restaurant Casa Bella - Draria,2025-10-15T11:39:22.000Z,0,,,,,,,
304184,je confirme samedi ftart fih trop bon,19528,tiktok,@sultan,2026-01-02T18:17:16.703713,2,,,,,,,
173116,Waited 3 hours for a burger,8399,Google Maps,American Burger Factory,2024-02-29T22:25:24.311Z,1,,,,,,,
435266,حومتي لعزيزة  [APPRECIATION],43664,tiktok,@serir_alger,2026-01-02T20:09:41.329571,0,,,,,,,
304197,a kouba magnifique,8816,Google Maps,American Burger Factory,2018-10-11T07:02:36.079Z,0,,,,,,,
173130,زدمة من فور,13010,Facebook,Restaurant San Benito,2025-10-13T07:45:51.000Z,0,,,,,,,
435277,"A éviter! prix excessivement chers Quantités servies sur mesure (petite portions) Saveur volailles bonne Serveur froid, style agent de sécurité En conclusion, je ne recommande pas",5253,Google Maps,Casbah Istanbul القصبة اسطنبول,2024-08-06T20:14:13.884Z,0,,,,,,,
304206,même je n' ai jamais mangé d escargots,72506,tiktok,@pont_hydra,2026-01-02T22:13:24.030658,0,,,,,,,
697425,elle avait mal dormi  [APPRECIATION],16762,tiktok,@user5834669559361,2026-01-02T18:10:46.256501,1,,,,,,,
828510,fiycel c'est un artiste mees salutations  [APPRECIATION],71232,tiktok,@pont_hydra,2026-01-02T22:07:07.993125,1,,,,,,,
697457,"J'ai pris une glace artisanale, quantité médiocre, c'était servi dans des verrines minuscules et non pas dans des coupes de glaces, sans chantilly ni aucun accompagnement Le serveur était entrain de discuter avec une fille, nos glaces ont fondues avant d'être servies Le serveur avait ramené les glaces, puis les mouchoirs et cuillères dans ses mains, ni plateau ni rien du tout Manque de communication entre le personnel Je ne reviendrai plus.",3745,Google Maps,Laurel Restaurant,2024-06-18T12:37:08.774Z,1,,,,,,,
828530,ih mm les prix mlah. houmti jamais dkhaltou [APPRECIATION],20470,tiktok,@labelladalger16,2026-01-02T18:19:37.844182,0,,,,,,,
304249,الوقت جزء من العلاج الجلفة 150 الف مرقاز,10339,Facebook,Dz Forest Restaura,2025-10-14T07:50:53.000Z,0,,,,,,,
828546,"Les burgers sont bon mais endroit vraiment trop petit, on étouffe dedans.",8834,Google Maps,American Burger Factory,2018-03-12T17:05:32.542Z,1,,,,,,,
828556,vive la France,57266,tiktok,@_le216_,2026-01-02T21:17:20.268709,0,,,,,,,
173198,un voyage en Catalunya et avec les mains désolé,73462,tiktok,@pont_hydra,2026-01-02T22:13:55.187395,0,,,,,,,
697497,نحير في عيباد لي يكلو حاجة حلوة بزاف هكا والله,478,instagram,"brother.ts
",2024-10-27T17:00:29.000Z,0,,,,,,,
173210,ربي يرزقني رزقا حلالا طيبا مباركا بإذن الله تعالى  [APPRECIATION],27970,tiktok,@amine.lacantine,2026-01-02T18:45:33.965635,1,,,,,,,
828571,il faut éviter les feux d'artifice sur les repas et les gâteaux c'est toxique,57180,tiktok,@_le216_,2026-01-02T21:17:18.828065,3,,,,,,,
435354,de très bon prix pour la quantité de rôtie offerte lah ibarek,37328,tiktok,@restaurant.madala,2026-01-02T19:34:51.576942,1,,,,,,,
435359,حوجي مكاش كاش واحد يعرضني هنا,17786,tiktok,@casabelladraria,2026-01-02T18:14:46.930402,5,,,,,,,
697513,حنا تع فريت أوملات ولا محاجب,58298,tiktok,@vilageneige_annaba,2026-01-02T21:19:50.055690,0,,,,,,,
173230,ثمن,48642,tiktok,@otsy.burger,2026-01-02T20:35:48.188242,0,,,,,,,
435378,"As a regular customer , i was shocked by the horrendous service we received yesterday . The turkish waiter was puffing , clapping his hand for us to finish eating , removing my starter plate while i was eating , giving us dirty looks . He gave us our dessert even though we haven’t finished our main so we requested for the dessert to be returned . He was very inconsiderate and started swearing in turkish , it was absolutely the worst experience i have ever received at a restaurant an absolute disappointment and after complaining not even an apology . Never coming back .",5661,Google Maps,Casbah Istanbul القصبة اسطنبول,2022-08-15T08:32:16.270Z,2,,,,,,,
697524,هنا ناكلو غي العدس,12745,Facebook,Restaurant Rais,2025-10-13T16:42:53.000Z,0,,,,,,,
173239,هذوك كامل 150الف,12093,Facebook,Restaurant San Benito,2025-10-12T22:16:43.000Z,0,,,,,,,
173244,mara chrineh taychneh f trig b3d mn kotret y3yf w rihto t3ay w lfromage edek lmdrh  jspr qu'ils ont améliorer leurs produits [COMPLAINT],53282,tiktok,@aminakai09,2026-01-02T21:06:39.816952,1,,,,,,,
697542,"The food was really good and the quickest service ever, very good atmosphere and work people",7652,Google Maps,American Burger Factory,2025-05-10T12:03:39.673Z,0,,,,,,,
828615,"Beautiful and affordable restaurant, great view and superb service, tasty food and calming Atmosphere",5720,Google Maps,Casbah Istanbul القصبة اسطنبول,2021-11-17T19:40:14.111Z,0,,,,,,,
828618,تحيا موسي,30608,tiktok,@gazouzafood2019,2026-01-02T19:05:30.032266,1,,,,,,,
959691,Déjeuner au restaurant casbah Istanbul avec une très belle vue le service impeccable le menu à la hauteur des photos rien à dire très bien,5631,Google Maps,Casbah Istanbul القصبة اسطنبول,2022-12-22T21:10:04.721Z,1,,,,,,,
697563,Satisfaite,7474,Google Maps,American Burger Factory,2025-05-21T12:48:14.972Z,0,,,,,,,
435425,ليام كي كان حكمها طلياني  صغر فات هنا,63296,tiktok,@kartaj,2026-01-02T21:31:38.800462,1,,,,,,,
828665,وين هذي بالضبط,60150,tiktok,@seraidi.live.z,2026-01-02T21:22:44.123230,1,,,,,,,
566522,راحت ما بقاتش البنة كيما قبل,53598,tiktok,@mega_pizza_annaba,2026-01-02T21:07:53.787990,0,,,,,,,
959743,أسوء بيتزا كليتها في حياتي لا انصح الناس به,4215,Google Maps,هشام كوك بيتزا,2024-08-30T20:09:41.549Z,0,,,,,,,
173313,Excellent restaurant Merci à celine pour son service,3629,Google Maps,Laurel Restaurant,2025-09-08T14:15:27.530Z,0,,,,,,,
959749,très bon restaurant mais les prix sont un peu élevés,7761,Google Maps,Restaurant À Petit Feu,2023-09-21T10:17:07.163Z,7,,,,,,,
959753,"Ce jour là, m’a fille et moi avons du jouer de malchance : vers 18:00, pas vraiment l’heure de manger. Un creux de fifille et nous commandons un plat à emporter. Tout le personnel est souriant sauf les turcs qui tirent une tronche Alger-Ankara ! Cachez votre joie les gars ! Comme y avait pas foule, les garçons se remarquaient tellement ils étaient nombreux et apparemment y a pas d’endroit où ils peuvent se détendre avant le « coup de feu » Une seule chaise pour patienter et ce jour là, le cuisinier a du forcer sur le raki Une heure d’attente ! De quoi tomber d’inanition Sinon, décor moderne et agréable sauf les télés trop présentes. Il m’a semblé voir une terrasse à l’étage, je ne sais pas et je pense ne jamais le savoir car pas question d’y retourner : trop cher pour mes moyens de prolétaire.",5612,Google Maps,قصبة اسطنبول,2019-10-05T16:30:41.160Z,3,,,,,,,
173338,مام انت حوته شابة بزاف باين فيك بنة ع ظ يمة  [BOUFFE],12964,Facebook,Restaurant San Benito,2025-10-13T22:57:11.000Z,0,,,,,,,
435483,Mdrr qui connaît pas,32648,tiktok,@seven.times,2026-01-02T19:17:46.224050,1,,,,,,,
435485,من أجمل ذكرياتي فيه  ليت الزمان يعود بيا,70288,tiktok,@le_petit_chalet,2026-01-02T22:00:17.984145,0,,,,,,,
435488,دراهمه يقلشوه باينة هدي ولاباغية تقلشيه من غير الحوت ما قلنا والو,13655,Facebook,Restaurant San Benito,2025-12-19T20:41:38.000Z,0,,,,,,,
173345,نموووووت علاها عنابه,59036,tiktok,@maestro_dz13,2026-01-02T21:21:23.046797,0,,,,,,,
566564,"Mini cake 3000 da ملاحظة  -Cake au chocolat -Crème au beurre a la meringue suiss -Caramel aux beurre salés -Noix , amandes, noisettes -Recouvert d’une ganache de chocolat -couverture pate a sucre -En guise de deco chantilly et fraises Merhba bikoum  [APPRECIATION]",1986,instagram,the____bakery,2025-12-30T13:44:47.000Z,24,,,,,,,
304425,les prix fi la moyenne,18776,tiktok,@helena,2026-01-02T18:16:19.541952,0,,,,,,,
959788,elle se trouve où ?,34432,tiktok,@restaurantmonegasque,2026-01-02T19:23:59.837575,0,,,,,,,
435503,Vive Mustapha,69028,tiktok,@cote_oran,2026-01-02T21:57:41.441967,1,,,,,,,
828727,البارح كليت عنده نقّس م plat و زاد فالسومة.  زدمة و صاي,46634,tiktok,@oumanger.oran,2026-01-02T20:23:54.132890,0,,,,,,,
959805,Livraison france ?,40364,tiktok,@woodchickendz,2026-01-02T19:45:49.110899,0,,,,,,,
566604,Venez à Marseille,34744,tiktok,@sinai,2026-01-02T19:27:57.400138,2,,,,,,,
697678,C'est mon coin préféré vraiment leurs pâtisseries sont excellentes . Font plaisir aux yeux et aux papilles Leur fraisier est un pur délice Certes les prix sont chers par rapport à la normale mais voyant les produits qu'ils utilisent c'est compréhensible Stationnement disponible A recommander volontierement,3883,Google Maps,L’Alchimiste Pâtisserie,2024-05-21T05:21:14.584Z,0,,,,,,,
304463,c'est où ext,48304,tiktok,@baddi_pizza,2026-01-02T20:34:47.172675,1,,,,,,,
697679,Service incompétent,7595,Google Maps,Restaurant À Petit Feu,2024-02-17T20:16:12.297Z,1,,,,,,,
435537,"Hier, jais pris un ftour avec un ami, franchement, La seule chose qui merite le classement c'est le personnel Mais la cuisine! Wallah mérite pas c'est pas bon, c'est froid, c'est réchauffée a micro onde! , c'est pas la façon de preparation! Crème de volaille/ 3sida! Poulet a la crème (poulet rôti nachef mfetet mse9i be la crème champignons ) la seule li bnina cest la crème champignons Mon ami a pris un roti de veau, il la laissé et emporter pour la donner! Tout ça a plus de 10. 000 dzd C'est pas la peine de lever le prix quand tu n'a pas le niveau!",2534,Google Maps,HichamCook Grill House,2024-04-07T07:14:10.251Z,2,,,,,,,
828758,اروع واجمل الأكلات شكرًا,9195,Facebook,"Restaurant La Napolitana









",2023-10-15T14:16:27.000Z,1,,,,,,,
173401,il se trouve où SVP,48048,tiktok,@rahmani_food,2026-01-02T20:34:22.211757,0,,,,,,,
828769,"ou c'est trouve , s'il vous plaît",35078,tiktok,@sinai,2026-01-02T19:28:04.344027,0,,,,,,,
566626,هذا يسموه البطوار تاع كاز تخليهم اكل,10968,Facebook,Restaurant Casa Bella - Draria,2025-07-26T11:07:44.000Z,1,,,,,,,
828770,je suis d'accord avec vous mon frère wellah allah ya3adik saha,29776,tiktok,@easy.cheesy,2026-01-02T18:52:02.828339,2,,,,,,,
828781,tchbh l جنى مقداد,49012,tiktok,@chicks_nook,2026-01-02T20:40:01.785247,2,,,,,,,
173426,تراجع في جودة الخدمة,5032,Google Maps,قصبة اسطنبول,2025-12-21T10:56:39.037Z,0,,,,,,,
828791,وين بلاصة ! ؟,47314,tiktok,@street_food,2026-01-02T20:31:26.732630,0,,,,,,,
959865,يوسف أبو أويس واش هاذ الحكاية,9909,Facebook,,2025-10-20T19:37:30.000Z,1,,,,,,,
435581,سلفي كزا بيلو,11057,Facebook,Restaurant Casa Bella - Draria,2025-07-28T06:26:20.000Z,0,,,,,,,
566654,تبعو لي سطوري و ديرو ابوني معاكم,16524,tiktok,@torero.alger,2026-01-02T18:09:04.525591,0,,,,,,,
959872,سعر العلبه,445,instagram,"brother.ts
",2024-10-08T13:28:44.000Z,0,,,,,,,
959878,star box hhhhhhh,38538,tiktok,@kfc,2026-01-02T19:39:39.776353,0,,,,,,,
435591,السعر في متناول باطل يا مواطن,346,instagram,"brother.ts
",2025-03-14T04:37:58.000Z,0,,,,,,,
566665,Le meilleur restaurant indien d’Alger.,2996,Google Maps,تاج محل بن عكنون,2025-09-17T12:52:46.083Z,0,,,,,,,
173452,professeur tae les crêpe  [APPRECIATION],65704,tiktok,@anas_food,2026-01-02T21:45:25.223668,1,,,,,,,
173463,Livraison disponible 0781753168,46562,tiktok,@kokoriko.dz31,2026-01-02T20:23:35.503235,0,,,,,,,
304535,حسبتك ڨاورية الله يبارك,13231,Facebook,Restaurant San Benito,2025-10-13T05:17:36.000Z,0,,,,,,,
173466,مسكينة متعودة بالعدس,57602,tiktok,@_le216_,2026-01-02T21:17:27.960353,0,,,,,,,
566686,نقد نجي مع العشية غير نتقهوى؟,68176,tiktok,@le_petit_chalet,2026-01-02T21:54:52.782634,1,,,,,,,
304550,Très bon restaurant idéal pour un brunch en terrasse le service est au top les plats biens servis je recommande !,3616,Google Maps,Laurel Restaurant,2025-10-20T10:27:09.165Z,0,,,,,,,
566695,بصحتك عمي مصطفى,68624,tiktok,@cote_oran,2026-01-02T21:57:29.321215,4,,,,,,,
828844,Excellente expérience familiale Dès l’entrée nous avons été accueillis d’une très bonne manière le service a été impeccable l’atmosphère qui régnait était chaleureuse grâce aussi au staff qui à avait l’œil sur nous je donne 5 étoiles car il ne manquait plus que la visite de Hicham qui est finalement venu à la fin nous saluer je lui souhaite beaucoup de succès dans sa nouvel affaire et je le recommande rapport qualité prix correct ce n’est pas un gastro mais il faut vivre l’expérience en famille. Conseil : se sera compliqué sans réservation. Bravo à vous l’équipe,2875,Google Maps,HichamCook Grill House,2022-10-20T10:53:17.332Z,1,,,,,,,
697777,Are you engaged by any chance  [COMPLAINT] [BOUFFE],1474,instagram,mimas_donuts,2025-12-04T20:30:17.000Z,0,,,,,,,
304576,تحيا الجواز تحيا المغيز تحيا القهوة بالطعام تحيا الطماطيش كاسكروط هاو شتاهو راك حاسبني السديسي,10454,Facebook,Restaurant Casa Bella - Draria,2025-12-06T19:46:29.000Z,2,,,,,,,
173519,"C’est un excellent restaurant, la nourriture est très bonne",69020,tiktok,@cote_oran,2026-01-02T21:57:40.623089,1,,,,,,,
828885,الوقت جزء من العلاج كي 80 كي 100,10070,Facebook,Dz Forest Restaura,2025-10-13T18:12:31.000Z,0,,,,,,,
959959,لازم تصومو قبل الطبخ تحت باسينة,73592,tiktok,@pont_hydra,2026-01-02T22:13:58.981716,0,,,,,,,
435675,c un algerien qui a acheté une franchise,37902,tiktok,@kfc,2026-01-02T19:39:23.690797,1,,,,,,,
304625,تع سيدي عمار وين بالضبط,61620,tiktok,@guellil._.tasnim,2026-01-02T21:25:43.488264,1,,,,,,,
959994,Il faisait très chaud en salle et il y a vais trop de bruit. mais j'ai bien aimé l'endroit top,4406,Google Maps,هشام كوك بيتزا,2024-03-09T15:00:08.325Z,0,,,,,,,
959996,ولخمسميه علاه ياخويا,31650,tiktok,@woodgrill_dz,2026-01-02T19:13:58.136724,0,,,,,,,
304640,الله يبارك جيت عندكم  [APPRECIATION],32434,tiktok,@restaurant_iceberg,2026-01-02T19:16:41.139513,1,,,,,,,
697859,كاين توصيل خويا,49422,tiktok,@fondue.3formages,2026-01-02T20:40:41.805462,1,,,,,,,
697866,"Les salles sont très confortables. Nous avons commandé 3 pizzas. Elles étaient toutes trop cuites et la garniture était très réduite en terme de quantité. Le service était irréprochable : rapide et aux petits soins. Le tapis de la salle de prière devrait être nettoyé (il sent mauvais). Je suis passé durant la soirée à 2 reprises aux toilettes à environ 2h30 d'intervalle. L'état général était très convenable. J'ai toutefois constaté lors de mes 2 passages, les mêmes anomalies (par exemple le même papier qui traîne sur les lavabos). Avec le monde que draine cet établissement, il faut prévoir plusieurs nettoyage des sanitaires durant la soirée.",7295,Google Maps,Restaurant À Petit Feu,2024-08-31T19:11:24.793Z,0,,,,,,,
697869,"à côté du tunnel des facilités, Audin Alger centre.",14864,tiktok,@lassiette.algeroise,2026-01-02T18:06:50.624870,0,,,,,,,
304667,الكل يقولو عليه غالي,20746,tiktok,@labelladalger16,2026-01-02T18:19:43.848839,0,,,,,,,
173596,les ados sont autorisés ?,65050,tiktok,@racyms_restaurant,2026-01-02T21:39:48.951948,3,,,,,,,
960030,كي وليتو الله يهديكم مصاصين الدماء . الحوت كونجلي.,11678,Facebook,Restaurant San Benito,2025-07-26T22:00:48.000Z,0,,,,,,,
173601,والله لاتربحو,56738,tiktok,@bamboo_annaba,2026-01-02T21:16:07.339167,0,,,,,,,
828964,Le california ! C pour qd ?,668,instagram,californiacafedz,2025-11-14T12:37:49.000Z,0,,,,,,,
435748,Vos numéros sont injoignable  j’arrive pas à vous avoir,589,instagram,"brother.ts
",2024-04-12T00:02:44.000Z,0,,,,,,,
828965,c pas loin de chez moi par contre sa prends 20 minute pour se preparer,45326,tiktok,@budz,2026-01-02T20:15:55.685283,1,,,,,,,
697928,والله عندك الحق,41670,tiktok,@street_food,2026-01-02T19:57:49.336045,1,,,,,,,
829024,"Très beau et bon restaurant, service et belle accueil, juste la musique trop de nostalgie du passé",3596,Google Maps,Laurel Restaurant,2025-11-12T12:36:27.551Z,0,,,,,,,
829038,يبيع فريت اوملات؟,19580,tiktok,@sultan,2026-01-02T18:17:17.746524,1,,,,,,,
960111,500الف نكري غواصة ونتعشة عند مستر سلطع,10373,Facebook,Dz Forest Restaura,2025-10-13T02:03:16.000Z,0,,,,,,,
829040,ألعاب العقل 150الف كلش  ولا طبسي واحد افهمنا,11651,Facebook,Restaurant San Benito,2025-10-04T13:18:33.000Z,0,,,,,,,
435825,تخرجو لتونس ؟,39168,tiktok,@itchy_food,2026-01-02T19:41:08.941133,0,,,,,,,
304755,لازم متابعين,16364,tiktok,@mardoum,2026-01-02T18:08:10.555298,0,,,,,,,
960116,"Very nice historical restaurant, fish was so so tasty, beef wasn't as expected, prices , staff were nice but not responsive, 1 juce >> 700 da",3483,Google Maps,Caracoya,2022-09-12T23:09:08.110Z,1,,,,,,,
960117,راني حذاه وقريب تتحشالي و نروحلو الحمد لله على نعمة التعليقات  [APPRECIATION],20754,tiktok,@labelladalger16,2026-01-02T18:19:43.848847,0,,,,,,,
435830,Une opportunité a ne pas rater c’était très agréable,7425,Google Maps,American Burger said hamdine,2024-10-17T20:28:42.256Z,0,,,,,,,
566903,ماكلة كلاس؟,71166,tiktok,@paradou_restaurant,2026-01-02T22:05:03.494326,0,,,,,,,
435832,can you share the link to the restaurant?,22464,tiktok,@le_perchoir,2026-01-02T18:25:02.841809,0,,,,,,,
173686,بولحية هذا واعر,11215,Facebook,Restaurant Casa Bella - Draria,2025-07-27T04:46:21.000Z,0,,,,,,,
304763,الخرطي يجي باين,12206,Facebook,Restaurant San Benito,2025-10-14T12:54:05.000Z,0,,,,,,,
566926,Je pense que c'est plutôt une caverne c'est ce que j' ai vu,11097,Facebook,Restaurant Casa Bella - Draria,2025-09-03T22:43:53.000Z,0,,,,,,,
960146,اكبر حشوه هو رأس السنة,66164,tiktok,@restaurant_mani,2026-01-02T21:47:16.832870,0,,,,,,,
566932,"Le lieu est toujours aussi beau, mais je trouve que la nouvelle cuisine américaine a fait perdre la touche spéciale de Hichem Cook. La pizza est devenue très basique, loin de la qualité italienne d’avant. Service un peu lent aussi. Dommage, j’espère que ça s’améliorera bientôt !",4008,Google Maps,هشام كوك بيتزا,2025-10-29T19:09:09.036Z,0,,,,,,,
173722,le cuisinier j'ai cru que c'était cheb nadir 22,69096,tiktok,@cote_oran,2026-01-02T21:57:43.121343,1,,,,,,,
304798,C’est des mal éduqués tout simplement,16686,tiktok,@user5834669559361,2026-01-02T18:10:45.705988,56,,,,,,,
173731,La déco elle est magnifique je vais le tester c'est le meilleur choix pour les amateurs de la cuisine asiatique,1285,instagram,madisushioran,2025-09-14T17:49:00.000Z,1,,,,,,,
698023,Mansøur Møu Řad في الشلف في المراكز التجارية كل من سيتي شوب او عزوز ماركيت او بوب شوب او بدر شوب لحم الخروف الاسباني بمية وعشر الاف للكيلو والجاج المستورد ستة وثلاثين الف للجاجة والمرڨاز سبعين حتى لثمانيين ألف والزوالي عايش كيفو كيف الغني,10284,Facebook,Dz Forest Restaura,2025-10-13T21:50:00.000Z,6,,,,,,,
173742,مطعم الباي.  [APPRECIATION],66590,tiktok,@bakhcis_oran,2026-01-02T21:50:40.600990,45,,,,,,,
304844,شحال لفريت اوملات وقرعة حمود,11191,Facebook,Restaurant Casa Bella - Draria,2025-10-15T20:30:11.000Z,0,,,,,,,
698060,اكدلي على أسعار ؟,68748,tiktok,@cote_oran,2026-01-02T21:57:33.645078,4,,,,,,,
960208,Sadak Sadak راك غالط صديقي الحوت مليح لأصحاب الكوليسترول صحيح كاين كيما الصومون في الدسم ما تكثرش منه.,13302,Facebook,Restaurant San Benito,2025-10-14T21:01:04.000Z,1,,,,,,,
960210,المطاعم كل مليحة في عنابة,58856,tiktok,@maestro_dz13,2026-01-02T21:21:20.566492,1,,,,,,,
566994,chef Anis  [RECOMMENDATION],29748,tiktok,@easy.cheesy,2026-01-02T18:51:44.226433,0,,,,,,,
829140,je confirme c'est très bon là-bas,21726,tiktok,@maison_sardoudi,2026-01-02T18:22:30.984893,0,,,,,,,
435931,150 . في ماذا ؟؟ للطبق الواحد ؟ ولا الكل ؟؟ وضح للناس,11472,Facebook,Restaurant San Benito,2025-09-04T12:22:23.000Z,0,,,,,,,
829150,الحاجة لي تصرف عليها قاع تجي شابة,41634,tiktok,@street_food,2026-01-02T19:57:48.416275,1,,,,,,,
829157,Vous organisez les soirées? Je savais pas,23724,tiktok,@leonard_restauran,2026-01-02T18:26:57.764646,0,,,,,,,
698086,"Il faut le manger à Oran, il est plus original que ça",72156,tiktok,@pont_hydra,2026-01-02T22:13:17.221104,44,,,,,,,
567023,بكري كانت مليحا,42858,tiktok,@pizza_carre,2026-01-02T20:00:32.044350,1,,,,,,,
567031,C tellement bon laba !,35916,tiktok,@sinai,2026-01-02T19:28:28.959377,0,,,,,,,
173816,J’y ai mangé avec un amis grosse erreure sur l’addition avec la fameuse calculatrice et franchement pas exceptionnel,35854,tiktok,@sinai,2026-01-02T19:28:27.105081,0,,,,,,,
173826,خاطر فالدار النقاوة,42422,tiktok,@street_food,2026-01-02T19:58:07.057172,0,,,,,,,
567058,"Le buffet des desserts, si je devrais mettre une note sur 10, je mettrai même pas cinq que du congelé",25308,tiktok,@lovers_grill,2026-01-02T18:33:43.549927,1,,,,,,,
960277,تسما نجيب فرشيطا ونجي راني جايا  [APPRECIATION] [SERVICE],65752,tiktok,@vibe.bistrot,2026-01-02T21:45:41.564387,2,,,,,,,
829219,ميخدموش فيه لبنات تع درارية؟؟؟ حبيت نخدم فوندوز,23944,tiktok,@spotter.dz,2026-01-02T18:27:19.819383,1,,,,,,,
829223,Le meilleur  [APPRECIATION],63962,tiktok,@restauranttrattoriaoran,2026-01-02T21:34:06.668659,1,,,,,,,
436031,تع رياض احسن ملفاي في كرتيا,52944,tiktok,@patisserie_annaba,2026-01-02T21:04:18.982313,1,,,,,,,
698183,L’atelier en ville l’un des meilleurs  [APPRECIATION],21772,tiktok,@maison_sardoudi,2026-01-02T18:22:31.744617,0,,,,,,,
829274,رحت عندو حاجة شابة والاكل بنين,20324,tiktok,@labelladalger16,2026-01-02T18:19:31.025244,0,,,,,,,
829281,"Pourquoi vous demandez les Prix à chaque fois? Ce lui qui est habitué à la pizza carré, l'endroit n'est pas pour lui ni elle.",15354,tiktok,@fouka.marine,2026-01-02T18:07:32.483993,56,,,,,,,
698215,هو صح شباب لكن الاسعار ليس في مقتبل الجميع,18726,tiktok,@helena,2026-01-02T18:16:17.035660,0,,,,,,,
305007,سر المهنة,41914,tiktok,@street_food,2026-01-02T19:57:54.385417,0,,,,,,,
305009,تدخل تينال و سلاك كي TGV,11053,Facebook,Restaurant Casa Bella - Draria,2025-07-27T19:26:13.000Z,0,,,,,,,
829300,كرتيا والله مانعرفو يومي نفوت عليه,53730,tiktok,@guellil._.tasnim,2026-01-02T21:08:11.755070,3,,,,,,,
436095,Les grands Chefs de la haute gastronomie ne se sont pas trompé en décrivant des énergumènes pareils des charlatans opportunistes. et puis cette gueule me déplaît énormément !,11335,Facebook,Restaurant Casa Bella - Draria,2025-07-26T12:46:48.000Z,0,,,,,,,
698242,Je recommande ce restaurant incontournable de par le rapport qualité prix. Plats variés de la viande au poisson.,3453,Google Maps,Caracoya,2023-09-23T20:21:39.282Z,2,,,,,,,
829320,C'était très bon Le sandwich philly cheese est très bon de même pour forest burger le seul problème il faut attendre vu que il y'a toujours du monde Je le recommande miam miam,8638,Google Maps,American Burger Factory,2022-03-05T11:38:46.152Z,1,,,,,,,
960395,:et l'algérien qui ne sait pas lire le menu en français? .,71304,tiktok,@kais_salonthe,2026-01-02T22:07:35.407633,0,,,,,,,
436122,أقسم بالله العلي العظيم ماتاكل هذاك البلا ب 150 . البلا تاع 150 فيه الڨامبا تحسب زغلال . كلينا عندك ونعرفو العقلية. االله يهدينا ويهديك,11467,Facebook,Restaurant San Benito,2025-07-27T05:26:08.000Z,19,,,,,,,
173979,"ça donne de l'eau à la bouche, Thala veut dire, la source ou la fontaine, il fallait donner l'adresse pour ceux qui veulent faire un tour",27770,tiktok,@thala,2026-01-02T18:45:04.675156,0,,,,,,,
960414,بالعكس تاع الدار يجي بنين على تاع برا شوف نتا بالاك مرتك و لا ختتتك ما تعرفش اطيب مليح,42278,tiktok,@street_food,2026-01-02T19:58:04.457322,0,,,,,,,
436127,ada babahom kol wahid mille-feuilles wahid mille-feuilles mich nrm,52808,tiktok,@patisserie_annaba,2026-01-02T21:04:15.964229,1,,,,,,,
960429,500نشري عتروس وناكل شهر,10584,Facebook,Dz Forest Restaura,2025-10-13T20:49:53.000Z,0,,,,,,,
436144,تحيا طبرقة,59094,tiktok,@maestro_dz13,2026-01-02T21:21:23.893674,0,,,,,,,
698289,"Salam vraiment très bon, accueil chaleureux a l’Algérienne, rien a dire nous avons très bien mangé magnifique.",3611,Google Maps,Laurel Restaurant,2025-10-21T11:40:10.164Z,0,,,,,,,
174004,Et voila ce que je viens de trouver dans un sandwich qui dégoutte on m’he de la saleté directement c’est aujourd’hui le 30/07/2023,6092,Google Maps,Casbah Istanbul,2023-07-30T13:23:35.130Z,1,,,,,,,
829365,Leur kbeb poulet est délicieux,36118,tiktok,@sinai,2026-01-02T19:28:35.422897,0,,,,,,,
305077,في متناول لاعبي الاهلي,23948,tiktok,@spotter.dz,2026-01-02T18:27:23.296447,38,,,,,,,
305081,مشاء الله حلمي نعيش سويعة كما هكا انا وزجي,67252,tiktok,@bladi_oran,2026-01-02T21:51:40.948774,0,,,,,,,
436158,أسعار تاع عملية زرعت كلية ارخص منها,48262,tiktok,@rahmani_food,2026-01-02T20:34:28.248838,0,,,,,,,
436165,روحي تعطي ناكله في داري,13847,Facebook,Restaurant San Benito,2025-12-30T17:42:41.000Z,0,,,,,,,
305097,The best in Indian Food,3115,Google Maps,تاج محل بن عكنون,2023-07-29T19:25:15.825Z,0,,,,,,,
436171,اسراخيل العب العب حبيبي,486,instagram,"brother.ts
",2024-10-20T11:41:22.000Z,0,,,,,,,
829389,"Ça sert à rien de faire la publicité sans afficher les prix, les gens veulent savoir ce qu'ils paient avant de venir, bonne chance avec votre resto !",10211,Facebook,"  Restaurant elassil








",2025-12-17T20:02:36.000Z,0,,,,,,,
305108,رني هنا كي تغيبلك عيطلي  [BOUFFE],16106,tiktok,@mardoum,2026-01-02T18:08:03.913148,0,,,,,,,
436189,Inchallah Dieu vous réussi dommage je suis loin,34816,tiktok,@sinai,2026-01-02T19:27:58.405239,1,,,,,,,
698342,منعلقش نخاف يتوسوس.,46468,tiktok,@damisoran31,2026-01-02T20:22:09.873673,0,,,,,,,
829415,خليل رحماني ها حشاهالك,9774,Facebook,Dz Forest Restaura,2025-10-12T19:23:34.000Z,2,,,,,,,
174056,ياحسرى ايامات البيزا بصح طورت الامور لافضل الله المستعان,58020,tiktok,@la.nouvelle.etoile0,2026-01-02T21:19:28.205394,1,,,,,,,
436202,وفيه الصراصير,18394,tiktok,@helena,2026-01-02T18:16:11.210244,0,,,,,,,
698373,"La nostalgie, Oran est la belle époque, les années 70 w 80, c'est un endroit que mon père Allah yerhmou le fréquente et les anciens D'Oran les vrais, Ahmed, wafi, khaled, boufou, Diden. Et les autres",64492,tiktok,@cintra,2026-01-02T21:34:51.788225,0,,,,,,,
174089,تنفخ القلاوي,11242,Facebook,Restaurant Casa Bella - Draria,2025-07-27T14:39:32.000Z,0,,,,,,,
436237,والله يالشاف تحوشت ماكلتك شهادة لله ماتلقى البنية غير عند السي حميد ربي يباركلك,62216,tiktok,@hamidhamid806,2026-01-02T21:29:09.825901,1,,,,,,,
698382,واش من بصلة,12646,Facebook,Restaurant Rais,2025-10-14T10:49:51.000Z,0,,,,,,,
305175,رائع وخصوصا ممن يعملون داخله,8494,Google Maps,American Burger Factory,2023-06-29T13:37:35.293Z,0,,,,,,,
305180,Comment sa se fait ces trop chere pour manger dans in restaurant a oran ces vraiment abusé ces fini on mange a la maison,62776,tiktok,@allechante,2026-01-02T21:30:57.321129,1,,,,,,,
960546,Je mets deux étoiles pour l'emplacement adéquat. Des plats ordinaires à des prix plus qu'élevés!,3491,Google Maps,Caracoya,2022-03-13T16:03:56.733Z,0,,,,,,,
698411,je me souviens les escargots à la bourgogne au restaurant le gourbi a ain raya,73130,tiktok,@pont_hydra,2026-01-02T22:13:48.279102,0,,,,,,,
960558,علا قداش تغلقو ؟,2033,instagram,the____bakery,2025-08-02T18:14:07.000Z,3,,,,,,,
698422,فخامة الاسم  [APPRECIATION],39128,tiktok,@itchy_food,2026-01-02T19:41:08.088640,1,,,,,,,
567355,نعم مطعمي المفضل في الحوت الماكلة بنينة والجلسة جميلة والمعاملة هايلة وألسرعة في السرفيس  ممتاز واصلو [APPRECIATION],15158,tiktok,@fouka.marine,2026-01-02T18:07:26.128052,10,,,,,,,
436287,je confirme chikhed khorwan lahi barek  [APPRECIATION],36938,tiktok,@restaurant.madala,2026-01-02T19:34:41.737937,1,,,,,,,
960577,High prices,5701,Google Maps,Casbah Istanbul القصبة اسطنبول,2022-01-18T04:19:49.984Z,0,,,,,,,
698437,عنابة يادولة كنت ثم [APPRECIATION],62092,tiktok,@le.rooftop.annaba,2026-01-02T21:27:47.356296,0,,,,,,,
960587,اكل حرام,4864,Google Maps,Hicham cook pizza pasta,2021-11-20T15:57:07.079Z,0,,,,,,,
698453,chez le pond d'hydra j'ai étais serveur la bas  [APPRECIATION],73194,tiktok,@pont_hydra,2026-01-02T22:13:49.131786,0,,,,,,,
829526,YéSs INe Toumi سيدك بلعباس واحد القحب عندكم جلابة على اللحم,12883,Facebook,Restaurant San Benito,2025-10-13T04:08:59.000Z,0,,,,,,,
698460,انا رحت دومونديت حوايج سيكخي يهبلو وسعر معقول ومعاملة تهبل صراحة [APPRECIATION],58104,tiktok,@vilageneige_annaba,2026-01-02T21:19:45.812451,0,,,,,,,
174181,بسم الله ماشاء الله  [APPRECIATION],1542,instagram,niwafood,2025-11-12T19:53:44.000Z,1,,,,,,,
436328,"J'ai pas aimé du tout alors le concept est bien personnels bien mais la pizza la cata le visuel magnifique mais la réalité et loin de l'être alors j'ai pris pizza beef (la viande en dirait des petits olives et en faite c'est la pâte qui est grillée c'est pas du fromage non plus. et cest très sec , vraiment dommage on trompe les gens comme ça.",4802,Google Maps,Hicham cook pizza pasta,2022-09-25T20:04:29.482Z,7,,,,,,,
305263,قلشيني,13132,Facebook,Restaurant San Benito,2025-10-12T23:13:13.000Z,0,,,,,,,
960627,"سان بينيتو؟ سان معنتها القديس ""القديس بينيطو "" صافي كامل الأسامي قلو هذا ملقيتو!",13200,Facebook,Restaurant San Benito,2025-10-13T16:26:52.000Z,0,,,,,,,
567416,Non c pas vrai,69882,tiktok,@chtibo_oran,2026-01-02T21:58:36.398813,0,,,,,,,
567423,نموت على الماكلة نتاعه [APPRECIATION],31124,tiktok,@taylor,2026-01-02T19:10:46.080360,0,,,,,,,
305279,Les meilleurs  [APPRECIATION],28114,tiktok,@amine.lacantine,2026-01-02T18:45:39.010142,0,,,,,,,
305283,خامج بنين حاجة باينة,42088,tiktok,@street_food,2026-01-02T19:58:00.340533,0,,,,,,,
436356,مطعم الرايس - Restaurant Rais كل شي راك تجاوب فيهم غير السعر راك تتهرب منه هههههههههه,12492,Facebook,Restaurant Rais,2025-10-13T14:20:49.000Z,4,,,,,,,
829579,الله يبارك والله يستاهل,11881,Facebook,Restaurant San Benito,2025-09-25T14:21:23.000Z,0,,,,,,,
567436,لا كان شباب خصر,46912,tiktok,@oumanger.oran,2026-01-02T20:24:00.368780,0,,,,,,,
305293,Very expensive,2355,Google Maps,HichamCook Grill House,2025-05-12T20:32:02.225Z,0,,,,,,,
174230,Livraison kourifa?,29326,tiktok,@elcuatro_burgers,2026-01-02T18:49:37.864537,0,,,,,,,
960662,جمال كريم شمس عق,12107,Facebook,Restaurant San Benito,2025-10-13T16:02:41.000Z,0,,,,,,,
305306,انا ناكل صباعي من موراها بصح انتي شتاكلي موراها,12923,Facebook,Restaurant San Benito,2025-10-13T15:08:55.000Z,0,,,,,,,
174242,علابالنا كاين الخير بصح مكاش الدينار,13209,Facebook,Restaurant San Benito,2025-10-12T22:38:28.000Z,0,,,,,,,
436399,مش هو اللي اغني. و مستحيل اقلد صوت الشاب مامي,63356,tiktok,@santorino,2026-01-02T21:32:13.067115,31,,,,,,,
436400,200 الف ناس تعيش بيها سمانة,53608,tiktok,@mega_pizza_annaba,2026-01-02T21:07:54.937603,0,,,,,,,
698549,الفريت طبسي ب 600 الف. اليهود وماداروهاش,10734,Facebook,Restaurant Casa Bella - Draria,2025-12-07T10:18:50.000Z,0,,,,,,,
829621,Je vous le recommande vivement il fait de bons burgrs,8687,Google Maps,American Burger Factory,2021-09-17T14:59:39.853Z,0,,,,,,,
174263,Que la vue qui est belle sinon il y’a rien de Manger,68376,tiktok,@le_petit_chalet,2026-01-02T21:55:05.450147,5,,,,,,,
960697,"Si seulement je pouvais partager la photos du gateau d'anniversaire que j'ai commandé et celui que j'ai reçu, ils se sont permis de le modifier et ils me disent qu'ils pensaient bien faire . En plus de ça à un prix exorbitant. Et lorque je réclame ils essayent de s'en tirer avec des excuses enfantines et un simples désolé. C'est hanteux",3864,Google Maps,L’Alchimiste Pâtisserie,2024-11-22T13:02:14.188Z,1,,,,,,,
829625,a deconseille mes amis une pizza aux fruits de mer a 1800 da etait au poulpe . est ce un poulpe est un fruit de mer? ils se foutent des clients .,64156,tiktok,@restauranttrattoriaoran,2026-01-02T21:34:11.259452,0,,,,,,,
174272,Mon endroit préféré  [APPRECIATION],24620,tiktok,@laturquoisehotel,2026-01-02T18:30:17.426534,2,,,,,,,
567498,واش المقصود كي فتحوها في وقت الحرب,38192,tiktok,@kfc,2026-01-02T19:39:29.030074,0,,,,,,,
567506,أودي انت الحوت  لي نقدر ناكلها,13239,Facebook,Restaurant San Benito,2025-10-13T13:16:46.000Z,0,,,,,,,
960736,Ouine L adresse chahitouni,9509,Facebook,Dz Forest Restaura,2025-10-13T18:04:38.000Z,0,,,,,,,
960738,نخدم قدامو و ناكل عندو دايما كلش مليح مي نص الفلوكة برك يڨهم [APPRECIATION],1854,instagram,snacky_time_kouba,2025-06-08T21:15:28.000Z,7,,,,,,,
174312,القوة تتكلم عند لوفيييي عشاق طاكوس ولمقلوب مرحبابيكم عند شاف لوفي,53866,tiktok,@guellil._.tasnim,2026-01-02T21:08:14.207242,0,,,,,,,
829672,kayen livraison ouled fayet,48722,tiktok,@cassecroute_dz,2026-01-02T20:37:02.209897,1,,,,,,,
567529,علاش علاش تشهي فينا ااااه ياقلبي نهار نموت ونظمن الجنه ناكلها تم ولا دوك مستحيل مع بوركايب,28192,tiktok,@amine.lacantine,2026-01-02T18:45:40.891360,0,,,,,,,
436463,واحد مايكل عندو قاطعوه برك,38032,tiktok,@kfc,2026-01-02T19:39:26.429116,0,,,,,,,
436479,الأورو  [PRICE],9168,Facebook,"

Restaurant Casa Bella - Draria",2025-12-02T21:06:35.000Z,3,,,,,,,
305412,"plat pour deux personnes comme celui-là, il fait combien svp ?",10789,Facebook,"  Restaurant elassil








",2025-12-29T17:26:53.000Z,0,,,,,,,
960796,الله يبارك مكان جميل,70294,tiktok,@le_petit_chalet,2026-01-02T22:00:17.984149,0,,,,,,,
829725,كاين توصيل عين النعجة,17156,tiktok,@casa_burger1,2026-01-02T18:11:29.349471,0,,,,,,,
174368,أولا : موقف السيارات كان ممتلئ انتظرنا قليلا في الخارج حتى أخذنا مكانا بالداخل . نضام ماشاء الله ، حراس جدا محترمين . ثانيا : الإستقبال كان جيد جدا و احترافي ، انتظرنا قليلا حتى خلى بوكس عائلي . ثالثا : بالنسبة لفريق العمل يستاهلون العلامة الكاملة فريق محترم و احترافي سواء في الإستقبال أو في تقديم الطعام وكذلك البوكس كان جد خصوصي و مريح . رابعا : الطعام الأصل أن المطعم مختص في المشاوي لذلك أنصح مرتادي المطعم بالمشاوي خصوصا على العموم تقييمي للمطعم ككل 8. 5/10 .,2421,Google Maps,HichamCook Grill House,2024-10-04T23:01:25.571Z,0,,,,,,,
960806,Service impeccable Nourriture délicieuse tout les plats à sont bon,6499,Google Maps,Restaurant À Petit Feu,2025-11-01T13:08:00.265Z,0,,,,,,,
960808,ربي يرزقنا الجنة ان شاء الله,18618,tiktok,@helena,2026-01-02T18:16:15.458420,0,,,,,,,
829737,La Poutine juste les frites j'aime pa du tout le tacos aussi w les prix sont chers fi batel,7993,Google Maps,American Burger said hamdine,2021-07-28T09:50:29.338Z,1,,,,,,,
698669,تخلعت كيفاش لقيتو ملور,51882,tiktok,@quick_bite,2026-01-02T21:02:01.145593,1,,,,,,,
829742,Très bonne expérience Service rapide Les bergers sont bon,7194,Google Maps,American Burger said hamdine,2025-04-16T18:48:19.165Z,0,,,,,,,
567602,"One of the best burgers in Algiers, would recommend.",7086,Google Maps,American Burger said hamdine,2025-04-17T14:44:32.376Z,0,,,,,,,
305463,يحيا الطبخ الجزائري,65874,tiktok,@cote_oran,2026-01-02T21:46:16.156807,5,,,,,,,
829754,الله يبارك حميد غني علي التعريف ربي يوفقك خوية,62252,tiktok,@hamidhamid806,2026-01-02T21:29:12.264886,1,,,,,,,
960829,El Corleon 20€ f Dz kheddam simple lazem izeyyar ro7o Bach yefdhelhoum a la fin du mois Europe : 20€ 2 heures de travail. Hna yesqamlek plat kima hada 100€ Li hiya une journée Ta3 khedma,9051,Facebook,Dz Forest Restaura,2025-10-26T10:29:33.000Z,2,,,,,,,
174402,"خونا ""كوك"" يبان السنكوشي قدام هذا",19122,tiktok,@helena,2026-01-02T18:16:28.398043,1,,,,,,,
698692,The best frero  [APPRECIATION],52214,tiktok,@uncles_burger_dz,2026-01-02T21:03:27.374755,1,,,,,,,
698696,رحت عندو فليل,20428,tiktok,@labelladalger16,2026-01-02T18:19:36.965687,0,,,,,,,
174413,Lmakla chwiya chwiya. Le tacos gratiné reçu pressé oumba3d zadolo chedar mal fou9 machi ga3 professionnel,6842,Google Maps,American Burger Factory,2025-07-23T00:49:52.218Z,0,,,,,,,
698713,pizza au feux de bois,21260,tiktok,@triple_,2026-01-02T18:22:04.417996,0,,,,,,,
567650,Un restaurant beaucoup trop sur côté. Certes la déco est soigné avec un joli mobilier au Rez de chaussée particulièrement et des salles très grandes ainsi que 2 étages supplémentaires. Mis à part les pizzas qui étaient très bonnes le reste l est pas à la hauteur des prix pratiqués. Les légumes sont saveurs le riz est trop sec le poulet n est pas denervé correctement. Au vu des nombreux commentaires positifs qui entourent cet établissement on ne peut qu être déçus. Les prix sont trop cher pour ce que ce c est! L équipe est très professionnel et on est servis très rapidement.,7378,Google Maps,Restaurant À Petit Feu,2024-07-28T14:47:30.385Z,0,,,,,,,
436579,ولي راهم ريجيم كيفاه  [COMPLAINT],560,instagram,"brother.ts
",2024-03-17T10:48:47.000Z,0,,,,,,,
174436,حمد لله علا ساعة ليرانا عايشنها,57286,tiktok,@_le216_,2026-01-02T21:17:20.268730,1,,,,,,,
829803,Mmm c étais top un délice j habite en France je suis parti en Algérie à bousaada puis alger pour venir goûter vos plats,8519,Google Maps,American Burger Factory,2023-03-28T12:10:32.531Z,0,,,,,,,
567661,الاسعار في متناول لاعبي ريال مدريد,17796,tiktok,@casabelladraria,2026-01-02T18:14:46.930836,1,,,,,,,
436590,خالد مولاي ماتخممش عليا علبالي واش نهدر,9435,Facebook,Restaurant Casa Bella - Draria,2025-12-07T17:42:55.000Z,0,,,,,,,
436589,احكيلنا على الاسعار باش مانشقاوش باطل حبيبتي,30704,tiktok,@tastino7,2026-01-02T19:06:20.334646,0,,,,,,,
174451,vive Oran avec ces talents algériens,68700,tiktok,@cote_oran,2026-01-02T21:57:32.413667,9,,,,,,,
698751,C bien sauf que la viande arrive sur la table froide et pas chaud,63586,tiktok,@silyon69,2026-01-02T21:33:07.064753,0,,,,,,,
567680,je vous le déconseille fortement,2805,Google Maps,HichamCook Grill House,2023-01-15T19:03:43.165Z,0,,,,,,,
174475,Les meilleurs soirées sont toujours chez Léonard,23740,tiktok,@leonard_restauran,2026-01-02T18:26:57.764657,1,,,,,,,
829839,Sous estime les clients très désagréables un temps d’attente de fous une à deux heures le thé offert n’a pas été proposé et même pas il nous on demander si la bouffe été bonne le pide viande la viande été très décevante une odeurs bizzar un goût très désagréable,5616,Google Maps,Casbah Istanbul القصبة اسطنبول,2023-02-12T17:12:44.276Z,1,,,,,,,
174481,magic hose,49870,tiktok,@flamingo,2026-01-02T20:44:07.237956,1,,,,,,,
436629,mâcha allah bonne continuation DZDZ,36086,tiktok,@sinai,2026-01-02T19:28:34.439321,0,,,,,,,
960919,L’adresse s’il vous plaît,34436,tiktok,@restaurantmonegasque,2026-01-02T19:23:59.837579,0,,,,,,,
174488,oblige on couple,23448,tiktok,@moonzrestaurant,2026-01-02T18:25:45.191542,1,,,,,,,
698777,قل ما شاء الله,39442,tiktok,@brother.tselbiar,2026-01-02T19:41:44.169672,0,,,,,,,
436631,"Super accueil super service gentillesse de toute l’équipe Plats super généreux avec un goût exquis hâte d’y retourner , je recommande vivement.",2578,Google Maps,HichamCook Grill House,2024-01-02T22:14:09.932Z,0,,,,,,,
567707,No de tél,10269,Facebook,,2025-12-01T08:57:42.000Z,0,,,,,,,
960925,خصتنا خرجا هكا  [APPRECIATION],17404,tiktok,@savannah,2026-01-02T18:12:56.692547,3,,,,,,,
567712,"La vérité le restaurant est magnifique mais la façon d parler des serveurs j’ai pas trop aimer , j étais pas à l aise. après ça reste mon avis .  [APPRECIATION]",21956,tiktok,@maison_sardoudi,2026-01-02T18:22:36.412490,0,,,,,,,
305570,تربية الأرانب حلوي لخضر awili,12862,Facebook,Restaurant San Benito,2025-10-12T21:59:11.000Z,0,,,,,,,
567716,c est du boudjeghlelou ça ?  [APPRECIATION],73230,tiktok,@pont_hydra,2026-01-02T22:13:49.961591,0,,,,,,,
960935,مطعم ماشاء الله,2490,Google Maps,HichamCook Grill House,2024-05-24T00:43:38.718Z,0,,,,,,,
960938,Tayeb Yahiaoui Ahmed Yacine cmntr lewl,12853,Facebook,Restaurant San Benito,2025-10-12T23:15:31.000Z,4,,,,,,,
960942,انا شفتهم دخت من السكر يا يما شاراكم تاكلو [COMPLAINT],467,instagram,"brother.ts
",2025-07-30T13:51:34.000Z,25,,,,,,,
305589,زردة لباغي تأكل خويا خيما كبيرى,12234,Facebook,Restaurant San Benito,2025-10-12T23:45:20.000Z,0,,,,,,,
436666,C’est un très bien restorent,7010,Google Maps,American Burger Factory,2025-07-12T20:11:15.852Z,0,,,,,,,
698816,"Meilleur pizza italienne, super déco et service !",7159,Google Maps,Restaurant À Petit Feu,2025-02-14T13:50:40.318Z,0,,,,,,,
436680,الحوت الشباب هيا الروجي تاعك مفيهاش شوك وبنينة يخويا يخويا,13438,Facebook,Restaurant San Benito,2025-10-26T14:30:47.000Z,2,,,,,,,
829909,"Un restaurant très populaire, il était plein quand nous y étions et nous avons dû supporter les cris d'un bébé pendant tout le repas. Aussi, n'allez pas dans la salle familiale. La cuisine indienne ne nous a pas enthousiasmé. Les serveurs étaient très sympathiques",2980,Google Maps,تاج محل بن عكنون,2025-11-16T12:12:50.951Z,0,,,,,,,
305631,Carré d'or très bon  [APPRECIATION] [BOUFFE],2146,instagram,wonder_food.s,2025-01-16T21:26:32.000Z,1,,,,,,,
174565,9olh tani bli 3 pieces crispy ou frit b 900da,47940,tiktok,@rahmani_food,2026-01-02T20:34:20.221931,182,,,,,,,
305639,نقلشك سيدي  [COMPLAINT],13099,Facebook,Restaurant San Benito,2025-10-13T16:45:35.000Z,0,,,,,,,
567783,تاع مكلا بارك هدا واش تعرفو,11208,Facebook,Restaurant Casa Bella - Draria,2025-07-28T10:19:05.000Z,0,,,,,,,
567791,غير عطيها مانجوش ناكلو لكونجلي نعرفو نمرمطو,11764,Facebook,Restaurant San Benito,2025-07-27T08:09:02.000Z,0,,,,,,,
174576,راك تصور فالحوت ولا الشيرة فهم روحك,13842,Facebook,Restaurant San Benito,2025-12-25T18:28:03.000Z,0,,,,,,,
436723,"Bonne ambiance, tres bon plats serveurs tres aimable par contre le gerant (turc) antipathique, limite méchant avec son staff",5731,Google Maps,Casbah Istanbul القصبة اسطنبول,2021-10-20T14:56:11.710Z,0,,,,,,,
436725,"Casbah Istanbul à garden city ouled fayet L’endroit est chaleureux avec une décoration simple et propres Le service est irréprochable, le chef de rang surnom ""amine "" تبارك الرحمن cest un artiste de classe bien éduqué, aimable gentille, réactifs, souriants et à l’écoute, Il a sincèrement une approche magnifique . "" je le regarder sur plus de 10 table"" ce qui rend l’expérience encore plus agréable. Je demanderais au parton. de le nommé ^^chef de salle^^‍‍ et le former a istambul    ou a ain benian Bravo mon garçon. t'es le meilleur ! Quant à la nourriture, elle est délicieuse, avec des plats savoureux, bien préparés Une adresse à recommander pour passer un bon moment , dans un cadre familial",5808,Google Maps,Casbah istanbul,2025-11-15T21:26:49.894Z,1,,,,,,,
829943,ياخوة هدا اكبر مونفق,10939,Facebook,Restaurant Casa Bella - Draria,2025-07-29T23:14:12.000Z,0,,,,,,,
567808,تليفون طافي مكانش,47926,tiktok,@american_pizza,2026-01-02T20:33:55.893464,0,,,,,,,
567816,بلا منكمل الفيديو المقولة الشهيرة نعطيه 9/10 خاطر كون تقول 10/10 يفيقو بيك,55042,tiktok,@luestro_annaba,2026-01-02T21:12:19.312136,1,,,,,,,
961042,tu m'as donné envie  [APPRECIATION],54382,tiktok,@krunchy_annaba,2026-01-02T21:09:13.156234,1,,,,,,,
174618,Service très lent 45 min pour avoir un sandwich Philly cheese steak Service très nul,8583,Google Maps,American Burger Factory,2022-08-20T19:26:10.047Z,1,,,,,,,
829984,"Bon, nrmlment l’image parle d’elle même, pizza pas ouf ouf et trop grillé. A part ça service fort et aimable !",4103,Google Maps,هشام كوك بيتزا,2025-02-27T22:58:50.812Z,0,,,,,,,
829987,Mes félicitations  [APPRECIATION],2231,instagram,teyr_ellil,2025-03-12T20:38:50.000Z,1,,,,,,,
436775,االسرفيس زيرووووو رحت وندمت ومبقيتش نرجع,52160,tiktok,@uncles_burger_dz,2026-01-02T21:03:26.444462,17,,,,,,,
567848,Kifch swrti hkda plusieurs video dertihom f video whd wla 93dti à chaque fois diri pose ?,23572,tiktok,@jomane,2026-01-02T18:26:24.548394,0,,,,,,,
829994,القرلو بزاف و الجزيرة درارية احسن مطعم في الجزائر . قالوها الاجانب ماشي حنا .,8877,Facebook,Restaurant Casa Bella - Draria,2025-12-07T06:37:21.000Z,8,,,,,,,
961077,كاش واحد يتاخطرلي عليه ناكلو وحدي,24840,tiktok,@woodgrill_dz,2026-01-02T18:31:56.328133,0,,,,,,,
174652,السعر في متناول كريستيانو رونالدو,9166,Facebook,"

Restaurant Casa Bella - Draria",2025-12-03T07:12:26.000Z,6,,,,,,,
830014,ديديكاس لسكان الجنوب الكبير حتى دار عجزة مكانش,38258,tiktok,@kfc,2026-01-02T19:39:30.620909,0,,,,,,,
305730,المقر تعكم,39172,tiktok,@itchy_food,2026-01-02T19:41:08.941137,0,,,,,,,
174663,Qualité : moyenne (avant c'était top) Prix : bien Service : moyen Malheureusement la qualité des burgers se dégrade :(,8289,Google Maps,American Burger Factory,2024-07-31T01:04:59.320Z,3,,,,,,,
436807,لاباس بيه. لايوجد فيه مكان لوقوف السيارات,7867,Google Maps,American Burger said hamdine,2022-08-09T09:06:24.999Z,1,,,,,,,
567889,"Coup de cœur pour mon corner préféré ! Le burger au bœuf est super sympa, je le recommande à fond",3570,Google Maps,Laurel Restaurant,2025-12-23T18:08:08.254Z,0,,,,,,,
961115,It rock and it roll ! Bravo pour le concept vraiment poussé au moindre détail et le Hamburger et la pizza ont été excellents! Bonne continuation et surtout faite en sorte que la qualité ne se dégrade pas. J'y reviendrai avec toute la famille,4996,Google Maps,Hicham cook pizza pasta,2019-02-23T20:33:07.183Z,1,,,,,,,
174683,اووو الله يبارك يشهي  [BOUFFE],896,instagram,hichamcookgrill,2025-12-18T19:45:50.000Z,0,,,,,,,
436831,"It was a fabulous experience, the food was 10/10 and the service was incredibly quick . I recommend it .",7650,Google Maps,American Burger Factory,2025-05-10T12:06:22.145Z,0,,,,,,,
961126,ماشآءالله,2350,Google Maps,HichamCook Grill House,2025-05-29T16:11:05.522Z,0,,,,,,,
961128,Vous supportez pas la Palestine  ?,31436,tiktok,@restaurantmonegasque,2026-01-02T19:13:04.840998,60,,,,,,,
436843,Ou se trouve le restaurant ?,63976,tiktok,@restauranttrattoriaoran,2026-01-02T21:34:06.668668,0,,,,,,,
305781,"On a u anisse comme serveur vraiment raté, le service laisse a désire, on nous a donné que 1 menu , on est resté 15 min pour être abordé par le serveur",3969,Google Maps,هشام كوك بيتزا,2025-12-30T15:37:04.826Z,0,,,,,,,
436856,وين يعرف هادي وين في عنابة و اي فندق قريب لها ناس عنابة جاوبوني. من فضلكم,61370,tiktok,@denatelo_annaba,2026-01-02T21:25:02.416296,0,,,,,,,
961147,Le prix svp ?,1834,instagram,sinai.dz,2025-03-15T07:48:20.000Z,1,,,,,,,
567945,La cuisine algérienne est excellente   [APPRECIATION] [RECOMMENDATION],16996,tiktok,@user5834669559361,2026-01-02T18:10:53.059368,0,,,,,,,
305810,لانتيكا ثاني مشاء الله ماكلتو عسل,49886,tiktok,@flamingo,2026-01-02T20:44:07.237983,2,,,,,,,
699036,شحال للحبة,47480,tiktok,@street_food,2026-01-02T20:31:34.405193,0,,,,,,,
305822,Moi je préfère manger chez moi,14076,tiktok,@le_dauphin_restaurant,2026-01-02T18:00:55.718290,1,,,,,,,
961195,C’est où dans quelle ville,35320,tiktok,@sinai,2026-01-02T19:28:08.587589,0,,,,,,,
830125,"Très sympa avec un joli fond musical, George Benson ""Turn your Love Around ""; Chapeau bas   [APPRECIATION] [RECOMMENDATION]",23340,tiktok,@moonzrestaurant,2026-01-02T18:25:38.448184,1,,,,,,,
305841,m food,59680,tiktok,@maestro_dz13,2026-01-02T21:21:39.459162,0,,,,,,,
699058,علاه تلعبوها ماتعرفوش جنرال الي جابها لولادو من وهران وارواح روح حوسو تعرفو,38950,tiktok,@kfc,2026-01-02T19:40:00.958394,0,,,,,,,
830133,بني صاف وخطي في حوت لابيشري سيدي بوسيف بلا كبير ب150 تشبع تروى حوت بنة و كاليتي حوت متحكيش,11938,Facebook,Restaurant San Benito,2025-10-13T19:33:18.000Z,0,,,,,,,
830139,خليل رحماني بصكو لقاك طنح سرقك لوكان قتلو اعطيني نشوف الفاتورة و شفت,10777,Facebook,Dz Forest Restaura,2025-10-14T18:26:55.000Z,0,,,,,,,
436923,الفاخيتاس تاع هابي لاند رويبة وحدووووو  [RECOMMENDATION],30964,tiktok,@roi_du_fajitas,2026-01-02T19:08:43.362458,0,,,,,,,
568002,وانا والله غير دجاجة وواحدفريت واحد روز وزوج سلق مع وحدة حمود 3750 دج,9999,Facebook,Dz Forest Restaura,2025-10-12T22:07:10.000Z,0,,,,,,,
305859,اسعار في متناول يمين يمال,51544,tiktok,@broaster_chiken,2026-01-02T21:00:01.526211,0,,,,,,,
961219,ديريلنا على جوي ايت لي جاي في العقيد على طهر تاع روستيكا,42676,tiktok,@my_pizza,2026-01-02T19:58:59.743644,2,,,,,,,
961221,le prix de nos plats pas les prix à nos plats,37316,tiktok,@restaurant.madala,2026-01-02T19:34:50.737859,0,,,,,,,
830153,Trop chère et les glaces on dirait l’eau glacée j’ai pas du tt aimée,62624,tiktok,@allechante,2026-01-02T21:30:53.973711,0,,,,,,,
830154,ماكلة معفونة جي بنينة  [BOUFFE],42122,tiktok,@street_food,2026-01-02T19:58:01.090627,0,,,,,,,
568016,mettez nous svp la carte du menu et tarifs. bel espace le personnel sera donc de qualité professionnelle.  [APPRECIATION],15382,tiktok,@fouka.marine,2026-01-02T18:07:33.991884,0,,,,,,,
568021,حبيت,26526,tiktok,@labelladalger16,2026-01-02T18:36:56.335080,4,,,,,,,
568027,في وجهو باين لي يحكمو ينحيلو السروال,11499,Facebook,Restaurant San Benito,2025-07-28T18:55:16.000Z,0,,,,,,,
436956,Trop bonne service hayl kolsh mashallah [APPRECIATION] [BOUFFE],32276,tiktok,@le_carre_restaurant,2026-01-02T19:14:54.860341,1,,,,,,,
961248,العنوان منفضلكم,21558,tiktok,@triple_,2026-01-02T18:22:12.076138,0,,,,,,,
436960,Bein enfin  jaime mon pays mais même là je pe demande si c'est pas Fake,38234,tiktok,@kfc,2026-01-02T19:39:29.612980,0,,,,,,,
174819,اليوم نكومندي ان شاء الله,55708,tiktok,@mfood.annaba,2026-01-02T21:14:06.968842,2,,,,,,,
436983,très bons burgers excellent service avec mounir ! à refaire !,7337,Google Maps,American Burger said hamdine,2024-12-27T20:29:44.504Z,0,,,,,,,
174845,Sortie en famille totalement ratée. franchement pas top. Note en deca de la moyenne. La bouffe était mediocre. Le prix exorbitant pour ce qu'on a dans l'assiette. Ambiance très ordinaire. La seule chose qui console c'était l'attitude agréable des serveurs malgré leur manque d'organisation flagrant. Je ne conseille malheureusement pas. Faire du business c'est avant tout offrir une belle expérience au client. sur ce registre ce resto ne peut pas prétendre le faire,7820,Google Maps,Restaurant À Petit Feu,2023-07-31T13:05:30.404Z,1,,,,,,,
830213,c l'Algérie   mon frère machaallah Bladi,60004,tiktok,@the_throne_annaba,2026-01-02T21:22:24.294524,2,,,,,,,
305926,اللي يهدروا يقولوا 500نشري بيها كذا هاذم اصلا اي طبق يعلقوا فيه هكذا خاكر مايعرفوش اصلا اسوامهم وهذا سعر باهي هايل,44460,tiktok,@dzforestrestaurants,2026-01-02T20:11:54.829299,3,,,,,,,
830215,لا لة تركية بلدية برحال. عنابة.,58862,tiktok,@maestro_dz13,2026-01-02T21:21:20.566509,2,,,,,,,
174853,الله المستعان نتا شفت بروش نتاع كبدة ب 150 الف هاديك 15 ميل ومرقاز 5 آلاف و كفتة 10 آلاف باينة هاذي ماتحتاجش تخمام دير عقلك,12428,Facebook,Restaurant Rais,2025-10-14T04:14:55.000Z,2,,,,,,,
305930,البنة  [APPRECIATION],1593,instagram,pizzapocket_dz,2025-07-15T18:06:37.000Z,1,,,,,,,
174859,"Excellent service, bonne continuation",2623,Google Maps,HichamCook Grill House,2023-10-09T07:36:41.412Z,0,,,,,,,
830227,J'ai pas aimé du tout. Bcp de pub pour rien.,7906,Google Maps,American Burger said hamdine,2022-03-16T23:54:49.252Z,0,,,,,,,
174869,لازم الواحد يلبس casque حديد باش كي يجي يخلص مايحسش بالضربة في الراس,58146,tiktok,@vilageneige_annaba,2026-01-02T21:19:45.885403,0,,,,,,,
174873,يرحم الشيباني متبدلوش خبز تاع البرڨر و الله بزاف بنين  [APPRECIATION],113,instagram,american.burger_dz,2025-06-28T17:24:34.000Z,0,,,,,,,
830234,Naili Fouad Abdelkrim كما راهم والله مايلحقو 300الف بركاو ما تستغباو في عقول الناس زوج دجاجات 120 و20مطرق شوا ب 120 والفريت والحميص ب 50الف,10051,Facebook,Dz Forest Restaura,2025-10-13T12:06:15.000Z,0,,,,,,,
174889,هذا خير من kfc,45148,tiktok,@budz,2026-01-02T20:15:51.006865,5,,,,,,,
961328,Excellent restaurant indien ! Les plats sont authentiques et très savoureux ! Je recommande fortement aux amateurs de plats épicés !,3155,Google Maps,تاج محل بن عكنون,2022-08-15T20:18:19.337Z,1,,,,,,,
305973,les pizza sont catastrophiques pour des prix élevés !,4716,Google Maps,Hicham cook pizza pasta,2024-01-19T21:54:44.092Z,0,,,,,,,
699197,le service est très long (40 min environ d'attente). Le personnel . plusieurs plats non disponibles sur le menu . Qualité de service et de personnel à améliorer.,5913,Google Maps,Casbah Istanbul,2025-05-28T12:47:37.675Z,0,,,,,,,
568127,كي نروح مع بنتي باش نشوف les plats fel menu نشوف les prix الله غالب تغيدني بنتي,21060,tiktok,@triple_,2026-01-02T18:21:58.676987,80,,,,,,,
568128,"Nous avons l'habitude de commander chez eux depuis quelques semaines, et je confirme la bonne qualité des produits : que ce soit les burgers, les sandwichs et les smash ! Mention spéciale au smash wet, avec enfin une bone sauce fromagère ! J'espère que ce continuera comme ca",6706,Google Maps,American Burger said hamdine,2025-10-05T11:03:18.026Z,0,,,,,,,
174930,"Rien a dire c’etait excellent nous avons été bien accueilli, les serveurs était toujours dispo pour nous. Nous avons pris un plat iskender et un « Et Döner », très bon et au final on a pris a emporter pide et lahmacun",5475,Google Maps,قصبة اسطنبول,2023-07-24T01:06:26.082Z,0,,,,,,,
306006,Franchement franchement il faut revoir quand même les prix c’est pas parce que on vient de France qu’on va se payer un repas entre 50 et 60 euros,17720,tiktok,@le_dauphin_restaurant,2026-01-02T18:13:51.363571,0,,,,,,,
437080,Trop petit espace !,8725,Google Maps,American Burger Factory,2021-03-12T10:56:18.261Z,0,,,,,,,
699227,ههه انت بروحك حوتة  [APPRECIATION],13216,Facebook,Restaurant San Benito,2025-10-14T20:40:31.000Z,0,,,,,,,
568177,توصلوا لتيبازة,47924,tiktok,@american_pizza,2026-01-02T20:33:55.893461,0,,,,,,,
306037,Sadak Sadak ههه صح أخي اخويا ربي يقدركم و يبعد عليكم الكوليسترول تاه الدم و الكوليسترول تاع الجيب,13304,Facebook,Restaurant San Benito,2025-10-12T20:27:36.000Z,1,,,,,,,
174973,أودي 50دج كران في مدينة جديدة و قرعة ليموناد تاع ألف و راك شباب [APPRECIATION],46730,tiktok,@oumanger.oran,2026-01-02T20:23:56.897145,0,,,,,,,
961413,بلاك قلب تاع عباد,44314,tiktok,@dzforestrestaurants,2026-01-02T20:11:47.144717,2,,,,,,,
306057,كليت عندكم خذأ,33688,tiktok,@restaurant_gizay,2026-01-02T19:22:48.740731,0,,,,,,,
961428,Malheureusement aucun goût de braise dommage,355,instagram,"brother.ts
",2025-12-19T16:10:20.000Z,0,,,,,,,
699315,"Franchement j'étais émerveillée par ce restaurant que j' ai découvert aujourd'hui moi qui craignais d'essayer d'autres restaurants de peur de la déception. J'avoue et je note 10/10 pour l'accueil, la bouffe l'ambiance et surtout la propreté tout était dans la transparence. Nb bayt essalat mawjoud pour les femmes. Franchement bravo je recommande",6849,Google Maps,Restaurant À Petit Feu,2025-07-27T19:26:47.083Z,0,,,,,,,
437172,C’est où s’il te plaît,34770,tiktok,@sinai,2026-01-02T19:27:57.400172,1,,,,,,,
306105,كل يوم هك و يتهلاو ولا غير وقت فيديو ؟؟,20888,tiktok,@sultan,2026-01-02T18:21:26.579768,0,,,,,,,
961465,Très bon place les plats sont délicieux les services rapide,6142,Google Maps,Casbah istanbul,2023-08-18T18:11:42.047Z,1,,,,,,,
568251,comment il s'appelle le magasin parce que j'ai trouvé plusieurs restaurants ?,26276,tiktok,@lovers_grill,2026-01-02T18:34:55.204673,0,,,,,,,
699324,"L'accueil était normal, l'attente était d'environ une demi-heure, les commandes étaient une poutine poulet qui était délicieuse nous lui donnons 10/10, deux combos fries nous lui donnons 5/10 et les frites qui étaient très salées, et juste une note sur le réceptionniste à la porte d'entrée il n'était pas sérieux et professionnel.",6921,Google Maps,American Burger Factory,2025-07-16T08:15:31.218Z,0,,,,,,,
961469,Vous pouvez-vous nous donner le numéro de la rue svp ? Didouche Mourad twila,15136,tiktok,@lassiette.algeroise,2026-01-02T18:06:55.730499,1,,,,,,,
437188,راك غير وحدك دور باين غالي واحد ما يجي عندو,16122,tiktok,@mardoum,2026-01-02T18:08:04.662557,0,,,,,,,
306118,"La pizza est froid, très fine et une des quatre pizzas été mélangé tellement très menacé",4371,Google Maps,هشام كوك بيتزا,2024-04-28T20:36:42.018Z,0,,,,,,,
437199,بغيت نفهم علاش الحوت غالي مع انو متوفر بكثرة,9488,Facebook,"  Restaurant elassil








",2025-12-16T22:24:21.000Z,4,,,,,,,
830422,Catastrophe . Au tout début c été top maintenant un caissier surnois qui regarde méchamment ces clients on dirais il tien les clefs du paradis . les filles au service sont sympa à l écoute . les pizza sont pas bonne dutt des pizza. une pizza champignons les champignons ete sec on dirais des bout de papiers . une catastrophe tu demande une pizza il vous donne avec creme fraiche sans vous prevenir . leur sandwich nul vraiment limite dégoûtant et le prix wow.,4858,Google Maps,Hicham cook pizza pasta,2021-12-31T06:20:56.631Z,2,,,,,,,
437207,يبيع غالي بصح بنين و نقي ماشي خسارة,9911,Facebook,,2025-11-14T07:41:30.000Z,0,,,,,,,
830427,الخدمة سريعة مشاءالله الاسعار في متناول الجميع الماكلة بنينة بصح فريت مشي بنين ربي يحفظكم,8196,Google Maps,American Burger Factory,2024-12-21T11:12:12.315Z,0,,,,,,,
699360,nous on a des preuve est une histoire,68666,tiktok,@cote_oran,2026-01-02T21:57:31.022375,65,,,,,,,
830433,كنت تما ليوم,61776,tiktok,@lee.paradis.sur.t,2026-01-02T21:26:35.619753,0,,,,,,,
175074,مرحبا مهدي من وهران الجزائر,68740,tiktok,@cote_oran,2026-01-02T21:57:32.443811,1,,,,,,,
961509,Franchement ma3jebnich ni le service ni les plats lmekla mch bnina hata tarf par rapport les prix,59804,tiktok,@oscar_restaurant,2026-01-02T21:22:02.085755,2,,,,,,,
437222,c'est faux service zéro,22106,tiktok,@maison_sardoudi,2026-01-02T18:22:39.538577,0,,,,,,,
437223,كي تشوف منين جاب الترخيص باه يحل ثما نفهمو,38134,tiktok,@kfc,2026-01-02T19:39:27.947211,0,,,,,,,
437235,"c'est cher comme, il faut revoir les prix. Merci",34962,tiktok,@sinai,2026-01-02T19:28:01.420387,1,,,,,,,
830457,N'importe quoi arrête vous balabla a ce points fakou,11809,Facebook,Restaurant San Benito,2025-09-18T18:31:06.000Z,0,,,,,,,
699385,The Besttt pastry eveeeer  [APPRECIATION],17,instagram,6sens_pastry,2025-06-14T16:32:47.000Z,4,,,,,,,
175105,Vraiment l’un de mes restaurants préférés j’ai ramené toute ma famille de france et ils ont tous validé,64708,tiktok,@msiiirdaa13,2026-01-02T21:35:48.703991,2,,,,,,,
699401,Et le prix est absent ? ? C'est pas sérieux,10611,Facebook,"  Restaurant elassil








",2025-12-17T23:23:05.000Z,0,,,,,,,
699413,pour critiquer il faut gouter. le probleme c est qu il est difficile d entendre la critique pour certainil n y a pas mieux que l original.,16940,tiktok,@user5834669559361,2026-01-02T18:10:51.232493,0,,,,,,,
961560,في مساء يوم الجمعة اللهم أنت أعلم مافي القلوب ومايسكن الصدور اللهم إزرع في أرواحنا الرضا واسترنا برداء من نور اللهم ألبسنا ثوب الطهر والعافية والقناعة والسرور اللهم قدرا جميلا وخبرا جميلا اللهم في كل خفقة قلب فرحا واطمئنانا وفي كل طرفة عين مخرجا وفرجا وأمانا واستقرارا . اللهم امين يااا رب العالمين [APPRECIATION],11324,Facebook,Restaurant Casa Bella - Draria,2025-07-26T09:25:08.000Z,1,,,,,,,
568346,Price hight Better Quality Thanks. casbah Istanbul i had great experience,5259,Google Maps,Casbah Istanbul القصبة اسطنبول,2024-07-24T18:11:45.650Z,0,,,,,,,
306210,je veux commander comment faire,65924,tiktok,@cote_oran,2026-01-02T21:46:20.536599,1,,,,,,,
175140,"Un bonjour De Paris, je souhaiterais savoir où c’est que vous êtes exactement je suis Oranaise le grand Bonjour à tous mes compatriotes sans exception de la fréquent entière [APPRECIATION]",72244,tiktok,@pont_hydra,2026-01-02T22:13:19.397905,0,,,,,,,
306212,Merci pour le services,7585,Google Maps,American Burger Factory,2025-05-17T12:32:33.986Z,0,,,,,,,
437287,bof c'est vrai le poulet ba de gamme rien de fermier et le couscous sans goût que de l'eau. Au moins j'ai testé une fois,25324,tiktok,@lovers_grill,2026-01-02T18:33:43.549956,4,,,,,,,
175147,Omar Ichbilya سكالوب 3 الاف و اللحم و الكبدة و الماريني و المرڨاز و الكباب بشحال زعما ؟ تحبو يصدق عليكم ؟,9968,Facebook,Dz Forest Restaura,2025-10-14T06:35:20.000Z,0,,,,,,,
961580,Viens chez moi aAkBOU ou AZAZGA tu va voir les restaurants ma chérie  [APPRECIATION],13035,Facebook,Restaurant San Benito,2025-10-13T11:58:47.000Z,0,,,,,,,
175157,مطعم الرايس - Restaurant Rais العنوان من فضلك,12473,Facebook,Restaurant Rais,2025-10-12T23:11:55.000Z,0,,,,,,,
306233,Plutôt cher comparé aux autres restos indiens,3257,Google Maps,تاج محل بن عكنون,2019-04-01T20:46:25.510Z,1,,,,,,,
568381,Adresse frère,11712,Facebook,Restaurant San Benito,2025-08-18T20:11:57.000Z,0,,,,,,,
175169,j'aime pas ce style de restaurant,20672,tiktok,@labelladalger16,2026-01-02T18:19:42.046341,0,,,,,,,
699460,C’est mal organisé,63724,tiktok,@silyon69,2026-01-02T21:33:12.181997,1,,,,,,,
568390,ميهدروش علئ السومة كي توصل ساهل الحال هههههعع,12405,Facebook,Restaurant Rais,2025-10-13T07:19:24.000Z,2,,,,,,,
830538,Je pense aux pauvres qu’ils regardent ça et peuvent pas manger,43774,tiktok,@dzforestrestaurants,2026-01-02T20:11:30.146832,39,,,,,,,
437327,ديما حاجت برا مليحة نعطيك كاين بزاااف لي عندهم نساهم في ديار الله يبارك زين ولاطاي ولعقلية يخليوهم وي روحو البنات برا تاع رواد باسكو يزينها شيطان,41590,tiktok,@street_food,2026-01-02T19:57:47.610684,0,,,,,,,
568401,gratin mixte top,8568,Google Maps,American Burger Factory,2022-10-02T15:52:00.739Z,0,,,,,,,
437331,Good one enjoy the music [APPRECIATION],22354,tiktok,@le_scenario,2026-01-02T18:23:54.862294,70,,,,,,,
437333,مشا الله تبارك الرحمن  [APPRECIATION],18710,tiktok,@helena,2026-01-02T18:16:17.035640,0,,,,,,,
437336,chalah je viendrai pour les loubia et frite omelette layberek,35232,tiktok,@sinai,2026-01-02T19:28:06.953456,0,,,,,,,
699490,مكانش نهار كاملة كليتاها و مقولتيش ملاحة ههه بصحتك,55244,tiktok,@askim_food,2026-01-02T21:13:24.963589,20,,,,,,,
306276,Vous pouvez le manger avec du beurre trop bon  [APPRECIATION],72602,tiktok,@pont_hydra,2026-01-02T22:13:26.332275,0,,,,,,,
699493,Best Turkish food and service in Algiers.,5238,Google Maps,قصبة اسطنبول,2024-11-27T21:49:27.678Z,0,,,,,,,
699494,Très bonne pizza et très bon accueil,4799,Google Maps,Hicham cook pizza pasta,2022-10-06T18:35:01.868Z,0,,,,,,,
306278,Le meilleur tacos que j’ai mangé à Alger bonne continuation,8267,Google Maps,American Burger Factory,2024-08-27T15:04:30.113Z,0,,,,,,,
437353,500قليل محسوب الله المستعان للأسف والله متحشمو اخرج ڨاطع فالطريڨ وخلاص,10105,Facebook,Dz Forest Restaura,2025-11-02T15:52:44.000Z,0,,,,,,,
306284,بنين يسخر انا كل منجي لازم نجي ناكل عندكم,54640,tiktok,@mr._brik,2026-01-02T21:11:17.625850,0,,,,,,,
961644,thala c'est la fontaine,27860,tiktok,@thala,2026-01-02T18:45:06.606611,0,,,,,,,
437357,Excellent restaurant on est très bien accueilli et on mange super bien et super propre,6565,Google Maps,Restaurant À Petit Feu,2025-09-06T06:55:10.133Z,0,,,,,,,
830579,W côté algerien makanch ? Turquie italie Tunisie et l’Algerie makanch ?,50732,tiktok,@broaster_chiken,2026-01-02T20:59:42.104949,30,,,,,,,
306301,deja essayé c est top ça bouffe mille fois le kebab.,35804,tiktok,@sinai,2026-01-02T19:28:26.254467,0,,,,,,,
699528,شحال مليون وقيلا,903,instagram,hichamcookgrill,2025-12-19T14:50:38.000Z,0,,,,,,,
306317,معليش دخل معك خويا يخدم مسكين شراء موطو من 3شهور لي يروحولو يعكسو لازم معريفة,52782,tiktok,@mega_pizza,2026-01-02T21:03:54.669603,0,,,,,,,
830610,Top qualité et variété et bonne fréquentation,6929,Google Maps,Restaurant À Petit Feu,2025-07-05T09:38:06.174Z,0,,,,,,,
961688,"la kabylie d’hier et d’aujourd’hui , une nostalgie du civisme et de la propreté perdu. on dirait Kaboul.",43168,tiktok,@hocine.chapati,2026-01-02T20:03:50.579055,1,,,,,,,
306331,Sofiane Rab ياودي هاديك طونبولا خصوك زوج وتربح فطور من عندهم,10456,Facebook,Restaurant Casa Bella - Draria,2025-12-07T14:29:04.000Z,0,,,,,,,
961694,وين راكم وكناس لبرونو,48750,tiktok,@cassecroute_dz,2026-01-02T20:37:03.092937,1,,,,,,,
306339,"The treatment of the owner of the restaurant is good, but some of the waiters are bad. Restaurant is clean and the food is very delicious, God willing, thank you.",3167,Google Maps,تاج محل بن عكنون,2022-05-21T12:06:12.584Z,1,,,,,,,
699559,فعلا بيتزا رااااائعة لاصوص بزاف بنية,1300,instagram,mahroussaglace,2025-10-31T10:31:22.000Z,1,,,,,,,
830646,Naili Fouad Abdelkrimكيفاه هذي جاجة ب150 ،؟ الحاج اللي يبيعوه يوزن باربي زوج كيلو ب 60 الف، تسما يدي 90 الف فايدة فالجاجة برك وخليك من لاحوايج لوخرين ؟,10110,Facebook,Dz Forest Restaura,2025-10-13T13:33:59.000Z,0,,,,,,,
961719,مرسي حاجة مليحا,52624,tiktok,@uncles_burger_dz,2026-01-02T21:03:38.920962,1,,,,,,,
830648,في متناول جميع لاعبين ريال مدريد وما جوارها,18324,tiktok,@helena,2026-01-02T18:16:10.202523,1,,,,,,,
961727,يهديك ربي راني نتوحم,47520,tiktok,@bazookadz,2026-01-02T20:32:25.582840,0,,,,,,,
175298,مشاء الله ربي يبارك في رزقك,164,instagram,amine_la_cantine,2025-10-17T19:28:31.000Z,6,,,,,,,
306371,Les plats sont bons mais les prix sont exagérés,2582,Google Maps,HichamCook Grill House,2023-12-30T08:39:46.783Z,0,,,,,,,
699588,دوماج منلحقش بالاثنين نلحق بالثلاثاء,44100,tiktok,@dzforestrestaurants,2026-01-02T20:11:38.303320,0,,,,,,,
568524,لاترظا عليك اليهود والنصرا حتي تاتييع ميلاتهم يا لحية العتروس,11349,Facebook,Restaurant Casa Bella - Draria,2025-09-02T00:26:04.000Z,0,,,,,,,
961741,صاحبي منكدبوش كليت عندك خطرا وحدا في رمظان والله مشاء الله ربي يوفقك ومننساوش حسن ظيافا  [APPRECIATION],49972,tiktok,@m7ajeb,2026-01-02T20:44:38.358367,2,,,,,,,
699596,هذا يخدمو كلش معاود وهذيك ليقلي عليها بيض مسخا يجي بنين,41518,tiktok,@street_food,2026-01-02T19:57:43.732936,5,,,,,,,
699606,j ai étais c est super machALLAH,61374,tiktok,@denatelo_annaba,2026-01-02T21:25:02.416298,1,,,,,,,
568537,وصلنا كل شيء يتورا الناس ميت بجوع وانتم تفتخرو بلاكل,10996,Facebook,Restaurant Casa Bella - Draria,2025-07-29T19:47:14.000Z,0,,,,,,,
306394,اممممممممممم  [BOUFFE],893,instagram,hichamcookgrill,2025-12-19T17:53:50.000Z,0,,,,,,,
699609,Qualité no9set par rapport avant. But still good.,7103,Google Maps,American Burger Factory,2025-06-26T13:42:22.814Z,0,,,,,,,
175331,c à la place Bamako,14234,tiktok,@les_jumelles,2026-01-02T18:01:22.580387,0,,,,,,,
830694,صراحة روووعة كليو عندو وزيد نظافة ربي يبارك مكلتهم تهبل  [APPRECIATION],55316,tiktok,@askim_food,2026-01-02T21:13:27.857027,0,,,,,,,
699625,tres belle soirée . merci bcp,65280,tiktok,@vibe.bistrot,2026-01-02T21:42:45.680603,1,,,,,,,
568556,Moi l escargot  et crevettes  j aurai trop peur qu il reviv dan mon corps  [BOUFFE],72550,tiktok,@pont_hydra,2026-01-02T22:13:25.580888,0,,,,,,,
961783,سلام رحنا كروب اعجبنا المكان الماكلة طاقم العمل خاصتا الشاوي كان بزاف حريص على راحت الحضور في لحضة حسينا انو هو صاحب المطعم,7321,Google Maps,American Burger Factory,2025-05-24T05:03:46.688Z,0,,,,,,,
306427,pour tout vos besoins en huile d'olive d'excellence je suis maître de culture négociant en huile d'olive extra vierge et vierge,20846,tiktok,@signature.dz,2026-01-02T18:21:05.812222,0,,,,,,,
830729,salade la moins chère c à 800da c Grave,70968,tiktok,@paradou_restaurant,2026-01-02T22:04:53.914370,0,,,,,,,
699657,Chbabbb Bien présenté Bravooo,10414,Facebook,"  Restaurant elassil








",2025-12-17T23:47:53.000Z,0,,,,,,,
306445,comment ont dit yadra en français si vous pouviez nous dire madame larousse,72410,tiktok,@pont_hydra,2026-01-02T22:13:22.193273,1,,,,,,,
699664,الله يوفقك ويعطيكم الصحه والعافيه,67066,tiktok,@bladi_oran,2026-01-02T21:51:33.584058,0,,,,,,,
306455,c pas le mari de doll beauty,45430,tiktok,@budz,2026-01-02T20:15:58.679428,0,,,,,,,
175385,Ghir l hef désolé,3988,Google Maps,هشام كوك بيتزا,2025-11-22T20:26:45.360Z,0,,,,,,,
306460,Chef house 100000000/10 Megga pizza 10/10 Uncle burger100000/10 Zoom 1. 2 1000000/10 Bublinoo 10/10,59364,tiktok,@maestro_dz13,2026-01-02T21:21:29.775736,4,,,,,,,
699701,Le premier kfc en Algérie va ouvrir en octobre 2024 donc celui là est un faux,37874,tiktok,@kfc,2026-01-02T19:39:22.914427,3,,,,,,,
568630,"Super restaurant familial où l'accueil à été parfait. Les serveurs sont accueillants et au petit soin. Le service impeccable et rapide. Endroit très propre, que ça soit la salle où les sanitaires. Les plats sont copieux et savoureux. Les assiettes sont bien garnies et le goût est présent . Les cocktails sont aussi beaux que bons",2669,Google Maps,HichamCook Grill House,2023-08-15T10:11:58.203Z,8,,,,,,,
961849,آخر طبق باينة  [BOUFFE],10279,Facebook,Restaurant Tabarka Annaba,2025-12-23T17:11:50.000Z,0,,,,,,,
306494,An Ïs راك غالط انا هو القارص,9313,Facebook,,2025-12-17T12:16:29.000Z,0,,,,,,,
437569,Franchement je suis déçu très très moyen et chère,14000,tiktok,@le_dauphin_restaurant,2026-01-02T18:00:53.697133,1,,,,,,,
830789,Très bien bouffé,8319,Google Maps,American Burger Factory,2024-05-21T21:32:55.434Z,0,,,,,,,
306506,نت شحال سومتك باه تقلشيني راسي و راسك,13426,Facebook,Restaurant San Benito,2025-10-22T16:02:52.000Z,0,,,,,,,
830796,paella royale avec un E et non paella royal,14220,tiktok,@les_jumelles,2026-01-02T18:01:22.580370,0,,,,,,,
437583,next?,1768,instagram,saikosushi_oran_restaurant,2024-06-06T17:26:05.000Z,0,,,,,,,
437589,غير ب 1500. 00 ياك زوج حبات حوت ب 1500. 00 الله لا تربحك,12266,Facebook,Restaurant San Benito,2025-10-13T12:28:14.000Z,0,,,,,,,
437594,Belle deco bon service stationnement dispo. menu tres limite. Nourriture pas bonne prix cher,4305,Google Maps,هشام كوك بيتزا,2024-06-27T14:02:10.887Z,0,,,,,,,
175457,هناا تخلص بالاورو,18632,tiktok,@helena,2026-01-02T18:16:15.458432,0,,,,,,,
961895,هاد ليمات راح نبيع قلوة ونجي ناكل عندك,10966,Facebook,Restaurant Casa Bella - Draria,2025-08-03T00:13:20.000Z,0,,,,,,,
437608,550 da pour un chapati ! ?,43098,tiktok,@hocine.chapati,2026-01-02T20:03:46.401451,0,,,,,,,
830825,"On peut voir votre cuisine, s'il vous plaît, par rapport à la propreté ?",13181,Facebook,Restaurant San Benito,2025-10-13T20:21:30.000Z,0,,,,,,,
175467,Le service il et nulle je retourne plus,61884,tiktok,@maestro_dz13,2026-01-02T21:26:55.363042,0,,,,,,,
830839,10 euros مولف نشريه بصح امشي معمر فريد كيما هذا خلينا نشوفه حل,46440,tiktok,@damisoran31,2026-01-02T20:22:09.062568,1,,,,,,,
961923,un restaurant top j'étais deux fois en été les plats très bons avec la musique les prix abordable vraiment c magnifique restaurant  [APPRECIATION],14058,tiktok,@le_dauphin_restaurant,2026-01-02T18:00:55.718268,4,,,,,,,
175504,déçu il respecte même pas les clients ils savent pas gérer il t'envoie Valentin te laisse à la porte il te manque de respecta fuire,25410,tiktok,@lovers_grill,2026-01-02T18:33:45.357506,1,,,,,,,
306577,Toujours un plaisir de faire un tour équipe très professionnelle.,8459,Google Maps,American Burger Factory,2023-09-23T14:23:59.344Z,0,,,,,,,
306593,ثالا معناها البحيرة بالشاوية وبالقبائلية,27432,tiktok,@thala,2026-01-02T18:44:44.642183,0,,,,,,,
961958,Je remercie ghiles pour son travail et son accueil chaleureux et je le souhaite de courage,8155,Google Maps,American Burger Factory,2025-01-28T14:19:40.270Z,0,,,,,,,
830887,J ai pas compris vous êtes trop patient,16836,tiktok,@user5834669559361,2026-01-02T18:10:49.604828,0,,,,,,,
830891,بالصحة والراحة الله يسترك ويهديك  [APPRECIATION],11690,Facebook,Restaurant San Benito,2025-08-18T10:01:21.000Z,0,,,,,,,
306611,The food is great ngl but its takes A LOT of time to get prepared. I had to wait 1h30 ( maybe even more ) to get my food. The place is extremely crowded which makes it worse. You have to park far away from the restaurant because there are lots of cars. The restaurant is small and there are a few tables . ( side note) : if you order Chicken poutine and dislike mushrooms just don't buy it cause they don't seperate mushrooms from it,8486,Google Maps,American Burger Factory,2023-07-14T15:01:17.493Z,1,,,,,,,
306613,Resto sympa à decouvrir !,6134,Google Maps,Casbah istanbul,2023-10-10T18:36:18.810Z,0,,,,,,,
175543,سعيد سعيد بولحيا تع تجارة فقط,10824,Facebook,Restaurant Casa Bella - Draria,2025-10-17T01:58:22.000Z,0,,,,,,,
437688,"Excellent. Petit bémol, pas de parking.",7315,Google Maps,Restaurant À Petit Feu,2024-08-17T19:29:11.091Z,0,,,,,,,
961987,خاوتي مطلعوش لي فيديو تاع لماكلة في رمضان بسك [APPRECIATION],30494,tiktok,@lasombra.dz,2026-01-02T18:58:27.351193,0,,,,,,,
699844,It's so good but u have to clean more especially the couch they are dirty honestly,7622,Google Maps,American Burger Factory,2025-05-11T22:18:58.153Z,0,,,,,,,
175557,Hakima Constantine على حساب واش قال والله غير قليل بزاف,9745,Facebook,Dz Forest Restaura,2025-10-13T00:23:57.000Z,0,,,,,,,
306631,Tu crois que c du fromage quon nous vends ? c qu de la prep from élastique c pa bon du tout,44898,tiktok,@oumanger.oran,2026-01-02T20:14:36.267606,0,,,,,,,
175564,تلفون كاين,17116,tiktok,@casa_burger1,2026-01-02T18:11:28.513026,0,,,,,,,
699863,على بها الحوت غلات,13026,Facebook,Restaurant San Benito,2025-10-13T21:56:43.000Z,0,,,,,,,
568798,غشاء قريب بلميار,11017,Facebook,Restaurant Casa Bella - Draria,2025-07-27T15:52:54.000Z,0,,,,,,,
830950,Nous sommes venus manger cette semaine 2 fois pour vous dire . Une belle découverte un jolie restaurant familiale. Nous nous sommes tous régalés. De la bonne cuisine pour tous. Des entrées aux burgers aux woks aux pizzas vraiment c’était bien bon et varié. Je recommande cette adresse mention spéciale pour leurs équipes aux petits soin.,7133,Google Maps,Restaurant À Petit Feu,2025-04-24T13:44:07.416Z,0,,,,,,,
175592,"The burger was amazing no doubt, the price are reasonable, but the shop space got fully occupied in the dinning times, so you have to wait a bit to get a table",8351,Google Maps,American Burger Factory,2024-05-12T10:54:58.898Z,0,,,,,,,
962028,c'est très chers,17806,tiktok,@casabelladraria,2026-01-02T18:14:46.930853,0,,,,,,,
175602,جماعت اللحي كلوا بصحتكم اوخلي الناس اتموت جوع,10911,Facebook,Restaurant Casa Bella - Draria,2025-09-06T00:01:12.000Z,1,,,,,,,
962035,انشاء الله نزوروك,29628,tiktok,@luppinio,2026-01-02T18:51:11.607216,0,,,,,,,
175604,"Le service est très très long, incroyablement long, faite un effort les amis.",2315,Google Maps,HichamCook Grill House,2025-08-27T13:11:48.057Z,0,,,,,,,
175608,ouin Jay?,20994,tiktok,@seven.times.luxury,2026-01-02T18:21:43.125602,0,,,,,,,
699898,بسم الله ما شاء الله   [APPRECIATION],65578,tiktok,@restaurant_marisco,2026-01-02T21:44:45.118086,1,,,,,,,
175625,Le meilleur pour moi,68430,tiktok,@patus_oran,2026-01-02T21:56:17.702740,0,,,,,,,
568845,كليت عندو ربي بارك شهية طيبة,52320,tiktok,@uncles_burger_dz,2026-01-02T21:03:29.230226,0,,,,,,,
830990,يخي حرام تتصوار ولا كراك دخال فدراهم ولت حللا,10882,Facebook,Restaurant Casa Bella - Draria,2025-07-26T13:18:15.000Z,1,,,,,,,
175635,تخلص بالدينار ولا أورو  [INQUIRY],17482,tiktok,@seven.times.luxury,2026-01-02T18:13:14.373562,0,,,,,,,
699925,publicité,63616,tiktok,@silyon69,2026-01-02T21:33:10.495903,0,,,,,,,
962072,تموت هنا تحي لهي كم سنكوشي,12544,Facebook,Restaurant Rais,2025-10-27T22:40:48.000Z,0,,,,,,,
962081,Salim Annabi ديرو في قاااع ختك بالاك هيا موالفة بيه. ياخي نقش,9871,Facebook,Dz Forest Restaura,2025-10-14T17:37:00.000Z,0,,,,,,,
568871,توحشنا الشورما العربي تع قبل درك ولات كيف تع لخرين,55188,tiktok,@panera_41,2026-01-02T21:12:54.102890,0,,,,,,,
306731,Les prix sont exagérés,17820,tiktok,@casabelladraria,2026-01-02T18:14:46.930877,1,,,,,,,
306743,واقيل انا الوحيدة لي ماعجبنيش,1096,instagram,imstarvingfood,2025-08-09T21:53:31.000Z,0,,,,,,,
306748,Snack time w snacky time c’est pas le même ?,1848,instagram,snacky_time_kouba,2025-06-08T20:21:12.000Z,5,,,,,,,
699965,كلش 150 و الا التبسي الواحد 150,11518,Facebook,Restaurant San Benito,2025-07-29T02:09:03.000Z,0,,,,,,,
175677,"Tres bon accueil et les gâteaux sont très très bons, pas trop sucré et très raffinés et puis c est très propre le prix est mérité. bonne continuation",3955,Google Maps,L’Alchimiste Pâtisserie,2020-11-26T13:16:17.271Z,0,,,,,,,
568898,شحال السعر هك,16382,tiktok,@soltane.el.kababe,2026-01-02T18:08:23.862092,0,,,,,,,
437829,"Services top, qualité gambien, les prix traux chère.",6186,Google Maps,Casbah Istanbul,2022-09-25T18:52:17.007Z,0,,,,,,,
568911,حبذا لو يتم تقديم خدمات ترقى لتطلعاتنا,2616,Google Maps,HichamCook Grill House,2023-10-27T08:25:03.370Z,0,,,,,,,
568916,betbaa yaatikom assaha c agréable svp l'adresse bonne chance  [APPRECIATION],14822,tiktok,@lassiette.algeroise,2026-01-02T18:06:46.715711,0,,,,,,,
306780,I expected better . Mediocre food dont let the designe fool u,4925,Google Maps,Hicham cook pizza pasta,2020-11-08T14:24:20.243Z,2,,,,,,,
831083,يااادرا يشوف كومنتار و يقولك مرحبا بيك تتعشى يا هشام 1000 كلم نجيها نجري,2704,Google Maps,HichamCook Grill House,2023-06-19T14:41:56.353Z,1,,,,,,,
700011,ربي يوفقك وبصحتك  [APPRECIATION],39638,tiktok,@le_1675,2026-01-02T19:42:36.669035,2,,,,,,,
306799,win jay ext fi charga,29270,tiktok,@elcuatro_burgers,2026-01-02T18:49:36.985381,0,,,,,,,
175730,المعاملة تاعكم ماشاء الله دراري كامل عاقلين ديما نطلب منهم ازيدولي وش نحب و جامي قلقو و لا شنفو ربي يعينكم,54394,tiktok,@mfood.annaba,2026-01-02T21:09:29.929137,4,,,,,,,
700038,هذي وين 150 ألف باطل الله يبارك و خصيصا الصمو,11749,Facebook,Restaurant San Benito,2025-07-26T19:40:29.000Z,0,,,,,,,
175754,ابصحتك يا الحاج رب إيعيشك توجور ڨويطو لو أتيحت الفرصة,12198,Facebook,Restaurant San Benito,2025-10-12T21:32:50.000Z,0,,,,,,,
306833,"The best place to enjoy food and time with friends and family, very respectful and helpful team, food is delicious and most importantly a clean place, thank you to the team and owners for providing such a great place in Algiers",7448,Google Maps,Restaurant À Petit Feu,2024-06-25T22:35:47.291Z,0,,,,,,,
568978,راه دايرلهم تيكتوك على المباشر ههههه,63394,tiktok,@santorino,2026-01-02T21:32:15.838782,0,,,,,,,
700049,في عنابة,48728,tiktok,@cassecroute_dz,2026-01-02T20:37:02.209901,0,,,,,,,
568977,Bieeeen suuuur le mielleure  [APPRECIATION],49580,tiktok,@kik.sfood21,2026-01-02T20:41:15.003156,1,,,,,,,
568987,The best in town,6123,Google Maps,Casbah Istanbul,2023-04-28T05:36:08.827Z,0,,,,,,,
306860,واين كاين توصيل,55978,tiktok,@mfood.annaba,2026-01-02T21:14:15.550025,0,,,,,,,
831151,"Apart les pizzas qui sont quand même bonne je m'aventure pa à autre chose, endroit familiale, on y va nombreux du coup sa nous arrange",4944,Google Maps,Hicham cook pizza pasta,2020-03-10T09:06:06.756Z,0,,,,,,,
962224,“A True Taste of America on Every Plate! ”,6858,Google Maps,American Burger said hamdine,2025-07-24T13:11:19.277Z,0,,,,,,,
437964,قرعة حمود 35 ألف قالو لي بري مواين,19126,tiktok,@helena,2026-01-02T18:16:28.398047,0,,,,,,,
962254,"Une adresse découverte par hasard un vendredi pluvieux à Alger. Tout était fermé et pas de service mais ils ont accepté de nous laisser se poser le temps que passe l'heure de la prière. Puis on a commandé une salade césar et camembert pané, frites et café et boisson. C'était très bon. Ma fille avait une migraine, la serveuse hoda que je remercie beaucoup lui a proposé une tisane citronnée et a été aux petits soins. Vraiment je mets 15/10 pour l'accueil, le service et la gentillesse de la serveuse. Les plats étaient bons mais c'est vraiment la sympathie de Hoda qui a rendu cette pause forcé super agréable. Attention Alger Centre le vendredi s'est éteindre et il y a aucune activité en plus sous la pluie c'est le pompon.",3566,Google Maps,Laurel Restaurant,2025-12-28T10:56:35.208Z,0,,,,,,,
831182,كي منقراش ليوم,36558,tiktok,@seven.times,2026-01-02T19:31:36.932733,0,,,,,,,
962266,Ut worth to visit and teast istanbul smell in algiers,5937,Google Maps,Casbah Istanbul,2024-12-08T08:16:17.471Z,0,,,,,,,
437983,الله برك,9322,Facebook,Restaurant Tabarka Annaba,2025-12-23T20:26:12.000Z,1,,,,,,,
831203,"La cuisine s'est degrader , cela est regretable. Les plats sont servi tiède et meme froid, la viande est parfoit limite. La remarque a été faite plusieur fois a la caisse, sans aucun resultat concret malheureusement pour nous les clients. La qualité des plats s'est dégrader ! ! ! ! !",7455,Google Maps,American Burger said hamdine,2024-10-08T17:34:14.350Z,1,,,,,,,
306917,جاجة ب80 و 4 كامومبار ب 20 و فريت كبير ب18 و قازوز في مطعم ب9 وين شفت هاذ الأسعار راك مازالك في 2010ههه,9738,Facebook,Dz Forest Restaura,2025-10-13T21:53:20.000Z,0,,,,,,,
437991,بزاف مليح نقاء و بنة,49362,tiktok,@chicks_nook,2026-01-02T20:40:20.804458,0,,,,,,,
175858,dart kml euroupe jamais chaft tacos b 20e  w zid 1h khadma takli wch thab,46398,tiktok,@damisoran31,2026-01-02T20:22:06.413055,0,,,,,,,
569080,il est très bien je confirme  [APPRECIATION],21676,tiktok,@maison_sardoudi,2026-01-02T18:22:29.923804,0,,,,,,,
831224,number one [APPRECIATION],24580,tiktok,@said_chef,2026-01-02T18:30:03.474881,1,,,,,,,
700154,حبا حوت ب150ألف وعاجبك الحال علابالك بلي،150ألف جورني نتاع واحد عنده5نتاع البز والكرية والضو والما وليكور وزيد ونتا تڨولنا غير 150ألف زعما رنا نلڨوهم فالطريق,11752,Facebook,Restaurant San Benito,2025-07-27T00:26:40.000Z,0,,,,,,,
962298,"Je suis vraiment déçu de mon expérience dans ce restaurant. Tout se passait bien jusqu'au moment de régler l'addition. Une erreur s'était glissée dans la note, et au lieu de corriger calmement la situation, la caissière s'est mise à élever la voix de manière inacceptable. Ce manque de respect envers les clients est vraiment regrettable, surtout quand il s'agit d'une erreur venant de leur part. Je n’ai pas du tout apprécié cette attitude, qui a gâché tout le repas. Dommage, car le lieu avait du potentiel, mais le service client est tout aussi important que la cuisine",5893,Google Maps,Casbah Istanbul,2025-07-22T12:52:17.120Z,0,,,,,,,
700157,"أنس أنيس لا تحتقرنَّ من نِعم الله شيئا ، ما تحبهمش معليش ولكن ما تستعملش كلمة"" نعيف"" و شكرا",9527,Facebook,"  Restaurant elassil








",2025-12-16T21:29:06.000Z,2,,,,,,,
438021,خيمة اولاد عزوز,58688,tiktok,@maestro_dz13,2026-01-02T21:21:16.241786,0,,,,,,,
306950,Un bon restaurant je l’adore,38700,tiktok,@kfc,2026-01-02T19:39:50.998423,0,,,,,,,
962320,sauce barbecue g3artha kho,40188,tiktok,@streetburger02,2026-01-02T19:44:09.615854,0,,,,,,,
962324,الرجال الزينين لي جامي دخلو في السياسة بين الشعوب و ضحكونا بكري مع العائلة و الحباب ربي يطول عمرك مصطفى  [APPRECIATION],68676,tiktok,@cote_oran,2026-01-02T21:57:31.022395,18,,,,,,,
306971,والخلاص بالعملة العاشورية و لى بالذهب والفضة,19438,tiktok,@helena,2026-01-02T18:16:43.838693,0,,,,,,,
831270,دير انڨار تاع بڨري خير لك مكش تاع هذا الصوالح,12291,Facebook,Restaurant San Benito,2025-10-14T08:29:16.000Z,0,,,,,,,
306983,كفاش نكوموندي,29284,tiktok,@elcuatro_burgers,2026-01-02T18:49:36.985406,0,,,,,,,
175916,Accueil chaleureuse Tables disponibles Par contre la nourriture n'était pas au top Le fromage n'est pas grillé et la viande trop dure,7733,Google Maps,American Burger Factory,2025-04-05T20:54:18.567Z,0,,,,,,,
175917,bientôt sur Alger qui veux test avec moi,26850,tiktok,@seven.times,2026-01-02T18:39:15.318143,0,,,,,,,
306990,Nn hadi fi sid bachir enface la station de service,69962,tiktok,@chtibo_oran,2026-01-02T21:58:38.815005,0,,,,,,,
700206,pour les gâteaux ils vous oblige de prendre une seule fois walah,25168,tiktok,@lovers_grill,2026-01-02T18:33:07.362103,0,,,,,,,
306992,Endroit spacieux très familial nourriture très bonne je recommande,4757,Google Maps,Hicham cook pizza pasta,2023-05-15T20:39:51.661Z,2,,,,,,,
306988,WAIT WHAT I NEED TO GO,22446,tiktok,@le_perchoir,2026-01-02T18:25:02.841792,44,,,,,,,
962356,لخامج يجي بنين [APPRECIATION],42476,tiktok,@street_food,2026-01-02T19:58:08.773027,0,,,,,,,
438072,la différence c'est l'hygiène,46346,tiktok,@damisoran31,2026-01-02T20:22:01.562075,0,,,,,,,
175930,بالشعر,43978,tiktok,@dzforestrestaurants,2026-01-02T20:11:34.194222,0,,,,,,,
962365,L benna extraordinaire  [APPRECIATION],43090,tiktok,@la.graille6,2026-01-02T20:02:57.951250,0,,,,,,,
831308,تشيز تاعو لحقلنا 1150دج . مانزيدش نروح ليه باذن الله,322,instagram,"brother.ts
",2025-11-27T08:03:13.000Z,2,,,,,,,
700240,Service exceptionnel,6956,Google Maps,American Burger said hamdine,2025-06-26T12:09:12.612Z,0,,,,,,,
831316,très beau pull. impossible de ne pas réagir quand on porte son pays contre son cœur . [APPRECIATION],16990,tiktok,@user5834669559361,2026-01-02T18:10:52.141301,0,,,,,,,
569176,غير بن سبعيني ليقدر ياكل هنا,17866,tiktok,@casabelladraria,2026-01-02T18:14:47.931976,0,,,,,,,
700255,بصحتكم مزغران جارتنا,72102,tiktok,@masagran,2026-01-02T22:12:43.706660,0,,,,,,,
700269,Ba elle a raison la cuisine marocaine et reconnu dans le monde entier jusqu’à newyork y’a que des resto morroccan,16742,tiktok,@user5834669559361,2026-01-02T18:10:46.256473,15,,,,,,,
569202,النقاء مافيهش بنة,42142,tiktok,@street_food,2026-01-02T19:58:01.090648,0,,,,,,,
831352,Klit andou y3yfou  Hata le plat nsaweh,52690,tiktok,@uncles_burger_dz,2026-01-02T21:03:39.748653,1,,,,,,,
700282,Best in town  [APPRECIATION],7081,Google Maps,American Burger said hamdine,2025-04-21T14:08:52.855Z,0,,,,,,,
438139,Il faut réserver avant ? Répondez svp,237,instagram,amine_la_cantine,2025-10-09T22:39:23.000Z,0,,,,,,,
307077,Thala la source d'eau en langue kabyle et berbère en général,27708,tiktok,@thala,2026-01-02T18:45:01.884491,0,,,,,,,
438166,يكلوها بارده,11292,Facebook,Restaurant Casa Bella - Draria,2025-07-27T22:54:05.000Z,0,,,,,,,
831384,Thank you brother Redouan. it was amazing congratulations,7885,Google Maps,American Burger Factory,2025-02-19T21:00:27.025Z,0,,,,,,,
307112,nn c’est pas ça,40082,tiktok,@streetburger02,2026-01-02T19:44:07.027438,0,,,,,,,
438203,Je suis venue et c'était fermé! Il fallait mentioner que vous ne travaillez que les soirs! Sois ici ou bien instagram!,4731,Google Maps,Hicham cook pizza pasta,2023-08-24T12:13:58.158Z,0,,,,,,,
176063,زعما 100 تالف قليل ناس راهي تجوز بيها 3 يام,20988,tiktok,@sultan,2026-01-02T18:21:28.304419,0,,,,,,,
438221,La cuisine marocaine  [APPRECIATION],69556,tiktok,@cote_oran,2026-01-02T21:58:02.177017,1,,,,,,,
307153,الله يبارك فيك ويحفظك انشاء الله  [APPRECIATION],67640,tiktok,@bladi_oran,2026-01-02T21:51:55.744250,0,,,,,,,
831446,Le service il est bien franchement mais le salé est un flop total en revanche le sucré j’ai kiffé,59828,tiktok,@oscar_restaurant,2026-01-02T21:22:02.085787,0,,,,,,,
438233,منين نتي نروحو,32404,tiktok,@restaurant_iceberg,2026-01-02T19:16:39.721768,5,,,,,,,
962522,"service pas tres lent, la nourriture acceptable",6423,Google Maps,Casbah Istanbul,2019-03-07T17:49:50.205Z,2,,,,,,,
962523,المشهوره  [RECOMMENDATION],62158,tiktok,@naps_oran,2026-01-02T21:28:49.602002,1,,,,,,,
176094,Quelqu'un pourrait me dire où est ce restaurant ?,22230,tiktok,@le.balcon1,2026-01-02T18:23:12.556714,1,,,,,,,
569321,علاش يابنتي غير سيدي و سيدتي مالها كلات و ماخلصتش اه ها صحى سيدي روح تتقلش انا نروح عند عيبوط نضرب كران,13676,Facebook,Restaurant San Benito,2025-12-29T17:06:32.000Z,0,,,,,,,
962539,"L’un des meilleurs services que j’ai eus. La nourriture est vraiment excellente, tout est bien préparé et délicieux. Franchement, je ne comprends pas les commentaires négatifs. Pour ma part, je suis très satisfait et je recommande Hichem Cook sans hésiter",2275,Google Maps,HichamCook Grill House,2025-12-16T07:29:24.343Z,0,,,,,,,
176114,مش الطبيعة تاع عمي محمود ربي يرحمو تاع بكري واين 7eme arrondissement,57046,tiktok,@papillons827,2026-01-02T21:16:45.853265,0,,,,,,,
569332,Alors la j'arrive bientôt inchallah  [RECOMMENDATION],36292,tiktok,@sinai,2026-01-02T19:28:42.387766,0,,,,,,,
438261,كاين توصيل من فضلك,55696,tiktok,@mfood.annaba,2026-01-02T21:14:06.968828,3,,,,,,,
307191,Quoi mariage vous êtes sérieux ?,19416,tiktok,@helena,2026-01-02T18:16:41.802146,0,,,,,,,
438263,Franchement tres sympa familial et le wok etait très très bon!,6965,Google Maps,Restaurant À Petit Feu,2025-05-23T20:01:22.375Z,0,,,,,,,
176124,راني جاية,33610,tiktok,@restaurant_gizay,2026-01-02T19:22:47.063826,1,,,,,,,
176128,يستقبلو بلوجوه,18108,tiktok,@casabelladraria,2026-01-02T18:14:53.728497,0,,,,,,,
176129,Mon chese préfère le classique sur tout quand il est servi par karim  [APPRECIATION],7976,Google Maps,American Burger Factory,2025-02-05T14:56:25.506Z,0,,,,,,,
438273,كيفاه نكومندي,61640,tiktok,@guellil._.tasnim,2026-01-02T21:25:44.586390,0,,,,,,,
438282,les frais combient pour le menu,67482,tiktok,@bladi_oran,2026-01-02T21:51:48.096309,0,,,,,,,
700431,Extraordinaires les pâtes au champignon,7246,Google Maps,Restaurant À Petit Feu,2024-10-04T21:10:53.439Z,0,,,,,,,
307222,Très médiocre et amateurs. Service 0 et qualité ratée que des fromages et des sauces,8589,Google Maps,American Burger Factory,2022-07-23T10:47:58.491Z,0,,,,,,,
831512,Restaurant elassil نعم لكن كونك سلس في الاجابات ، راك لي يهدر تحب تيري عليه و تخطب عليه,9552,Facebook,"  Restaurant elassil








",2025-12-16T17:11:23.000Z,2,,,,,,,
831518,j'ai goûté au tacos et au gratin franchement c'était bon,8473,Google Maps,American Burger Factory,2023-08-21T10:38:06.834Z,0,,,,,,,
962593,مشاء الله منا ماتشريلكش حتى سندويتش في ليون,55986,tiktok,@mfood.annaba,2026-01-02T21:14:15.550034,0,,,,,,,
569386,"Excellente découverte, on y reviendra inchallah",7189,Google Maps,Restaurant À Petit Feu,2024-12-06T22:49:24.941Z,0,,,,,,,
176172,"Très bon service belle ambiance un grand merci pour le gérant, bravo tout l'équipe",7262,Google Maps,American Burger Factory,2025-05-28T18:35:27.189Z,0,,,,,,,
831541,Le type sur la caisse très désagréable il été de service le 06/06/19 le soir,4985,Google Maps,Hicham cook pizza pasta,2019-06-09T20:53:01.387Z,3,,,,,,,
176183,Une bonne table à Kouba,7934,Google Maps,Restaurant À Petit Feu,2023-05-16T18:30:42.470Z,1,,,,,,,
307258,خدمة سيئة للغاية. Mauvais service,2808,Google Maps,HichamCook Grill House,2023-01-11T14:00:47.664Z,0,,,,,,,
700474,بالتوفيق  [APPRECIATION],2874,Google Maps,HichamCook Grill House,2022-10-22T15:35:24.106Z,0,,,,,,,
569404,سندويتش ديالو معمر غير جلودة,40612,tiktok,@woodchickendz,2026-01-02T19:45:54.995944,0,,,,,,,
700477,Service : 0 حنا مزلنا فالطابلة وهوما جاو يفرزو فيها ويهزو فالطباسى,5804,Google Maps,Casbah istanbul,2025-12-31T07:14:33.774Z,0,,,,,,,
307262,وين اكزاكت خويا,52118,tiktok,@uncles_burger_dz,2026-01-02T21:03:25.013465,2,,,,,,,
962640,j'attends avec patience quand je met le pied a oran c 'est le premier endroit a revoir,70254,tiktok,@le_petit_chalet,2026-01-02T22:00:16.570509,1,,,,,,,
307285,Dinos و الله شهادة حق أحسن شواء لحوم طازجة و أجود أنواع الجبن  كمية و نوعية  [APPRECIATION] [RECOMMENDATION] [BOUFFE],61670,tiktok,@guellil._.tasnim,2026-01-02T21:25:45.400220,3,,,,,,,
831580,Viens à Alger  [APPRECIATION],45538,tiktok,@budz,2026-01-02T20:16:03.905596,0,,,,,,,
307297,وين بلاصة,13027,Facebook,Restaurant San Benito,2025-10-13T09:49:34.000Z,0,,,,,,,
962658,Lberbouch dial franca,72938,tiktok,@pont_hydra,2026-01-02T22:13:39.117805,1,,,,,,,
962669,بالتوفيق دائما ان شاء الله ومن يرغب في تأسيس مشروع محل عصائر مميز بنظام براند قوي ومميز يتابع حسابي ويتواصل معي  [APPRECIATION],39336,tiktok,@itchy_food,2026-01-02T19:41:12.212759,0,,,,,,,
569474,Restaurant à fuir plus de une heure à attendre et on a les plats au compte goutte. Un cuisinier et 20 autres qui glandes le pizzayolo qui a disparu,3717,Google Maps,Laurel Restaurant,2024-10-25T13:53:52.325Z,1,,,,,,,
700548,Dreamy  [APPRECIATION],798,instagram,fontaine_dor_restaurant,2025-05-17T15:25:42.000Z,1,,,,,,,
831621,magnifiques et très romantiques,15518,tiktok,@fouka.marine,2026-01-02T18:07:36.650690,0,,,,,,,
438407,Je suis un enfant de la colonne voirol mais suis parti loin … quelle adresse? Merci,71792,tiktok,@dar.zellige.hydra,2026-01-02T22:11:00.780364,0,,,,,,,
700552,لاليفريزو باطو كاسي,39740,tiktok,@benko.games,2026-01-02T19:43:09.950430,1,,,,,,,
176274,الي خدم الفيديو فنان فنان أحسن إعلان شفتو ف الجزائر اللهم زد و بارك  [APPRECIATION],80,instagram,american.burger_dz,2025-08-21T19:33:48.000Z,0,,,,,,,
700567,Expérience excellente,8145,Google Maps,American Burger Factory,2025-01-28T17:57:18.275Z,0,,,,,,,
438433,Repas bon mais froid serveur ma renversé du yaourt sur moi,5156,Google Maps,Casbah Istanbul القصبة اسطنبول,2025-05-14T17:07:38.470Z,0,,,,,,,
569512,Bon service lah ybarek surtout la serveuse Chaima,7363,Google Maps,American Burger Factory,2025-05-22T12:34:56.478Z,0,,,,,,,
176305,A We sa riche bien c pas chère wlh,43900,tiktok,@dzforestrestaurants,2026-01-02T20:11:32.869758,0,,,,,,,
700596,"Ce jeudi au début bien reçu mais après des que c'est des clients habituels ils les font passer sous prétexte ya pas de table de deux personnes il yavait que 4 personne tout en sachant on était un couple on est venu bien avant eux Il ya une mauvaise coordination, après j'ai des excuses d'accord merci mais les excuses ne règle pas tout les problème Les habitudes passent avant se qui viennent rarement Hier vraiment très déçu et moi qui invité mon mari pour son anniversaire et dire qu'il ya 7 ans c'était pas comme sa et je comprends pourtant dans la salle familli yavait de la place car après on ou a proposer une table de 4 pour deux personnes et 30mn avant il nous dit ici c famillia le 4 personne et plus et après leurs erreurs d'un coup mon époux et moi on est devenu une famille et on nous propose une table de 4 personne et d'autres personnes venu après nous se trouve attablés avant nous vraiment déçu enfin Par orgueil et respect pour ma personne car je suis pas de la ville j'ai senti une discrimination et j'ai quitté les lieux sincèrement il on gâché ma soirée",2982,Google Maps,تاج محل بن عكنون,2025-11-14T21:58:24.153Z,0,,,,,,,
962745,ليفريزو لبرج بحري,39708,tiktok,@benko.games,2026-01-02T19:43:06.957370,0,,,,,,,
307387,وش هذا kfc فهموني,38204,tiktok,@kfc,2026-01-02T19:39:29.030085,0,,,,,,,
176337,"J’ai eu le plaisir de déjeuner au restaurant à petit feu . Le cadre est tout simplement somptueux, alliant élégance et confort. Le service est irréprochable : attentionné, discret et très professionnel. Chaque plat était un chef-d’œuvre, aussi beau que délicieux. Ce restaurant incarne l’excellence à tous les niveaux. Idéal pour une occasion spéciale ou simplement pour se faire plaisir. Je recommande sans hésiter !",6895,Google Maps,Restaurant À Petit Feu,2025-07-12T11:34:00.111Z,0,,,,,,,
700626,هذا كامل با 1500 دج ما شاء الله,11576,Facebook,Restaurant San Benito,2025-07-26T18:28:28.000Z,0,,,,,,,
438485,راجل طيب مدراك خدام مشالله تبارك رحمان,49674,tiktok,@gosto_fast_food,2026-01-02T20:41:40.144237,1,,,,,,,
962773,"J’y suis allé cette semaine, c’est super bon, et les serveurs qui sont égyptiens sont super accueillant et réactifs.  [APPRECIATION]",32950,tiktok,@sinai,2026-01-02T19:18:31.100573,0,,,,,,,
176344,"Je suis satisfait de la cuisine, du service et de l'ambiance. J'ai passé une belle soirée avec le match en face. Les serveurs sont sympathiques et rapides. Ils nous ont donné un pain chaud et délicieux et le thé était offert. J'apprécie. Je comprends que le prix est élevé, mais pour moi, de nos jours, on paie la qualité. Franchement, c'était délicieux. Bravo !",2419,Google Maps,HichamCook Grill House,2024-10-10T23:26:20.990Z,0,,,,,,,
307420,10/10 ! Super expérience. Je tiens aussi a remercier abdou pour l’accueil chaleureux. Bonne continuation !,7835,Google Maps,American Burger Factory,2025-02-28T01:37:00.138Z,0,,,,,,,
962782,Hanafi Adli هاذ الصومو مبببببببررر شاهو! ؟ ماعرفتوش,11737,Facebook,Restaurant San Benito,2025-07-26T23:43:18.000Z,0,,,,,,,
831712,"Restaurant catastrophique J'ai mangé un tacos le 20 juillet 2025 je suis tjrs malade, diarrhée et vomissement Restaurant à fuir",6844,Google Maps,American Burger Factory,2025-07-22T21:23:16.222Z,0,,,,,,,
700652,اخوتكم راهم يموتو في غزة وانتم اهدروا غير على الماكلة,11843,Facebook,Restaurant San Benito,2025-07-28T07:08:30.000Z,0,,,,,,,
307436,الربي. نخاف. شهريتي. ناكلها. في. ليلة [APPRECIATION],67256,tiktok,@bladi_oran,2026-01-02T21:51:40.948778,0,,,,,,,
307439,ماكلتهم بنينة تهبل  [APPRECIATION],58390,tiktok,@la.nouvelle.etoile0,2026-01-02T21:20:56.232056,2,,,,,,,
962810,les Barils sur le Boulevard.,64434,tiktok,@cintra,2026-01-02T21:34:50.039413,0,,,,,,,
438528,"malheureusement ils ont fermé dès l'ouverture, l'établissement est mis en location. khssara",51044,tiktok,@broaster_chiken,2026-01-02T20:59:49.625945,0,,,,,,,
569601,The best عن تجربة,2040,instagram,"the____bakery
",2025-05-18T12:42:35.000Z,71,,,,,,,
962823,شوفتها برك تريح النفس فمابالك المذاق  [APPRECIATION],1135,instagram,L’ENTRACTE,2025-02-16T12:10:39.000Z,1,,,,,,,
831761,Très radin en viande La viande de bœuf et Très forte Les frite avait un goût de friture bizzar Vraiment déçu,5946,Google Maps,Casbah Istanbul,2024-10-22T12:22:25.005Z,1,,,,,,,
700696,"La bouffe est bonne, mais les serveurs sont tout sauf professionnels, ils ramassent les plats avant qu'on soit levés, c'est un manque de respect.",5325,Google Maps,Casbah Istanbul القصبة اسطنبول,2024-02-06T21:16:19.144Z,1,,,,,,,
569625,علاه ما توروش لي بلا واجدين,12965,Facebook,Restaurant San Benito,2025-10-13T22:46:43.000Z,0,,,,,,,
307485,Lokan n9der nmdelkom 0 étoile nmdhalkom Responsable irrespectueux service 00 Qualité et goûts 000000,5118,Google Maps,Casbah Istanbul القصبة اسطنبول,2025-08-15T23:57:33.590Z,0,,,,,,,
700702,j'y suis à l'heure où j'écris ce com les frères,45058,tiktok,@budz,2026-01-02T20:15:44.592914,2,,,,,,,
831773,هذا تستاهل صح والله,44006,tiktok,@dzforestrestaurants,2026-01-02T20:11:34.553652,1,,,,,,,
700706,خامج وبنين وبالفين,42098,tiktok,@street_food,2026-01-02T19:58:00.340545,0,,,,,,,
438565,قدام الميترو؟,48762,tiktok,@zeghlache_food,2026-01-02T20:37:20.222037,1,,,,,,,
962856,mon endroit préféré f oran ghir tema nhas b calme  [APPRECIATION],70214,tiktok,@le_petit_chalet,2026-01-02T22:00:14.827633,4,,,,,,,
569643,قلب الماء زهر,43618,tiktok,@serir_alger,2026-01-02T20:09:38.627986,0,,,,,,,
438573,كيان اليوم,33568,tiktok,@restaurant_gizay,2026-01-02T19:22:45.945038,0,,,,,,,
962865,Bsahtek monsieur ça l’air bon mais il faut que je goûte inshallah,62472,tiktok,@benete_wahran,2026-01-02T21:30:34.706728,0,,,,,,,
569651,J’adore le meilleur  [APPRECIATION],49122,tiktok,@chicks_nook,2026-01-02T20:40:13.769361,1,,,,,,,
176442,رحتلو بزاااف شباب ومافيهش الغاشي وكلاص top,27076,tiktok,@seven.times,2026-01-02T18:39:22.006433,2,,,,,,,
307514,ou se trouve ce lieux exactement,60342,tiktok,@seraidi.live.z,2026-01-02T21:22:48.839794,0,,,,,,,
438599,في دار زيد جديد او كلشي نظيف او عندو زيت قديمة قلة بيها كثر من 100 مرة زدلك كلشي موسخ على هذي بنينا عندو,42494,tiktok,@street_food,2026-01-02T19:58:08.773041,0,,,,,,,
176460,Goût authentique Service rapide Machaa lah,4412,Google Maps,هشام كوك بيتزا,2024-03-04T19:05:05.196Z,0,,,,,,,
700753,Konak الأصل,32308,tiktok,@restaurant_gizay,2026-01-02T19:15:25.042077,0,,,,,,,
962903,مشاء الله الله يبارك  [APPRECIATION],31784,tiktok,@entracte,2026-01-02T19:14:23.117722,3,,,,,,,
700761,Ballon réglé,71978,tiktok,@signature.dz,2026-01-02T22:12:08.065497,0,,,,,,,
569704,احكيلنا على الاسعار؟,28120,tiktok,@amine.lacantine,2026-01-02T18:45:39.010148,1,,,,,,,
176492,درينا فديو هاي ويني يبعو كنافة تركية من فضلك,46584,tiktok,@oumanger.oran,2026-01-02T20:23:51.156873,0,,,,,,,
962925,لم يحصل لنا شرف الأكل عنده وإن كنا نود أن نتذوق أطباقه ، لولا عون الأمن‍ الذي احتقرنا نوعا ما ربما لكوننا أتيناهم راجلين وليس على متن سيارتنا وذلك لأننا أدينا صلاة الظهر في المسجد المجاور ثم سألنا عن أفضل مطعم في الناحية فأرشدونا إلى المطعم الذي بجانب المسجد فإذا بنا نتفاجأ بعون الأمن الذي قال لنا : (إذا راكم قيس قيس روحو للمطعم الآخر)! وهو لا يعرفنا هل نحن قيس قيس أو كيس كيس فلا ندري ما سبب هذا الاستقبال؟؟؟! ؟! ؟!,2756,Google Maps,HichamCook Grill House,2023-03-19T19:48:28.851Z,2,,,,,,,
831862,trop classe ma chérie  [APPRECIATION],48924,tiktok,@le77tizi,2026-01-02T20:38:59.838029,0,,,,,,,
569729,"Bonjour, j'ai prit une pizza viande avec des champignons je l'ai trouvé très bonne seul problème les champignons. Plein d'eau c'était pas des champignons frais. Je pense que c'était des champignons en bocaux. Sinon le reste nickel.",4253,Google Maps,هشام كوك بيتزا,2024-08-10T09:51:07.234Z,0,,,,,,,
569733,مديرش مسابقة,40308,tiktok,@woodchickendz,2026-01-02T19:45:45.311790,6,,,,,,,
438663,ارواح لعين كرشة 500 تاكل 10ايام,44628,tiktok,@dzforestrestaurants,2026-01-02T20:12:00.943151,0,,,,,,,
700812,"La viande est de très très bonne qualité, fraiche et assiette bien généreuse  [APPRECIATION]",2397,Google Maps,HichamCook Grill House,2024-12-07T18:28:14.944Z,0,,,,,,,
438671,جماعة كاين هكا في قسنطينة؟؟,52152,tiktok,@uncles_burger_dz,2026-01-02T21:03:26.444456,8,,,,,,,
700817,تحيا red food,59262,tiktok,@maestro_dz13,2026-01-02T21:21:27.203034,0,,,,,,,
438674,"Bonne chance pour la suite, tu le mérites vraiment",1070,instagram,imstarvingfood,2025-04-08T12:07:50.000Z,1,,,,,,,
307603,on a trouvé la queue et une réceptionniste qui est censée d'être accueillante mais hélas elle était très froide pas le moindre sourire . Le service est très lent . Le goût par rapport à casbah istanbul de babez était pas présent. Les serveurs perdus désorganisés.,5837,Google Maps,Casbah istanbul,2025-07-26T21:49:27.786Z,0,,,,,,,
307602,"C'est la deuxième fois que je mange chez eux, la première n'était pas concluante mais j'ai vu dans les commentaires que c'est leurs pizza qui bonne, effectivement leurs pizza sont très bonnes, je recommande les pizzas",4739,Google Maps,Hicham cook pizza pasta,2023-07-30T20:48:37.583Z,0,,,,,,,
569751,Jaafar Mh ناكلو في لموات فووور,13229,Facebook,Restaurant San Benito,2025-10-13T20:12:38.000Z,1,,,,,,,
307622,The best and the biggest burgers I have ever eaten. Really addictive. Try poutins also. Delicious. I miss them :(,7108,Google Maps,American Burger Factory,2025-06-25T08:47:25.136Z,0,,,,,,,
962996,قهوة بونة,50324,tiktok,@quick_bite,2026-01-02T20:59:16.814048,0,,,,,,,
176564,نتا تفهم كي يطࢪطق لاستيك برك,10758,Facebook,Restaurant Casa Bella - Draria,2025-12-07T22:07:02.000Z,0,,,,,,,
963006,Moi je venais beaucoup plus pour ça et pour votre Hrira  avant et la dernière fois quand j’étais en Algérie il y avait que la Hrira  bravo les meilleurs  [APPRECIATION],178,instagram,amine_la_cantine,2025-12-14T12:51:02.000Z,5,,,,,,,
569794,Mthlfche akhi chof drima grill,46364,tiktok,@damisoran31,2026-01-02T20:22:03.060369,1,,,,,,,
569797,"The food is delicious, with generous portions that satisfy the appetite. The seating is comfortable, providing a pleasant dining atmosphere. However, the pricing could benefit from a review to ensure it aligns with the overall value offered.",5158,Google Maps,Casbah Istanbul القصبة اسطنبول,2025-05-02T18:12:46.457Z,0,,,,,,,
831941,"It was my first time trying Indian food, and I was recommended TAJ Mahal for its quality. The food was really good, the sauces were good, and the rice paired well with them. I got to try a few different dishes, which was nice. Just a heads-up: the prices are on the higher side, especially for what’s mainly rice and sauces.",3022,Google Maps,تاج محل بن عكنون,2025-05-20T08:17:04.850Z,1,,,,,,,
831943,شحال توصيل لبني مسوس,39722,tiktok,@benko.games,2026-01-02T19:43:06.957386,0,,,,,,,
176584,Non non pas halal vérifier,72408,tiktok,@pont_hydra,2026-01-02T22:13:22.193271,0,,,,,,,
569802,j'ai mangé chez eux vraiment mashallah top5,34952,tiktok,@sinai,2026-01-02T19:28:01.420376,1,,,,,,,
963018,مزال حال في سيدي عمار ؟؟؟,61574,tiktok,@guellil._.tasnim,2026-01-02T21:25:39.597099,0,,,,,,,
307661,في بلعباس,44686,tiktok,@snacko_hm,2026-01-02T20:13:22.676661,0,,,,,,,
569808,من لي دخلت التيك توك صباح و الفيديوهات تاع الماكلة تجيني تقول التيك توك علابالو بلي رمضان,30402,tiktok,@lasombra.dz,2026-01-02T18:58:22.671371,1,,,,,,,
569809,"Endroit sympa, prix abordable, staff très accueillants mais la pizza n'a pas été à notre goût, bonne pâte, mais la sauce et le fromage étaient de mauvaise qualité, ça a un goût industriel. Jspr qu'ils vont améliorer ça. المكان مريح و عائلي، البيتزاما عجبتناش، ولو معمّرة مالفوق بصّح ذوقها كان عيّان، تبان صلصة مقارون فالذوق، إن شاء الله يحسّنوها فالمستقبل.",4613,Google Maps,Hicham cook pizza pasta,2025-10-22T03:01:52.757Z,0,,,,,,,
569815,"Les pizzas sont bonnes et légères , personnel accueillant, parking gratuit disponible",4542,Google Maps,هشام كوك بيتزا,2023-12-20T20:14:00.291Z,2,,,,,,,
307672,Thala c'est la fontaine en kabyle,27870,tiktok,@thala,2026-01-02T18:45:07.867036,0,,,,,,,
700889,حطلنا menu,61006,tiktok,@oussy.house.23,2026-01-02T21:24:07.019876,2,,,,,,,
307674,عندي حساسية من الخوخ و نيكتاغين  [COMPLAINT],1340,instagram,mahroussaglace,2025-07-12T12:35:46.000Z,2,,,,,,,
307692,"Les gants , les gants !",1335,instagram,mahroussaglace,2025-07-11T03:28:33.000Z,2,,,,,,,
438767,الله يعونكون,45880,tiktok,@ifood_31,2026-01-02T20:18:09.131440,0,,,,,,,
569844,لبارح كنت تما يهبل كلش طوب راحة نفسية و حتى الاستقبال في المستوى كلش مليح ا [APPRECIATION],56798,tiktok,@papillons827,2026-01-02T21:16:38.306177,7,,,,,,,
307700,Très belle expérience c'était super bon mercii et surtout l'ambiance et la musique,3592,Google Maps,Laurel Restaurant,2025-11-15T13:15:46.882Z,0,,,,,,,
700918,أسعار مرتفعة . يبقى المكان جميل صراحة,6281,Google Maps,Casbah Istanbul,2022-03-22T22:42:17.056Z,0,,,,,,,
963061,مين رخس الحوت كثرو الاشهارات، و ومين كان غالي و ين كنتو  [COMPLAINT],13098,Facebook,Restaurant San Benito,2025-10-13T12:20:52.000Z,0,,,,,,,
307710,مقبيل لحقتني. ادمااااااان [APPRECIATION],2032,instagram,the____bakery,2025-08-04T16:53:02.000Z,1,,,,,,,
307714,"J’y été tout à l’heure pour diner, rien de spécial, c’est un snack comme les autres. Makla w benna standards.",33244,tiktok,@new_yorkais,2026-01-02T19:20:40.455384,0,,,,,,,
832005,ماشاء الله تبارك الرحمن ممكن السعر من فضلكم,9709,Facebook,"  Restaurant elassil








",2025-12-16T13:45:38.000Z,1,,,,,,,
307717,وهران بعيدة ءالا ءاذا جابتنا طريق,11416,Facebook,Restaurant San Benito,2025-07-27T02:13:41.000Z,2,,,,,,,
569862,"Wow good meal. Affordable price . Basically a full meal can go for two persons. I enjoyed the ""mixed"" meat . Wait time for meal is between 10-15 mins which is ok. The staff are very welcoming.",3177,Google Maps,تاج محل بن عكنون,2022-02-21T05:00:10.164Z,0,,,,,,,
832010,Il faut changer les plantes,20200,tiktok,@sebs_garden,2026-01-02T18:18:15.045276,0,,,,,,,
569881,سعر في متناول النواب,17856,tiktok,@casabelladraria,2026-01-02T18:14:47.824015,0,,,,,,,
700958,l'ancien adresse de Omar Bachelor j'ai mangé déjà vraiment le goût magnifique le prix abordable  afud igarzen,37480,tiktok,@restaurant.madala,2026-01-02T19:34:55.230302,1,,,,,,,
963103,juteux pas jeteux  [COMPLAINT],46936,tiktok,@seven_burgers,2026-01-02T20:24:48.066582,3,,,,,,,
176677,بصحتو لي يقدر يجي عندكم,11071,Facebook,Restaurant Casa Bella - Draria,2025-08-18T20:49:30.000Z,0,,,,,,,
176689,la dictature et la méprise de ce pauvre peuple elle dépasse les limites,28720,tiktok,@american.burger.tizi,2026-01-02T18:47:33.266950,0,,,,,,,
963125,للاسف سندويش عادي جدا,28902,tiktok,@snacky_time_kouba,2026-01-02T18:47:52.389957,0,,,,,,,
832058,صراحة واو ماشاالله   ربي يقويكم  [APPRECIATION],1618,instagram,"quesadillasbk
",2025-06-22T21:28:25.000Z,1,,,,,,,
963134,"Je n’ai personnellement pas aimé mon expérience dans ce restaurant. Le burger chicken n’était pas à mon goût, et je ne comprends pas l’engouement autour de cet endroit. Peut-être que cela dépend des préférences de chacun.",7687,Google Maps,American Burger Factory,2025-04-26T17:41:50.068Z,0,,,,,,,
438852,"Good, authentic food, a bit over priced for what you pay for.",3331,Google Maps,تاج محل بن عكنون,2017-07-25T15:41:16.354Z,1,,,,,,,
832073,خليل رحماني فالهيليطون مالا,9962,Facebook,Dz Forest Restaura,2025-10-13T01:29:08.000Z,0,,,,,,,
176717,وقيلا غير نتوما في الجزائر كاملة لي بقيتو محافظين على نفس الجودة انا من فتحتو اول مرة و انا نجيكم المشكل في الفريت ساعة على ساعة تفسد شوفو حل معاها ولا ليامات لي تكون مش مليحة نقصولها في السومة و ربي يوفقكم و نتمنالكم الا التوسع و النجاح,101,instagram,american.burger_dz,2025-08-29T13:23:56.000Z,5,,,,,,,
832080,نهاري نور الدين ريقلها,13685,Facebook,Restaurant San Benito,2025-12-29T00:19:43.000Z,0,,,,,,,
438866,Très bon restaurant surtout la serveuse Chaima excellente lah ibark,7404,Google Maps,American Burger Factory,2025-05-21T22:54:42.633Z,0,,,,,,,
701011,beautiful,22338,tiktok,@le_scenario,2026-01-02T18:23:54.862283,87,,,,,,,
569953,يا درى نروحو  [APPRECIATION],19246,tiktok,@helena,2026-01-02T18:16:32.748124,0,,,,,,,
438882,je serais venu mais je vie trop loin mais si j'ai l'occasion inchallah je viendrais  [APPRECIATION],35020,tiktok,@sinai,2026-01-02T19:28:03.462444,1,,,,,,,
438892,"la déco et tout ce qui en suit c'est parfait, mais leurs nourriture je suis désolée mais aucun goût",21960,tiktok,@maison_sardoudi,2026-01-02T18:22:36.976922,0,,,,,,,
438894,جامي كليتهم بصح قالولك ملاح لصحا بزاف  [APPRECIATION],73522,tiktok,@pont_hydra,2026-01-02T22:13:57.016232,0,,,,,,,
176750,رياض le meilleur [APPRECIATION],52932,tiktok,@patisserie_annaba,2026-01-02T21:04:18.324406,1,,,,,,,
963185,مطعم فاخر و أطباق لذيذة و شهية,6180,Google Maps,Casbah Istanbul,2022-10-29T05:56:04.823Z,0,,,,,,,
832115,Mon meilleur endroit à Annaba,60408,tiktok,@seraidi.live.z,2026-01-02T21:22:50.506815,1,,,,,,,
569986,وعلاه ماعيطتليش [INQUIRY],15542,tiktok,@mardoum,2026-01-02T18:07:49.011705,0,,,,,,,
832131,c ou exactement fi chapui?,53444,tiktok,@thaisty_dz,2026-01-02T21:07:25.946587,9,,,,,,,
176775,Oui je confirme le mille feuilles de Riad vraiment délicieux ++++,53058,tiktok,@patisserie_annaba,2026-01-02T21:04:21.547847,0,,,,,,,
307852,Star box,37588,tiktok,@kfc,2026-01-02T19:39:13.548404,433,,,,,,,
701072,تشبه لعصومي تاع طيور الجنةربي يحفظك والله شبه اربعين [APPRECIATION],19840,tiktok,@sultan,2026-01-02T18:17:23.351393,0,,,,,,,
438937,حبيت  [APPRECIATION],54612,tiktok,@mr._brik,2026-01-02T21:11:17.625822,0,,,,,,,
701084,انا كزائرة لمدينة عنابة عجبني مطعم طبرقة بنة و استقبال و سارفيس روعة ربي يبارك فيهم,58866,tiktok,@maestro_dz13,2026-01-02T21:21:20.566518,18,,,,,,,
701089,وي صح بنين,30880,tiktok,@roi_du_fajitas,2026-01-02T19:08:42.393428,1,,,,,,,
832164,طلبية خاطئة ، نادل غير احترافي,4087,Google Maps,هشام كوك بيتزا,2025-05-25T12:02:46.219Z,0,,,,,,,
832167,tellement class,27186,tiktok,@ambiance_telemcen,2026-01-02T18:41:26.498539,0,,,,,,,
570023,Service rkhis,4655,Google Maps,Hicham cook pizza pasta,2025-07-24T22:27:01.944Z,0,,,,,,,
176809,اكد لي على الكوزمي,11636,Facebook,Restaurant San Benito,2025-07-28T17:45:29.000Z,0,,,,,,,
701098,Le tajine c est pas Marocain,69500,tiktok,@cote_oran,2026-01-02T21:57:59.950469,1,,,,,,,
570030,اعرضنا,15758,tiktok,@mardoum,2026-01-02T18:07:56.044529,0,,,,,,,
307892,مطعم مولي توب,22734,tiktok,@le_perchoir,2026-01-02T18:25:12.072796,0,,,,,,,
963260,"مراض بنا. ils sont omnubilés par l'Algérie. des malades mentaux confirmés 48, 9/100 souffrent de troubles mentaux . c leur ministre qui l'a dit. en plus c des mal élevées",16648,tiktok,@user5834669559361,2026-01-02T18:10:45.373088,3,,,,,,,
701117,j y était super bon,62682,tiktok,@allechante,2026-01-02T21:30:54.725089,0,,,,,,,
438974,تحيا جارك,12044,Facebook,Restaurant San Benito,2025-10-13T13:52:12.000Z,0,,,,,,,
438979,"de la bonne musique, une ambiance bon enfant j adore  [APPRECIATION]",23344,tiktok,@moonzrestaurant,2026-01-02T18:25:38.448187,1,,,,,,,
570061,الله يبارك ديما فخمه,11310,Facebook,Restaurant Casa Bella - Draria,2025-07-26T19:10:37.000Z,0,,,,,,,
438989,"le tacos L trop petit pour son prix la viande haché surgelés ""koft"" aucune sauce aucun gout",8661,Google Maps,American Burger Factory,2021-11-12T16:37:03.768Z,0,,,,,,,
832207,"Nous avons voulu essayer ce resto mais c’était une grosse erreur… presque aucun plat disponible, plat arrivé froid et pas frais, boissons=zero il n’y avait que 2 choix. Attente interminable pour ne rien manger et la viande n’est pas fraîche. Vraiment à fuir",4029,Google Maps,هشام كوك بيتزا,2025-08-22T22:20:44.580Z,0,,,,,,,
701138,ch7al beb ezouar livraison,29422,tiktok,@elcuatro_burgers,2026-01-02T18:49:39.557168,0,,,,,,,
963292,ولميتين تدخل بيها برك,71178,tiktok,@paradou_restaurant,2026-01-02T22:05:03.494365,0,,,,,,,
439012,Vraiment déçue des prix n'importe quoi avec le menu c'est une arnaque avec ses prix la a deux 5600da vraiment j'étais cons voilà,5715,Google Maps,Casbah Istanbul القصبة اسطنبول,2021-12-17T16:43:42.842Z,0,,,,,,,
701158,Coiffure oran toujours top mon frère bssahtek et bon courage a vous on va venir Inchaalah,64146,tiktok,@restauranttrattoriaoran,2026-01-02T21:34:10.483870,2,,,,,,,
701166,il y a un bar où bien juste restaurant ?,24684,tiktok,@laturquoisehotel,2026-01-02T18:30:26.774715,0,,,,,,,
570102,voila Un resto locale pas besoin du MacDo ou KFC. fière de vs wlid bladi,45532,tiktok,@budz,2026-01-02T20:16:03.881406,0,,,,,,,
307964,والله العلي العظيم ما رياء ما حتا شيئ التعاليق بكاوني عدد كبير من المغاربة خوتنا يبغو مصطفى وحزيم ربي يرحمه والقائمة طويلة حسبي يا الله ونعم الوكيل في كل حاكم ضالم لي بلع بينا وبينكم تحياتي,68622,tiktok,@cote_oran,2026-01-02T21:57:26.802415,14,,,,,,,
701181,وين في سكيكدة,49472,tiktok,@kik.sfood21,2026-01-02T20:41:11.566283,1,,,,,,,
307988,Ftour ici yjik ghali 3la ftour f les champs Élysée otmane,35348,tiktok,@sinai,2026-01-02T19:28:11.981356,2,,,,,,,
963352,يوسف تحيا أنت,66262,tiktok,@vibe.bistrot,2026-01-02T21:48:40.873863,1,,,,,,,
963353,يبان بنين والله اعلم,28866,tiktok,@snacky_time_kouba,2026-01-02T18:47:51.583953,0,,,,,,,
963355,Service vraiment très nul et lent Le medkouk pas fameux,4089,Google Maps,هشام كوك بيتزا,2025-05-22T20:59:10.206Z,0,,,,,,,
439076,خدمة ماشاء الله أكل طيب و مكان نظيف  [APPRECIATION] [RECOMMENDATION],5223,Google Maps,Casbah Istanbul القصبة اسطنبول,2024-09-01T20:52:16.825Z,0,,,,,,,
701229,قتلك لازم نلقاك صدفة,50298,tiktok,@quick_bite,2026-01-02T20:59:16.814021,1,,,,,,,
832305,أنا ناكل غير عند غزة مشاء الله حتى السعر,1736,instagram,"resturant.arabesque
",2025-10-22T20:30:05.000Z,1,,,,,,,
963379,لفريت كي تقليها فالزيت جديد متجيش بنينة كيما يكون زيت قديم وسر راه في لابلاك,41712,tiktok,@street_food,2026-01-02T19:57:49.362773,1,,,,,,,
570165,bonne dégustation chère Madame  [APPRECIATION],72552,tiktok,@pont_hydra,2026-01-02T22:13:25.580895,0,,,,,,,
570167,aahhh c'est dommage je suis passée hier j avait pas l os a la moelle,25214,tiktok,@lovers_grill,2026-01-02T18:33:09.961761,2,,,,,,,
439095,dressage de l'assiette au top  [APPRECIATION],68546,tiktok,@restaurant_marisco,2026-01-02T21:56:52.182797,1,,,,,,,
176960,Une pensée pour les peuples qui meurent de faim,57900,tiktok,@_le216_,2026-01-02T21:17:34.317853,0,,,,,,,
832327,يا غلام هل عندكم عصير العنم,13637,Facebook,Restaurant San Benito,2025-12-15T17:56:46.000Z,0,,,,,,,
439113,Everything was great Spécial thanks to Fares,6665,Google Maps,American Burger Factory,2025-09-07T19:42:43.646Z,0,,,,,,,
439123,جماعة لي عندو وحش غير ينحيه علنا,42704,tiktok,@my_pizza,2026-01-02T19:58:59.743668,0,,,,,,,
439128,on dit un appétit .,13926,tiktok,@le_dauphin_restaurant,2026-01-02T18:00:51.463456,2,,,,,,,
308058,شحال هدا الطبق؟,10748,Facebook,"  Restaurant elassil








",2025-12-28T23:06:03.000Z,0,,,,,,,
570202,Hamid Le Grand لعنة الله عليك الى يوم الدين يا كلب,9960,Facebook,Dz Forest Restaura,2025-10-13T01:12:59.000Z,0,,,,,,,
963421,حلزون باللغة العربية,73000,tiktok,@pont_hydra,2026-01-02T22:13:40.547316,2,,,,,,,
308066,500 مصروف تع شهر نكله في ساعا,10684,Facebook,Dz Forest Restaura,2025-10-13T16:57:40.000Z,0,,,,,,,
439144,les gens de cette table on dirais ne sont. pas content surtout la dame à la fin le regarde qu'elle as lancé au serveur !,18118,tiktok,@casabelladraria,2026-01-02T18:14:53.728508,4,,,,,,,
177004,Service impeccable et plats savoureux. Même si la cuisine turque n'est pas connue pour être formidable il faut le dire. Mais ce que nous a été servi etait très bon même si relativement simple.,5423,Google Maps,قصبة اسطنبول,2023-10-14T09:38:16.429Z,0,,,,,,,
570232,غالي على نيويورك,58324,tiktok,@la.nouvelle.etoile0,2026-01-02T21:20:53.470255,74,,,,,,,
832378,Fifi Tifa القلوب لا تبعد,12496,Facebook,Restaurant Rais,2025-10-13T20:34:44.000Z,0,,,,,,,
701316,5000 نخدم عليها 5 أيام,9356,Facebook,Dz Forest Restaura,2025-10-13T18:55:10.000Z,0,,,,,,,
832391,60الف زايد,55642,tiktok,@askim_food,2026-01-02T21:13:35.596553,0,,,,,,,
439185,قلي خويا شعل سعر عندكم,12728,Facebook,Restaurant Rais,2025-10-13T12:06:15.000Z,0,,,,,,,
177043,OuSsama Mouissi باينة هذي خويا لعزيز,12900,Facebook,Restaurant San Benito,2025-10-13T07:53:00.000Z,1,,,,,,,
963478,c où exactement garden City,37760,tiktok,@kfc,2026-01-02T19:39:20.190182,1,,,,,,,
177048,ملاح بزااااف,37148,tiktok,@restaurant.madala,2026-01-02T19:34:46.646513,1,,,,,,,
832412,Bro this is so cool keep up with this great work . ! [APPRECIATION],49966,tiktok,@m7ajeb,2026-01-02T20:44:33.062662,3,,,,,,,
177055,مكانش كيما تاسبيريه  [APPRECIATION],73562,tiktok,@pont_hydra,2026-01-02T22:13:57.935754,0,,,,,,,
832417,j'adore cette chaîne de KFC je le kiff partout au monde,38870,tiktok,@kfc,2026-01-02T19:39:57.510522,0,,,,,,,
701355,الشريبة والله غير بنينة بلا ما دقتها ولا شميتها غير شفتها عرفتها عندي الحق؟؟,14796,tiktok,@khiteelrouh,2026-01-02T18:06:28.018798,0,,,,,,,
177069,tu t'adresse aux kabyles où aux français?,22164,tiktok,@maison_sardoudi,2026-01-02T18:22:41.177262,0,,,,,,,
439217,beau restaurant très sympa au boulevard des lions a cote de confiserie,63350,tiktok,@santorino,2026-01-02T21:32:13.067110,3,,,,,,,
570291,جيت مرا ليفانت متهليتوش فيما سندويتش نقصتلو,40968,tiktok,@derby.food,2026-01-02T19:50:05.693566,0,,,,,,,
177081,"Un incontournable du hamburger, sans parler de son steak and cheese qui est divin, keep working amerian burger's team .",8679,Google Maps,American Burger Factory,2021-10-07T13:08:35.435Z,0,,,,,,,
308163,où est passé SID Ahmed ? est il toujours présent après le décès de son père ?,64418,tiktok,@cintra,2026-01-02T21:34:50.039399,0,,,,,,,
701381,chehal la livraison el madania,48390,tiktok,@mbfooddz,2026-01-02T20:35:07.801131,0,,,,,,,
832456,Et la gastronomie algérienne makench tsema hane nweli comme en France tacos pizza et Burger,50930,tiktok,@broaster_chiken,2026-01-02T20:59:47.306534,1,,,,,,,
832458,مزية غير شوية فريت عيت نضارب معاهم كي يعمرولي فريت  [APPRECIATION] [COMPLAINT],1899,instagram,spartacos2019/,2025-01-10T00:07:16.000Z,6,,,,,,,
308173,"Le lieu offre une expérience culinaire agréable et soignée. L’accueil est chaleureux et le service est irréprochable, avec un personnel aimable et toujours disponible. L’endroit, lumineux et propre, renforce le confort des clients, tandis que les sanitaires exemplaires témoignent d’une attention particulière portée à l’hygiène. Bien que les prix soient légèrement au-dessus de la moyenne, ils se justifient par un cadre particulièrement soigné : des plantes naturelles, des serviettes de table de qualité personnalisées au nom de l’établissement, un agencement des tables optimal offrant une belle sensation d’espace, et une décoration harmonieuse parfaitement en phase avec le thème choisi. Une expérience qui, sans aucun doute, en vaut le détour.",7187,Google Maps,Restaurant À Petit Feu,2024-12-14T18:46:33.238Z,0,,,,,,,
832463,"Leurs croissants au beurre sont les plus bons que j’ai mangés jusque la, le personnel est aimable et les prix sont raisonnables, je recommande",3873,Google Maps,L’Alchimiste Pâtisserie,2024-08-22T19:32:58.454Z,1,,,,,,,
439248,علا خاطر نتوما منعرفوش طيبو,41984,tiktok,@street_food,2026-01-02T19:57:56.860866,0,,,,,,,
570322,"Une experience exceptionnelle, la nourriture était bonne, un grand bravo au personnel pour leur accueil chaleureux et leur attention tout au long du service, merci à chaima, on se sent vraiment bien pris en charge comme toujours! Je recommande vivement ce restaurant nous reviendrons avec grand plaisir",7407,Google Maps,American Burger Factory,2025-05-21T19:50:36.138Z,0,,,,,,,
963539,"Bonjour, Avez-vous une succursale à Lyon svp?",26250,tiktok,@lovers_grill,2026-01-02T18:34:51.325365,0,,,,,,,
832469,Très Bonne présentation + La Music  [APPRECIATION],59976,tiktok,@the_throne_annaba,2026-01-02T21:22:24.294501,2,,,,,,,
177116,"Un bon indien, le meilleur sur Alger mais les prix sont assez chers.",3260,Google Maps,تاج محل بن عكنون,2019-03-10T11:01:00.095Z,1,,,,,,,
701411,Pourriez-vous s’il vous plaît nous communiquer les bons restaurants qui se trouve Alger qui sont pas trop cher qu’on peut bien manger je sais que je d,73506,tiktok,@pont_hydra,2026-01-02T22:13:57.016216,0,,,,,,,
177125,امين خويا متمني نجي لعندك الى كتب ربي الخطوة ان شاء الله,256,instagram,amine_la_cantine,2025-12-25T16:20:45.000Z,1,,,,,,,
177130,كي ماتفولوش السعر واش من فايدة,9704,Facebook,"  Restaurant elassil








",2025-12-25T18:07:48.000Z,0,,,,,,,
177146,حدثني عن الطهي والذوق,58982,tiktok,@maestro_dz13,2026-01-02T21:21:22.102191,0,,,,,,,
570364,بصح لوكن ملبستوش شرط بصحتكم  [APPRECIATION],43076,tiktok,@melonge_dz,2026-01-02T20:02:40.534852,1,,,,,,,
570390,الوصفة من فضلك,30970,tiktok,@roi_du_fajitas,2026-01-02T19:08:44.077699,0,,,,,,,
963620,كذاب شريت عليهم soupe de poisson ديتها معيا خلص عليا 1000دج سرقين الله ينعلكم يا الخيان .,12033,Facebook,Restaurant San Benito,2025-10-13T05:11:36.000Z,0,,,,,,,
701490,ماكلتو بنينة تهبل,20378,tiktok,@labelladalger16,2026-01-02T18:19:35.339914,1,,,,,,,
439349,قولولنا السومة ماتحشمش باش أنزوروكم . ولى اعلى احساب ليما ماديتش السومة بلاك غالي .,10208,Facebook,"  Restaurant elassil








",2025-12-26T19:33:21.000Z,0,,,,,,,
963638,نيش باغى نوكل دوراد ول صباعك باغى نوكل شواربك الزين  [BOUFFE],13068,Facebook,Restaurant San Benito,2025-10-13T08:46:43.000Z,0,,,,,,,
832575,"Bravo frérot, mercis pour la vérité",29766,tiktok,@easy.cheesy,2026-01-02T18:52:02.828330,2,,,,,,,
963648,صح غالي,33356,tiktok,@ambiancefood,2026-01-02T19:21:14.858949,1,,,,,,,
308288,سلام حتى سيدي عمار توصلو,55908,tiktok,@mfood.annaba,2026-01-02T21:14:13.763869,2,,,,,,,
439370,"sans oublier carrefour, coca cola, pepsi, Nestlé.",37724,tiktok,@kfc,2026-01-02T19:39:19.608352,10,,,,,,,
963660,Endroit sympa - plats typique - certains plats étaient trop salés - service lent - tarifs élevés.,5437,Google Maps,Casbah Istanbul القصبة اسطنبول,2023-06-01T21:08:18.756Z,0,,,,,,,
963661,"We had dinner today, very nice experience. We forgot to book a table in advance but the staff were very helpful. The food was excellent and the service amazing. Nice place to visit if you looking for decent foods with high quality ingredients.",2789,Google Maps,HichamCook Grill House,2023-02-06T23:32:45.175Z,4,,,,,,,
177234,Rarement mangé un aussi bon resto indien. Il dépasse de loin pas mal de resto indien en france. Portion très copieuse et d’une qualité sans nom. Seul bémol le prix abusif : Ca revient au meme prix (voir plus cher sur certain plat) que si tu mange un resto indien en france alors que la matière première est moins cher en Algérie. Donc pour la majorité des locaux c’est inaccessible.,3068,Google Maps,تاج محل بن عكنون,2024-08-01T21:04:26.364Z,1,,,,,,,
701524,Boycott  [COMPLAINT],38810,tiktok,@kfc,2026-01-02T19:39:55.022821,0,,,,,,,
570455,Le balcon est trop petit et toujours occupé,20794,tiktok,@labelladalger16,2026-01-02T18:19:45.452008,0,,,,,,,
439385,Une equipe sympa Surtout le bavardeur,6773,Google Maps,American Burger said hamdine,2025-08-23T12:51:10.299Z,0,,,,,,,
439401,Yep he ate  [APPRECIATION],50002,tiktok,@m7ajeb,2026-01-02T20:44:38.358412,3,,,,,,,
832619,كلشء مبروك,67314,tiktok,@bladi_oran,2026-01-02T21:51:42.147289,0,,,,,,,
177266,Livraison disponible où exactement ?,1431,instagram,mimas_donuts,2025-03-27T17:55:07.000Z,0,,,,,,,
439419,Pour le guide francophone à zanzibar pour les activités à zanzibar et safari en Tanzanie et pour passer le meilleur vacances n’hésitez pas à me contacter pour toute informations,62520,tiktok,@allechante,2026-01-02T21:30:51.792716,1,,,,,,,
963710,Anass Ph اسم المطعم فيه دلالة واضحة على بنة الأكل,13546,Facebook,Restaurant San Benito,2026-01-01T19:40:21.000Z,1,,,,,,,
832642,avez-vous un resto à Marseille,25294,tiktok,@lovers_grill,2026-01-02T18:33:41.990883,0,,,,,,,
177284,خطأ خطأ لولا و تالية نجي ناكل عندكم مكان ني بنة ني هم يحزنون غير زيوتات,624,instagram,budz.dz,2024-11-09T18:49:36.000Z,0,,,,,,,
832647,جيته لاكن جدا جدا عادي وسيئ جدا في سيرفيس لاكن افضل شي شفته في الجزائر العاصمه هو لاكن ينقصه اشياء كثيره,27088,tiktok,@seven.times,2026-01-02T18:39:22.006452,1,,,,,,,
701576,هو فلحقيقة صح يسوى 87 الف فيه 2 كويس يجيو 40 الف 20 الف سكالوب باطة كومومبار 20 الف,31632,tiktok,@woodgrill_dz,2026-01-02T19:13:58.136708,0,,,,,,,
963721,Tres propre tout fait maison prix raisonnable je recommande (améliorations pour le service ),2338,Google Maps,HichamCook Grill House,2025-07-27T00:28:13.331Z,0,,,,,,,
832651,restaurant 216  [APPRECIATION],58944,tiktok,@maestro_dz13,2026-01-02T21:21:21.380405,0,,,,,,,
439439,Enfin un bon restaurant au centre Commercial de Bab Ezzouar ! Le entrée comme les plats sont très bons avec beaucoup de variétés de viandes d'agneau et de volaille. Le grillades sont excellentes tout comme les accompagnements. A déguster également un thé avec un kunefe bien chaud servi avec son sirop chaud ! J'en salive encore.,6431,Google Maps,Casbah Istanbul,2019-01-14T00:15:59.585Z,2,,,,,,,
177300,أغلا شوا فوهران,63732,tiktok,@silyon69,2026-01-02T21:33:12.187331,5,,,,,,,
963744,prix je pense que c'est raisonnable adi3in rabi nchalah,36826,tiktok,@restaurant.madala,2026-01-02T19:34:39.326160,1,,,,,,,
701609,win exct dirona gps,26500,tiktok,@labelladalger16,2026-01-02T18:36:56.335058,4,,,,,,,
570553,مايصلحش ما كاين حتى حاجة بنينة و زيد يسربي في الڨوبليات,3996,Google Maps,هشام كوك بيتزا,2025-11-15T20:06:52.441Z,0,,,,,,,
177337,الله ايعاونك الاخت,13630,Facebook,Restaurant San Benito,2025-12-16T07:21:02.000Z,0,,,,,,,
177339,franchement g ete déçu très petit comme endroit les plats chers pour rien de spécial  il savait que vous étiez sur les réseaux?,71712,tiktok,@opium,2026-01-02T22:10:13.798957,0,,,,,,,
701632,Thala c'est la fontaine en kabyle  [APPRECIATION],27892,tiktok,@thala,2026-01-02T18:45:07.867067,3,,,,,,,
832726,sawarlna menu nchoufou,66684,tiktok,@bladi_oran,2026-01-02T21:51:13.515493,1,,,,,,,
701656,KFC. kkkkk fffffff cccccc,38902,tiktok,@kfc,2026-01-02T19:39:59.233052,0,,,,,,,
439521,Sans plus kho normal,42790,tiktok,@pizza_carre,2026-01-02T20:00:30.285008,0,,,,,,,
308449,Très bon service de la part de reda,8337,Google Maps,American Burger Factory,2024-05-16T20:37:34.084Z,0,,,,,,,
963809,Vous ouvrez quand a kouba?,1546,instagram,niwafood,2025-08-02T23:50:19.000Z,1,,,,,,,
832743,شحال تكلفة هذا محل ممكن رد في خاص مهتمة,39378,tiktok,@itchy_food,2026-01-02T19:41:13.058271,0,,,,,,,
701677,بصحتك خويا راني هنا كي تغيبلك عيطلي نجي ولله شهيتني بصحتك,15618,tiktok,@mardoum,2026-01-02T18:07:52.655276,0,,,,,,,
439558,YéSs INe Toumi ايه تناكت عباسي لمقطع المحلول,12881,Facebook,Restaurant San Benito,2025-10-13T10:36:09.000Z,0,,,,,,,
963848,bsahtekkkk. bonne appétit. ta trop la classe [APPRECIATION],57456,tiktok,@_le216_,2026-01-02T21:17:22.929982,0,,,,,,,
832779,On a pris des burger et tacos cete très bon cete pas sec surtt tacos yave beaucoup de viande et savoureux . j pas trop aimé la salle c petit étroit et quand on y vas heur de repas ya beaucoup d'attente sinon sympa,8253,Google Maps,American Burger Factory,2024-09-26T11:15:24.919Z,0,,,,,,,
308495,إن شاء الله نزور المحل,11704,Facebook,Restaurant San Benito,2025-09-12T15:01:20.000Z,0,,,,,,,
308501,Mourad Guertal Meghlaoui لااااااااا . قاصد كل الطاولة ب 150 ألف,11423,Facebook,Restaurant San Benito,2025-08-20T13:16:42.000Z,0,,,,,,,
701720,Lounes Ath Mbarek لا تغضب,12477,Facebook,Restaurant Rais,2025-10-15T22:58:48.000Z,1,,,,,,,
963869,U have the best donuts  [APPRECIATION],1507,instagram,mimas_donuts,2025-06-24T18:07:18.000Z,1,,,,,,,
308516,قريتي ليكمنتار,56332,tiktok,@the_chef_house_23,2026-01-02T21:14:40.447689,0,,,,,,,
701746,c'est où exact,48306,tiktok,@baddi_pizza,2026-01-02T20:34:47.172707,0,,,,,,,
832841,216 pour le moment c meilleur,59358,tiktok,@maestro_dz13,2026-01-02T21:21:28.859720,0,,,,,,,
177497,riad même les autres gâteau vraiment wow,52884,tiktok,@patisserie_annaba,2026-01-02T21:04:18.313489,1,,,,,,,
963934,سلام وين جاية بالصبط,55,instagram,a_petit_feu_kouba,2024-07-10T00:37:46.000Z,0,,,,,,,
177502,Oui resonnable pour moi,24784,tiktok,@laturquoisehotel,2026-01-02T18:30:29.288094,1,,,,,,,
308580,Machi saumon c est l espadon,12102,Facebook,Restaurant San Benito,2025-10-12T18:33:29.000Z,0,,,,,,,
963944,إذا كان السعر لا يأثر على الجنين ماذا قولنا شعال,12665,Facebook,Restaurant Rais,2025-10-12T22:21:31.000Z,0,,,,,,,
177512,Un resto machalah très propre et professionnel j’vous conseille d’aller chez lui  [APPRECIATION],62432,tiktok,@benete_wahran,2026-01-02T21:30:31.743469,1,,,,,,,
308587,السلطات لي عطاتو الرخصة باه حل هوما لي يتحاسبو. من لخر,38358,tiktok,@kfc,2026-01-02T19:39:33.331591,0,,,,,,,
570732,j'irai souvent seule je souhaite qu'on m'invite  [APPRECIATION],14400,tiktok,@les_jumelles,2026-01-02T18:01:26.755368,0,,,,,,,
570735,"Je recommande vivement ce restaurant, carte très riche aussi bien pour le menu que pour les vins, situé au cœur d'Alger. Rachid le maître d'hôtel est au top",3502,Google Maps,Caracoya,2020-11-09T20:51:46.223Z,3,,,,,,,
963951,Sincèrement je ne comprends pas c’est quoi la tenue des afghans que vous porter c’est pas du tout algérien  [COMPLAINT],11345,Facebook,Restaurant Casa Bella - Draria,2025-07-26T19:37:21.000Z,0,,,,,,,
177519,Un délice Top top top,5775,Google Maps,Casbah Istanbul القصبة اسطنبول,2021-02-21T20:26:12.075Z,0,,,,,,,
963967,هيا صح بنينة بصح تمد عير 2 حبات زيتون او حبة مرقد معاها,31082,tiktok,@roi_du_fajitas,2026-01-02T19:08:46.642173,0,,,,,,,
308608,The food is delicious nice price and staff are friendly and extremely helpful  [APPRECIATION],6788,Google Maps,American Burger said hamdine,2025-08-12T18:54:09.518Z,0,,,,,,,
570756,Très cher et le service 0,8221,Google Maps,Restaurant À Petit Feu,2022-10-14T20:31:27.532Z,4,,,,,,,
701836,بيبليسيتي منبعد تخلصها  مقودة شويا,11409,Facebook,Restaurant San Benito,2025-09-20T12:01:44.000Z,4,,,,,,,
570772,يا اااصحبي دنيت التيليفون لوذني او عاودت الفيديو الف خطرااا والله مافهمت 40 ولا 70,10253,Facebook,Dz Forest Restaura,2025-10-14T10:27:27.000Z,0,,,,,,,
963990,وين بضبط؟,19876,tiktok,@villa_frere,2026-01-02T18:17:37.285633,0,,,,,,,
177566,Pizza art draria is the best pizza in the world,4484,Google Maps,هشام كوك بيتزا,2024-01-10T18:09:54.906Z,0,,,,,,,
570783,299 ألف حشمت تزيد هذيك 10 دج,24972,tiktok,@woodgrill_dz,2026-01-02T18:32:03.111928,0,,,,,,,
439721,"Avant ils avaient les meilleurs burger sur Alger, surtout burger Rockford, leurs sauces étaient excellentes, puis le proprio a quitté pour je ne sais quelle raison, alors le pain est devenu degueu, sans compter leurs frites trop grasses, et les prix ont augmenté, exteement déçue, et j'y metterai plus jamais les pieds.",8796,Google Maps,American Burger Factory,2019-04-28T09:39:38.052Z,1,,,,,,,
832942,روني الافضل,42900,tiktok,@pizza_carre,2026-01-02T20:00:33.930053,0,,,,,,,
439728,مخلصينك ياسر,52634,tiktok,@uncles_burger_dz,2026-01-02T21:03:38.920974,0,,,,,,,
570811,le meuilleur à Tizi,21586,tiktok,@maison_sardoudi,2026-01-02T18:22:25.678227,15,,,,,,,
570813,وشحال راه في خاطري ناكل بلا نتاع حوت كما هاك حنا يلحقنا غير سردين اللهم ارزقنا من حيث لا نحتسب والحمد لله,9705,Facebook,"  Restaurant elassil








",2025-12-16T16:58:22.000Z,1,,,,,,,
832959,ياقول الأسعار قبل,20738,tiktok,@labelladalger16,2026-01-02T18:19:43.848830,0,,,,,,,
439751,Excellent en tout,5511,Google Maps,قصبة اسطنبول,2023-02-07T15:13:00.877Z,0,,,,,,,
308680,Good pizza. Good place. Little slow. 3 stars because of the cats that walk bellow tables.,4248,Google Maps,هشام كوك بيتزا,2024-08-12T21:17:50.251Z,0,,,,,,,
177609,Le service est excellent et simpa merciii à vous  [APPRECIATION],7040,Google Maps,American Burger said hamdine,2025-05-15T12:48:41.162Z,0,,,,,,,
439763,الأنسولين : أيواه كدا دلعني,320,instagram,"brother.ts
",2025-11-26T16:44:15.000Z,57,,,,,,,
832979,Magnifique endroit !,7260,Google Maps,American Burger Factory,2025-05-28T18:42:04.965Z,0,,,,,,,
570840,J’ai pris un pide a la viande hachée a 1200 da qui a été limite sans rien a l’intérieur,6131,Google Maps,Casbah istanbul,2023-10-29T20:03:54.179Z,0,,,,,,,
701917,haouse : haouse :slm khoya andi les fruit sèche et les poudre de fruit nature la très bon qualité c sa vous intéresse marhaba ou andi les poudre de patate nature,71904,tiktok,@amine.lacantine,2026-01-02T22:11:35.242578,0,,,,,,,
832994,Route nationale pas autoroute mon fils,50730,tiktok,@broaster_chiken,2026-01-02T20:59:42.104947,2,,,,,,,
964073,كليت عندو خلصت 350الف ومشبعتش,59826,tiktok,@oscar_restaurant,2026-01-02T21:22:02.085785,2,,,,,,,
308725,Bonjour pour le dessert avez vous de la Klépouni svp ?,25408,tiktok,@lovers_grill,2026-01-02T18:33:45.357503,0,,,,,,,
833017,on sait même pas quel ville ni adresse exact,36840,tiktok,@restaurant.madala,2026-01-02T19:34:40.171777,1,,,,,,,
964089,Je suis allé avec ma fille le mois de février c’est un endroit magnifique c’est calme le service est très agréable vivre Oran  [APPRECIATION],70560,tiktok,@le_petit_chalet,2026-01-02T22:00:26.489395,2,,,,,,,
570878,"Hummm, ça me donne l'eau à la bouche  [APPRECIATION]",35892,tiktok,@sinai,2026-01-02T19:28:28.070728,0,,,,,,,
177670,j'ai pas d'auto aimer l'endroit trop enfermée la bouffe aussi,18170,tiktok,@casabelladraria,2026-01-02T18:14:54.619352,0,,,,,,,
570889,J arrive  [APPRECIATION],25876,tiktok,@ofennec.officiel,2026-01-02T18:34:13.655023,0,,,,,,,
439835,وهران مغربية,69598,tiktok,@cote_oran,2026-01-02T21:58:04.730286,0,,,,,,,
177692,une journee de taf pour ca j'y réfléchis a deux fois quand meme  [COMPLAINT],40464,tiktok,@woodchickendz,2026-01-02T19:45:50.912743,1,,,,,,,
570914,عتبة مربوحة ان شاء الله ديرولنا اسعار مليحة باش نزوروكم كامل [APPRECIATION],20064,tiktok,@darlmima,2026-01-02T18:17:59.402197,0,,,,,,,
570916,راني حاية ناكل معاكم [APPRECIATION],28202,tiktok,@amine.lacantine,2026-01-02T18:45:40.891381,0,,,,,,,
177705,très beau mon frère  ou ce trouve l'endroit  [APPRECIATION],24808,tiktok,@laturquoisehotel,2026-01-02T18:30:30.091249,0,,,,,,,
308778,سما توكل وتتقهوا وتلعب. وزيد يزوزوك . وتروح تبات في داركم,51554,tiktok,@broaster_chiken,2026-01-02T21:00:01.526222,0,,,,,,,
439851,Amazing burgers but the sandwiches aren't Cooked well,8831,Google Maps,American Burger Factory,2018-04-10T03:54:50.107Z,0,,,,,,,
308782,لؤ لؤة قولي و الله ؟ ماعليش نعطيك معلومة صغيرة نص جاي فالقبة و نص فبئر مراد رايس,9236,Facebook,,2025-10-21T22:03:44.000Z,0,,,,,,,
702003,غالي بزاف بزاف بزاف جي عندنا عند فوفو تاكل حتى تشبع مايقولكش 50000,12354,Facebook,Restaurant San Benito,2025-10-13T07:39:11.000Z,0,,,,,,,
833076,bsh magoltinch ls prix,63042,tiktok,@allechante,2026-01-02T21:31:03.370950,0,,,,,,,
570933,كل الأطباق تهبل وتعجبني لاكن الطبق المشكل اللي هو من جديد اطباقكم الرائعة ماكانش موجود آخر مرة جينا على جالو للأسف قالولنا ماذبحتوش والا ماقضيتوش حاجة كيما هك لاكن سانعود قريبا .,8886,Facebook,"

Restaurant Tabarka Annaba",2025-12-23T18:28:23.000Z,0,,,,,,,
702006,تفتح فلعيد,47524,tiktok,@bazookadz,2026-01-02T20:32:25.582842,0,,,,,,,
439865,ينحيلك كامل دراهمك,10739,Facebook,Restaurant Casa Bella - Draria,2025-12-07T17:29:50.000Z,0,,,,,,,
833088,خاوتي ملخر سوريين ماكلة بنة وحدوخرا مام نضافة. والله خير منا لست أتكلم على محل هدا على كل طاعهم الله يبارك,33964,tiktok,@restaurant_gizay,2026-01-02T19:22:55.708514,0,,,,,,,
308801,c'est un régal,35264,tiktok,@sinai,2026-01-02T19:28:07.777395,0,,,,,,,
570946,واشحال سومة يسقام,39160,tiktok,@itchy_food,2026-01-02T19:41:08.941125,0,,,,,,,
833090,70 brochettes un poulet entier frites felfla et boisson ca va 5000 dinars en euros c un peu moins que 20 euros ceux qui disent c chere . meme pour un local ca passe ya a manger pour plusieurs personnes bon appétit,43768,tiktok,@dzforestrestaurants,2026-01-02T20:11:30.146815,13,,,,,,,
308800,بشعال ؟,384,instagram,"brother.ts
",2024-05-17T11:57:47.000Z,2,,,,,,,
833102,كيفاش نكموندي,39968,tiktok,@streetburger02,2026-01-02T19:44:04.635110,0,,,,,,,
702036,Tres propre et beau nouriture rien a dire rappor calite prix hadak houwa j'adore,5021,Google Maps,Hicham cook pizza pasta,2018-09-24T03:06:42.395Z,0,,,,,,,
308820,بتوصلو لرويبة,33730,tiktok,@restaurant_gizay,2026-01-02T19:22:48.808824,0,,,,,,,
439896,méga pizza fast Food mahouch resteront,58838,tiktok,@maestro_dz13,2026-01-02T21:21:19.761245,2,,,,,,,
702042,Allah ybarak frère W bon courage  [APPRECIATION],66168,tiktok,@anes.food.maraval,2026-01-02T21:47:31.136440,1,,,,,,,
570971,Où est cet endroit?,26824,tiktok,@seven.times,2026-01-02T18:39:13.736966,0,,,,,,,
177754,"Super bon, merci",3817,Google Maps,L’Alchimiste Pâtisserie,2025-09-20T21:43:38.802Z,0,,,,,,,
570974,What an amazing food.,8824,Google Maps,American Burger Factory,2018-06-05T17:24:06.401Z,0,,,,,,,
308836,c'est pas vrai thalla un kabyle c'est la fontaine ya pas un village que a pas thalla un kabylie,27630,tiktok,@thala,2026-01-02T18:44:58.021158,0,,,,,,,
570982,خليييييناااا لي مايعرفش يآمن ! حقا حقا افضل سرفيس في الجزائر,17702,tiktok,@seven.times.luxury,2026-01-02T18:13:19.186048,0,,,,,,,
833137,قوللنا برك اسعار,18270,tiktok,@helena,2026-01-02T18:16:08.811193,3,,,,,,,
964211,Pas bon du tout leur pide,5055,Google Maps,Casbah Istanbul القصبة اسطنبول,2025-11-27T16:19:51.465Z,0,,,,,,,
964215,مغلق,29394,tiktok,@elcuatro_burgers,2026-01-02T18:49:38.772699,0,,,,,,,
439943,Le meilleur certifié par un chef [APPRECIATION],65358,tiktok,@frono_oran,2026-01-02T21:43:06.019516,0,,,,,,,
833161,"Excellente expérience, viande d’exception sans parler du kunefe juste délicieux. Personnels à l’écoute et à notre disposition. Bravo !",5268,Google Maps,قصبة اسطنبول,2024-09-24T14:25:50.465Z,1,,,,,,,
177804,si les meilleurs sur tizi service accueil et le goût  rien à dire [APPRECIATION],21774,tiktok,@maison_sardoudi,2026-01-02T18:22:31.840428,0,,,,,,,
964240,win exacte,53694,tiktok,@guellil._.tasnim,2026-01-02T21:08:10.137877,1,,,,,,,
702101,"Bonjour, Cuisine 3 étoiles car ma pizza fruits de mer était brûlée. Service 5 étoiles grâce au professionnalisme et au sourire de toute l'équipe en salle, merci Abdennour pour l'efficacité et le professionnalisme. Ambiance 5 étoiles , endroit familiale et bien agencé. Les prix sont corrects sans plus. Bonne expérience malgré la pizza brûlée, ça peut arriver.",4342,Google Maps,هشام كوك بيتزا,2024-05-18T17:15:01.738Z,0,,,,,,,
833178,Le meilleur restaurant turque en Algérie,6430,Google Maps,Casbah Istanbul,2019-01-16T22:21:41.751Z,2,,,,,,,
177819,ملوخية مولوخية,9424,Facebook,Restaurant Tabarka Annaba,2025-12-23T18:01:55.000Z,0,,,,,,,
308893,الله يبارك  [APPRECIATION],820,instagram,fontaine_dor_restaurant,2025-09-09T17:21:04.000Z,2,,,,,,,
702110,هادو نخدمهم فدار ونكلهم خير ملفايدة لي تديها معايا حاسبين ناس راهي تخرااا دراهم,912,instagram,hichamcookgrill,2025-07-28T21:03:49.000Z,1,,,,,,,
833190,عليلو يعطيك الصحة ربي يحفظك ان شاء الله,38984,tiktok,@iso_food,2026-01-02T19:40:40.364603,1,,,,,,,
702124,"Tout est propre et super bon , des prix raisonnables pour des quantités importantes. Je recommande vivement .",7493,Google Maps,American Burger said hamdine,2024-05-24T09:20:24.623Z,0,,,,,,,
702125,شعيب إنسان طيب وفقك الله,9826,Facebook,"  Restaurant elassil








",2025-12-17T10:19:23.000Z,0,,,,,,,
964269,وين بلاصة باش منجيش,43850,tiktok,@dzforestrestaurants,2026-01-02T20:11:32.019802,0,,,,,,,
571061,واش نكتب في مابس,18392,tiktok,@helena,2026-01-02T18:16:11.210242,0,,,,,,,
571071,فريت يدير 60 الف,11193,Facebook,Restaurant Casa Bella - Draria,2025-07-29T10:21:16.000Z,0,,,,,,,
702155,بولحية دير mix بين رجال ونساء مهيم الدراهم,11144,Facebook,Restaurant Casa Bella - Draria,2025-08-31T15:15:03.000Z,0,,,,,,,
702163,ايوى مكانش،منها,13154,Facebook,Restaurant San Benito,2025-10-13T23:11:24.000Z,0,,,,,,,
833237,Oran ma ville vive mon pays,68820,tiktok,@cote_oran,2026-01-02T21:57:35.312088,4,,,,,,,
571096,رجاء او بحدانا نعدي كل يوم ومتولهتش اكي معروضة [APPRECIATION],54356,tiktok,@guellil._.tasnim,2026-01-02T21:08:25.236789,1,,,,,,,
964327,l'endroit il est très beau surtout avec le coucher du soleil mais il lui faut un grand chef étoilé ce restauran,70616,tiktok,@le_petit_chalet,2026-01-02T22:00:29.806814,0,,,,,,,
177904,bu4ger raclette avez-vous fromage fondu !,34084,tiktok,@taylot,2026-01-02T19:23:32.084508,0,,,,,,,
177911,محمد عثماني التجارة شطارة بما يرضي الله حلال عليكم,10810,Facebook,Restaurant Casa Bella - Draria,2025-09-03T13:37:20.000Z,1,,,,,,,
308986,كاين تسديد بالبطاقة الذهبية ؟,30050,tiktok,@pizza_carie_touati_,2026-01-02T18:54:33.948577,0,,,,,,,
571132,Imene Zkt يحصراه أيام متتنساش,12439,Facebook,Restaurant Rais,2025-10-13T07:44:42.000Z,1,,,,,,,
571134,Oui tt a fait c'est un cassoulet et ça existe même la loubia avec des merguez mani lahyarhamha kanet twassi loubia bel merguez et vous l'avez servi ds le plat qu'il faut yatikoum saha  [APPRECIATION],228,instagram,amine_la_cantine,2025-12-20T16:46:06.000Z,3,,,,,,,
177929,"Accueil 0 plat pas bien cuit à deux doigts de nous faire sortir en parlant au chef nous lui avons dis que la viande été pas cuite il nous a répondu ""cuisina fermé""restaurant ouvert et cuisine fermée vous manger votre entrée il vous pose le plat et le dessert en même temps service très speed 1ere et dernière fois",5094,Google Maps,قصبة اسطنبول,2025-08-13T22:49:24.408Z,0,,,,,,,
964361,prix chehal,21058,tiktok,@triple_,2026-01-02T18:21:58.676985,0,,,,,,,
702231,البنة تاع ميكروبات خير من لبنة تاع لحم لخروف,42116,tiktok,@street_food,2026-01-02T19:58:00.340573,0,,,,,,,
964381,Meilleur restaurant sur alger Salutation au gérant Mr bachir,8355,Google Maps,American Burger Factory,2024-05-10T22:28:24.647Z,0,,,,,,,
177953,Le meilleur resto en ce moment question qualité/prix/prestations,5667,Google Maps,Casbah Istanbul القصبة اسطنبول,2022-06-24T12:05:52.087Z,0,,,,,,,
833314,l'antica c le meilleur,49858,tiktok,@flamingo,2026-01-02T20:44:07.237679,1,,,,,,,
702252,"C’est quoi Curvettes ? moi je connais crevettes,",12317,Facebook,Restaurant San Benito,2025-10-13T16:25:50.000Z,0,,,,,,,
833326,صلاح الدين إناس أنس مرڨاز سبعلاف ها صحا,9865,Facebook,Dz Forest Restaura,2025-10-13T18:01:28.000Z,0,,,,,,,
571188,شحال. جاتو من مليار ؟,924,instagram,hichamcookgrill,2025-12-12T00:55:18.000Z,11,,,,,,,
309048,هذا فيديو لمحرز ومرتو,20590,tiktok,@labelladalger16,2026-01-02T18:19:40.345546,0,,,,,,,
833340,صحة اوكان نجيعندكم ماناكل ماوالو غير نشوف برك  [APPRECIATION],13590,Facebook,Restaurant San Benito,2025-12-28T16:12:39.000Z,0,,,,,,,
309056,سطيف؟,17144,tiktok,@casa_burger1,2026-01-02T18:11:29.349457,0,,,,,,,
964421,wheree ? girll,17324,tiktok,@le_victoria,2026-01-02T18:12:39.965053,3,,,,,,,
177991,نحب الجاج,993,instagram,hichamcookgrill,2025-12-24T16:23:33.000Z,0,,,,,,,
440137,مزال كاين توصيل,29442,tiktok,@elcuatro_burgers,2026-01-02T18:49:40.371779,0,,,,,,,
440140,هههه انا جامي نمد بري لحقاني لماما,21330,tiktok,@triple_,2026-01-02T18:22:05.228132,0,,,,,,,
964428,win hada exacte ?,65880,tiktok,@cote_oran,2026-01-02T21:46:16.156813,0,,,,,,,
833358,هدرت على كلشي غير السومة,49026,tiktok,@chicks_nook,2026-01-02T20:40:01.785548,18,,,,,,,
309075,C’est bien mentionné qu’ils font de la livraison mais quand on les appelle on nous dit on fait pas de livraison. C’est pas sérieux quoique la bouffe j’ai rien à dire elle est très bonne.,5237,Google Maps,قصبة اسطنبول,2024-11-28T21:10:02.003Z,0,,,,,,,
702296,"It was my seond time and time to thank the chef for it's yummy plates, the service is good. to try definitely!",6017,Google Maps,Casbah istanbul,2025-01-21T16:32:47.928Z,0,,,,,,,
178011,Il manque les oignons frits,40086,tiktok,@streetburger02,2026-01-02T19:44:07.115804,0,,,,,,,
702302,Sofiane Salem بغابة بن مراد برج الكيفان وهذا هو الموقع https://maps. app. goo. gl/TJSKoH1ae6Mn7c9f9? g_st=ac,9442,Facebook,Dz Forest Restaura,2025-10-26T04:30:46.000Z,0,,,,,,,
309088,كيافسي ماشي كايافسي,38150,tiktok,@kfc,2026-01-02T19:39:27.947223,0,,,,,,,
702307,تبون حاطنا عايشين هكذا,44616,tiktok,@dzforestrestaurants,2026-01-02T20:12:00.943141,0,,,,,,,
702308,إنه جيد جدًا أنا أستمتع به!,6317,Google Maps,Casbah Istanbul,2021-07-02T09:53:54.043Z,0,,,,,,,
702310,"Deux expériences pour ma part, une assez moyenne (plats à emporter) et l'autre catastrophique (service à table). Accueil chaleureux, puis service chaotique. Les serveurs oublient souvent la commande (alors qu'il n'y avait pas foule) resultats: on vient vous demander re préciser la votre chaque 10 minutes ou on passe vous présenter des plats que vous n'avez pas commandé. Notre commande est arrivée par fractionnement au bout de 40 minutes d'attente. Nourriture fade, sans goût. Nous avons commandé un burger dinner le plus cher sur leur carte, une pizza et un burger menu enfant et poulet tandoori façon ""indienne"". Premier constat il n'y avait aucune différence entre les deux burgers si ce n'est le prix. Il n'y avait d'indien dans le poulet que le nom, et la pizza au poulet est servie sans poulet (ou presque). En gros, pour le même prix (et même moins cher) vous trouverez de vrais burgers et de meilleures pizzas ailleurs.",4827,Google Maps,Hicham cook pizza pasta,2022-06-18T19:33:39.658Z,4,,,,,,,
571238,سامحيني رحتلو خطرة جاب بيا قريب ساعتين,57058,tiktok,@sultan_corniche,2026-01-02T21:16:58.742219,1,,,,,,,
178031,Hamid Le Grand نعلة الله عليك ياكلب كفارجي مليقتش السيد مقدرتلوش روحت تكفر برسول عليه افضل الصلاة والسلام ربي يهديك ياكبول,9886,Facebook,Dz Forest Restaura,2025-10-13T08:45:34.000Z,0,,,,,,,
964482,"Nous avons pris deux sandwichs shawarma pain tacos fade, crudités périmés, la viande laissait à désirer. Résultat : intoxication alimentaire pendant 2 jours, diaré et mal de ventre. Merci Casbah Istanbul.",6234,Google Maps,Casbah istanbul,2022-08-09T13:16:17.321Z,1,,,,,,,
833420,الوليمة طبرقة البستان,58844,tiktok,@maestro_dz13,2026-01-02T21:21:20.566456,2,,,,,,,
571277,وين جاي المحل تاعك خويا مانعرفوش نجي نشري عليك,47322,tiktok,@street_food,2026-01-02T20:31:30.576937,2,,,,,,,
702350,"J'ai eu le plaisir de visiter ce fameux restaurant dernièrement, vraiment un régal , j'ai pris un mixte de poisson et une salade de poulpe, la gastronomie était très bonne avec des quantités suffisantes , le service était au top avec des serveurs bien accueillant et a l'écoute de petit détail , je ferai sur un autre saut prochainement",2461,Google Maps,HichamCook Grill House,2024-08-06T20:44:20.227Z,0,,,,,,,
440225,Nickel. Très bon. Service rapide même trop.,6209,Google Maps,Casbah istanbul,2022-10-20T10:42:11.462Z,0,,,,,,,
571310,خارج الوطن ياه ايا صحا,63102,tiktok,@allechante,2026-01-02T21:31:04.202484,0,,,,,,,
833454,Hamid Le Grand عند الله تجتمع الخصوم سبيت الرسول صلى الله عليه وسلم والله لقد خرجت من المله اسلام واصبحت كافرا بدون ان تشعر لا بد عليك انت تتطهر وتعيد الشهاده وتدخل الاسلام من جديد,10448,Facebook,Dz Forest Restaura,2025-10-13T05:40:48.000Z,0,,,,,,,
702382,pourquoi pas une chanson de matoub lounes,25816,tiktok,@ofennec.officiel,2026-01-02T18:34:11.848426,4,,,,,,,
833459,من كان سببا في انتشار مشروعي رزقه الله اضعاف ما يتمنى  [APPRECIATION],531,instagram,"brother.ts
",2026-01-01T12:53:13.000Z,1,,,,,,,
178102,"excellente qualité de service, bon rapport qualité prix.",7819,Google Maps,Restaurant À Petit Feu,2023-08-05T21:15:41.074Z,1,,,,,,,
178106,انا حائره غير كيفاش يغسل هءوك ورد وحيوط مرة أخرى,18404,tiktok,@helena,2026-01-02T18:16:11.210252,0,,,,,,,
571358,و الله لوكان تزيدولي الدراهم,73420,tiktok,@pont_hydra,2026-01-02T22:13:54.199659,0,,,,,,,
440290,مشكلة مليحة مي المعاملة 0000,52228,tiktok,@uncles_burger_dz,2026-01-02T21:03:27.379946,0,,,,,,,
702448,السلام عليكم ورحمة الله وبركاته نقدر ناكل فيه عادي بصح قضية مبدأ مانروحش وكل واحد ومقدورو بصح انا كي نشوف غزة يروحلي كلش,18350,tiktok,@helena,2026-01-02T18:16:11.110364,1,,,,,,,
833524,Les jus taw3hom Mchy Chabin khashom un bar-men jdid,62506,tiktok,@allechante,2026-01-02T21:30:49.256876,0,,,,,,,
833530,يخدمو بالوجوه رحت انا مع عائلتي وكنا لابسين جلاليب قاع ماقيموناش وزيد غالي بزاف,66372,tiktok,@elbey_oran,2026-01-02T21:50:01.826413,4,,,,,,,
702464,علاش مكملتش خيرك اوقلتنا شحال السعر مع كل طبق,48022,tiktok,@rahmani_food,2026-01-02T20:34:21.490221,0,,,,,,,
571396,la cerise sur le gâteau bien évidemment ce serait un festival de la musique un jour peut-être,69834,tiktok,@chtibo_oran,2026-01-02T21:58:35.269393,0,,,,,,,
309262,في خاطري خرجة كيما هذا نحي الغمة لي في قلبي انا وولادي لي سمح في باهم,66638,tiktok,@bladi_oran,2026-01-02T21:51:11.463901,7,,,,,,,
833551,Mokri Djaouida كاين عرض 3000 دج و كاين عرض ب5000دج,9659,Facebook,Dz Forest Restaura,2025-10-16T18:06:55.000Z,3,,,,,,,
964628,Incroyable en terme de saveur et de service,6705,Google Maps,American Burger said hamdine,2025-10-07T12:32:04.578Z,0,,,,,,,
702485,بصح خويا خبرني على السومة,69058,tiktok,@cote_oran,2026-01-02T21:57:41.875911,1,,,,,,,
571413,ML Ritadj Razan فكرتيني ب ليام نتاع سبيطار ههههه,12434,Facebook,Restaurant Rais,2025-10-13T16:03:49.000Z,3,,,,,,,
833565,"Hichem Cook ouled fayet , j ai vraiment appréciee le moment passe dans vtr restau … la proprete et la qualite du service étaient remarquables, les plats sont magnifiques meme la quantite par rapport le prix J aimerais proposer 2 choses à étudier de vtr part pr enrichir l expérience de vs clients : d abord un endroit pr les fumeurs rendant l expérience + agréable , et creer un p+ d espace entre les tables pr + d intimite pr les familles et les groupes … Bn continuation",2447,Google Maps,HichamCook Grill House,2024-08-21T08:18:10.978Z,0,,,,,,,
178211,سعر معقول,43914,tiktok,@dzforestrestaurants,2026-01-02T20:11:32.869773,4,,,,,,,
702499,اجمل ذكرى فحياتي كانت فيه  [APPRECIATION],15302,tiktok,@fouka.marine,2026-01-02T18:07:31.673009,1,,,,,,,
964647,Je viens de commander maintenant franchement excellent service et livraison rapide bon continuation,6700,Google Maps,American Burger Factory,2025-09-04T00:18:04.166Z,0,,,,,,,
833580,Un vrai coup de coeur culinaire le personnel au top la cuisine est délicieuse et le cadre est agréable je ne peux que recommander,5100,Google Maps,قصبة اسطنبول,2025-08-12T14:29:32.286Z,0,,,,,,,
309295,كاين للفغيزو,24966,tiktok,@woodgrill_dz,2026-01-02T18:32:03.111921,0,,,,,,,
309304,"Gâteau pas très fameux qui date de quelques jours , c’était le seul ouvert le vendredi",3757,Google Maps,Laurel Restaurant,2024-04-26T10:23:44.210Z,1,,,,,,,
571453,يا حسرااه كي ناكلو هادوك كامل في 2010 ب 70 الف,43840,tiktok,@dzforestrestaurants,2026-01-02T20:11:32.019791,2,,,,,,,
571458,Anoir La Coupole مغارة الفخة العجيبة,9146,Facebook,"

Restaurant Casa Bella - Draria",2025-12-04T05:44:43.000Z,2,,,,,,,
833610,لي سورس تابعة لبئر مراد رايس ماشي للقبة  [COMPLAINT],8899,Facebook,"

Sultan Restaurants",2025-10-20T10:19:21.000Z,35,,,,,,,
964695,دراھمي يقلشوني مشي انتي وزيد نشري حوت ونطيبھ روحي بسعر معقول وكيما نحب وعلى نظافة لي نحبھا .,13210,Facebook,Restaurant San Benito,2025-10-13T07:59:17.000Z,0,,,,,,,
309335,وين بالضبط منظر رائع  [APPRECIATION],22648,tiktok,@le_perchoir,2026-01-02T18:25:10.325576,0,,,,,,,
309338,و معها اسعار خيالية,18724,tiktok,@helena,2026-01-02T18:16:17.035658,0,,,,,,,
571483,Accueil chaleureux Délicieux. Service rapide. Pas cher.,6263,Google Maps,Casbah istanbul,2022-02-10T23:15:03.743Z,0,,,,,,,
833628,c ou s il vous plaît l adresse exacte merci d avance,27574,tiktok,@thala,2026-01-02T18:44:51.305819,0,,,,,,,
964702,الاسعار في متناول بونجاح مين كان زعفان لبارح,1598,instagram,pizzapocket_dz,2025-12-25T12:24:14.000Z,2,,,,,,,
702564,طيب في طاجين حديد سخون وقلبي لخبر وبلفيونداشي والكومبار منقلش,41586,tiktok,@street_food,2026-01-02T19:57:47.610668,0,,,,,,,
964714,واش هذا لي فاهم يفهمني,38078,tiktok,@kfc,2026-01-02T19:39:27.046940,0,,,,,,,
440426,"Ceci, est plus qu'un repas; c'est un Festin d'honneur !",73192,tiktok,@pont_hydra,2026-01-02T22:13:49.131785,0,,,,,,,
964716,"Très bonne idée, bravo  [APPRECIATION]",979,instagram,hichamcookgrill,2025-12-29T18:34:44.000Z,2,,,,,,,
964718,غير لخلايع مكلتو رهج او زيد فرمسيان,9344,Facebook,Restaurant Casa Bella - Draria,2025-12-06T17:44:01.000Z,5,,,,,,,
440433,L'adresse du restaurant svp ? مطعم الرايس - Restaurant Rais,12526,Facebook,Restaurant Rais,2025-10-15T01:48:39.000Z,0,,,,,,,
702585,لاه مادتنيش معاك يا وردة والله راني سخافة كبيرة  [APPRECIATION],57246,tiktok,@_le216_,2026-01-02T21:17:19.542906,2,,,,,,,
833661,"Friendly welcoming, but long service and they forgot about our main dish order, so we ended up eating just bread and a salad mix which was delicious. I complained about it, it took even longer so we decided to leave the place. At the cashier, the waiter denied everything and put the blame on us. it could have been better.",5797,Google Maps,Casbah Istanbul القصبة اسطنبول,2019-12-03T20:15:33.412Z,0,,,,,,,
702590,Meilleur tacos sur alger,8632,Google Maps,American Burger Factory,2022-04-06T14:22:55.352Z,0,,,,,,,
702594,كي مجيتش ليوم,36554,tiktok,@seven.times,2026-01-02T19:31:36.932727,0,,,,,,,
964750,كي خطيتنا من مسرغين الحالة سماطت,63872,tiktok,@silyon69,2026-01-02T21:33:15.618157,0,,,,,,,
571543,"Excellentes crêpes ! Nous avons pris uniquement des crêpes, et elles étaient délicieuses, bien garnies et parfaitement cuites. Le staff est très souriant et accueillant, ce qui rend l’expérience encore plus agréable. Une très bonne adresse, nous reviendrons avec plaisir !",3683,Google Maps,Laurel Restaurant,2025-03-29T00:24:35.710Z,0,,,,,,,
833693,تبرزلي ب لوڨان,9582,Facebook,"  Restaurant elassil








",2025-12-16T20:48:19.000Z,2,,,,,,,
571551,1500 يجرحك من الركايب اتروح معاق,11527,Facebook,Restaurant San Benito,2025-07-26T20:01:55.000Z,0,,,,,,,
702624,اكلة مغناوية 100% الله يعطيكم الصحة,64700,tiktok,@msiiirdaa13,2026-01-02T21:35:48.703983,0,,,,,,,
440479,واش يميزكم على غيركم هو كلش غااااااالي النظافة ما شاء الله المكان شباب و مريح الماكلة نورمال ماشي top بصح الثمن بزاف. راكوا كتر من هشام كوك,8904,Facebook,"

Sultan Restaurants",2025-10-20T11:30:41.000Z,39,,,,,,,
440485,Moh et Maroua ils se sont level up ensemble main dans la main ca fait plaisir à voir,45162,tiktok,@budz,2026-01-02T20:15:51.006879,197,,,,,,,
178342,Can’t wait  [APPRECIATION],2204,instagram,teyr_ellil,2025-03-12T16:08:15.000Z,2,,,,,,,
833704,Fourt fourt fourt le meilleur de l'Algérie sans oublier bâchir le gérant le maître,8393,Google Maps,American Burger Factory,2024-03-07T22:22:55.977Z,0,,,,,,,
309423,نبيل نصار الجزائري البروشات هاذي يبيعوها ثلاثة ألاف خاصة سكالوب,9965,Facebook,Dz Forest Restaura,2025-10-12T23:02:47.000Z,2,,,,,,,
309424,Bon service specialement abdou,7838,Google Maps,American Burger Factory,2025-02-27T21:26:35.420Z,0,,,,,,,
702641,miro is number one,33252,tiktok,@seasons_rooftop,2026-01-02T19:20:55.484864,2,,,,,,,
309427,Mourad Guertal Meghlaoui تلاعب شغل صحاب البطاطا، حاط 40دج، كي تقول اعطيني 5كغ يقلك بالكيلو 5ألاف,11440,Facebook,Restaurant San Benito,2025-08-17T21:37:03.000Z,0,,,,,,,
440504,Équi Nox pourquoi?,13360,Facebook,Restaurant San Benito,2025-12-16T20:48:19.000Z,0,,,,,,,
309441,meilleur restaurant que j'ai déguster un très bon sandwich grand dédicace de tlemcen,26504,tiktok,@labelladalger16,2026-01-02T18:36:56.335062,64,,,,,,,
440522,tu peux avec un curdant  [APPRECIATION],73146,tiktok,@pont_hydra,2026-01-02T22:13:48.279115,0,,,,,,,
964820,Love it,4964,Google Maps,Hicham cook pizza pasta,2019-09-28T09:02:14.407Z,2,,,,,,,
440533,محند ريفي,73066,tiktok,@pont_hydra,2026-01-02T22:13:44.794084,0,,,,,,,
440534,La bouffe Nul,7221,Google Maps,American Burger Factory,2025-06-03T17:32:47.145Z,0,,,,,,,
702682,chacun ses goûts mais la elle abuse  perso j'ai grandi avec tout les plats a l'époque où les voisins ces la famille tunisien marocain sénégalais comorien juif espagnol italien elhhamdoulila cette génération vous êtes perdu allah ydikoume,17018,tiktok,@user5834669559361,2026-01-02T18:10:53.059390,0,,,,,,,
571610,الله ايبرك ان في حياتي مكليتش الكسكروط هذ وين المحل,12559,Facebook,Restaurant Rais,2025-10-28T19:13:16.000Z,0,,,,,,,
440540,bonne continuation les bosses,28658,tiktok,@american.burger.tizi,2026-01-02T18:47:31.474880,0,,,,,,,
440550,هشام كوك يبيع رخيس عليه [COMPLAINT],16302,tiktok,@mardoum,2026-01-02T18:08:08.874564,0,,,,,,,
178406,زيد كمل جميلك وقولهم مكان المحال وين امين,47336,tiktok,@street_food,2026-01-02T20:31:30.576947,1,,,,,,,
833768,Lotfi Lotfi علاش أخي أنت غالي والحم نتع الخارج رخيس,12435,Facebook,Restaurant Rais,2025-10-13T09:15:12.000Z,0,,,,,,,
964844,Salem choujrabe a Ayoub première fois chez vous et cela ne sera pas la dernière magnifique accueil nourriture au top choukane a tous et nous reviendrons in chaljah des DZ lointain,3653,Google Maps,Laurel Restaurant,2025-07-26T12:18:09.182Z,1,,,,,,,
178416,عندكم المطلوع,13240,Facebook,Restaurant San Benito,2025-10-13T11:30:07.000Z,0,,,,,,,
309498,خسارة تاع الدراهم + عطاهولي محروق + مش كامل كيما لي فوتو,8517,Google Maps,American Burger Factory,2023-04-16T19:09:50.563Z,1,,,,,,,
309504,Everything good,5343,Google Maps,Casbah Istanbul القصبة اسطنبول,2023-10-30T18:00:19.988Z,0,,,,,,,
964865,Magnifique  [APPRECIATION],1643,instagram,restaurant_poisson_or,2025-12-30T12:42:04.000Z,2,,,,,,,
964869,نبيع داري ونجي يقدوني زعما,12934,Facebook,Restaurant San Benito,2025-10-13T08:46:05.000Z,0,,,,,,,
178439,"Restaurant La Napolitana Je reviendrai avec plaisir, avec mes filles, franchement j ai été ravie et elles aussi de l agréable accueil et de l excellent dîner. Merci à vous et à très bientôt.",9385,Facebook,"Restaurant La Napolitana









",2023-10-11T00:19:52.000Z,1,,,,,,,
309512,موحال نقعد ناكل في بلاسة كيما هادي,11123,Facebook,Restaurant Casa Bella - Draria,2025-08-07T13:24:35.000Z,0,,,,,,,
702728,soiyer les bien venus en ouste d ALGERIE et tu voi le gout miracle dèscargo,73076,tiktok,@pont_hydra,2026-01-02T22:13:46.579019,0,,,,,,,
702732,Les mêmes plats dans presque tous les restaurants,66348,tiktok,@elbey_oran,2026-01-02T21:50:01.826370,0,,,,,,,
178445,من قبل كانت مشاء الله ضرك تخسر صوارد والبنة مكانش,22796,tiktok,@le_perchoir,2026-01-02T18:25:13.673818,0,,,,,,,
833827,وليتي خشين فالمونتاج الحاج  [APPRECIATION],61792,tiktok,@maestro_dz13,2026-01-02T21:26:52.422280,2,,,,,,,
571686,او بنات وعلاه متخلصوش عليهم,52798,tiktok,@mega_pizza,2026-01-02T21:03:54.669613,0,,,,,,,
702758,Amazing everything was delicious (at cheraga),31164,tiktok,@taylor,2026-01-02T19:10:49.007348,0,,,,,,,
178480,خليل رحماني نتوما لي كوافا ودعمو ستيل هذا مدام لقاو لي كيفكم يكملو في طغيانهم,10779,Facebook,Dz Forest Restaura,2025-10-15T18:01:41.000Z,0,,,,,,,
964914,Accueil très bonne adresse je recommande fortement 5/5 foncez la tête baisser  [APPRECIATION],7634,Google Maps,Restaurant À Petit Feu,2024-01-19T21:42:55.343Z,1,,,,,,,
178490,"I recently visited American Dinner and unfortunately, it was a huge disappointment. The food was the worst I've ever had in my life. Firstly, I was looking forward to trying their American-style pizza, but instead, we were served an Italian-style pizza. When I asked about this, the staff simply brushed it off, which was very disappointing. The food was also very poorly prepared. The fries were incredibly greasy and overcooked, and the crispy chicken was practically swimming in oil. I felt sick after eating it. The service was also subpar. The staff seemed disinterested and unenthusiastic, and did not seem to care about the quality of the food or the experience of their customers. Overall, I would not recommend American Dinner to anyone. The food was terrible and the service was lacking. There are plenty of other restaurants in the area that serve much better food with a much better experience. Save your time and money and go elsewhere.",4759,Google Maps,Hicham cook pizza pasta,2023-05-11T17:59:27.862Z,2,,,,,,,
833850,Très déçu service très long ils nous ont oublier même,1020,instagram,hotspot_dz,2024-10-05T10:59:45.000Z,2,,,,,,,
833853,روحت ليه خطرا وحدا حكمتني فوبيا نخاف هكذا بلايص الله يحفضكم أجمعين,10916,Facebook,Restaurant Casa Bella - Draria,2025-07-26T18:20:33.000Z,1,,,,,,,
571720,مشاء الله كلش 10/10,6513,Google Maps,Restaurant À Petit Feu,2025-10-19T21:48:43.118Z,0,,,,,,,
309577,monteur va gratuite à partir de 1500d machi gratuite complètement matahchemche,48274,tiktok,@rahmani_food,2026-01-02T20:34:28.248850,0,,,,,,,
964949,BRAVO UN SUPER RESTAURANT LE TOP. 1. 2. 3. VIVA ANNABA 23 POUR TOUJOUR. MERCI,50794,tiktok,@broaster_chiken,2026-01-02T20:59:44.958921,1,,,,,,,
833879,livraison dispo,36970,tiktok,@restaurant.madala,2026-01-02T19:34:42.473858,1,,,,,,,
571736,يشهي الله الله,32300,tiktok,@restaurant_gizay,2026-01-02T19:15:25.042071,0,,,,,,,
178525,"mais sur Google c pas à volonté je comprends rien, au bien les grillades c pas à volonté",26284,tiktok,@lovers_grill,2026-01-02T18:34:55.204681,0,,,,,,,
833887,Yacine Bouakaz بروشات الاكثرية من الشحم و الجاج + جاجة كاملة+ قطعة كومونبير + حميس و فريت معناه كامل 2500دج و هو يبيعه لك بالضعف,9892,Facebook,Dz Forest Restaura,2025-10-13T01:38:37.000Z,0,,,,,,,
833896,"Ma première fois hier , Bon l'accueil, le service, alla ybarak, on ne parle pas Mais la cuisine. j'étais un peu déçue, je m'attendais a mieux, La sauce champignon n'était pas bonne , je n'ai pas senti le goût du tout, avec 2 ou 3 tranches de champignons , la viande oui bien cuite mais pas très bonne . Pour la viande méchoui , pas très bien cuite mais bonne la vérité, Les frites kanou 9arsin dommage, En tout c'était dans la moyenne . J'ai pas pris de photos , mais voici mes deux plats qu'on a pris",2725,Google Maps,HichamCook Grill House,2023-05-19T12:12:58.246Z,2,,,,,,,
702827,Super resto ! Tres propre et très classe. Le personnel est super aussi.,3306,Google Maps,تاج محل بن عكنون,2018-01-27T08:00:09.988Z,1,,,,,,,
702855,la merdoum en français çà a un autre sens,26128,tiktok,@ofennec.officiel,2026-01-02T18:34:19.403120,0,,,,,,,
833931,"It's good always to have our annual lunch there , great service and good taste .",6408,Google Maps,Casbah Istanbul,2019-05-25T21:07:57.301Z,1,,,,,,,
571797,و أخيرا  [APPRECIATION],60116,tiktok,@the_throne_annaba,2026-01-02T21:22:28.361443,0,,,,,,,
965016,vive Mr abad  [APPRECIATION],66098,tiktok,@restaurant_mani,2026-01-02T21:47:15.239291,0,,,,,,,
702873,بيتزا تاعو مليحة ماشي فور و ماشي عيانة بصح ڨرنطيطة لي عندوا قوة قوة,42770,tiktok,@pizza_carre,2026-01-02T20:00:30.284985,0,,,,,,,
178594,lokn ha l vidéo b les prix ta3 les pièces khir w khir,27164,tiktok,@ambiance_telemcen,2026-01-02T18:41:21.610680,0,,,,,,,
965027,السعر في متناول مبابي,67910,tiktok,@kartaj_oran,2026-01-02T21:53:22.675414,0,,,,,,,
440742,Adam Houtla جيهة لي راه فيه تابع بيرمو يالي كبير و تعرف,9332,Facebook,,2025-10-25T13:40:30.000Z,0,,,,,,,
833959,Ça a l’air délicieux  [APPRECIATION],2117,instagram,triple.r.restaurant,2025-07-29T17:22:31.000Z,1,,,,,,,
702887,دير توصيل ل سيدي عبد الله,30056,tiktok,@pizza_carie_touati_,2026-01-02T18:54:33.948583,1,,,,,,,
702890,يهبل [APPRECIATION],52970,tiktok,@patisserie_annaba,2026-01-02T21:04:19.055837,1,,,,,,,
833970,La dame sun_shine21n a entièrement raison le goût a complètement changer pas de saveur rien du tout un burger banal j’aurai du le prendre en photo le dernière que j’en ai pris un chez vous. Segumo rohkoum,75,instagram,american.burger_dz,2025-11-09T13:38:49.000Z,1,,,,,,,
702898,"The food was not even fresh and very oily, and very expensive صراحة ليس لها اي علاقة بالطبخ التركي",5286,Google Maps,Casbah Istanbul القصبة اسطنبول,2024-04-15T19:36:25.789Z,0,,,,,,,
440759,خلقتوه انتم,53418,tiktok,@piadzo_food23,2026-01-02T21:07:13.112006,0,,,,,,,
178616,المقاطعة ممنوع الاكل عندو في الاتحاد قوة,38692,tiktok,@kfc,2026-01-02T19:39:47.807194,0,,,,,,,
702910,L'expérience du fromage magique,7092,Google Maps,American Burger Factory,2025-07-04T16:57:32.411Z,0,,,,,,,
702914,pour les crêpes je confirme c'est le meilleur  [APPRECIATION],48324,tiktok,@baddi_pizza,2026-01-02T20:34:47.172742,1,,,,,,,
571845,الله بارك ماشاء الله,12066,Facebook,Restaurant San Benito,2025-10-14T08:20:30.000Z,0,,,,,,,
571849,غالي و sandwich صغير,46640,tiktok,@oumanger.oran,2026-01-02T20:23:55.165444,3,,,,,,,
702923,très jolie  [APPRECIATION],71844,tiktok,@dar.zellige.hydra,2026-01-02T22:11:03.366978,0,,,,,,,
571852,lah ybarek des prix raisonnables  on vas passer inchallah  [APPRECIATION],36872,tiktok,@restaurant.madala,2026-01-02T19:34:40.863673,1,,,,,,,
702931,ثالا بالانازيغية هي العين (التي تأتي منه المياه) .,27624,tiktok,@thala,2026-01-02T18:44:57.723082,0,,,,,,,
702932,La qualité ne s'est pas beaucoup dégradé depuis l'ouverture mais le prix reste relativement exagéré.,8749,Google Maps,American Burger Factory,2020-09-17T18:20:41.262Z,0,,,,,,,
834005,Mathfacile Abdou nn dimanche repos mankhdmoch khoya,12534,Facebook,Restaurant Rais,2025-10-13T19:20:05.000Z,2,,,,,,,
178651,J’ai été déçue par la qualité des ingrédients du burger pour son prix. Le goût n’y est pas du tout c’était limite pas bon c’est vraiment dommage car j’avais déjà testé American Burger il ya quelques années et j’avais plutôt apprécié la nourriture mais aujourd’hui c’était un big FLOP,6737,Google Maps,American Burger Factory,2025-08-28T21:33:12.614Z,0,,,,,,,
834012,pourquoi ne pas faire une seule tra chez de veau et réduire le prix . 1250da équivaut une journée de travail,37288,tiktok,@restaurant.madala,2026-01-02T19:34:49.942126,0,,,,,,,
965085,"Service très très lent 35min pour 2 pizza en plus à 15 heures, 3 familles seulement dans la salle",4604,Google Maps,Hicham cook pizza pasta,2025-11-15T14:22:40.498Z,0,,,,,,,
309724,"Tacos : 5/10 rien de spécial, prix exagéré Poutine poulet : 5/10 j'ai pas trop aimé le goût sucré Forest burger: 3/10 j'ai m'attendais à plus I don't recommend it",8507,Google Maps,American Burger Factory,2023-05-31T21:00:12.968Z,7,,,,,,,
309741,اعرضنا انا وامي واختي جينا للعاصمة درت عملية عل نيفي. وشكرا [APPRECIATION],16172,tiktok,@mardoum,2026-01-02T18:08:06.266965,0,,,,,,,
834031,La nourriture est bonne mais le service et vraiment à revoir on commande des plats ils arrive avec 20 min d’écarts chacun . les serveurs et serveuses son dégoûter de travail . vraiment dommage .,65352,tiktok,@frono_oran,2026-01-02T21:43:06.019511,0,,,,,,,
178690,"Une nette dégradation depuis ma dernière visite, d’ailleurs je comprends bien pourquoi c’est si vide.",4728,Google Maps,Hicham cook pizza pasta,2023-08-30T08:44:03.839Z,0,,,,,,,
440834,انشاء الله انا نربح مشاء الله الله يزيد في رزقهم  [APPRECIATION],66994,tiktok,@bladi_oran,2026-01-02T21:51:31.931560,0,,,,,,,
834062,w les prix,50970,tiktok,@broaster_chiken,2026-01-02T20:59:48.252203,0,,,,,,,
440847,Très jolie  [APPRECIATION],65032,tiktok,@restaurantvillariviera,2026-01-02T21:38:47.170673,2,,,,,,,
965141,اللي كانوا هنا كارثة كبيرة . المعاملة سيئة الماكلة ماشي بنينة و زيد حطولنا les jetables مغسولين و فيهم الرغوة  [COMPLAINT],1186,instagram,"lagegarestaurant
",2025-11-29T19:14:40.000Z,2,,,,,,,
440854,لابلاك مصددة بزاف خو علاش هكذا,42016,tiktok,@street_food,2026-01-02T19:57:58.527993,2,,,,,,,
834070,Magnifique    [APPRECIATION],1262,instagram,lestwins.restaurant,2025-10-16T18:27:48.000Z,1,,,,,,,
834072,la villa والحاج عيساوي,26846,tiktok,@seven.times,2026-01-02T18:39:15.318140,3,,,,,,,
309785,bnet oukhti habline bach idjou mais ana men3nd rabi djani tkil ndjilou et en plus yadra les prix vu les messages lirani nakrahoum à parement catastrophe enfin,11147,Facebook,Restaurant Casa Bella - Draria,2025-07-26T22:34:07.000Z,0,,,,,,,
309796,"La carte n'est pas en rapport avec ce qui est proposé réellement, et les fondamentaux de la cuisine ne sont pas respecté surtout pour le poisson, et les frites étaient nul de chez nul. sinon le reste impeccable le personnel très poli avenant et patient merci pour ça",2298,Google Maps,HichamCook Grill House,2025-10-26T12:31:38.290Z,0,,,,,,,
440886,Les mêmes prix partout mdr,33536,tiktok,@ambiancefood,2026-01-02T19:21:18.269202,0,,,,,,,
309832,"Réception zéro, le tacos et plein de fromage on dirait un tacos de 3 fromages en plus de ça c'est chère un tacos M de 600da on dirait un tacos Xs c'était ma première est ma dernière fois .",8745,Google Maps,American Burger Factory,2020-10-28T13:28:56.603Z,4,,,,,,,
834122,"Excellent, je recommande",3796,Google Maps,Laurel Restaurant,2023-10-14T19:18:42.343Z,2,,,,,,,
703050,"Service nul , j’ai commandé burger egg et j’ai fait la remarque x2 ela l’oeuf 9otlo bien cuits hakek w jabli l’oeuf crus",8454,Google Maps,American Burger Factory,2023-10-11T21:27:41.055Z,0,,,,,,,
440909,لبلمي في السنكلو من احسن المطاعم القديمة ولحد الساعة كنا ديما ديما نتعشاو فيه مع بابا ربي يرحمو ملي مات مزدتش دخلتلو,58852,tiktok,@maestro_dz13,2026-01-02T21:21:20.566488,4,,,,,,,
965200,magnifique,14648,tiktok,@les_jumelles,2026-01-02T18:01:34.195388,1,,,,,,,
703058,"Very nice place, worm atmosphere, friendly staff, a wonderful tasty food with Algerian ingredients and Turkish touch. I highly recommend this restaurant for families, friends and business dinings. Thanks for the experience and keep it up.",5578,Google Maps,قصبة اسطنبول,2022-03-07T19:09:17.488Z,1,,,,,,,
965207,عند بلمو صحاب كريدي يتلمو,45830,tiktok,@ifood_31,2026-01-02T20:18:07.968415,91,,,,,,,
703074,كاين ليفزيزون لتبسة,17220,tiktok,@casa_burger1,2026-01-02T18:11:31.274517,0,,,,,,,
440935,تاع 16 غير تاع كران وبيتزا كاري  [RECOMMENDATION],16266,tiktok,@mardoum,2026-01-02T18:08:08.760130,0,,,,,,,
309864,شحال التوصيل لباب الجديد,2001,instagram,the____bakery,2025-05-18T13:28:40.000Z,0,,,,,,,
834152,والأسعار كيفاااه  [INQUIRY],20422,tiktok,@labelladalger16,2026-01-02T18:19:36.965679,0,,,,,,,
572012,انا ناكل لحوت بيها بشوكها,13537,Facebook,Restaurant San Benito,2025-12-28T10:35:25.000Z,0,,,,,,,
965235,"Le restaurant, IL vous propose Machi elle vous propose",9655,Facebook,"  Sultan Restaurants


",2025-11-08T22:31:57.000Z,1,,,,,,,
309892,Les avis Google ne sont pas ouf dommage,22564,tiktok,@le_perchoir,2026-01-02T18:25:08.690378,1,,,,,,,
965256,صاحبي قول هذا تاع 2 صحاب وي جي عليك,33634,tiktok,@restaurant_gizay,2026-01-02T19:22:47.885231,1,,,,,,,
178827,"La déco est superbe rien à dire, le personnel est aimable et serviable , au niveau des prix : les prix sont responsables et la cuisine est bonne. Ps: je vous conseille les burgers .",5028,Google Maps,Hicham cook pizza pasta,2018-08-03T13:01:43.008Z,0,,,,,,,
965261,merci beaucoup pour le partage,27484,tiktok,@thala,2026-01-02T18:44:48.001882,1,,,,,,,
834191,L'art du gout on t'as dit  [SERVICE],1516,instagram,niwafood,2025-04-30T19:19:20.000Z,2,,,,,,,
309921,احشم خاوتنا راهم للجوع في غزه,12270,Facebook,Restaurant San Benito,2025-10-29T21:45:54.000Z,0,,,,,,,
834212,je confirme sur tt whde le jeune homme tema vraiment mchaalah,62582,tiktok,@allechante,2026-01-02T21:30:53.140173,1,,,,,,,
178853,Vz je passerais inshAllah vue que je pars a oran,45192,tiktok,@budz,2026-01-02T20:15:52.195867,2,,,,,,,
572071,ماشاء الله الجزائر رهيبة,60196,tiktok,@seraidi.live.z,2026-01-02T21:22:45.454086,0,,,,,,,
965288,"J'aime pas quand on sert à la moitié du groupe et l'autre attend surtout quand on commence par les parents et les enfants attendent. Les pizzas aux fruits de mer c'est pas disponibles alors qu'ils existent dans le menu, les autres pizzas étaient bonnes, les pâtes aux saumon étaient bonnes, les lasagnes pas trop par contre j'ai adoré le fondant au chocolat mais pas la mousse et ça reste des goûts.",4531,Google Maps,هشام كوك بيتزا,2023-12-23T12:19:04.473Z,0,,,,,,,
572073,KFC n'apporte rien à l'Algérie,38836,tiktok,@kfc,2026-01-02T19:39:55.891244,0,,,,,,,
703146,كاين للمنسف,19582,tiktok,@sultan,2026-01-02T18:17:17.746526,0,,,,,,,
703152,cette sauce s'appelle la rouille,58360,tiktok,@la.nouvelle.etoile0,2026-01-02T21:20:56.231943,10,,,,,,,
309936,J'ai pas aimé la nourriture service trop lent et le personnel n'était pas vraiment courtois On était un groupe de 5 personnes on a choisit notre table pour être à l'aise mais le serveur nous a demandé de changer de place pour laisser d'autres personnes venir s'assoire malgré qu'il etait vite Jusque la j'étais calme après j'ai commandé des tagliatelles au poulet on m'a servi tagliatelles mélangé avec des escalopes grillées j'ai rien compris chose est sur je reviendrai plus dans cet endroit,5015,Google Maps,Hicham cook pizza pasta,2018-11-08T22:32:55.158Z,0,,,,,,,
965298,أين المكان,32484,tiktok,@restaurant_iceberg,2026-01-02T19:16:42.144010,0,,,,,,,
309939,Meilleur resTaurant   seven [APPRECIATION],26750,tiktok,@seven.times,2026-01-02T18:39:08.809944,16,,,,,,,
834225,Très très bonne bouffe mais trop de clients donc bonjour l'attente,8855,Google Maps,American Burger Factory,2017-07-10T13:54:13.292Z,0,,,,,,,
178884,"Wallah ghir je déconseille ce lieu, Je n'en dirai pas plus",8547,Google Maps,American Burger Factory,2023-01-17T20:42:54.492Z,2,,,,,,,
965322,wine blsa,67898,tiktok,@kartaj_oran,2026-01-02T21:53:21.756275,0,,,,,,,
441038,والقعدة الزينه [APPRECIATION],60436,tiktok,@seraidi.live.z,2026-01-02T21:22:50.507345,1,,,,,,,
703183,"Bonjour, c'est appétissant et cadre agréable.",67348,tiktok,@bladi_oran,2026-01-02T21:51:43.061178,0,,,,,,,
965335,أعضني معاك,16246,tiktok,@mardoum,2026-01-02T18:08:08.024093,0,,,,,,,
834264,Thala en kabyle Ça veut dire la fontaine  [APPRECIATION],27458,tiktok,@thala,2026-01-02T18:44:44.642203,2,,,,,,,
703197,خير كاين وسومة وين راهي,9823,Facebook,"  Restaurant elassil








",2025-12-16T14:37:55.000Z,1,,,,,,,
834277,الله يبارك ربي يوفقك,9363,Facebook,,2025-12-24T06:21:41.000Z,0,,,,,,,
178917,نسيت ما قلتش على تمن,39136,tiktok,@itchy_food,2026-01-02T19:41:08.088651,0,,,,,,,
441063,Moi j’adore rien à dire propre et bon  [APPRECIATION],64766,tiktok,@msiiirdaa13,2026-01-02T21:35:51.931882,2,,,,,,,
309991,"je suis aller pour prendre un thé et kunafa , le service était long , y'avais une trave de rouge à lèvre sur la tasse on me l'a changer puis dans la 2eme tasse y'avais des poiles :) et quand j'ai réclamé au près de la caisse on m'a répondu froidement limite méchamment même pas elles s'excusent ou autre.",6107,Google Maps,Casbah istanbul,2024-01-14T09:39:45.632Z,0,,,,,,,
441065,Je confirme que c est magnifique  [APPRECIATION],27062,tiktok,@seven.times,2026-01-02T18:39:22.006417,1,,,,,,,
703212,"des amateurs en cuisine . prix élevés . portions trop petite . lieu à éviter . sauf l'endroit, vue sur mer .",61124,tiktok,@roofttop_anaba,2026-01-02T21:24:28.393683,0,,,,,,,
834303,والله البارح كليت عندو ماكلتو شابة,28820,tiktok,@snacky_time_kouba,2026-01-02T18:47:46.405155,0,,,,,,,
441089,Un petit salarié il peut manger chez vous,11263,Facebook,Restaurant Casa Bella - Draria,2025-07-28T03:42:41.000Z,0,,,,,,,
441090,c'est où exactement ?,21636,tiktok,@maison_sardoudi,2026-01-02T18:22:29.028033,0,,,,,,,
965379,livraison and la salle cristal combien ?,44722,tiktok,@le_neuf_food,2026-01-02T20:13:39.027199,0,,,,,,,
310026,Merry Marouane وي هادي هي ماشي ملاح بين زوج وان شاء الله ربي يشفي مرضى القلوب و كل واحد يقذف في الناس ربي وكيلو,8933,Facebook,Restaurant Casa Bella - Draria,2025-12-08T12:16:01.000Z,0,,,,,,,
834316,شويا لحم شويا سكالوب شويا مرقاو مع فريت اوملات او حمص في الباسرال خي من كل المطاعم,59016,tiktok,@maestro_dz13,2026-01-02T21:21:22.179428,1,,,,,,,
441110,معدنوس وليم راك حسبهم ولا ؟ تبانلي راك ديرهم من عندك ،لافار,873,instagram,hichamcookgrill,2025-12-19T21:55:51.000Z,4,,,,,,,
310040,بوجغللو اسمو يكفي . بصحتك,73780,tiktok,@pont_hydra,2026-01-02T22:14:04.047646,0,,,,,,,
572188,"Le restaurant Taj Mahal est une véritable pépite! La nourriture est savoureuse, bien épicée et authentique, un vrai voyage en Inde. Le service est impeccable, rapide et chaleureux. Tout simplement magnifique, immersive et raffinée. Je recommande.",3013,Google Maps,تاج محل بن عكنون,2025-07-14T21:47:46.566Z,0,,,,,,,
178973,قولولي وش أحوال الأسعار,28406,tiktok,@restaurant.primo,2026-01-02T18:46:23.351236,22,,,,,,,
834335,c ou exactement svp ?,34818,tiktok,@sinai,2026-01-02T19:27:59.292537,0,,,,,,,
310048,"Je ne mange pas tout simplement, , merci",72294,tiktok,@pont_hydra,2026-01-02T22:13:20.298200,0,,,,,,,
572193,قلشي سيدك قلشي,13669,Facebook,Restaurant San Benito,2025-12-31T14:28:22.000Z,0,,,,,,,
703268,أحسن تفرميج في بسكرة,49420,tiktok,@fondue.3formages,2026-01-02T20:40:41.805460,1,,,,,,,
965414,اذا تقبل الشعب الفكرة ودخل واكل من عنده تاكد. من اننا نسير نحو التطبيع لزم المقاطعة,38694,tiktok,@kfc,2026-01-02T19:39:47.807195,0,,,,,,,
834345,غالي ستينلف خق,55622,tiktok,@askim_food,2026-01-02T21:13:34.598543,1,,,,,,,
441140,وين في القبة,28944,tiktok,@snacky_time_kouba,2026-01-02T18:47:52.583400,0,,,,,,,
965431,حوجي يانة,12996,Facebook,Restaurant San Benito,2025-10-12T18:50:57.000Z,0,,,,,,,
179000,لمعيشة علها لقع يزون ولاية,57326,tiktok,@_le216_,2026-01-02T21:17:21.147911,0,,,,,,,
703295,"Excellent service et ambiance. Assises confortable avec une hygiène d'apparence parfaire. L'accueil est très très bienveillant . Les serveurs mentionnant complète même impressionner de trouver des serveurs aussi pros et bienveillant . Service rapide et temps d'attente ne dépassant pas les 10 min après la commande . Le menu varié et adapté aux enfants avec des formules kid's. Les produits sont frais et goûteux. Un peu déçu par la pizza turque au four. Également les frites, le choix de la qualité et du calibre à revoir. Le dessert était intéressant et une expérience culinaire que je recommande . Le feuilleté de baklawa est un délice mais la glace on peut faire mieux . Je recommande aux gens d'y aller!",5209,Google Maps,قصبة اسطنبول,2025-04-11T17:17:45.404Z,0,,,,,,,
965443,روح ل snack high,45790,tiktok,@mister_n_alger,2026-01-02T20:17:49.648120,1,,,,,,,
441164,Un paradis terrestre  [APPRECIATION],811,instagram,fontaine_dor_restaurant,2025-07-01T19:36:52.000Z,1,,,,,,,
834386,Beaucoup de monsonge avec des jeux de mots,11716,Facebook,Restaurant San Benito,2025-07-27T17:20:18.000Z,0,,,,,,,
834390,أكل سوري متوفر توصيل  [APPRECIATION],19548,tiktok,@sultan,2026-01-02T18:17:17.404497,0,,,,,,,
965468,ربي يوفقكم ان شاءلله خويا لعزيز  [APPRECIATION],41458,tiktok,@big.daddyfood,2026-01-02T19:56:16.847318,1,,,,,,,
834398,"Belle découverte à proximité de notre hôtel. Un accueil chaleureux par des jeunes sympathiques et professionnels sans être obséquieux. Notre paella pour deux était savoureuse - peut-être faudrait mettre les moules en fin de cuisson afin qu'elles ne rétrécissent pas. Plusieurs salles, la nôtre avait une belle ambiance chaleureuse avec des clients de tout âge. Une carte qui donne envie d'y retourner !",7706,Google Maps,Restaurant À Petit Feu,2023-10-26T06:46:03.282Z,1,,,,,,,
179048,Papillon Algiers 0799617917,9267,Facebook,,2025-10-21T00:26:27.000Z,1,,,,,,,
703336,"Petit passage sur ouled fayet après avoir testé celui de cheraga très surprise par l accueil froid et service de celui ci, sauce champignon ss sel, panne de grill pas de grillade pour le poisson, chorba froide rien à avoir avec celui de cheraga très bon accueil, excellente pizzas, très pratique en famille endroit pour faire salat dommage mais je retournerai visiter les autres car très bon concepte bravo au chef de penser aux femmes",2382,Google Maps,HichamCook Grill House,2025-01-08T06:45:42.475Z,0,,,,,,,
965497,Ça n’a pas changé toujours le même restaurant,64406,tiktok,@cintra,2026-01-02T21:34:49.085368,0,,,,,,,
965501,Trop fière de toi frère hichem t'ai une référence de réussite. Bonne continuation à toi et à ton équipe,4392,Google Maps,هشام كوك بيتزا,2024-04-16T19:16:26.926Z,0,,,,,,,
834438,c'est où à oran,67522,tiktok,@bladi_oran,2026-01-02T21:51:49.779766,0,,,,,,,
310151,ربي يوفق ان شاء الله,10324,Facebook,,2025-11-15T07:23:04.000Z,0,,,,,,,
572298,Investissement fou avec une belle vu et belle façade pour que à la deuxième image vous mettez un serveur avec la casquette retourner,61334,tiktok,@la.criee,2026-01-02T21:24:48.197701,0,,,,,,,
441231,وين المقر ؟,49522,tiktok,@kik.sfood21,2026-01-02T20:41:13.847251,1,,,,,,,
965520,"Burger hayel l’équipe adorable, très propre et familiale",4753,Google Maps,Hicham cook pizza pasta,2023-05-15T20:51:01.363Z,2,,,,,,,
179090,Pourquoi il y a pas de boisson format 1 litre et plus pour la famille. Vous nous obliger à prendre des canettes pour gagner plus d'argent Et nous in aimes pas perdre notre argent Merci de prendre soin des familles,4289,Google Maps,هشام كوك بيتزا,2024-07-13T13:08:07.784Z,0,,,,,,,
703380,وانت كي نجي نلقاك ولا لا ولا درتي اعلان واشهار برك ورحتي,13363,Facebook,Restaurant San Benito,2025-12-16T21:23:20.000Z,0,,,,,,,
310167,très bel endroit,24646,tiktok,@laturquoisehotel,2026-01-02T18:30:17.426556,2,,,,,,,
703393,win exact,70656,tiktok,@my_pizza_oran,2026-01-02T22:00:41.861498,1,,,,,,,
572328,trop classe t9oul paris wela Londre  [APPRECIATION],14126,tiktok,@les_jumelles,2026-01-02T18:01:16.708090,10,,,,,,,
703405,مطعم الجيجلي في البوني,59258,tiktok,@maestro_dz13,2026-01-02T21:21:27.203030,0,,,,,,,
965550,شحال البوكس هدا,70630,tiktok,@my_pizza_oran,2026-01-02T22:00:41.861464,1,,,,,,,
965559,les prixxx svp,66322,tiktok,@elbey_oran,2026-01-02T21:49:58.503735,0,,,,,,,
703426,قاتلو بنت فاميلية,57410,tiktok,@_le216_,2026-01-02T21:17:22.062454,0,,,,,,,
179138,félicitations  [APPRECIATION],45288,tiktok,@budz,2026-01-02T20:15:54.502949,1,,,,,,,
965574,بصحتك الزينة,61996,tiktok,@le_nordik,2026-01-02T21:27:32.480411,0,,,,,,,
179144,مشاءالله بنة معاملة نظافة ماعندي مانقول بتوفيق,49682,tiktok,@gosto_fast_food,2026-01-02T20:41:40.144247,1,,,,,,,
179148,"Au stand ""a emporter"" vous faites une pseudo queue pour être servi. Les gens vous passent devant sans complexe. La caissière vous donne pour le cuisto, un ticket que vous devez déposer à. 50 cm d'elle, mais celà il faut le deviner aussi.",6045,Google Maps,Casbah Istanbul,2023-10-01T09:05:47.657Z,0,,,,,,,
834519,شبعنا حوت في تونس الحمد لله,13882,Facebook,Restaurant San Benito,2025-12-30T12:19:00.000Z,0,,,,,,,
179167,les prix. bezzaf c'est trop chère,17760,tiktok,@casabelladraria,2026-01-02T18:14:42.669447,15,,,,,,,
441312,وعجوزتك تقلشيها,12949,Facebook,Restaurant San Benito,2025-10-13T07:10:40.000Z,0,,,,,,,
310243,قلاش لي نبغيه ماشي كما هاك [APPRECIATION],13063,Facebook,Restaurant San Benito,2025-10-13T16:32:09.000Z,0,,,,,,,
834542,هو,51894,tiktok,@quick_bite,2026-01-02T21:02:01.145601,1,,,,,,,
834549,نهار نطلع ل عنابة نحوس عليه و نشوف الماكلة تاعه . قارعوني نعطيكم رأيي,52740,tiktok,@uncles_burger_dz,2026-01-02T21:03:41.467061,0,,,,,,,
965624,ربي يعينك,42590,tiktok,@street_food,2026-01-02T19:58:29.600684,1,,,,,,,
441348,"Great place, with delicious and fun food",5723,Google Maps,Casbah Istanbul القصبة اسطنبول,2021-11-12T10:21:07.418Z,0,,,,,,,
310277,لا حولة ولا قوة الا بالله همكم بطونكم خوتنا يموتو جوع في غزة وانتوما تورو في روحكم والله متحشمو,11442,Facebook,Restaurant San Benito,2025-07-30T15:08:26.000Z,1,,,,,,,
703494,Bonne courage  [APPRECIATION],49462,tiktok,@kik.sfood21,2026-01-02T20:41:11.566274,1,,,,,,,
572424,C’était top  restez comme ça [RECOMMENDATION],64042,tiktok,@restauranttrattoriaoran,2026-01-02T21:34:08.809221,1,,,,,,,
965641,Tout est impecable.,3389,Google Maps,Caracoya,2025-05-19T18:11:34.271Z,0,,,,,,,
572425,The Place to be…  [APPRECIATION],648,instagram,californiacafedz,2024-06-27T17:39:06.000Z,1,,,,,,,
965642,les heures de travail ?,65010,tiktok,@restaurantvillariviera,2026-01-02T21:38:43.952093,1,,,,,,,
965646,كاين هد الباك اليوم خويا,30130,tiktok,@bigmamaconstantine,2026-01-02T18:55:20.577348,0,,,,,,,
441359,اسوء تجربة لينا كارثة بيتزا محروقة العجينة منحكييييش ، الطاكوس برعاية ريش الجاج,43260,tiktok,@new.land.food,2026-01-02T20:05:45.289739,1,,,,,,,
572436,فريت 30الف,16224,tiktok,@mardoum,2026-01-02T18:08:07.097745,0,,,,,,,
703530,انا نكل غير عند les vrais oranais,11413,Facebook,Restaurant San Benito,2025-07-27T15:33:23.000Z,2,,,,,,,
310315,وهران وهران الزينة تحياتي Lesoranise pure les hommes,67714,tiktok,@kartaj_oran,2026-01-02T21:53:15.368214,0,,,,,,,
310316,ou déjà cete cinema,23336,tiktok,@moonzrestaurant,2026-01-02T18:25:38.448175,1,,,,,,,
572463,"Une expérience désastreuse ; J'ai récemment eu l'occasion de dîner au restaurant ""A petit feux"" et je dois dire que mon expérience a été tout sauf agréable. Dès mon arrivée, l'accueil était glacial, comme si ma présence les dérangeait. Le personnel semblait désintéressé et peu concerné par notre satisfaction.",7562,Google Maps,Restaurant À Petit Feu,2024-03-08T20:20:28.738Z,2,,,,,,,
310334,روح لللاديال تاع الحطاب و كول عند عمي جمال,55616,tiktok,@askim_food,2026-01-02T21:13:34.598536,1,,,,,,,
179262,"Autant que l'endroit est super chic, le personnel super agréable et souriant que l'accueil et le service rien a dire, autant que j'ai pas aimé la bouffe ça reste mon avis personnel je suis pas si je suis tombé sur le mauvais plat, ça m'étonnerai",5721,Google Maps,Casbah Istanbul القصبة اسطنبول,2021-11-16T07:48:45.180Z,1,,,,,,,
965696,Pour faire le buzz sur les réseaux sociaux numéro 1 Dans les cuisines c'est une autre affaire !,2867,Google Maps,HichamCook Grill House,2022-11-02T11:29:41.135Z,5,,,,,,,
572498,الحق بنينة تهبل المأكلة عندهم,53592,tiktok,@mega_pizza_annaba,2026-01-02T21:07:53.787982,0,,,,,,,
703579,هنا حاب نعيش كي نرجع لبلاد ان شاء الله,60320,tiktok,@seraidi.live.z,2026-01-02T21:22:47.257377,1,,,,,,,
834655,J’y suis allé Burger servi froid vraiment pas ouf et le mec de la caisse hautain Il y a juste à regarder tt les avis négatifs sur Maps,45588,tiktok,@budz,2026-01-02T20:16:06.818051,0,,,,,,,
179296,"The taste does not justify the price at all, you could get way better with not even the half. , also it wasn't fresh ! Seems selling yesterday's pastry.",3799,Google Maps,L’Alchimiste Pâtisserie,2025-12-20T23:25:43.608Z,0,,,,,,,
965729,تاكلهم في بلاصة اخرى تخلص 700الف بارك الله فيك,43894,tiktok,@dzforestrestaurants,2026-01-02T20:11:32.869750,0,,,,,,,
834676,طبسي صغير تاع ميلونج با 150 فيه شوية غالي,11496,Facebook,Restaurant San Benito,2025-07-26T22:20:09.000Z,0,,,,,,,
310394,أم مرال عدنا مية وتسعين و مية وثمانين وروايال متين وعشرة وفي منطقة مجاورة برك تابعة لولاية أخرى نوعية عادية ب مية وثلاثين الف 1300 دج,10224,Facebook,Dz Forest Restaura,2025-10-13T20:43:37.000Z,0,,,,,,,
179332,menu enfant 1000 da c'est un peu cher,71912,tiktok,@fidelia,2026-01-02T22:11:53.027243,0,,,,,,,
441477,خدمات راقية مأكولات لذيذة احترافية عالية أتمنى لك التوفيق والسداد أخ هشام,2694,Google Maps,HichamCook Grill House,2023-07-12T09:53:34.789Z,2,,,,,,,
834694,حسبنا الله و نعم الوكيل سامحينا ياغزة,38632,tiktok,@kfc,2026-01-02T19:39:45.841535,0,,,,,,,
965769,نجي علا جالك,13451,Facebook,Restaurant San Benito,2025-12-19T13:46:02.000Z,0,,,,,,,
965773,تحياتنا للمطرب محمد ومساعده وجميع من يعمل في هدا المطعم استقبال واحترام بتوفيق,23734,tiktok,@leonard_restauran,2026-01-02T18:26:57.764653,1,,,,,,,
179345,DITES-MOI oû trouvez-vous le saumon? Hada chaâb?,12088,Facebook,Restaurant San Benito,2025-10-13T07:13:06.000Z,0,,,,,,,
179350,راك منيتك حنا 500الف لوكان نوريلك شاتعشينا تنخلع ولينا لدار ودوبلينا,10254,Facebook,Dz Forest Restaura,2025-10-12T23:00:12.000Z,1,,,,,,,
703640,رائع جدا لكن حبذا لو تقوم بتوسعة المكان حتا يخف الضجيج,5623,Google Maps,Casbah Istanbul القصبة اسطنبول,2023-01-07T13:10:41.001Z,0,,,,,,,
572586,حاب ندير محتوى نتاع اكل كيما خونا نعود ناكل برك ونمد رايي مي منخلصش الاكل  [APPRECIATION],19596,tiktok,@sultan,2026-01-02T18:17:18.459992,2,,,,,,,
441514,شحال,55196,tiktok,@atlas.immo.annaba,2026-01-02T21:13:07.503375,1,,,,,,,
572603,hadou les assiettes min chritohom,17382,tiktok,@savannah,2026-01-02T18:12:56.692510,0,,,,,,,
310464,وقتاش تعرضنا,15550,tiktok,@mardoum,2026-01-02T18:07:49.011710,0,,,,,,,
310467,moh one didouche,42834,tiktok,@pizza_carre,2026-01-02T20:00:31.186750,0,,,,,,,
572612,واي كي غايا,44190,tiktok,@dzforestrestaurants,2026-01-02T20:11:40.511674,0,,,,,,,
441545,Restaurant et tres nul arrêter de mentire au gens la noriture n’est pas bonne du tout et le service et tres long et pas professionnel,22126,tiktok,@maison_sardoudi,2026-01-02T18:22:40.358764,0,,,,,,,
572620,Ghiles merci beaucoup pour ton travail,8152,Google Maps,American Burger Factory,2025-01-28T14:59:45.020Z,0,,,,,,,
572621,Le serveur est pro . respect,72528,tiktok,@pont_hydra,2026-01-02T22:13:24.695656,0,,,,,,,
441548,très belle  [APPRECIATION],61966,tiktok,@le_nordik,2026-01-02T21:27:32.480335,2,,,,,,,
572630,halouna f oran,23922,tiktok,@spotter.dz,2026-01-02T18:27:19.819365,6,,,,,,,
572633,قولولنا على les prix اسكو ملاح ولا غالي,62572,tiktok,@allechante,2026-01-02T21:30:53.140156,1,,,,,,,
834782,طايبة كباري,13480,Facebook,Restaurant San Benito,2025-12-24T22:48:46.000Z,0,,,,,,,
834786,C'est une véritable catastrophe j'ai réservé la veille et le lendemain ma réservation n'était pas enregistré heureusement que c'était vide 90% des plats sur le menu n'était pas disponible donc on a pas le choix du tout la viande était brûlé fade et pas bonne le riz trop collant le bourak contient beaucoup d'huile et la farce n'était pas bonne les boissons sont à la limite du buvable en plus c'est très cher je suis déçu j'y retournerai pas et je vous le déconseille fortement le seul point positif le personnel est accueillant et ils ont écouté volontiers nos remarque dommage le concept et le resto en lui même est pas mal,2903,Google Maps,HichamCook Grill House,2022-05-21T19:40:54.138Z,24,,,,,,,
834790,Msahetkom que des bons plan même à mostaganem,2167,instagram,za_eat_34,2025-07-28T20:48:32.000Z,1,,,,,,,
965872,كاين توصيل لدراع الريش,55768,tiktok,@mfood.annaba,2026-01-02T21:14:11.208294,1,,,,,,,
703733,Désolé ce n'est pas du saumon.  [APPRECIATION],11687,Facebook,Restaurant San Benito,2025-07-28T09:12:17.000Z,0,,,,,,,
834805,Trop long le service Du sel de table de 500 grammes a table qui doit être utilisé en cuisine Une bouteille vide qui n'a pas été debarasser Pas de serviettes mais un pack?,8237,Google Maps,American Burger Factory,2024-10-26T20:40:03.302Z,1,,,,,,,
441598,I miss algiers nhessha hnina je ne sais pas pourquoi  from tlemcen,26516,tiktok,@labelladalger16,2026-01-02T18:36:56.335073,10,,,,,,,
834819,انا باطل وماناكلش كل حاجة تاع اسرائيل حبستها,38716,tiktok,@kfc,2026-01-02T19:39:50.998452,0,,,,,,,
965894,Serveur qui fait le Chikour juste a l’entrée chgol rak totlab fihoum,8262,Google Maps,American Burger Factory,2024-09-08T21:48:03.352Z,0,,,,,,,
703753,لؤ لؤةروحي شوفي من سيفيتال وين تبدا القبة كاينة قوجا بلاكا انتي جديدة باينين تاع الثمانينات,9335,Facebook,,2025-10-30T23:32:10.000Z,0,,,,,,,
834833,Expérience très décevante ! Je ne recommande pas.,7296,Google Maps,Restaurant À Petit Feu,2024-08-31T08:14:01.117Z,0,,,,,,,
441624,هذا وين دارو حاجة مليحة فالجزائر,38256,tiktok,@kfc,2026-01-02T19:39:30.620861,0,,,,,,,
441628,Food 10/10 Service 10/10 Atmosphere 08/10 lot of noise. Impossible de savourer l'instant en écoutant de la bonne musique turque.,6126,Google Maps,Casbah Istanbul,2023-03-19T12:31:40.354Z,0,,,,,,,
834854,اتقو الله في الفقراء,12609,Facebook,Restaurant Rais,2025-10-12T23:15:32.000Z,0,,,,,,,
441643,خاوتي فرحوني ربي يفرحكم ديرولي آبوني راني ولية وراجلي توفى خلالي زوج أولاد وحابة نسترزق من التيك توك ندير محتوى ديني وننشر . [APPRECIATION],60128,tiktok,@the_throne_annaba,2026-01-02T21:22:29.234515,0,,,,,,,
441646,ياودي هادو تقوللهم 50الف يقولولك غالي,44550,tiktok,@dzforestrestaurants,2026-01-02T20:11:56.278207,0,,,,,,,
572719,"Un accueil au top, nous sommes arrivés dans les environs de 19:30 un accueil très agréable du gérant ( je suppose) on a pu choisir nos places La nourriture était succulente, le gratin d’épinard est vraiment vraiment très bon Concernant les boissons nous avons prit des mocktails c’était bon, on nous a servi un cocktail sur deux pas n’était trop frais, dès qu’on a demandé à mettre les glaçons, ça a été fait rapidement et avec le sourire donc vraiment 10/10 L’équipe des serveurs très pro Des prix raisonnable et un bon rapport qualité prix Une belle découverte ! reviendra à coup sûr avec la famille",7390,Google Maps,Restaurant À Petit Feu,2024-07-19T22:48:43.449Z,0,,,,,,,
179511,"Catastrophe à fuir vraiment ! Le personnel de l’accueil très arrogant, manque de respect au client. 2h30 d’attente pour rentrer ! 1h d’attente pour être servi. Qualité 0",65500,tiktok,@frono_oran,2026-01-02T21:43:10.371353,0,,,,,,,
310588,walah que c'est pas bon ce resto,26194,tiktok,@don_sido_,2026-01-02T18:34:36.355675,2,,,,,,,
310589,بنتي فاميلية ماقلنا والو  [APPRECIATION],57510,tiktok,@_le216_,2026-01-02T21:17:24.665896,0,,,,,,,
441667,ربي يهديك .,9436,Facebook,Restaurant Casa Bella - Draria,2025-12-08T19:38:21.000Z,0,,,,,,,
179540,Venez j ai un app3rte splendide a Millenium pour عtع.,70228,tiktok,@le_petit_chalet,2026-01-02T22:00:16.570467,0,,,,,,,
310612,Sofiane Rab بالاك رحتوا في الهالوين يخلعوا فيكم برك ههه,9019,Facebook,Restaurant Casa Bella - Draria,2025-12-07T18:15:08.000Z,1,,,,,,,
179551,مزالكم فهذيك الهبطة وين كارفور ؟,2050,instagram,"the____bakery
",2025-07-26T15:08:48.000Z,0,,,,,,,
965988,Tu part quand du coup ?,34010,tiktok,@leguidemichemiche,2026-01-02T19:23:14.775054,0,,,,,,,
703846,وعلاه ما عرضنيش,15570,tiktok,@mardoum,2026-01-02T18:07:52.596297,0,,,,,,,
572776,لخاطر بلمو نجو نزوروكم. إن شاء الله .  [APPRECIATION],46062,tiktok,@ifood_31,2026-01-02T20:18:15.240855,0,,,,,,,
179569,resto de notre enfance la baie  [APPRECIATION],28526,tiktok,@restaurant.primo,2026-01-02T18:46:28.898317,2,,,,,,,
966004,Au top !  [APPRECIATION],60286,tiktok,@seraidi.live.z,2026-01-02T21:22:47.115752,0,,,,,,,
572789,هواري و الله حطا رانا جاين مشاء الله.,68772,tiktok,@cote_oran,2026-01-02T21:57:33.645113,7,,,,,,,
703863,I don't recommend,4896,Google Maps,Hicham cook pizza pasta,2021-06-17T21:50:45.058Z,3,,,,,,,
179579,دير مزية قولنا البلاصة وين اكزاكت من فضلك,48430,tiktok,@hafakafood,2026-01-02T20:35:29.188857,7,,,,,,,
441725,وين المكان بالضبط؟ ارجو عدم الرد,43830,tiktok,@dzforestrestaurants,2026-01-02T20:11:32.019779,0,,,,,,,
310660,مطعم الرايس - Restaurant Rais نقدرو نخلصو بكارت فيزا ؟,12521,Facebook,Restaurant Rais,2025-10-27T12:52:54.000Z,0,,,,,,,
441736,Pour le mot meilleurs pizza c à beba hecen restaurant gizay ooo benna même les Plats ta3ehom melah,71656,tiktok,@opium,2026-01-02T22:10:08.991081,21,,,,,,,
310666,Un restaurant très merveilleux et élégant avec une cuisine délicieuse,3444,Google Maps,Caracoya,2023-11-05T15:57:31.188Z,1,,,,,,,
310675,لي كليون هاذوك ايطاليين,17878,tiktok,@casabelladraria,2026-01-02T18:14:47.931994,1,,,,,,,
834967,Pk vous donne pas l’adresse,33490,tiktok,@ambiancefood,2026-01-02T19:21:16.587485,1,,,,,,,
441756,J’ai pris des trompes l’œil qui sont juste aussi beau que bons,3823,Google Maps,L’Alchimiste Pâtisserie,2025-08-21T17:42:27.854Z,0,,,,,,,
310687,C une tuerie,45536,tiktok,@budz,2026-01-02T20:16:03.881411,0,,,,,,,
310688,Expérience très positif Équipe denamique très bonne rapport qualité prix Endroit sympa família Le gérant lah yebarek 3lih,4636,Google Maps,Hicham cook pizza pasta,2025-08-20T22:38:50.236Z,0,,,,,,,
179622,"Restaurant sympa, mais faire attention vous risquez de payer une salade à 1. 200 dzd sans la commandé( automatiquement servis). En plus faire attention il y’a que les p’tit bouteilles d’eau à 100 dzd.",5544,Google Maps,قصبة اسطنبول,2022-09-05T21:01:44.537Z,1,,,,,,,
310705,رحنا ليه مكان حاجة صاحبي البنة مكانش خلاص والبريات زايدين بزاف,23914,tiktok,@spotter.dz,2026-01-02T18:27:19.819357,139,,,,,,,
310706,I think was my unlucky day! Chicken Caesar nice I had steak and the surprise was very tough meat? You can’t chew it at all ! My advice is you need to get tender steak or let your meat to rest before cooking! Or maybe meat quality not good for grilled !,2313,Google Maps,HichamCook Grill House,2025-08-30T09:01:10.599Z,0,,,,,,,
966072,وين راه البارڨو والميستار هداك بيزيڨو ولارانيا,13158,Facebook,Restaurant San Benito,2025-10-13T20:33:19.000Z,1,,,,,,,
703933,la perle بنة واستقبال,59116,tiktok,@maestro_dz13,2026-01-02T21:21:24.075898,1,,,,,,,
703934,Annaba la côte bonoise c'est super sympa tout le monde est invité,61170,tiktok,@la.criee,2026-01-02T21:24:42.236944,5,,,,,,,
835013,"Cadres sympathique. Personnels à l’écoute, et bouffe consistantes et délicieuse. J’enlèverai une seule étoile pour la petite arnaque de la Chawarma Viande , qui surmonte 4 gros morceaux de pain donnant l’illusion que c’est une grande proportionnalité de viande (sur la première vidéo) Kounafa excellente Je recommande",5710,Google Maps,Casbah Istanbul القصبة اسطنبول,2021-12-23T21:33:33.870Z,6,,,,,,,
966087,Yacine Bouakaz والله العظيم,9899,Facebook,Dz Forest Restaura,2025-10-13T16:20:05.000Z,0,,,,,,,
179666,Le meilleur !,3842,Google Maps,L’Alchimiste Pâtisserie,2025-06-12T11:06:21.093Z,0,,,,,,,
966102,Tamer Fellah عندنا نشروه ب 7000 للمطرق . من غير السكالوب 3500,9736,Facebook,Dz Forest Restaura,2025-10-13T17:34:17.000Z,2,,,,,,,
310746,les piles,57214,tiktok,@_le216_,2026-01-02T21:17:19.475525,6,,,,,,,
179676,C'est très raisonnable et ça a l'air très bon. Bravo,37088,tiktok,@restaurant.madala,2026-01-02T19:34:44.191936,1,,,,,,,
441821,il annonce pas les prix quand tu rentres tu trouves que l’arnaque,62474,tiktok,@benete_wahran,2026-01-02T21:30:34.706732,2,,,,,,,
703972,"La qualité de la cuisine à légèrement baissé, mais cela reste un très bon restaurant. Je recommande.",3061,Google Maps,تاج محل بن عكنون,2024-08-30T21:37:50.731Z,0,,,,,,,
835049,كدب,12215,Facebook,Restaurant San Benito,2025-10-14T18:50:49.000Z,0,,,,,,,
310763,هاذي في لوس انجلوس,69948,tiktok,@chtibo_oran,2026-01-02T21:58:38.814932,0,,,,,,,
179701,ok  et les prix ? l'idéal avoir le menu  [APPRECIATION],32946,tiktok,@sinai,2026-01-02T19:18:30.249690,0,,,,,,,
835062,رآني حاير في مرارة لي عندك دسم عندك 1. 9,1872,instagram,snacky_time_kouba,2025-10-01T13:41:50.000Z,3,,,,,,,
441873,عندك محل الله يبارك جيتك مع لافامي لقيت راحتي و حسن استقبال و ماكلة بنة الله يقدرك و يطرح براكة اخي,49670,tiktok,@gosto_fast_food,2026-01-02T20:41:40.144232,1,,,,,,,
310815,البستان طبرقة اميڤوس,59078,tiktok,@maestro_dz13,2026-01-02T21:21:23.086451,1,,,,,,,
310835,كاش عام ان شاء الله نجي ناكل عندك,16140,tiktok,@mardoum,2026-01-02T18:08:04.662577,0,,,,,,,
572988,"Vous ne tomberez pas malade ici, restaurant très propre, le service il y a rien à dire. La nourriture j’ai testé plusieurs plats et rien à dire sur la qualité des plats. Je recommande à faire en famille, la fréquentation est très bonne",7382,Google Maps,Restaurant À Petit Feu,2024-07-23T12:47:13.480Z,0,,,,,,,
966220,نحي العظام من الجاجة شحال تولي؟,44556,tiktok,@dzforestrestaurants,2026-01-02T20:11:56.278212,0,,,,,,,
704077,تجيبها بالحوت,13161,Facebook,Restaurant San Benito,2025-10-13T10:36:23.000Z,1,,,,,,,
310862,"Serveur, je pense turc, de la table 47 côté terrasse avait un comportement non respectueux: au moment de déposer les plats, il les a jeté si on peut dire et non déposer et même avant de finir de manger il voulait débarrasser la table. Nourriture bonne, un peu salé. Si le monsieur en question lit mon commentaire, j'espère qu'il le prendra en considération",5764,Google Maps,Casbah Istanbul القصبة اسطنبول,2021-03-25T14:01:48.426Z,0,,,,,,,
310863,The food is delicious the service is quick but they need to let the costumers took their time a little bit till they finish eating and talk at least rather than that it’s really good atmosphere,5275,Google Maps,Casbah Istanbul القصبة اسطنبول,2024-06-06T22:39:15.226Z,0,,,,,,,
704083,150 للصحن . احسب شحل صحن كاين,12049,Facebook,Restaurant San Benito,2025-10-13T04:19:50.000Z,0,,,,,,,
835168,تروح بطموبيل تاكل جي تسلك اقلك هيا بلدية اكتبلي طموبيل بسمي وبلاك لا يبقا اسالك شويا صرف,9289,Facebook,,2025-12-03T06:53:59.000Z,1,,,,,,,
441954,لا باينة بلي تقلشيني,13377,Facebook,Restaurant San Benito,2025-12-30T19:12:34.000Z,0,,,,,,,
966250,ثمانينلف نشري لحم مرحي ب خمسينلف و زوج فرمجات و فرزناها هههه وليت نخمم كما يما,51978,tiktok,@rays_annaba,2026-01-02T21:03:07.004476,1,,,,,,,
179819,راي ان . مساء لله,32278,tiktok,@le_carre_restaurant,2026-01-02T19:14:54.860343,0,,,,,,,
835180,الحمد لله لم يحصل لي الشرف,58116,tiktok,@vilageneige_annaba,2026-01-02T21:19:45.812467,0,,,,,,,
835182,سرايدي شابة بزاف نعرفها مليح,60344,tiktok,@seraidi.live.z,2026-01-02T21:22:48.839814,0,,,,,,,
966255,Je confirme c’est les meilleurs بنة نظافة معاملة ربي يباركلهم ويحفظهم ana moulet 6 tenders,49786,tiktok,@ofc..dz,2026-01-02T20:42:25.010330,1,,,,,,,
966257,Le burger est pas mal les prix plus ou moin abordable mais dommage que l'espace est trop reduit pour venir en groupe par exemple mais le reste pas mal,8841,Google Maps,American Burger Factory,2017-12-13T18:16:41.315Z,0,,,,,,,
573041,Pizza un peu brulée et la sauce tomate acide,4586,Google Maps,هشام كوك بيتزا,2023-12-07T07:28:12.512Z,3,,,,,,,
835196,عباس مزال غير حنا كاش عرضا لعزايز حنا ملحراش  [APPRECIATION],16094,tiktok,@mardoum,2026-01-02T18:08:03.913138,1,,,,,,,
966273,Zaki Bahira انت روح كمل دراهمك وديني معاك نكملها,13670,Facebook,Restaurant San Benito,2025-12-25T20:32:02.000Z,0,,,,,,,
310920,الماكلة رانا نشوف فيها متشبعش مفيهاش التخماسالواحد يشبع في دراهم ويجي يتصور هنا لسطوريات ولازم تبياشة وحسابات طويلة كيما المتتاليات ههههه,19130,tiktok,@helena,2026-01-02T18:16:28.398050,0,,,,,,,
573067,Aziz Amghar بغابة بن مراد برج الكيفان وهذا هو الموقع https://maps. app. goo. gl/TJSKoH1ae6Mn7c9f9? g_st=ac,9605,Facebook,Dz Forest Restaura,2025-10-26T04:29:52.000Z,0,,,,,,,
310924,عرض مليح,44238,tiktok,@dzforestrestaurants,2026-01-02T20:11:42.517066,0,,,,,,,
835221,شركات ماداروهاش,49896,tiktok,@m7ajeb,2026-01-02T20:44:29.461580,393,,,,,,,
310934,On peut nager ?,31440,tiktok,@restaurantmonegasque,2026-01-02T19:13:04.841001,8,,,,,,,
835227,والبيدون لي قاعد جنبك شكون ؟,57926,tiktok,@_le216_,2026-01-02T21:17:34.821771,0,,,,,,,
966302,صدقت غالي بزاف,33366,tiktok,@ambiancefood,2026-01-02T19:21:14.858956,0,,,,,,,
704163,Bon appétit,73538,tiktok,@pont_hydra,2026-01-02T22:13:57.935732,0,,,,,,,
179880,Faut voir le goût oranais,72700,tiktok,@pont_hydra,2026-01-02T22:13:30.805351,0,,,,,,,
835241,moi aussi,68214,tiktok,@le_petit_chalet,2026-01-02T21:54:56.019918,7,,,,,,,
179887,"hey dear, do they serve alcohol?",23688,tiktok,@jomane,2026-01-02T18:26:27.505309,0,,,,,,,
966321,Bouteina ladresse stp,27926,tiktok,@thala,2026-01-02T18:45:10.803242,0,,,,,,,
573112,مقابيل شفت السنيوة هاديك بلا صوت قلت واشبيه دورها قرنطيطية,1325,instagram,mahroussaglace,2025-05-12T22:35:48.000Z,0,,,,,,,
835258,ML Ritadj Razan محرز وما يقدرش يشريه,12433,Facebook,Restaurant Rais,2025-10-13T05:59:19.000Z,5,,,,,,,
442044,"Didn't eat because the manager at the entrance was extremely rude : When we asked for a table for two ( gently ) the manager said : There are people before you . The day were you will learn how to welcome client , that day maybe I'll eat I. Your restaurant.",7785,Google Maps,American Burger said hamdine,2023-02-10T20:10:08.962Z,0,,,,,,,
573118,"c’est le faux, le vrai mayftahch f l’Algérie may9derch a part hadak li rah yftah f garden",37988,tiktok,@kfc,2026-01-02T19:39:25.427745,1,,,,,,,
966348,Place is okay but the food wasn't to my liking the chicken was too cooked so it tasted a bit burned,4990,Google Maps,Hicham cook pizza pasta,2019-05-02T08:37:49.627Z,1,,,,,,,
573145,n'importe quoi vraiment,28656,tiktok,@american.burger.tizi,2026-01-02T18:47:31.474877,0,,,,,,,
835311,ههههه . اخ انت تاجر متتصف بالدين انت بعيد عن الدين كل البعد,10673,Facebook,,2025-12-03T18:11:15.000Z,0,,,,,,,
442096,"Service rapide, très bon rapport qualité prix, beau décors.",7249,Google Maps,Restaurant À Petit Feu,2024-09-28T19:57:50.486Z,0,,,,,,,
442101,جيدا جدا ولكن الرجاء مراجعة الأسعار نوعا ما,7247,Google Maps,Restaurant À Petit Feu,2024-10-03T14:59:36.791Z,0,,,,,,,
835317,خافو ربي حبيت باه يمشي مطعم تاعك دير منشور كتابيا ومكلاه تكتب أسماء ماكلة وتصورها اكتب راني فاتح مطعم في طريق فلانية والاسعار خليها مكتوبة في محل تاعك وبلاك يحكموك مفتشين ويشوفو الاسعار الخيالية,10576,Facebook,Dz Forest Restaura,2025-10-13T00:54:25.000Z,0,,,,,,,
179959,"Normal fast food, with some American colors, plates don’t much the American culture, stuff don’t make you feel like you’re in an American spot, just some posters of and wallpapers of US.",4922,Google Maps,Hicham cook pizza pasta,2020-11-17T07:13:35.520Z,2,,,,,,,
311048,C'est très bon,3433,Google Maps,Caracoya,2024-05-02T12:00:20.088Z,0,,,,,,,
573192,Très bonne endroit,6149,Google Maps,Casbah Istanbul,2023-01-29T14:18:06.002Z,0,,,,,,,
835339,سنيوة بيتزا كاري ناكل ونوكل مدام,20890,tiktok,@sultan,2026-01-02T18:21:26.579779,0,,,,,,,
835340,comment j'aimais trop leur pizza ça fait des années jsuis pas passé ardina,48318,tiktok,@baddi_pizza,2026-01-02T20:34:47.172731,6,,,,,,,
835341,L’accueil est plutôt médiocre le service est médiocre aussi avec des serveurs qui ne savent pas sourire les plats sont trop salé est pas bonne moi qui a mangé beaucoup de cuisine turc croyez-moi ça ne ressemble pas à une cuisine turque en plus les prix sont très très élevé par rapport à la normale vu le rapport qualité prix,6293,Google Maps,Casbah Istanbul,2021-12-19T19:31:59.143Z,4,,,,,,,
573197,ديرولها لفيمي باه ماتشوفوناش واش نديرو,56748,tiktok,@lucia_annaba,2026-01-02T21:16:20.829766,1,,,,,,,
442125,تخصك سيارة و تحوس على الثقة مرحبا بك دير طلة عندي.,19800,tiktok,@sultan,2026-01-02T18:17:22.560541,0,,,,,,,
704297,خطأ,303,instagram,"brother.ts
",2026-01-03T01:54:38.000Z,0,,,,,,,
573234,"Le service est excellent, le personnel accueillant, sans parler de la nourriture. Je vous le conseil.",7067,Google Maps,American Burger said hamdine,2025-05-11T17:39:35.110Z,0,,,,,,,
311094,السعر مشالله ربي اباركلك,43784,tiktok,@dzforestrestaurants,2026-01-02T20:11:30.146857,1,,,,,,,
704323,أوذي غير شوفاك أنتيا نشبع ههههه ههههه,13717,Facebook,Restaurant San Benito,2025-12-29T13:41:57.000Z,0,,,,,,,
180041,وش هو الحوت لي ناقص فيه الشوك ويساعد. مرضى السرطان,10463,Facebook,"  Restaurant elassil








",2025-12-16T13:12:59.000Z,2,,,,,,,
573260,لكيب 75 لواحد مكلاه واحد يروحً يشقا,24968,tiktok,@woodgrill_dz,2026-01-02T18:32:03.111924,0,,,,,,,
311117,Le meilleurs 9alblouz,43646,tiktok,@serir_alger,2026-01-02T20:09:40.211823,0,,,,,,,
442196,مليح مين كاين اطباق تقليدية ،نخرجو عن المألوف,67140,tiktok,@bladi_oran,2026-01-02T21:51:36.931205,0,,,,,,,
835414,Ahhh Welah je voudrais bien avoir la recette,73162,tiktok,@pont_hydra,2026-01-02T22:13:49.131754,0,,,,,,,
835416,Simply delicious. Very professional and so many appetizing meals. Not too expensive but not cheap neither!,6274,Google Maps,Casbah Istanbul,2022-05-29T21:31:41.652Z,0,,,,,,,
966490,انا تخلعت حسبت مافيهاش القازوو,44656,tiktok,@dzforestrestaurants,2026-01-02T20:12:02.219683,0,,,,,,,
311130,فالحمدانية نص هاذو خلصنا 6000,43874,tiktok,@dzforestrestaurants,2026-01-02T20:11:32.083873,1,,,,,,,
180058,The vibes were good but the food was so bad we didn't like it at all. The burger didn't have any taste. A little bit of salt was a must. The staff were good young. Great service tho. I give it 3/10,7611,Google Maps,American Burger Factory,2025-05-15T00:21:36.897Z,0,,,,,,,
835418,Sa Ka مش راح يهديك ربي وتديني,10034,Facebook,Restaurant Tabarka Annaba,2025-12-23T17:10:56.000Z,1,,,,,,,
966502,Good service and atmosphere! Few Options in the menus but the food was delicious,4224,Google Maps,هشام كوك بيتزا,2024-08-26T18:11:10.341Z,0,,,,,,,
442228,فيه ماكلة حكمة.,73226,tiktok,@pont_hydra,2026-01-02T22:13:49.961588,0,,,,,,,
835452,Pourquoi vs êtes fermé en ce moment ? Vs rouvrez quand ?,25680,tiktok,@ofennec.officiel,2026-01-02T18:34:09.355930,0,,,,,,,
704389,les prix raisonnable mais la quantité,33322,tiktok,@ambiancefood,2026-01-02T19:21:12.263620,1,,,,,,,
704396,سمعة تاعو ثاني مليحة ، خلاف الاسعار,70266,tiktok,@le_petit_chalet,2026-01-02T22:00:16.877811,0,,,,,,,
311182,loin d'être le meilleur juste moyen,27350,tiktok,@lamignonne06bejaia,2026-01-02T18:43:24.120342,12,,,,,,,
966551,معامله مشاء الله,19932,tiktok,@villa_frere,2026-01-02T18:17:40.968502,2,,,,,,,
180122,سعر من موبقات,49162,tiktok,@chicks_nook,2026-01-02T20:40:14.931478,1,,,,,,,
311195,Enn tt cas merciii pour la recommandation taste test toujours un avis honnête  [APPRECIATION],33184,tiktok,@new_yorkais,2026-01-02T19:20:39.726774,1,,,,,,,
573339,J’adore cet endroit j’ai même emmené une fois ma mamie allah y rhamha pour le petit dej. À chaque passage à Alger je passe,645,instagram,californiacafedz,2024-06-27T18:15:35.000Z,1,,,,,,,
311201,Une très bonne accueil  [APPRECIATION],7612,Google Maps,American Burger Factory,2025-05-14T12:47:52.010Z,0,,,,,,,
835492,"Food well below standards compared to last time, especially for the price. Not coming back. Outside area smells like vegetable oil.",5200,Google Maps,Casbah Istanbul القصبة اسطنبول,2024-10-24T20:37:49.083Z,0,,,,,,,
442277,"L'endroit est assez sympa, le service est bon et la bouffe est correcte sans plus NB. J'ai commandé une entrée ""tomate mozzarella pesto"" qui m'a été servie sans Pesto. Suite à ma remarque, le serveur m'a dis ""ah d'accord, je vais le dire au chef"" et c'était tout. Note finale : 6. 5/10",7802,Google Maps,Restaurant À Petit Feu,2023-08-21T18:33:57.119Z,1,,,,,,,
573358,تخلص غالي تحسو بنين,41780,tiktok,@street_food,2026-01-02T19:57:50.970780,0,,,,,,,
835508,"This restaurant is spacious and has a great vibe, featuring three floors that make for a cozy atmosphere. I celebrated my birthday there, and the food was fantastic! We enjoyed smoked beef pizza, chow mein, and a Caesar salad. The service was excellent as well. I will definitely return and highly recommend it!",7152,Google Maps,Restaurant À Petit Feu,2025-02-26T22:02:55.006Z,0,,,,,,,
180149,تاعك هي فريشكا,13417,Facebook,Restaurant San Benito,2025-10-13T18:15:50.000Z,0,,,,,,,
966582,قلب الصغير لايتحمل أكل الحلزون,72614,tiktok,@pont_hydra,2026-01-02T22:13:27.131022,0,,,,,,,
442305,كي راه نجيب,41220,tiktok,@street_food,2026-01-02T19:55:39.555345,1,,,,,,,
573379,J ai était dans se restaurant de 17h00 à 23h30 j ai kifer de fou c'est le top,70334,tiktok,@le_petit_chalet,2026-01-02T22:00:18.870937,1,,,,,,,
180166,حرام عليك جوعتني ونا عطشان,12579,Facebook,Restaurant Rais,2025-10-14T10:21:50.000Z,0,,,,,,,
573383,شحال كما هاك اخي,12737,Facebook,Restaurant Rais,2025-10-30T09:01:11.000Z,0,,,,,,,
573386,راكو اشعة فازوالي ولمرأة الحامل الفقير حرام عليكم متشهوش الناس لي ميقدارش ياكل حتى طرياف حم أخدام علا روحك ولكن خمو فازوالي و و و,11348,Facebook,Restaurant Casa Bella - Draria,2025-09-15T03:53:15.000Z,0,,,,,,,
835530,Trop bon,6468,Google Maps,Casbah Istanbul,2017-08-30T11:40:08.804Z,1,,,,,,,
835539,1500x10=15000 arrêtez de mentir. en plus intoxication garantie. avec le payement.,12205,Facebook,Restaurant San Benito,2025-10-27T10:56:58.000Z,0,,,,,,,
311252,Service nul très lent pas du tout professionnel pour un fast food a déconseiller,8362,Google Maps,American Burger Factory,2024-05-04T20:50:40.045Z,0,,,,,,,
835541,Hamid Le Grand لعنة الله عليك تفوووو يا كلب,9891,Facebook,Dz Forest Restaura,2025-10-13T10:16:32.000Z,0,,,,,,,
573396,hed formule wech fiha exactement ? est ce que had la table complè bi 2000 da,66420,tiktok,@barbecue_restaurant,2026-01-02T21:50:20.292365,0,,,,,,,
573404,Venta Venti اسعارهم سرقدة وحرام,12823,Facebook,Restaurant San Benito,2025-10-13T07:39:49.000Z,0,,,,,,,
573409,وكفاش لازم بالحجز قبل,24652,tiktok,@laturquoisehotel,2026-01-02T18:30:26.774670,0,,,,,,,
311268,عقوبة ليا,67074,tiktok,@bladi_oran,2026-01-02T21:51:33.584067,0,,,,,,,
573418,غالي فوق لازم اسمحلي,20574,tiktok,@labelladalger16,2026-01-02T18:19:39.581152,0,,,,,,,
966642,"Franchement une vraie découverte, le gout et les saveurs son parfaits, pas trop sucrée. j'y retourne et recommande vivement",3964,Google Maps,L’Alchimiste Pâtisserie,2020-01-30T14:48:42.782Z,2,,,,,,,
966643,Ajbni machaoui el boustane [APPRECIATION],58818,tiktok,@maestro_dz13,2026-01-02T21:21:19.761218,1,,,,,,,
966644,بشحال  [APPRECIATION],16428,tiktok,@soltane.el.kababe,2026-01-02T18:08:26.876217,0,,,,,,,
835581,قالو اول مرة ههه8,48072,tiktok,@rahmani_food,2026-01-02T20:34:23.891587,0,,,,,,,
180228,thala c est la fontaine,27732,tiktok,@thala,2026-01-02T18:45:03.223424,0,,,,,,,
442381,نت واحد رك تبرطاجي فبلاصتهم,38794,tiktok,@kfc,2026-01-02T19:39:54.161121,0,,,,,,,
573465,احي شكون يعرضني,63650,tiktok,@silyon69,2026-01-02T21:33:11.371186,0,,,,,,,
573470,Tasty and good quality simple food and consistent quality which makes it one of my favourite places in Algiers.,5471,Google Maps,قصبة اسطنبول,2023-08-04T16:57:06.941Z,0,,,,,,,
966686,win exct fi millinyoum,66396,tiktok,@barbecue_restaurant,2026-01-02T21:50:19.049060,0,,,,,,,
835620,وجد روحك نضربو دورة عندو,11551,Facebook,Restaurant San Benito,2025-10-16T15:20:22.000Z,0,,,,,,,
835625,قولينا غير الاسعار برك,12908,Facebook,Restaurant San Benito,2025-10-13T10:44:23.000Z,1,,,,,,,
442411,واحد يسكت خير,13254,Facebook,Restaurant San Benito,2025-10-13T15:59:43.000Z,0,,,,,,,
442416,شعب منافق,13639,Facebook,Restaurant San Benito,2025-12-29T12:27:30.000Z,0,,,,,,,
180274,الله اكبر فلسطين  اغلقوه,38844,tiktok,@kfc,2026-01-02T19:39:56.682377,0,,,,,,,
573498,بلاكو تروحو كلش كارثة,20750,tiktok,@labelladalger16,2026-01-02T18:19:43.848843,0,,,,,,,
311355,"C'était juste magnifiquemenr bon ! Sans music et séparer pour manger en intimité. C'est pas un restaurant de blédard c'est vraiment des indiens qui y travaille on peut même les entendre parler en leur langues chose qui nous donne l'impression d'avoir voyager jusqu'en Inde ! NICKEL ! Très accueillant la porte nous ai ouverte, la boisson (pas d'alcool ! ) Nous ai servie et honnêtement le riz au légume avec la sauce poulet d'esosser épicer un pur délices ! 06/12/2018 a refaire ! Un bol de riz + la sauce a manger a 2 car il y en a beaucoup ! Et cette épices trouver dans le riz wouah (cardamome je pense) foncez y sans hésitation ! Qu'Allah mette la Baraka dans leur restaurant . Même le boss du restau passe pour demander si tout va bien . et la sauce a la menthe un delices ! On entendez un plat d'autre personne tout droit sorti de la cuisson entrain de crépiter . FONCEZ !",3274,Google Maps,تاج محل بن عكنون,2018-12-06T21:57:15.014Z,3,,,,,,,
966715,c bon certe mais il faut être riche. trop chère que la Turquie,32628,tiktok,@seven.times,2026-01-02T19:17:46.224036,0,,,,,,,
966723,Un bon plat pas chère c’est ou exactement svp merci,31596,tiktok,@woodgrill_dz,2026-01-02T19:13:57.475421,0,,,,,,,
180304,J’ai pris 2fois chez lui c’était pas ouf le steak froid mai de malade ça se mange même pas après quand le patron il est absent bah ça taf pas sérieux je vous souhaite de la réussite nchallah,45448,tiktok,@budz,2026-01-02T20:15:58.944568,0,,,,,,,
704595,Salemoualeykoum. Franchement la première fois que j'avais manger a Hicham Cook grille j'avais pas trop adhérer mais par contre la wooow. Allah y barek on c'est regalé Macha Allah les pattes fruit de mer et celle au champignon magnifique pizza rien a dire . PS: que Allah fructifie ton commerce et te mette la baraka franchement sans abusé aucun reproche .,4384,Google Maps,هشام كوك بيتزا,2024-04-20T21:12:13.910Z,0,,,,,,,
966741,"Hicham cook grill de Ouled Fayet est juste une très bonne découverte. Tout est excellent, dès l’entrée on nous accueille chaleureusement, le service est rapide, les serveurs sont très gentils, la viande est tendre et les prix sont raisonnables par rapport à la qualité des plats . Je conseille vivement de manger chez Hicham cook, vous ne le regretterez jamais !",2281,Google Maps,HichamCook Grill House,2025-11-26T17:57:01.936Z,0,,,,,,,
966745,قبل مي دورك مكان مكان,55100,tiktok,@panera_41,2026-01-02T21:12:51.917604,0,,,,,,,
704605,ça vaut le détour pour une soirée karaoké,23450,tiktok,@moonzrestaurant,2026-01-02T18:25:45.191543,1,,,,,,,
966749,Trop trop bon avec une belle vue,65914,tiktok,@cote_oran,2026-01-02T21:46:20.536590,0,,,,,,,
442466,Un bon hamburger et un bon hot-dog Le service est rapide et même si il y a eu une erreur sur la commande la correction était rapide et sans frais Mon fils avait demandé un hot-dog mais il était un peu trop dressé à son goût donc il a pris un autre mais sans être facturé j ai obligé de prendre une photo a refaire la prochaine fois,8817,Google Maps,American Burger Factory,2018-08-27T23:17:48.635Z,1,,,,,,,
442512,سمحلي انت هارب في ال promo حمستني باش أنجي لعندكم برك الله فيك ومزيد من تألق,43832,tiktok,@dzforestrestaurants,2026-01-02T20:11:32.019782,0,,,,,,,
311447,Le meilleur restaurant sur alger,3499,Google Maps,Caracoya,2021-10-21T21:24:00.993Z,0,,,,,,,
180382,عندكم خدمة توصيل  [DELIVERY],13830,Facebook,Restaurant San Benito,2026-01-01T13:47:34.000Z,0,,,,,,,
180386,ماهذا ؟ وردتي !,12847,Facebook,Restaurant San Benito,2025-10-14T07:56:12.000Z,2,,,,,,,
442536,Moured Khlifi قصدو اجر الصيام يجازى عليه بالجنة,12766,Facebook,Restaurant Rais,2025-10-12T23:03:54.000Z,1,,,,,,,
311469,ma tahlafch kadhab ? 900dinar c la journée d'un ouvrie,46486,tiktok,@damisoran31,2026-01-02T20:22:12.480230,0,,,,,,,
180398,Très bonne ambiance diffusion match de foot à la tv cuisine super bon dessert pas top j ai pris un tiramisu et crème brûlée c’était pas sa,2553,Google Maps,HichamCook Grill House,2024-02-18T21:54:10.511Z,0,,,,,,,
835758,سعر ممتاز ولي راهم ينتاقدو فيه راهم غايرين,43824,tiktok,@dzforestrestaurants,2026-01-02T20:11:31.252334,0,,,,,,,
966832,"klina lbarh 3ndo t3yf lmakla hacha na3mt rabi , les légumes neyin l filet ma7roug, gratin dgoul soupe, j'ai pas aimé du tt , BIG FLOP  [COMPLAINT]",59928,tiktok,@oscar_restaurant,2026-01-02T21:22:07.436072,0,,,,,,,
704690,قلشي داركم برك,13374,Facebook,Restaurant San Benito,2025-12-16T16:58:22.000Z,1,,,,,,,
180408,تاع طون وشحال بنين يهبل بالبنة وكانت اول مرة كليتو من عندهم وماندمتش والله بزاف بنين [APPRECIATION],1956,instagram,sushigardendz,2025-08-26T19:08:41.000Z,6,,,,,,,
704722,ديرولنا توصيل لقالمة ههههه,50062,tiktok,@king_food23,2026-01-02T20:58:39.471548,1,,,,,,,
573651,"Repas brûlé plus d' 1 heure d'attente, le prix excessif, je ne recommande pas du tout, la musique pris de tête.",3604,Google Maps,Laurel Restaurant,2025-10-29T16:40:14.005Z,0,,,,,,,
442580,من بين افضل و افخم المطاعم و باسعار غير مبالغ فيها الله يبارك ننصحكم بال poutine و تحية لمحمد تشكر على المعاملة اخي نعم الناس لي يخدمو ثم,7289,Google Maps,American Burger Factory,2025-05-25T16:47:05.614Z,0,,,,,,,
573653,Salam akhi j'ai venu plusieurs fois je suis toujours satisfaite wallah c'est vrai سندويتش يبكي,40636,tiktok,@sandwitch.yabki,2026-01-02T19:48:04.975738,1,,,,,,,
966873,سلام ، ممكن نعرف وين جاي هذا المطعم ؟ أقصد الولاية و البلدة من فضلك، شكرا جزيلا,31600,tiktok,@woodgrill_dz,2026-01-02T19:13:57.475423,0,,,,,,,
835805,"3, 8 M pub free",39558,tiktok,@le_1675,2026-01-02T19:42:35.045172,0,,,,,,,
311520,ماشاء الله صح فطورك,68972,tiktok,@cote_oran,2026-01-02T21:57:38.778230,1,,,,,,,
311528,Tout simplement parfait accueil service hygiène qualité confort et même des salle des prière femme et hommes tout pour s’y plaire,7208,Google Maps,Restaurant À Petit Feu,2024-11-10T21:01:35.897Z,0,,,,,,,
180471,خير رابي لعزيز رابي يعونك,28924,tiktok,@snacky_time_kouba,2026-01-02T18:47:52.389978,1,,,,,,,
835838,ربي يرزقني زوجة صالحة من العاصمة الجزائر نروح معاها يارب.,15226,tiktok,@fouka.marine,2026-01-02T18:07:30.666201,1,,,,,,,
704766,كليتو البارح روعة بنة الا تقاوم,39926,tiktok,@streetburger02,2026-01-02T19:44:04.469171,0,,,,,,,
966913,"C’était la première expérience malheureusement Déçue, tous les plats étaient froid dommage j’y retournerai pas",2646,Google Maps,HichamCook Grill House,2023-09-13T20:41:46.332Z,0,,,,,,,
180481,ربي يحفظك,53818,tiktok,@guellil._.tasnim,2026-01-02T21:08:13.490830,0,,,,,,,
442628,ماشاء الله ربي يوفقك,36862,tiktok,@restaurant.madala,2026-01-02T19:34:40.863656,1,,,,,,,
835845,"Le cadre est magnifique, très bon restaurant propre où les serveurs sont sympathiques et au petit soin des clients. Les plats sont très bons . Bravo",5711,Google Maps,Casbah Istanbul القصبة اسطنبول,2021-12-23T10:47:15.854Z,1,,,,,,,
442632,شحال ؟؟ 10 ملاين,249,instagram,amine_la_cantine,2025-08-15T09:15:42.000Z,1,,,,,,,
442637,اييه و المحاجب بخمسالاف للحبة  بصح مونتاج روعة,50022,tiktok,@m7ajeb,2026-01-02T20:44:38.370371,2,,,,,,,
704784,كاين livraison,10579,Facebook,Dz Forest Restaura,2025-10-13T16:59:46.000Z,0,,,,,,,
311573,Le restaurant laisse vraiment à désirer en matière de qualité des produits. Les ingrédients ne sont pas frais et les plats manquent de saveur. C'est décevant de payer pour une expérience culinaire aussi médiocre. Je ne recommande pas cet endroit. En plus vous avez causé une intoxication à toute une famille( bourek et la saleté des planches fissurées ),2495,Google Maps,HichamCook Grill House,2024-05-17T15:27:29.320Z,2,,,,,,,
442646,مكاش كي باب الحارة خطرة شريت عليه سندويتش بارد سارد,46572,tiktok,@oumanger.oran,2026-01-02T20:23:51.156864,0,,,,,,,
311580,howa grave chbab mes les prix très cher yzido 3liha bzeef,18700,tiktok,@helena,2026-01-02T18:16:16.240799,0,,,,,,,
311583,On a mangé à 2 pour 12000 da j’ai rien compris,22026,tiktok,@maison_sardoudi,2026-01-02T18:22:37.799320,0,,,,,,,
966973,زوالي وراجل مكانش سكالوب غير كفتة و كبدة و مرقاز وين شفت سكالوب,12453,Facebook,Restaurant Rais,2025-10-13T14:32:49.000Z,2,,,,,,,
311615,صراحة بنين لحم ديالو,27118,tiktok,@meet_n_meet,2026-01-02T18:40:44.712505,0,,,,,,,
573761,رخيسة نتاع ربعة من ناس روعة,44560,tiktok,@dzforestrestaurants,2026-01-02T20:11:56.278215,0,,,,,,,
966978,"J'ai de nouveau voyagé en Turquie. Restautant excellent même meilleur que d'autres que j'ai pu faire en Europe. Accueil impeccable malgré l'attente, la dame a l'entrée est très agréable et souriante. Les plats sont généreux et excellent surtout leurs viandes cuite au feu de bois. Petite déception car plus d'iskender à notre arrivés mais les plats sélectionné ont vite rattraper notre déception. Nous sommes contents d'être aller faire notre propre avis et ne comprenons pas les avis négatifs. Nous y reviendrons sans hésiter.",6215,Google Maps,Casbah Istanbul,2022-09-19T21:39:30.486Z,0,,,,,,,
180549,اسعار تع حي شعبي  ماشاء الله [APPRECIATION],53806,tiktok,@guellil._.tasnim,2026-01-02T21:08:12.889066,1,,,,,,,
966982,ديرولنا الاسعار,68952,tiktok,@cote_oran,2026-01-02T21:57:38.778205,2,,,,,,,
180551,"On été les premiers à avoir commandé et les autres ont eus leur commandes avant nous , plutôt douar diner mata7chmouch, 45min d'attente pour une pizza et un sandwich , c'est honteux",4870,Google Maps,Hicham cook pizza pasta,2021-10-31T19:38:26.935Z,1,,,,,,,
442703,Merry Marouane علاش هدرت على السيد وأنت راك تشكم ؟ إفهم مرة الجاية واحد واش يقصد ماتحممش بلخف,8934,Facebook,Restaurant Casa Bella - Draria,2025-12-08T12:22:13.000Z,0,,,,,,,
311633,"llah ibarek, c'est de la viande locale ou bien importation?",37230,tiktok,@restaurant.madala,2026-01-02T19:34:48.257033,0,,,,,,,
311634,الله بارك ربي عينك,12075,Facebook,Restaurant San Benito,2025-10-12T22:42:29.000Z,0,,,,,,,
311637,c'est une magnifique  [APPRECIATION],68366,tiktok,@le_petit_chalet,2026-01-02T21:55:05.450134,1,,,,,,,
967011,واحد عايش وواحد مطايش علاش يادنيا علاش,27086,tiktok,@seven.times,2026-01-02T18:39:22.006450,1,,,,,,,
704868,Au début c'était bien jusqu'à ils ont mis des hamburger sur la carte dans un restaurant italien  bref j'y retourne plus [COMPLAINT],71668,tiktok,@opium,2026-01-02T22:10:08.991102,0,,,,,,,
704870,وحد الوقت كان داير تاع تاكل صوندويتش برا و زيد ماكلتو ماشي بنينة,1739,instagram,"resturant.arabesque
",2025-07-23T20:53:31.000Z,2,,,,,,,
442736,او كي ندخلو نخلصو حق الماكلة ولا ديكور,23986,tiktok,@spotter.dz,2026-01-02T18:27:23.296523,0,,,,,,,
311669,"Vraiment beaucoup trop cher par rapport à la qualité et la quantité, très étonnée de l' augmentation tarifaire sinon aucune amélioration du service vraiment lamentable",6085,Google Maps,Casbah istanbul,2024-04-13T18:35:48.077Z,0,,,,,,,
311676,mais c'est où exactement,31416,tiktok,@restaurantmonegasque,2026-01-02T19:13:04.840972,1,,,,,,,
311688,باسم الله ما شاء الله كليت عندكم مرتين الله يبارك ربي يوفق,28046,tiktok,@amine.lacantine,2026-01-02T18:45:36.247240,1,,,,,,,
180622,هو من الداخل بنين ومفرمج بصح معمر زيت ماتقدرش تكملو كل اكتر حاجة نحبها عندهم grec ربي يعينهم شبيبة تخدم من قلبها ان شاء الله يكملو هك [APPRECIATION],55400,tiktok,@askim_food,2026-01-02T21:13:29.543744,0,,,,,,,
967057,لأنو فالدار نظيف,41562,tiktok,@street_food,2026-01-02T19:57:46.733823,2,,,,,,,
180647,Une adresse que je recommande déjà un restaurant d une propriété irréprochable un service digne d un restaurant étoilé merci à Mokhtar et une cuisine excellente un voyage en Inde mais en Algérie vraiment trop bon merci,3025,Google Maps,تاج محل بن عكنون,2025-05-03T21:03:41.575Z,0,,,,,,,
967081,Tout est frais dans ce reel  [APPRECIATION],780,instagram,elmarssem.dz,2025-04-30T19:19:16.000Z,1,,,,,,,
836011,Très déçu ! C'était un endroit que j'aimais bien. Mais ils m'ont doublement déçu cette semaine. les prix des burgers ont triplé ( 1200 da burger steak de boeuf ) alors On a pris des pizzas et elles n'étaient pas bonnes. le service était très lent . En plus de ça je leurs ai fait la remarque en commentaires sur insta et au lieu de s'excuser ils l'ont supprimer. Pour résumer rapport qualité prix zéro !,4832,Google Maps,Hicham cook pizza pasta,2022-06-14T08:34:40.567Z,3,,,,,,,
311725,الله يبارك فطرت عندكم وعجبتني الحطة,11460,Facebook,Restaurant San Benito,2025-07-28T21:29:03.000Z,0,,,,,,,
311728,J'aime beaucoup.,35086,tiktok,@sinai,2026-01-02T19:28:04.344037,0,,,,,,,
180662,مكان عائلي بامتياز انصح به العائلات خاصة المحافضة,4291,Google Maps,هشام كوك بيتزا,2024-07-11T21:16:54.397Z,0,,,,,,,
573888,مقلوب,53426,tiktok,@piadzo_food23,2026-01-02T21:07:13.112019,0,,,,,,,
442818,كليت عندهم بيتزا روعععة,53566,tiktok,@mega_pizza_annaba,2026-01-02T21:07:53.787946,1,,,,,,,
836035,دراهم برك تقلشك تشبع بوس فلهوا تقلك شباب تنقيلك شوك بومزلوق دؤاهمك تقولك سيدي وتوريلك لحوت فري كروفات حمرة,13760,Facebook,Restaurant San Benito,2025-12-30T07:27:33.000Z,0,,,,,,,
442820,Restaurant très convivial le menu est assez varié et c'est toujours très bon,6469,Google Maps,Casbah Istanbul,2017-05-26T08:25:46.863Z,2,,,,,,,
573890,La meilleure restaurant très propre les plats sont magnifiques  [APPRECIATION],1658,instagram,restaurant.cezam,2025-02-09T08:34:41.000Z,1,,,,,,,
836039,c'est très beaucoup j'aime beaucoup [APPRECIATION],72542,tiktok,@pont_hydra,2026-01-02T22:13:25.580786,0,,,,,,,
573903,وعليكم السلام ورحمة الله وبركاته. شاف.,41234,tiktok,@street_food,2026-01-02T19:55:41.427874,2,,,,,,,
967133,راني مريضة,13282,Facebook,Restaurant San Benito,2025-10-13T16:10:56.000Z,0,,,,,,,
836073,Ca m’as coupé la pité,48868,tiktok,@le77tizi,2026-01-02T20:38:55.682639,12,,,,,,,
311788,Tu payes pour l’endroit pas pour la bouffe,61376,tiktok,@denatelo_annaba,2026-01-02T21:25:02.416300,3,,,,,,,
311790,moi je l'aime à notre façon de faire bel za3tar ellah lah,72416,tiktok,@pont_hydra,2026-01-02T22:13:22.193277,1,,,,,,,
836087,Magnifique restaurant. Bravo et bonne continuation,7826,Google Maps,Restaurant À Petit Feu,2023-07-27T14:31:27.354Z,0,,,,,,,
311806,فدار كلش جديد ونضيف وبرا مخلط زيت قديم شويا دبان شويا ڨريلو خامج وبنين,42138,tiktok,@street_food,2026-01-02T19:58:01.090645,0,,,,,,,
705026,هاد المطعم***********فهمت,3500,Google Maps,Caracoya,2021-05-07T16:43:30.432Z,0,,,,,,,
836102,راك غالط في الكتيبة,30066,tiktok,@pizza_carie_touati_,2026-01-02T18:54:36.682807,0,,,,,,,
442889,اعم اعم,40938,tiktok,@askim_food,2026-01-02T19:49:26.119262,0,,,,,,,
180746,Créatif de quoi mdrrrrr,31238,tiktok,@taylor,2026-01-02T19:10:51.519763,2,,,,,,,
442892,مناطق شمس وين راكم,38748,tiktok,@kfc,2026-01-02T19:39:52.490724,0,,,,,,,
705039,Des prix exagéré sans nn justifie pizza =patte matlou3+tomate =1000 Da Sbagiti ta3 risto =1000 Da lazaniya Ni Mayonnaise ni sauce maison dispo خوذ الشيعة و ارقد,4541,Google Maps,هشام كوك بيتزا,2023-12-21T00:09:39.396Z,0,,,,,,,
967186,un scénario bien préparé,28666,tiktok,@american.burger.tizi,2026-01-02T18:47:31.474890,0,,,,,,,
573970,فين هنا,70712,tiktok,@my_pizza_oran,2026-01-02T22:00:47.106126,1,,,,,,,
705044,إه ياقلبي خصني خرجا هك تنحيلي ذيقت الخاطر,26828,tiktok,@seven.times,2026-01-02T18:39:13.832518,0,,,,,,,
311831,C’est plutôt coté du Maroc  qu’il devrait s’appeler ce restaurant,65998,tiktok,@cote_oran,2026-01-02T21:46:24.009653,12,,,,,,,
442911,200 الف لي تبانلك حاجة قليلة كاين ناس تتعب عليها 8 سوايع خويا,71150,tiktok,@paradou_restaurant,2026-01-02T22:05:01.462642,0,,,,,,,
442922,وين المطعم من فضلك,49520,tiktok,@kik.sfood21,2026-01-02T20:41:13.847249,1,,,,,,,
573998,خلينا من الحوت راه غالي نتي كيفاش,13386,Facebook,Restaurant San Benito,2025-12-17T23:07:18.000Z,2,,,,,,,
705072,Merci pour votre accueil chaleureux et c'était très bon et délicieux,7261,Google Maps,American Burger Factory,2025-05-28T18:40:54.020Z,0,,,,,,,
836156,Il faut réserver avant de partir Un souci de stationnement Endroit magnifique en famille Bravo l'équipe,8213,Google Maps,Restaurant À Petit Feu,2022-10-18T05:27:55.609Z,1,,,,,,,
574013,راني حاب نجي بصح لازم نشوف بلا تاع 1500دج,13521,Facebook,Restaurant San Benito,2025-12-29T15:14:24.000Z,1,,,,,,,
574021,"Tout d'abord Mabrouk Alik Hichem, je suis venu de loin pour manger dans ton restaurant. J'ai trouver la décoration et l'accueil à la hauteur. Cependant, beaucoup de points négatifs: 1- Le Parkingueur est un gamin qui ne respecte pas le client. 2- Les serveurs . parlent à haute voix, trop nombreux, tournent autour des clients, sont trop pressés à nous servir quitte à servir le deuxième plat avant même qu'on est fini la Chorba (ils veulent tellement bien faire qu'ils exagèrent, chaque 2 minutes ils viennent nous demander si tout va bien? ). On pouvait même pas manger tranquillement. 3- les boulettes du M'taoum pas assez cuites et les carottes du Méchoui sont sèchent à l'intérieur. Sinon le reste des plats très correct, les boureks sont bonnes et la Chorba généreusement servi. En résumé je me suis senti plus dans un mariage, ou je devais manger vite et me lever à fin de libérer la place au autres convives. Saha ramdhankom, en espérant que vous puissiez prendre en considération mes remarques. Salam.",2937,Google Maps,HichamCook Grill House,2022-04-05T23:18:13.196Z,28,,,,,,,
442958,Endroit magnifique. Plats délicieux,4969,Google Maps,Hicham cook pizza pasta,2019-09-01T23:47:17.686Z,0,,,,,,,
574041,Rien a dire sur le restaurant ! Meilleur que certains restaurants turcs de Paris et d’Istanbul. Allez y les yeux fermés.,6160,Google Maps,Casbah istanbul,2023-08-07T13:19:02.936Z,0,,,,,,,
967268,خبرني على سومة والله ما نقول لواحد نخليها سر بيناتنا,18386,tiktok,@helena,2026-01-02T18:16:11.210238,0,,,,,,,
967270,Est surtout la fille chaima elle est tres gentille,7355,Google Maps,American Burger Factory,2025-05-22T13:30:17.849Z,0,,,,,,,
442983,علاء المخير في الشواء,61612,tiktok,@guellil._.tasnim,2026-01-02T21:25:43.488256,4,,,,,,,
836200,مكلا نتاعهم بنينة او نقية  جربوها [APPRECIATION],33734,tiktok,@restaurant_gizay,2026-01-02T19:22:48.808828,0,,,,,,,
574064,Mr Mestafa la Classe Oranaise  [APPRECIATION],68912,tiktok,@cote_oran,2026-01-02T21:57:37.920157,2,,,,,,,
180849,pourquoi aller mangé dans restaurant algériens cette sangoulia qui vie qu'avec du thé et du pain au carton,16826,tiktok,@user5834669559361,2026-01-02T18:10:48.766818,0,,,,,,,
311926,السلام عليكم،هذا هو المدكوك لي تهدر عليه ؟سامحني لا علاقة بالصورة مع الحقيقة بكل احترامي إليك ،مع انه مألف ناكل عندك ،الخدامة تاعك راهي طبع برك,4088,Google Maps,هشام كوك بيتزا,2025-05-24T13:19:28.812Z,0,,,,,,,
836215,مجمع حياها وحشمان,57222,tiktok,@_le216_,2026-01-02T21:17:19.475535,0,,,,,,,
836219,Retire ton coude c'est pas un bar,13262,Facebook,Restaurant San Benito,2025-10-13T12:08:00.000Z,0,,,,,,,
705149,"Hello friend, live entertainment is great.",22320,tiktok,@le_scenario,2026-01-02T18:23:54.862269,18,,,,,,,
311934,service 3ayen w lent,62726,tiktok,@allechante,2026-01-02T21:30:55.613316,0,,,,,,,
836226,يحكي صح يڨهم وبنين عسل وسيرتو سوفلي 5فروماج ايمى يڨتل مي غاليين حوايجو وبصراحة كلش بنين  [APPRECIATION],55386,tiktok,@askim_food,2026-01-02T21:13:29.543728,1,,,,,,,
311940,زحف الريف جاب غاشي,36582,tiktok,@seven.times,2026-01-02T19:31:37.740176,0,,,,,,,
836229,"pour les escargots venez à Oran c'est succulent et pas une douzaine c'est plutôt une belle assiette, bon appétit",72190,tiktok,@pont_hydra,2026-01-02T22:13:17.221183,2,,,,,,,
574104,راهم يجو على جال العرى والتعريين نتاعك,13820,Facebook,Restaurant San Benito,2026-01-01T15:07:22.000Z,0,,,,,,,
180888,Prix raisonnable,36864,tiktok,@restaurant.madala,2026-01-02T19:34:40.863659,2,,,,,,,
311969,ذكاء إصطناعي,12732,Facebook,Restaurant Rais,2025-10-12T23:05:28.000Z,0,,,,,,,
705187,C’est super bon w le service 10/10 mashallah très satisfaite  [APPRECIATION],6713,Google Maps,American Burger said hamdine,2025-10-03T05:27:12.453Z,0,,,,,,,
967344,هدي في درارية ياحصراه كانت فارغة كيفاش ولات,32184,tiktok,@entracte,2026-01-02T19:14:36.058775,1,,,,,,,
311988,Hadik 2eme mitl3owahch ga3 nass jsp prq a chaque fois nhb ntla3 y9oli non ou ki n9a3d l tht nl9ahom tl3in prq ?,94,instagram,american.burger_dz,2025-08-29T12:53:26.000Z,1,,,,,,,
574136,Il est très beau mais la bouffe je la trouve juste acceptable,14300,tiktok,@les_jumelles,2026-01-02T18:01:24.676963,0,,,,,,,
180925,لي شافو الشعرة يبينو روحهم,31292,tiktok,@taylor,2026-01-02T19:10:52.501681,0,,,,,,,
967358,يرجعلك الذاكرة اذا كنت فاقدها,12709,Facebook,Restaurant Rais,2025-10-13T15:18:31.000Z,0,,,,,,,
311999,مشي كاي اف سي، كي اف سي [COMPLAINT],37790,tiktok,@kfc,2026-01-02T19:39:21.195875,3,,,,,,,
705215,c'est Tajine errkhem  ce n'est pas un rôti de bœuf  [APPRECIATION],26324,tiktok,@lovers_grill,2026-01-02T18:34:55.974023,0,,,,,,,
836289,sincèrement endroit magnifique accueil très chaleureux menu très varié et ce que j'ai mangé avec ma famille était très bon je vous le conseille fortement,55034,tiktok,@luestro_annaba,2026-01-02T21:12:19.312128,0,,,,,,,
967365,franchement c top aywak tu va ouvrir une grande salle familiale adnass anatch en famille c d'image c petit chez toi mais c trop bon yaatik saha,37136,tiktok,@restaurant.madala,2026-01-02T19:34:46.646499,0,,,,,,,
312006,"Bonsoir, je suis allée au restaurant de Kouba mais j’étais déçue , la nourriture, le service catastrophique",968,instagram,hichamcookgrill,2025-12-15T18:35:59.000Z,0,,,,,,,
574153,مطعم في تنس أقل من هذا نصف 1300. 00 مليون و ثلاث ميا,10346,Facebook,"  Restaurant elassil








",2025-12-25T19:04:21.000Z,0,,,,,,,
312010,"Nous avons pris une boxe pour 4 personnes par manque d’espace dans la grande salle, le service était excellent, plats bien garnis, Hichem faisait la tournée des tables pour saluer ses clients et demander feedback. Je vous conseil de réserver avant de se déplacer, ou y aller très tôt en début de soirée, les places de parking sont aussi limitées.",2788,Google Maps,HichamCook Grill House,2023-02-07T08:17:28.418Z,2,,,,,,,
967369,"J'ai récemment eu le plaisir de dîner à american burger et je dois dire que c'était une expérience exceptionnelle ! Dès mon arrivée, j'ai été chaleureusement accueilli par le personnel et le serveur ""mounir"", qui s'est montré à la fois professionnel et attentif. La carte offre une belle variété de sandwichs, chacun plus alléchant les uns que les autres. J'ai opté pour un [burger], et il était tout simplement délicieux, avec des saveurs parfaitement équilibrées. Les ingrédients frais et de qualité sont clairement au cœur de leur cuisine. L'ambiance du restaurant est également remarquable une décoration chic et moderne, une atmosphère chaleureuse et conviviale. Enfin, le rapport qualité-prix est excellent. Je recommande vivement ce restaurant à tous ceux qui cherchent une expérience gastronomique mémorable. J’ai hâte d’y revenir pour essayer d’autres trucs de leur menu ! Merci à toute l’équipe et sur tt a mounir pour ce beau moment",8140,Google Maps,American Burger Factory,2025-01-28T19:44:44.828Z,0,,,,,,,
574158,شحال هكدا؟؟؟؟,555,instagram,"brother.ts
",2024-04-03T17:20:40.000Z,0,,,,,,,
180943,Service livraison très lourd 2h bach wsltni lmkla mn 4 hta 5:40 bzaf non ou j’ habite flkouba,7014,Google Maps,American Burger Factory,2025-07-11T16:20:07.326Z,0,,,,,,,
574160,Cava finir comme Starbuck cette histoire,37682,tiktok,@kfc,2026-01-02T19:39:18.573753,144,,,,,,,
312024,. moi je préfère en manger à l'ancienne que ce soit dans un restaurant ou chez le marchand ambulant,73322,tiktok,@pont_hydra,2026-01-02T22:13:52.577573,0,,,,,,,
967396,bonjour j’ai essayé KFC algérie c’est bon mais j’ai l’impression que KFC en tunisie et dubai il est un peut meilleur,40956,tiktok,@kfc,2026-01-02T19:49:46.131860,5,,,,,,,
443108,"Très déçu par la pizza, la 5 fromages n'était vraiment pas bonne du tout, les fromages étaient inexistant et sans goût, la pizza goûte le petit suisse!",4150,Google Maps,هشام كوك بيتزا,2024-12-10T11:24:55.479Z,0,,,,,,,
574185,Hydra pour nous somme voilà comme ça heureusement.,72498,tiktok,@pont_hydra,2026-01-02T22:13:24.030648,0,,,,,,,
574199,service long,29838,tiktok,@youzifood,2026-01-02T18:52:33.710872,0,,,,,,,
180987,صلاة و عبادة مخصنيش حرلم,66162,tiktok,@restaurant_mani,2026-01-02T21:47:16.832868,0,,,,,,,
574203,الله ابارك ماشالله,26580,tiktok,@labelladalger16,2026-01-02T18:37:02.385179,0,,,,,,,
312061,اخي مخصكمش طباخ عندي 12 سنة خبرة في الشركة في الصحراء,16406,tiktok,@soltane.el.kababe,2026-01-02T18:08:23.862109,1,,,,,,,
180995,لمادبرش عليا تاع اخطيكم ماشوفتش الا لبلاصة عالية و لا رخيسة انا نمشي على قيس امكانياتي,71164,tiktok,@paradou_restaurant,2026-01-02T22:05:03.494323,0,,,,,,,
967428,غال الأخ بزاف,10681,Facebook,Dz Forest Restaura,2025-10-13T14:00:00.000Z,0,,,,,,,
181008,Machi kolyoum c pas bien pour la santé,481,instagram,"brother.ts
",2024-10-26T10:14:00.000Z,2,,,,,,,
705303,Vous êtes les meilleurs et bon service msha'allah surtt la serveuse Chaima très gentille hadik tofla koul t9i9a teji Lina tskssi kach ma khassena Je demanderai à nouveau plus tard,7568,Google Maps,American Burger Factory,2025-05-18T11:33:39.475Z,0,,,,,,,
443168,"Notre endroit préféré moi et ma famille on est très très satisfait, une ambiance top, l'endroit est très propre avec une décoration magnifique, concernant la bouf est très délicieuse surtout les plats sont super bons les pizzas encore plus ! L'équipe est géniale toujours souriants avec un aceuille chaleureux . American dîner vous êtes les meilleurs",4697,Google Maps,Hicham cook pizza pasta,2024-05-07T18:30:01.492Z,0,,,,,,,
181024,ela khatre fayhe we bnine,41832,tiktok,@street_food,2026-01-02T19:57:52.698712,0,,,,,,,
574246,كل شي على البنة، اذا كان يستاهل ماعليش، اذا عادي كيفه كيما طاكوس تاع 400 يتسمى غالي,33394,tiktok,@ambiancefood,2026-01-02T19:21:14.917534,0,,,,,,,
181034,مووووووو,57446,tiktok,@_le216_,2026-01-02T21:17:22.899574,0,,,,,,,
312115,"J’adore le hamburger, Hamburger Hollandia, c’est comme quand j’étais en France et en Chine, et en fait, j’aime bien l’environnement aussi, alors いただきます！^_^Bonne appétit, 各位好胃口！",8596,Google Maps,American Burger Factory,2022-07-08T22:10:41.164Z,2,,,,,,,
181044,بصحتكم خويا لعزيز بتوفيق  [APPRECIATION],67636,tiktok,@bladi_oran,2026-01-02T21:51:55.744246,0,,,,,,,
705334,خاطيني هذو الامورات انا نبغي لي يبيع اللوبيا والعدس والسردين والفريت اوملات,20758,tiktok,@labelladalger16,2026-01-02T18:19:43.848852,0,,,,,,,
181047,"Endroit sympathique et convivial, les hamburgers sont généreux et bons, les prix restent quand même assez chers pour ce que c'est",8660,Google Maps,American Burger Factory,2021-11-24T13:34:23.616Z,0,,,,,,,
312123,ربي يحفظك و يرزقك و تحيا الجزائر,35070,tiktok,@sinai,2026-01-02T19:28:04.344018,0,,,,,,,
443196,الله الله عليكم اونبيوس هايلة,23752,tiktok,@leonard_restauran,2026-01-02T18:27:02.784700,2,,,,,,,
181052,توصيل عنابة فقط,50120,tiktok,@king_food23,2026-01-02T20:58:43.195006,0,,,,,,,
836418,الله يبارك ما شاء الله [APPRECIATION],67606,tiktok,@bladi_oran,2026-01-02T21:51:52.899289,0,,,,,,,
705366,hadi sauce rouille mch sauce mayonnaise et hrissa Spécial pr les soupes de poisson,58384,tiktok,@la.nouvelle.etoile0,2026-01-02T21:20:56.232012,4,,,,,,,
443224,خلصتيه لحم,57892,tiktok,@_le216_,2026-01-02T21:17:33.996990,0,,,,,,,
574297,Svp repondez auessages,1755,instagram,rolls_dz,2025-05-11T19:36:45.000Z,0,,,,,,,
705376,Meilleure paella,173,instagram,amine_la_cantine,2025-10-28T10:28:12.000Z,0,,,,,,,
705380,Bordj kiffan c'était super bon,22586,tiktok,@le_perchoir,2026-01-02T18:25:08.690579,3,,,,,,,
705387,"Très bonne pizza Allahuma barik, salade César excellente aussi coup de coeur pour les desserts ils etait excellent Allahuma barik",7131,Google Maps,Restaurant À Petit Feu,2025-04-25T22:05:19.046Z,0,,,,,,,
574315,Tayeb Yahiaoui احشم على روحك يا بغل,12831,Facebook,Restaurant San Benito,2025-10-13T00:56:18.000Z,0,,,,,,,
312185,ces vraiment super bravo,41246,tiktok,@street_food,2026-01-02T19:55:41.427887,1,,,,,,,
574330,Ripondiw fl prv wala f telephone,1791,instagram,seven_times_la_villa,2025-10-09T19:39:54.000Z,0,,,,,,,
312187,مخدوم اهبل الله بارك لي خدمة تفنن فيه سير تو لقواس روعة,57048,tiktok,@papillons827,2026-01-02T21:16:45.853267,0,,,,,,,
443258,J’avoue ! Vous êtes généreux dans vos plat,34620,tiktok,@le_carre_restaurant,2026-01-02T19:24:34.186934,0,,,,,,,
705405,"Désolé mais une big flop la pizza on a pris 4 goûts mais aucun n'était bon ( végétarienne, 5 fromage, thon, champignons) espérons qu'ils s améliorent un jour inchallah",4539,Google Maps,هشام كوك بيتزا,2023-12-21T18:51:43.305Z,0,,,,,,,
443268,Hajer Hajer سقساه شحال الملونج قالو 150,11390,Facebook,Restaurant San Benito,2025-07-26T17:25:04.000Z,0,,,,,,,
443272,بسم الله بارك الله فيك ووسع الله في رزقك [APPRECIATION],48446,tiktok,@hafakafood,2026-01-02T20:35:29.188934,0,,,,,,,
705419,لي حابة تديفورصي من راجلها ولا تسيبارا هيا وخطيبها تديه يخلص غذاء هنا,19176,tiktok,@helena,2026-01-02T18:16:29.502801,0,,,,,,,
836492,Merci pour l'info  [APPRECIATION],61056,tiktok,@roofttop_anaba,2026-01-02T21:24:26.677993,1,,,,,,,
705439,ديرو توصيل للشط,55818,tiktok,@mfood.annaba,2026-01-02T21:14:12.008682,1,,,,,,,
705446,boycotte a vie pour moi,37712,tiktok,@kfc,2026-01-02T19:39:19.343131,2,,,,,,,
443312,meilleure plat w meilleur serveur kadiiir [APPRECIATION],43206,tiktok,@le_122,2026-01-02T20:04:06.046419,2,,,,,,,
181176,Cabaret en familles,63520,tiktok,@santorino,2026-01-02T21:32:18.468466,1,,,,,,,
967615,"Ce restaurant n'a rien de beau a part la déco. la bouffe n'est pas à la hauteur de la publicité, les serveurs ont encore besoin de formation pour impressionner. De plus, il y a de l'arnaque côté poisson. C'est bien dommage.",20254,tiktok,@sebs_garden,2026-01-02T18:18:16.775975,0,,,,,,,
967618,ehhh oui la coupole j'ai étais invité autrefois  [APPRECIATION],14166,tiktok,@les_jumelles,2026-01-02T18:01:20.508945,2,,,,,,,
312263,Fi franca mandirohch b sauce fromage ndiroh b sauce blanche,40078,tiktok,@streetburger02,2026-01-02T19:44:07.027432,0,,,,,,,
705487,بالتوفيق إن شاء . الله.  [APPRECIATION],14976,tiktok,@lassiette.algeroise,2026-01-02T18:06:52.328377,0,,,,,,,
312274,Hhh les prix,2843,Google Maps,HichamCook Grill House,2022-12-05T21:04:05.922Z,0,,,,,,,
312278,السعر الماكولات مقلتوش,51570,tiktok,@broaster_chiken,2026-01-02T21:00:01.526235,0,,,,,,,
443353,The worst kunafa ever,6371,Google Maps,Casbah Istanbul,2019-11-07T21:13:52.932Z,4,,,,,,,
312287,Ses ou en france ? Ou en belgique  ?,34788,tiktok,@sinai,2026-01-02T19:27:57.433334,1,,,,,,,
181224,dommage c'est plus les bonois d'avant,60232,tiktok,@seraidi.live.z,2026-01-02T21:22:46.343136,0,,,,,,,
181230,The service so slow and the food average not enough waitress I think My pizza was little burn and chicken and vegetables not good cooked,3671,Google Maps,Laurel Restaurant,2025-06-05T15:17:49.717Z,0,,,,,,,
443375,J'ai testé vraiment rien à dire  bonne continuation [APPRECIATION],1361,instagram,meatnchill.dz,2025-12-15T19:05:11.000Z,1,,,,,,,
181246,شريت بيتزا عندكم كانت ماشي كاع بنينه الطوماطيش تاعها عيانه لابات عيانه حسبنا الله ونعم الوكيل فيكم,1401,instagram,megapizza_kouba,2025-10-11T20:07:44.000Z,3,,,,,,,
967683,عجبتني ندخلها في واجبات تعي,41446,tiktok,@street_food,2026-01-02T19:55:45.735944,0,,,,,,,
312327,ta3 chhal nebrihom w cha nakol 3andhom top sinimaa,46724,tiktok,@oumanger.oran,2026-01-02T20:23:56.897112,1,,,,,,,
705546,"Good in overall, some good dishes and staff were professional and serving us the best they could, we went there on weekend so it was bit busy and slow service.",5470,Google Maps,قصبة اسطنبول,2023-08-05T15:37:50.405Z,1,,,,,,,
836619,نجربهولكم  [COMPLAINT],53912,tiktok,@guellil._.tasnim,2026-01-02T21:08:15.001585,0,,,,,,,
312330,خلصو زوج رواد تع باتنة قلبها الجي,24264,tiktok,@spotter.dz,2026-01-02T18:27:31.753222,6,,,,,,,
705558,نمدلك عنوان عائلة فقيرة تدي الاجر,16212,tiktok,@mardoum,2026-01-02T18:08:07.097734,0,,,,,,,
574488,Very nice restaurant. and I really appreciate the team for make the food amazing. Since I have being to the place 4 years ago and it's the sane taste and team. Nice ambience and hygiene Quality food Cost for 2 $$$,6242,Google Maps,Casbah Istanbul,2022-08-20T19:47:39.726Z,1,,,,,,,
705561,Trop classe,14268,tiktok,@les_jumelles,2026-01-02T18:01:23.636717,0,,,,,,,
574493,Tout le centre est plein de cafard et même dans le chicken street plein de cafard,29976,tiktok,@chiken_street_bbz,2026-01-02T18:53:31.920616,1,,,,,,,
312366,ما شاء الله اخلاق و خلق و جودة و سعر الأفضل في العالم ما شاء الله [APPRECIATION],1938,instagram,spartacos2019/,2025-09-26T12:01:06.000Z,5,,,,,,,
181298,ارواح عند عمي الربعي تاكل تحصل,54350,tiktok,@guellil._.tasnim,2026-01-02T21:08:25.236784,1,,,,,,,
836664,السعر عادي لماكلة لي مكان والوا,56744,tiktok,@lucia_annaba,2026-01-02T21:16:20.829761,0,,,,,,,
312379,Un endroit très agréable avec un personnel sympathique et disponible. Les plats et les desserts sont très bons. Une étape incontournable lors d'une visite du centre d'Alger.,3575,Google Maps,Laurel Restaurant,2025-12-14T15:11:21.268Z,0,,,,,,,
443458,Castanea Mille sapori boustane chalet le bamboo,59626,tiktok,@maestro_dz13,2026-01-02T21:21:37.792082,0,,,,,,,
705603,يبان بوراك,55646,tiktok,@askim_food,2026-01-02T21:13:35.596558,0,,,,,,,
836686,يادرا السانيتار درتولو نظافتو الخاصة ولا كي البارح,10793,Facebook,Restaurant Casa Bella - Draria,2025-07-26T12:16:18.000Z,27,,,,,,,
967759,Quelle est votre adresse,9817,Facebook,Restaurant Tabarka Annaba,2025-12-27T21:46:02.000Z,0,,,,,,,
443474,"The place is packed with people at all times. Service was okay. I got a mixed poutine, which was not on the menu but they accepted to make it. The poutine was very big, so it's a good deal regarding the price. It was greasy and felt both under and over seasoned, but it was truthfully good. It just needed something to balance the grease.",8369,Google Maps,American Burger Factory,2024-04-30T12:37:22.842Z,3,,,,,,,
705622,sans citron  [BOUFFE],73686,tiktok,@pont_hydra,2026-01-02T22:14:01.029709,0,,,,,,,
574562,واه ههه لخير كونجلي,13476,Facebook,Restaurant San Benito,2025-12-20T15:48:00.000Z,0,,,,,,,
574565,"Je suis venu manger avec ma femme et mon fils , que sa soit l’accueil ou le repas tout était irréprochable sans parler de la nourriture qui est excellente et les serveurs très aimable… je recommande 10/10",2713,Google Maps,HichamCook Grill House,2023-05-27T14:28:17.194Z,0,,,,,,,
312423,bsahtek tu me donne envie d essayer,73818,tiktok,@pont_hydra,2026-01-02T22:14:05.515776,0,,,,,,,
967785,"J’ai trop aimé ce restaurant particulièrement car à chaque fois que je passe je ne trouve pas du monde dehors comme pour le reste de la chaine casbah istanbul, le personnel est super gentil professionnel et souriant. Le seul point qui me dérange est le temps d’attente.",5540,Google Maps,قصبة اسطنبول,2022-09-10T23:15:11.078Z,7,,,,,,,
705641,Excellent mais trop de monde ;),6411,Google Maps,Casbah Istanbul,2019-05-11T15:54:10.133Z,0,,,,,,,
836718,"Une grande déception On a attendu 55min pour sortir sans manger, je me suis déplacé de sntp dar el-Beida à kouba en étant enceinte pour manger de la pizza pour qu’enfin servir les gens arrivaient derrière moi Quand j’ai réclamé le serveur me répondait ماعندي ماندير لك ماعطاونيش لاكومند تاعك وماجبتلكش تاكلي On a quitté le restaurant sans explication ni excuse de la part du personnel Très déçue. c a éviter surtout quand vous êtes en famille…. Big flop",4042,Google Maps,هشام كوك بيتزا,2025-08-05T00:23:38.127Z,0,,,,,,,
705653,اتشو حجرة,38620,tiktok,@kfc,2026-01-02T19:39:44.992020,0,,,,,,,
443510,خصني خاتم روحاني للقبول و جلب الرزق مرانيش نبيع قاع,11269,Facebook,Restaurant Casa Bella - Draria,2025-07-27T23:12:21.000Z,4,,,,,,,
443513,هوما 70 الف خطورة او هو يقولك زوج خطوات,30724,tiktok,@tastino7,2026-01-02T19:06:27.308913,0,,,,,,,
705658,organisez vous un dîner avec animation pour la célé de yennayer ? merci,71374,tiktok,@dwiretelazz,2026-01-02T22:08:42.206637,0,,,,,,,
574589,le drapeaux  [APPRECIATION],25796,tiktok,@ofennec.officiel,2026-01-02T18:34:11.848403,11,,,,,,,
836736,ماشاءالله  [APPRECIATION] [BOUFFE],47082,tiktok,@snacko_hm,2026-01-02T20:27:44.057961,1,,,,,,,
312451,c'est où l adresse merci,34850,tiktok,@sinai,2026-01-02T19:27:59.292587,2,,,,,,,
312464,النصر الدين النصر الدين واه خويا كي يخصك مرحبا بيك,12904,Facebook,Restaurant San Benito,2025-10-13T09:05:38.000Z,0,,,,,,,
181396,C beau et très élégant,14190,tiktok,@les_jumelles,2026-01-02T18:01:21.546566,2,,,,,,,
967830,مكاش قع 5 نجوم تدخل مكاش لي يخزر فيك و سومة هبال و ماكلة كرطون,17646,tiktok,@seven.times.luxury,2026-01-02T18:13:18.308894,2,,,,,,,
574617,اخويا فهمني 500 هذيك علاش,31514,tiktok,@woodgrill_dz,2026-01-02T19:13:53.447248,6,,,,,,,
312481,تفتحي لابيتي خيرمن داليا سامطة و موديرها سراحة عشقت فيك خيرمنها,13471,Facebook,Restaurant San Benito,2025-12-18T06:35:40.000Z,0,,,,,,,
705697,"Franchement je vous conseille le meilleur restaurant de poisson sur alger et dans toute l'algerie, il est à la Madrague c'est le restaurant chez SAUVEUR",24996,tiktok,@el_marssem,2026-01-02T18:32:16.408973,1,,,,,,,
574630,بصكو في دار نضيفة,41630,tiktok,@street_food,2026-01-02T19:57:48.416270,1,,,,,,,
443566,food was good the service is really bad i hope they work more on their employees i dont think m going there again,8184,Google Maps,American Burger Factory,2025-01-24T09:59:45.306Z,0,,,,,,,
443572,Hamid Le Grand جمد الله عروقك و أراك ألوان العذاب قبل موتك,9882,Facebook,Dz Forest Restaura,2025-10-13T07:56:41.000Z,1,,,,,,,
181443,انا نسكت خير,38052,tiktok,@kfc,2026-01-02T19:39:26.429135,0,,,,,,,
705745,"j'ai pas compris. A partir de 17, 90 euros ?",25276,tiktok,@lovers_grill,2026-01-02T18:33:41.990870,1,,,,,,,
443610,"Service soigné, service rapide et plat copieux. Je recommandes",6040,Google Maps,Casbah istanbul,2024-09-15T19:18:44.552Z,0,,,,,,,
443623,"je vous le conseille vivement. personnel sympathique et professionnel du propriétaire aux serveurs et surtout je dirais endroit respectueux car ça devient rare à cet endroit, ya quelques jours je suis rentrée dans un salon juste à côté de celui là, histoire de changer et franchement j'ai fait demi-tour avant même de rentrer. je suis revenue vers l'assiette algeroise et franchement même leurs produits rien à dire.",14956,tiktok,@lassiette.algeroise,2026-01-02T18:06:51.559997,2,,,,,,,
574695,"Ce restaurant est une véritable catastrophe, un énorme flop ! Le service est catastrophique, les prix sont complètement exagérés par rapport à la qualité et surtout à la quantité",2170,instagram,za_eat_37,2025-08-18T00:48:00.000Z,1,,,,,,,
312553,كاين توصيل لرويبة [APPRECIATION],33716,tiktok,@restaurant_gizay,2026-01-02T19:22:48.740760,0,,,,,,,
705780,كي نشوف هك بلايص ومطاعم نقول علاه قريت كي منقدش ندور قاع بلادي وتغضني عمري نخرج مرة في صيف للبحر بصح ماشي كل وقت برغم اني خدامة وراجلي خدام نبغي نروح لأفخم فنادق نسافر نحلم بزاف لكن مابيد حيلة حمد لله,59410,tiktok,@maestro_dz13,2026-01-02T21:21:32.352823,0,,,,,,,
967926,Dommage ! il manque le drapeau,60718,tiktok,@seraidi.live.z,2026-01-02T21:22:57.443458,1,,,,,,,
312567,Juste à côté de la poubelle,43132,tiktok,@hocine.chapati,2026-01-02T20:03:50.578988,1,,,,,,,
312572,Tasty food Professional waiters Clean a little bit expensive,6336,Google Maps,Casbah Istanbul,2020-10-05T20:01:23.879Z,2,,,,,,,
967944,بصحتك مصطفي ليزوم,68880,tiktok,@cote_oran,2026-01-02T21:57:36.689104,1,,,,,,,
312587,خليل رحماني انت مستعد للتغنديف,9776,Facebook,Dz Forest Restaura,2025-10-12T21:01:07.000Z,0,,,,,,,
443662,C’était trop bien et le jeune Mounir était très accueillant à recommandé,6909,Google Maps,American Burger said hamdine,2025-07-08T14:43:06.342Z,0,,,,,,,
705810,ههههههه عنابة تستقبل الناس الكل وترحب بيهم,57550,tiktok,@_le216_,2026-01-02T21:17:26.344107,0,,,,,,,
181525,ماكلة مشاء الله,63194,tiktok,@restaurantcarthage,2026-01-02T21:31:23.193357,0,,,,,,,
967958,"Avec ma famille, on a passé un très bon moment le matin , excellent petit déjeuner service très agréable personnel très accueillant je recommande",3576,Google Maps,Laurel Restaurant,2025-12-13T07:38:13.806Z,0,,,,,,,
312600,un endroit magnifique. j ai trop aimé,60748,tiktok,@seraidi.live.z,2026-01-02T21:22:57.443492,0,,,,,,,
443673,الميلونج برك 1500 دج .,11910,Facebook,Restaurant San Benito,2025-10-13T18:17:01.000Z,0,,,,,,,
443674,مشنف باسك خلص عليك مام درتي الpub,29968,tiktok,@chiken_street_bbz,2026-01-02T18:53:31.920603,2,,,,,,,
836900,Les prix?,13942,tiktok,@le_dauphin_restaurant,2026-01-02T18:00:52.656719,0,,,,,,,
312613,حاجة ملاحة فاها عبد يحكي الاز  [APPRECIATION],56788,tiktok,@lucia_annaba,2026-01-02T21:16:23.141783,0,,,,,,,
443690,و صح غالي,33514,tiktok,@ambiancefood,2026-01-02T19:21:17.470983,0,,,,,,,
574775,كاين توصيل الأخ,28966,tiktok,@snacky_time_kouba,2026-01-02T18:47:53.129844,0,,,,,,,
836920,yehdik Rabi monsieur millefeuille le milleur,53016,tiktok,@patisserie_annaba,2026-01-02T21:04:20.697122,0,,,,,,,
967999,"American burger le number one of Algeria, un grand merci pour mr le gérant bachir et Pour tout l'équipe un grand bravo",8388,Google Maps,American Burger Factory,2024-03-23T19:26:07.277Z,1,,,,,,,
574785,je trouve que c'est cher,66190,tiktok,@ambassadeurs,2026-01-02T21:47:49.680001,0,,,,,,,
968009,Très bon restaurant je vous le recommande vraiment  [APPRECIATION],6561,Google Maps,Restaurant À Petit Feu,2025-09-08T15:15:46.264Z,0,,,,,,,
705867,الله يبارك لي طيح الطبسي خرج كمية لحم معتبر ربي يرحمه  [BOUFFE],975,instagram,hichamcookgrill,2025-12-29T19:40:02.000Z,402,,,,,,,
836942,c'est cher pour qu'il propose,25402,tiktok,@lovers_grill,2026-01-02T18:33:45.357496,3,,,,,,,
968023,واااااو مقدمة راىعة  [APPRECIATION],18626,tiktok,@helena,2026-01-02T18:16:15.458427,0,,,,,,,
181595,ربي يرزقنا الزوجة الصالحة نروح معاها,15306,tiktok,@fouka.marine,2026-01-02T18:07:31.673014,1,,,,,,,
836955,Meilleur brunch de oran  [BOUFFE],10,instagram,6sens_pastry,2025-11-19T18:32:24.000Z,3,,,,,,,
836964,Je cherche un restaurant avec animation sur annaba,52322,tiktok,@uncles_burger_dz,2026-01-02T21:03:29.230228,0,,,,,,,
181612,دون تجريح ما عجبنيش الحال عندكم، الماكلة طولت وجات باردة، الله أعلم بالاك السبت كان شوية غاشي، وكاين مشكل في الشواية اللي جاية برة تدخل الدخان للقاعة.,9082,Facebook,Restaurant Casa Bella - Draria,2025-12-15T23:59:07.000Z,1,,,,,,,
181615,"The dirtiest restaurant, the slowest service, the worst staff ever with the MOST INEDIBLE FOOD ever, I’ve never had a pizza with the worst taste ever, it was burned on the sides and the cheese was disgusting the sandwiches we’ve ordered were served cold, with no sauce, dry and tasteless, last but not least the fries were barely fried and there was an insect (a cockroach) in them, when we complained, they just apologised about it handling the matter in the worst way possible, it’s simply UNRECOMMENDABLE 0/10",4762,Google Maps,Hicham cook pizza pasta,2023-04-23T00:07:03.897Z,3,,,,,,,
705905,Dommage c'est toujours le même menu pas de changement depuis l'année passée.,5404,Google Maps,قصبة اسطنبول,2023-11-14T13:48:35.879Z,1,,,,,,,
312690,البكتيريا تزيد في البنة,41556,tiktok,@street_food,2026-01-02T19:57:46.733813,2,,,,,,,
312700,"Sincerement ce fut une grande déception . Mis à part le cadre agréable et spacieux du resturant la pizza margherita que j ' ai commandé fut d ' une fadeur totale , à la place du frommage comme garniture , j ' avais l ' impression de consommer quelque chose qui se rapprochait plus d ' un beur insipide . Le meme constat pour toute ma famille pour ce qu ' elle avait comsommé aussi. DOMMAGE.",5143,Google Maps,قصبة اسطنبول,2025-07-14T19:12:11.733Z,0,,,,,,,
443786,Quel numéro de téléphone,9180,Facebook,"

Sultan Restaurants",2025-10-25T09:38:00.000Z,0,,,,,,,
837005,mon restaurant préféré,32966,tiktok,@sinai,2026-01-02T19:18:31.100595,0,,,,,,,
312724,الفرنسية لزيادة الحماس و شو باش يبان صح بنين,39502,tiktok,@le_1675,2026-01-02T19:42:31.954322,267,,,,,,,
181655,هذي باباها كان يلعب في ريال مدريد,980,instagram,hichamcookgrill,2025-12-30T12:37:12.000Z,44,,,,,,,
443800,كلش بالتوفيق إن شاءلله,67356,tiktok,@bladi_oran,2026-01-02T21:51:44.633938,0,,,,,,,
181658,c ouvert le vendredi,47976,tiktok,@rahmani_food,2026-01-02T20:34:20.221982,0,,,,,,,
181669,j aimerais bien le testé merci,37666,tiktok,@kfc,2026-01-02T19:39:18.570388,1,,,,,,,
968102,Ben Mhb Hmd شكرا لاكن ان اكتبوها le اوخرجت la,11403,Facebook,Restaurant San Benito,2025-07-30T08:45:06.000Z,1,,,,,,,
312744,كام سعر,63278,tiktok,@kartaj,2026-01-02T21:31:38.800438,1,,,,,,,
705961,مالا يقدر يكون برودوي مهوش صحي. نظاف,44984,tiktok,@plaquiste_oran,2026-01-02T20:15:28.996314,0,,,,,,,
574898,ابوني لولد بلادي,29580,tiktok,@fondue.3formages,2026-01-02T18:50:18.514100,1,,,,,,,
837047,"Avant c était bien mais plus maintenant, les serveurs se trompent bcp sur les commandes",8488,Google Maps,American Burger Factory,2023-07-11T21:08:52.237Z,1,,,,,,,
312764,LGANG,25120,tiktok,@el_marssem,2026-01-02T18:32:22.246377,0,,,,,,,
181697,Niiiice one mmmmm try BIRYANI CHICKEN and KARAHA CHICKEN,3358,Google Maps,تاج محل بن عكنون,2016-01-26T09:53:27.319Z,2,,,,,,,
968132,Aucun professionnalisme béret chachia gandoura barbe pas de gants,11125,Facebook,Restaurant Casa Bella - Draria,2025-09-06T16:11:36.000Z,0,,,,,,,
443849,"On a décidé avec ma cousine de passer par ce restaurant le 31. 12. 2024 ( la veille du réveillon za3ma) pour déjeuner ensemble et on a été extrêmement déçues. Le service était super long mais vraiment super , on a du attendre 40 min pour deux burgers et des frittes ? N’importe quoi wlh et l’excuse c’était quoi ? « Désolée on est occupés avec les préparations du dîner de ce soir » ah ! Et j’ai oublié de vous dire qu’on a dû attendre 20 min avant que notre commande ne soit prise parce que « le chef n’a pas commencé à cuisiner »! Vous trouvez ça normal qu’à midi le chef n’ai pas commencé à cuisiner ? Si vous étiez tant occupé vous auriez dû fermer et pas recevoir de client et le pire encore quand on a voulu annuler notre commande parce qu’on avait attendu +30 min la serveuse a osé nous dire qu’on peut pas et qu’on devrait parler au gérant ! Parler au gérant parce que VOUS faites retard et vous nous faites attendre ! ? Bref hyper déçus , au final nos burgers on l’est a pris à emporter sans sauce sans rien du tout. Je déconseille fortement. Service long et nul. Plus jamais j’irai la bas",3693,Google Maps,Laurel Restaurant,2025-01-05T12:53:46.131Z,0,,,,,,,
574922,نجيب كتبي وعملي ونجي ندير فيديو   [TREATMENT],26612,tiktok,@labelladalger16,2026-01-02T18:37:02.385214,1,,,,,,,
443856,"Très mauvaise expérience chez american, le cheesy frite oignon catastrophique le fromage est infecte et la cerise sur le gâteau j’ai trouvé une poile dedans",8185,Google Maps,American Burger Factory,2025-01-15T13:11:45.602Z,0,,,,,,,
706005,الشواء لحم امطارق يابس حطب,50986,tiktok,@broaster_chiken,2026-01-02T20:59:48.842382,0,,,,,,,
443865,"Un très bon hôtel sur tous les piliers soit , l'accueil des clients, et le service est organisé, et les prix sont équivalent àla quantité, et il est spacieux, et il bien aménagé pour que le client soit satisfait , et sans oublier les repas qu'il présente sont trop bon et , aussi le côté hygiène est très propre.",3447,Google Maps,Caracoya,2023-10-26T13:41:40.313Z,3,,,,,,,
312797,Les prix svp ! ?,747,instagram,elmarssem.dz,2023-12-16T08:51:23.000Z,0,,,,,,,
312798,C a Misserghinnn,63652,tiktok,@silyon69,2026-01-02T21:33:11.371189,0,,,,,,,
443884,Tayeb Yahiaoui كاين تع ختك كولها,12827,Facebook,Restaurant San Benito,2025-10-13T12:51:09.000Z,4,,,,,,,
443886,فيما يرضي الله,46040,tiktok,@ifood_31,2026-01-02T20:18:15.240830,0,,,,,,,
181743,Pour une bonne hygiène mettez une bavette pour vos barbes,11026,Facebook,Restaurant Casa Bella - Draria,2025-07-30T13:07:53.000Z,0,,,,,,,
574960,المطعم والطعام لا بأس به ولكن الخدمة سيئة طلبنا استبدال المشروب ولكن لم نتلقى أي رد من الجرسون عون الأمن يتكلم بطريقة غير مناسبة,2699,Google Maps,HichamCook Grill House,2023-07-05T22:43:19.105Z,3,,,,,,,
443900,ياه فلكرتي هههه غدوة لعشا من تم,53802,tiktok,@guellil._.tasnim,2026-01-02T21:08:12.889062,1,,,,,,,
837116,Poop étoile oui,17640,tiktok,@seven.times.luxury,2026-01-02T18:13:18.308886,0,,,,,,,
837119,Au moins l adresse  [COMPLAINT],27850,tiktok,@thala,2026-01-02T18:45:06.606600,0,,,,,,,
312835,و 10 لحية,43878,tiktok,@dzforestrestaurants,2026-01-02T20:11:32.083877,1,,,,,,,
574983,bon courage Les Hommes,52256,tiktok,@uncles_burger_dz,2026-01-02T21:03:28.152407,0,,,,,,,
706056,Meilleure restaurant sûr Alger,3771,Google Maps,Laurel Restaurant,2024-02-22T15:34:34.391Z,0,,,,,,,
181785,"il n'est pas bon , celui de mosta pas terrible , boîte frite viande haché sauce fromagère sans goût et kebab frite sauce fromagère sans goût et trop salé",45184,tiktok,@budz,2026-01-02T20:15:52.195861,0,,,,,,,
181789,Nabil Khelouf السعر جيد جدا يا أخي. هذا الأكل كله أقل شيئ سومتو. تفوق 660. 000 يعني راه منقص أكثر من 150 ألف. . خاصة إذا كان المطعم chiiiik. يعني فخم أو شباب. وراح نوضحلك أكثر : المرڨاز ____ 7000 للمطرق اللحم ____ 7000 للمطرق الكبدة ____ 7000 للمطرق السكالوب ____ 4000 للمطرق الدجاج ____100. 000 للدجاجة الفريث ____ 20. 000 الحميص ____ 15. 000 الليمونادة ____ 15. 000 كمومبااار ____ 15. 000 للكعبة أو أكثر.,9758,Facebook,Dz Forest Restaura,2025-10-13T14:30:13.000Z,16,,,,,,,
706093,بيبليسيتي واحد مايشري,44464,tiktok,@dzforestrestaurants,2026-01-02T20:11:54.829303,1,,,,,,,
706095,"La bouffe est bonne, mais ce n'est plus ce que c'était. L'accueil laisse à désirer parfois, il faut revoir ça et garder le sourire même quand on est sous pression ! Le point fort c'est qu'on vous ramène votre commande à la voiture quand vous commandez à emporter.",8718,Google Maps,American Burger Factory,2021-06-22T20:56:26.157Z,2,,,,,,,
443953,Prix a la tete du client malheureusement,22544,tiktok,@le_perchoir,2026-01-02T18:25:07.867914,1,,,,,,,
706101,tu peux me donner le prix du l'épaule,67948,tiktok,@meatlove5,2026-01-02T21:54:10.911538,1,,,,,,,
837177,اللي كلى حق خاوتو فالورث يجي يحطهوم فهاذ المغارة,10668,Facebook,,2025-12-19T21:00:54.000Z,0,,,,,,,
443967,هم بطونهم أنتم لا تخافون الله في خلقه,11332,Facebook,Restaurant Casa Bella - Draria,2025-08-30T10:33:28.000Z,0,,,,,,,
575040,ما شاءالله تبارك الله الرحمان,67196,tiktok,@bladi_oran,2026-01-02T21:51:38.881890,0,,,,,,,
575045,اوه لا لا سيبافغي,61036,tiktok,@roofttop_anaba,2026-01-02T21:24:23.414509,0,,,,,,,
443973,where ?,22600,tiktok,@le_perchoir,2026-01-02T18:25:09.480439,0,,,,,,,
706120,Ça ma coupé L’APPITé. Ih Pk pas Considérez mon commentaire comme du flux Le 77 C pas contre vous Bon courage,48966,tiktok,@le77tizi,2026-01-02T20:39:01.344241,2,,,,,,,
312911,"pour moi ce n est pas une bonne chose, vraiment déçu    [COMPLAINT]",38350,tiktok,@kfc,2026-01-02T19:39:33.331585,0,,,,,,,
575055,كنت راح نكومونتي لقيت روحي 2,30248,tiktok,@rombalfood,2026-01-02T18:56:36.181200,0,,,,,,,
181863,يسكن في ألجي مقالش يا خو مشكيتش من ألجي,50712,tiktok,@quick_bite,2026-01-02T20:59:27.394578,0,,,,,,,
181866,قريا ب250 الف ههههه في يكيكدة ب 100 الف,58466,tiktok,@la.nouvelle.etoile0,2026-01-02T21:20:58.168434,0,,,,,,,
837226,Ou ça se trouve ?,11000,Facebook,Restaurant Casa Bella - Draria,2025-07-27T19:56:12.000Z,0,,,,,,,
575082,مشاءالله راني نستنا,67612,tiktok,@bladi_oran,2026-01-02T21:51:52.899295,0,,,,,,,
312954,بصكو شهية تنفتح كي تخرج,41534,tiktok,@street_food,2026-01-02T19:57:46.733773,8,,,,,,,
312967,في وجهو خطير,11318,Facebook,Restaurant Casa Bella - Draria,2025-08-10T04:31:18.000Z,0,,,,,,,
444043,وين جات من فظلك,12943,Facebook,Restaurant San Benito,2025-10-12T20:46:23.000Z,0,,,,,,,
312973,الزوالي والله ما يجيك يا عمي,9042,Facebook,"

Sultan Restaurants",2025-12-02T19:01:46.000Z,23,,,,,,,
968337,محمد عثماني وشكون قالك هذو سلفية,10804,Facebook,Restaurant Casa Bella - Draria,2025-08-04T04:26:35.000Z,0,,,,,,,
444049,Bonne nourriture,6207,Google Maps,Casbah istanbul,2022-11-03T20:46:50.724Z,0,,,,,,,
181905,باطل راهو ليكم,38588,tiktok,@kfc,2026-01-02T19:39:43.088293,0,,,,,,,
837271,المكان رائع و محترم الخدمة مليحة و سريعة و الذوق كاين للي بنين و كاين للي والو و الأسعار غير متناسبة مع البنة,2489,Google Maps,HichamCook Grill House,2024-05-24T13:00:40.963Z,1,,,,,,,
706201,"J’ai commandé pizza crevette sans tomates j’avais quand même du tomate, les crevettes aucun goût ( congeler ), service nuls ( des serveurs débutants ), il faut un changement de vaisselle.",4219,Google Maps,هشام كوك بيتزا,2024-08-27T20:45:57.696Z,0,,,,,,,
837273,ناس عنابة وين جاي واحكولنا على الاسعار,28434,tiktok,@restaurant.primo,2026-01-02T18:46:23.351598,0,,,,,,,
837275,c'est beau [APPRECIATION],21720,tiktok,@maison_sardoudi,2026-01-02T18:22:30.984888,0,,,,,,,
706204,"Nous sommes venus dans ce restaurant parce qu’il proposait des brunchs traditionnels, mais malheureusement, la déception a été au rendez-vous. Une fois installés, on nous informe au moment de la commande (et non à notre arrivée) que plusieurs produits du brunch ne sont pas disponibles. Résultat : choix très limité, et la formule n’a plus vraiment d’intérêt si on ne peut pas choisir ce qu’on veut. L’accueil était très froid, peu avenant, aucun sourire, à peine un mot pour répondre ou dire au revoir. Nous avons attendu près de 45 minutes simplement pour recevoir les boissons (un café, un Ice Tea, un chocolat chaud et une crêpe pour mon fils). Côté goût : le chocolat chaud était bon, la crêpe correcte, mais le milk-shake moyen, et les autres boissons très classiques. En résumé : grosse déception, manque d’organisation, accueil glacial et peu d’options disponibles. Dommage, car sur le papier, le concept avait l’air intéressant, mais l’expérience ne suit pas du tout.",3621,Google Maps,Laurel Restaurant,2025-10-12T13:50:56.988Z,0,,,,,,,
312992,اوووف ذاق فيا النفس,10887,Facebook,Restaurant Casa Bella - Draria,2025-08-31T20:33:24.000Z,1,,,,,,,
181924,Lotfi Bedjaia المهم فالحلال ونتا تبالي تحب الحسد الله يهديك والنبي صلى الله عليه وسلم كان يحب العطر والنساء,10801,Facebook,Restaurant Casa Bella - Draria,2025-10-16T13:32:10.000Z,1,,,,,,,
706222,شحال سقمتلو السيد بش ناخذو فكره,39372,tiktok,@itchy_food,2026-01-02T19:41:13.058262,0,,,,,,,
444084,"Super resto à tous les niveaux, très bonne cuisine, excellent accueil, ils sont extrêmement sympathiques, nous avons passé un super moment en famille, surtout les enfants. Merci à vous",6893,Google Maps,Restaurant À Petit Feu,2025-07-15T10:01:07.744Z,0,,,,,,,
313031,مشاء الله ربي يباركلكم ان شاء الله,39008,tiktok,@iso_food,2026-01-02T19:40:40.364667,0,,,,,,,
837320,في عهد بوتفليقة مش ضرك,24978,tiktok,@woodgrill_dz,2026-01-02T18:32:03.111936,0,,,,,,,
313034,ولي داخل الوطن يجوا نورمال!,62586,tiktok,@allechante,2026-01-02T21:30:53.140180,0,,,,,,,
444113,كاي اف سي,37996,tiktok,@kfc,2026-01-02T19:39:25.557677,1,,,,,,,
444114,"Le meilleur restaurant en algerie , cliente fidèle depuis plus de 10 ans",3200,Google Maps,تاج محل بن عكنون,2021-01-13T18:03:13.708Z,0,,,,,,,
181972,"Restaurant relativement cher mais de loin la viande de kébab qui a le plus de goût que j'ai eu l'occasion de goûter, ça déborde de goût, le kébab agneau est juste incroyable. Une ambiance à l'algérienne avec terrasse en dehors du restaurant.",5994,Google Maps,Casbah Istanbul,2024-01-22T15:01:04.337Z,0,,,,,,,
313051,Hamid Le Grand هذا ضروك نيفو تناقش معاه والله لا باين خرجت من الزك. لاحول ولاقوة الا بالله,10444,Facebook,Dz Forest Restaura,2025-10-13T05:02:32.000Z,0,,,,,,,
444132,Je n'est pas encore vu un restaurant aussi bon Accueil propreté variété de plats Ca fait plaisir Allahi baarik,6559,Google Maps,Restaurant À Petit Feu,2025-09-09T22:36:52.428Z,0,,,,,,,
575212,التعامل راقي والاكل لذيذ,5848,Google Maps,Casbah Istanbul,2025-11-26T17:38:46.491Z,0,,,,,,,
968430,Very delicious chawarma poulet at 800DA. I strongly recommend this place. Enjoy,5284,Google Maps,Casbah Istanbul القصبة اسطنبول,2024-04-19T13:26:37.882Z,0,,,,,,,
837363,خوك يحي شريف؟؟؟,10092,Facebook,"  Sultan Restaurants


",2025-10-29T17:04:06.000Z,0,,,,,,,
706303,ربي يبارك و يزيد يعطيك الصحة شاف  [APPRECIATION],62290,tiktok,@hamidhamid806,2026-01-02T21:29:13.133395,1,,,,,,,
182030,وين بلاصة؟؟؟,49164,tiktok,@chicks_nook,2026-01-02T20:40:14.931481,1,,,,,,,
968477,وين حاي هذا المحل بضبط,9625,Facebook,Dz Forest Restaura,2025-10-13T17:11:42.000Z,1,,,,,,,
444198,"J'ai beaucoup aimé les plats, les viandes tendres, la soupe et les salades, aussi l'accueil et les mecs qui bossent chapeau bas.",2588,Google Maps,HichamCook Grill House,2023-12-21T20:41:45.935Z,0,,,,,,,
182080,يماه دير شما ليأكل,38790,tiktok,@kfc,2026-01-02T19:39:54.161112,0,,,,,,,
968517,les prix?,18744,tiktok,@helena,2026-01-02T18:16:17.145836,0,,,,,,,
444233,Caprice pour le pays,35668,tiktok,@sinai,2026-01-02T19:28:20.931145,0,,,,,,,
706386,Bravo à toute l'équipe ainsi qu'à Oussama le caissier,8142,Google Maps,American Burger Factory,2025-01-28T19:00:24.056Z,0,,,,,,,
837459,Vos prix sont trop chers,8895,Facebook,"  Sultan Restaurants


",2025-10-30T14:49:07.000Z,1,,,,,,,
968532,Rais Mohammed راني نڨصر برك مجرد رأي كل إنسان حر ياكل مايشاء مدام حلال,12634,Facebook,Restaurant Rais,2025-10-14T07:51:39.000Z,1,,,,,,,
968535,Tae mesreghin [APPRECIATION],63728,tiktok,@silyon69,2026-01-02T21:33:12.182000,0,,,,,,,
313177,الله يعطيكي الف عافية شغلك مرتب وفخم,42950,tiktok,@street_food,2026-01-02T20:01:21.340015,0,,,,,,,
182114,el mir la police les gendarmes l'armée el BRI les ninja les cowboys. pour féliciter un fast food ( je ne parle pas du proprio ni de son fast food )je parle de cinéma autour,28778,tiktok,@american.burger.tizi,2026-01-02T18:47:33.938731,0,,,,,,,
182118,Mais le problème c’est que c’est pas bon le kfc,37744,tiktok,@kfc,2026-01-02T19:39:19.608368,34,,,,,,,
575335,لي يحب توصيل نجيبولو,51990,tiktok,@rays_annaba,2026-01-02T21:03:07.004484,0,,,,,,,
575341,قولنا واش ناكلو ب ،200دج,9652,Facebook,"  Sultan Restaurants


",2025-11-11T19:53:55.000Z,0,,,,,,,
182126,الحسد داير حالا فى التعليقات ربي يوفقك,10901,Facebook,Restaurant Casa Bella - Draria,2025-07-27T00:21:20.000Z,0,,,,,,,
182125,يا ترى من أين مصدر هذا اللحم الله يستر,12714,Facebook,Restaurant Rais,2025-10-14T19:16:35.000Z,0,,,,,,,
444272,"J'adore, franchement. Très bon et généreux, service impeccable et convivialité !",3480,Google Maps,Caracoya,2022-11-11T08:09:00.944Z,1,,,,,,,
968565,الصومو عمره مكان ابيض يا القلي,11585,Facebook,Restaurant San Benito,2025-08-18T18:54:55.000Z,0,,,,,,,
706423,Déçue.,8560,Google Maps,American Burger Factory,2022-11-01T21:14:59.731Z,1,,,,,,,
575357,Trop bon les sandwichs ainsi que les hamburgers. Serveurs aux top. Merci,8506,Google Maps,American Burger Factory,2023-05-31T21:27:16.469Z,0,,,,,,,
182152,معرضتنيش انا على مردوم,15686,tiktok,@mardoum,2026-01-02T18:07:54.294080,0,,,,,,,
837513,Burger presque sans goût ! Service très lent.,7941,Google Maps,Restaurant À Petit Feu,2023-04-28T23:32:27.862Z,1,,,,,,,
444301,c quoi les prix svp?,24680,tiktok,@laturquoisehotel,2026-01-02T18:30:26.774710,1,,,,,,,
837519,pourquoi vous ne parlez pas des prix,21632,tiktok,@maison_sardoudi,2026-01-02T18:22:29.028028,4,,,,,,,
575382,واين جاء في سيدي عمار باه روحلو ؟؟؟؟؟,61638,tiktok,@guellil._.tasnim,2026-01-02T21:25:44.586387,0,,,,,,,
444311,"Tout était beaux, Bon et le meilleur service en Algérie",5788,Google Maps,Casbah Istanbul القصبة اسطنبول,2020-01-18T19:15:09.078Z,0,,,,,,,
837526,الاثنين نجي عندك وينهي بلاصة في حي سلام,46110,tiktok,@boubousnack,2026-01-02T20:19:01.700073,1,,,,,,,
313248,c'est combien en dinars un menu ? et y a à Tlemcen ?,45560,tiktok,@budz,2026-01-02T20:16:05.401277,0,,,,,,,
444324,"Parmi les meilleurs à Oran, j'ai adoré mon passage chez vous !  [APPRECIATION]",1291,instagram,magnoliacoffeerestaurant,2025-12-27T21:22:51.000Z,1,,,,,,,
182182,ذنوب,640,instagram,californiacafedz,2024-07-20T16:22:43.000Z,4,,,,,,,
313263,magnifique inchallah cette été,60076,tiktok,@the_throne_annaba,2026-01-02T21:22:26.106109,1,,,,,,,
182193,جاي. في. غوشومبلا. باب الواد,41018,tiktok,@derby.food,2026-01-02T19:50:08.945263,1,,,,,,,
837554,عشاق السردين,12891,Facebook,Restaurant San Benito,2025-10-13T10:13:44.000Z,6,,,,,,,
837558,نصيحة كتكسر العضمة كسرها في صحن و مبعد حطها فوق الفريت قادر تكون خامجة,56500,tiktok,@nacer.fast.food,2026-01-02T21:14:57.264678,4,,,,,,,
444347,En tout cas bravo pour ta présentation ! Je prend note merci  [APPRECIATION],21292,tiktok,@triple_,2026-01-02T18:22:04.495500,0,,,,,,,
575423,80 الف صح هك سمعت,51982,tiktok,@rays_annaba,2026-01-02T21:03:07.004478,0,,,,,,,
313284,Doussa Na وليت نبلع في ريقي لازم نروحولوً,9324,Facebook,Restaurant Tabarka Annaba,2025-12-23T17:24:48.000Z,0,,,,,,,
313289,كرتها,42444,tiktok,@street_food,2026-01-02T19:58:07.879597,0,,,,,,,
444366,"Aout 2025 La cuisine n’est plus ce qu’elle était. Très décevant. Viande de moindre qualité (dure et peu gouteuse). Sauces et accompagnements fades. Ce Hichem Cook a perdu son âme. Il vient de perdre in fidèle client. En 2024 Très bon restaurant. On a été très agréablement surpris. Plats copieux et délicieux. Il y a un très bon équilibre entre lew viandes et les légumes bien assaisonnés. Service et accueil excellent et très respectueux. Cadre agréable et adapté aux familles. Le rapport qualité/prix est très correct vu le service et la taille des portions plus que généreuses. Comparativement pour Alger, les prix sont plus que correct, vu qu’on a payé environ 3000 DA par personne pour le menu complet pour chacun (entrée, plat, dessert, boisson et café). Quelques détails qui font la différence : le pain est cuit sur place et est exquis (brioché et aux graines), serveurs aux petits soins pour nettoyer au besoin en cours de repas et à l’écoute sans la moindre attente.",2335,Google Maps,HichamCook Grill House,2025-07-31T12:09:49.445Z,1,,,,,,,
313296,والحاجة نسيتوه فسرايدي,59734,tiktok,@maestro_dz13,2026-01-02T21:21:40.561741,0,,,,,,,
575455,La pizzeria offre une expérience exceptionnelle avec des pizzas délicieuses et des ingrédients de qualité. Je recommande vivement cet endroit à tous les amateurs de pizza en quête d'une expérience gustative inoubliable.,4438,Google Maps,هشام كوك بيتزا,2024-02-16T19:19:44.738Z,0,,,,,,,
837604,وقتاه يحل في سيدي عمار,61642,tiktok,@guellil._.tasnim,2026-01-02T21:25:44.586392,0,,,,,,,
706547,oui c'est vrai je confirme,52962,tiktok,@patisserie_annaba,2026-01-02T21:04:19.055819,2,,,,,,,
182261,Bon resto,7873,Google Maps,Restaurant À Petit Feu,2023-07-02T20:16:06.668Z,0,,,,,,,
444409,c. est ou ?,12109,Facebook,Restaurant San Benito,2025-10-12T17:11:50.000Z,0,,,,,,,
706555,Le service client null (yadkhelo ma3rifa bel wajouh)mashi haja il tache9a 3liha bash may9droksh,4390,Google Maps,هشام كوك بيتزا,2024-04-16T20:55:23.437Z,0,,,,,,,
444421,"1/10 pour tous, endroit très bruyant, on ne peut rien admirer ni profiter du dîner, nourriture pas vraiment, je ne recommande pas cet endroit",7106,Google Maps,American Burger Factory,2025-06-25T21:38:00.549Z,0,,,,,,,
313358,Tres bonne nourriture mais malheureusement un trop chère.,3161,Google Maps,تاج محل بن عكنون,2022-07-22T17:11:07.430Z,0,,,,,,,
706576,خامج وبنين  [APPRECIATION],42192,tiktok,@street_food,2026-01-02T19:58:01.955920,0,,,,,,,
968721,Machallah. Qu’Allah vous facilite. Force à vous  [APPRECIATION],25752,tiktok,@ofennec.officiel,2026-01-02T18:34:11.048547,1,,,,,,,
182290,عندهم الاستقبال الله يبارك الماكلة بنينة والنقا تانيك,29676,tiktok,@pizzeria.sadoki,2026-01-02T18:51:29.152522,1,,,,,,,
444435,"Voulant faire la surprise à notre chère maman et lui fêter son anniv, on a décidé de dîner en famille à Hicham Cook, Hélas ! On était très déssu, la nourriture était infecte, chose à laquelle on s'attendait pas du tout.",2947,Google Maps,HichamCook Grill House,2022-03-31T08:43:30.696Z,24,,,,,,,
837657,كي تتخلط القبيلية مع الوهرنية هذي النتجة,11639,Facebook,Restaurant San Benito,2025-07-26T19:27:59.000Z,0,,,,,,,
837660,prix a la tete du client,23300,tiktok,@le_perchoir,2026-01-02T18:25:25.742552,0,,,,,,,
444447,مصطفى راني جاي من العاصمة قول لهم يوجدوا كل الطواجن سلام,69054,tiktok,@cote_oran,2026-01-02T21:57:41.442019,1,,,,,,,
182308,"La nourriture la plus fade et insipide qu'il m'ait ete donné de goûter, ça n'avait aucun goût, aucune saveur, sachant que ce n'était pas donné, nous avons payé un peu plus de 7000 da à deux pour à peine toucher à nos assiettes. Bref restaurant Legya et cher",6026,Google Maps,Casbah istanbul,2024-11-12T18:41:31.957Z,0,,,,,,,
968742,ذيك الجهة اك فاهم,73734,tiktok,@pont_hydra,2026-01-02T22:14:03.016164,0,,,,,,,
444456,ماشاء الله نموت عليها [APPRECIATION],191,instagram,amine_la_cantine,2025-09-15T17:36:13.000Z,1,,,,,,,
575532,هل هي غالية او لا,49170,tiktok,@chicks_nook,2026-01-02T20:40:15.246353,0,,,,,,,
444463,"Nous avons passé un excellent moment dans ce restaurant. La nourriture était excellente, l'accueil très chaleureux et le cadre agréable. Nous recommandons vivement cette adresse.",6557,Google Maps,Restaurant À Petit Feu,2025-09-16T20:04:34.454Z,0,,,,,,,
182327,un restaurant réputé depuis la nuit des temps !,17732,tiktok,@le_dauphin_restaurant,2026-01-02T18:13:52.168205,0,,,,,,,
444480,ميغابيتزااوك,59726,tiktok,@maestro_dz13,2026-01-02T21:21:40.561726,0,,,,,,,
182338,nous viendrons par un jeudi inchallah,67638,tiktok,@bladi_oran,2026-01-02T21:51:55.744248,0,,,,,,,
444488,Service très lent euuuuu3,4932,Google Maps,Hicham cook pizza pasta,2020-10-06T13:36:45.509Z,2,,,,,,,
575583,ليا عندك نتي نجي  [APPRECIATION],13382,Facebook,Restaurant San Benito,2025-12-16T14:37:55.000Z,0,,,,,,,
968799,ohhhhh ça m'a donné envie ça doit être très bon yaathoum saha,25692,tiktok,@ofennec.officiel,2026-01-02T18:34:09.355940,1,,,,,,,
706659,الصراحة من اول ما فتح كانت كامل انواع البيزا ماشالله بنينة و الجبن كثير و اللحوم كانت بكميات كبيرة صيف كامل مرحتش هذي المرا اكلت عنده 3 مرات اول مرة البيزا محروقة و التانية الفرماج تقريبا مكانش قاع و اللوحوم عادي المهم سرفيس نقص بزاف للاسف,4202,Google Maps,هشام كوك بيتزا,2024-09-14T17:39:47.187Z,1,,,,,,,
837736,"Bonne bouffe, prix prohibitifs frôlant l'arnaque. Sachant que la bouffe indienne est la plus abordable dans le monde. Apparemment, pas à Alger.",3363,Google Maps,تاج محل بن عكنون,2015-04-07T19:01:29.892Z,3,,,,,,,
444527,kayen fish an chips,40984,tiktok,@derby.food,2026-01-02T19:50:05.693606,1,,,,,,,
444545,قعدة تهبل رحت لبارح تقعدي تم تتنفسي,57038,tiktok,@papillons827,2026-01-02T21:16:45.853255,1,,,,,,,
706689,a quoi sert de faire cette vidéo sans adresse exacte ni les prix !,21996,tiktok,@maison_sardoudi,2026-01-02T18:22:36.976974,1,,,,,,,
313475,مسكين شدوه راح يطير علبالو طحنا معا شتاء تاع 2011 بوووه عليا,12032,Facebook,Restaurant San Benito,2025-10-14T17:10:18.000Z,0,,,,,,,
968838,j'ai aimé. et on peut faire mieux,61266,tiktok,@la.criee,2026-01-02T21:24:46.512360,1,,,,,,,
837787,Pas cher du tout,44266,tiktok,@dzforestrestaurants,2026-01-02T20:11:43.250431,0,,,,,,,
837793,مليح كليت عندو وعملت فيه عيد ميلادي ننصحكم بيه يهبل,54742,tiktok,@luestro_annaba,2026-01-02T21:12:12.932796,7,,,,,,,
313507,Wech essmou ?,60252,tiktok,@seraidi.live.z,2026-01-02T21:22:46.348989,2,,,,,,,
313515,merci pour la vidéo. les prix sont exagèrés,23988,tiktok,@spotter.dz,2026-01-02T18:27:23.829830,0,,,,,,,
444592,Un endroit magnifique,7936,Google Maps,Restaurant À Petit Feu,2023-05-09T10:35:41.612Z,1,,,,,,,
706741,Les Oranais apprécie la cuisine Marocaine,69082,tiktok,@cote_oran,2026-01-02T21:57:43.121091,0,,,,,,,
575672,Hôtel la turquoise à Ain taya,24610,tiktok,@laturquoisehotel,2026-01-02T18:30:17.426513,9,,,,,,,
968888,Le prix l'entre par personnes. ! 0,2073,instagram,triple.r.restaurant,2024-10-30T10:58:35.000Z,0,,,,,,,
444603,Moi j’aime bien surtout la bouffe mais c’est trop petit et la cigarette elle me rue les yeux là-bas du coup je vais au twins  [APPRECIATION],65092,tiktok,@racyms_restaurant,2026-01-02T21:39:49.702970,2,,,,,,,
575679,c est ou ? c est si exorbitant que ça ?,17904,tiktok,@casabelladraria,2026-01-02T18:14:48.659345,0,,,,,,,
837825,C'est très bon rien a dire,4674,Google Maps,Hicham cook pizza pasta,2025-04-03T21:17:00.278Z,0,,,,,,,
444616,Donnez le prix de l'ensemble des plat et non de la dernière petite assiette mal présenté déjà,12338,Facebook,Restaurant San Benito,2025-10-14T15:01:31.000Z,0,,,,,,,
313549,"La pire nourriture que l'on puisse manger chez eux, je ne la recommande pas du tout",6051,Google Maps,Casbah istanbul,2024-09-04T08:19:30.402Z,0,,,,,,,
706768,merci d'à mohand,73808,tiktok,@pont_hydra,2026-01-02T22:14:05.515765,0,,,,,,,
182482,شوفو خدمتي منستاهلش أبوني  [APPRECIATION],34614,tiktok,@le_carre_restaurant,2026-01-02T19:24:34.186929,1,,,,,,,
706772,كين توصيل لي عين الدفلي,30502,tiktok,@aymen.woody,2026-01-02T18:58:42.116262,0,,,,,,,
444628,سراق و جيعان و ايسكرو و موحال تكون ولد أصل ، الشيب و العيب كونك راجل و قول للناس شحال السومة تاع كل حاجة وحدها نتحداك انك تقول خاطر انت الخدع في دمك انا ولد البحر عليك خاطر شبعان عليك و اقسم بالله غير كل ما نكرم الناس كل ما ربي يزيدتي من رزقوا في منطقتنا عندنا احسن طباخ و احسن اسعار على مستوى الوطن انا واحد ناكل عندوا ميلونج لشخصين 1200 دج حساء سمك او كروفات 200دج البايلا او الباستا 600دج و كل الانواع الاخرى مثل الكالامار 1200دج و الله غير الكمية لي يحطهالك في الصحن حتى تحتمها باش تكملها ،عرضت ضيوف عند هذا الانسان و الله غير شبعو حوت بنة قمة و شبعة على الاخر ب3200دج كاين ناس راهي تاجر و كاين ناس راهي تسرق,11928,Facebook,Restaurant San Benito,2025-10-13T18:15:16.000Z,0,,,,,,,
182489,A ceux qu'ils disent c'est chère. cette distinction n'est pas pour vous. point à la ligne. chacun son niveau de vie.,14128,tiktok,@les_jumelles,2026-01-02T18:01:16.708093,75,,,,,,,
182495,اللي مزال مارحش دير حسابك تخرج ناقص بمليون هذي شغل كي تدخل و تخرج و اذا حبيت تشبع جوع ccp تاعك,19218,tiktok,@helena,2026-01-02T18:16:31.069233,0,,,,,,,
706786,prix raisonnables anrohen ussanagi nchallah  amek a3ni [APPRECIATION],37340,tiktok,@restaurant.madala,2026-01-02T19:34:51.576954,2,,,,,,,
575720,توصيل جميع طلبيات المنزلية والمهنية إحترفية وسرعة فى توصيل وحسن المعامله فريق محترف يسهر على راحتكم الارقام فى الصفحة tajo livraison,50158,tiktok,@king_food23,2026-01-02T20:58:43.891380,1,,,,,,,
444656,Je recommande se restaurant,8317,Google Maps,American Burger Factory,2024-05-21T21:46:07.298Z,0,,,,,,,
968944,يدخلو بالفيزاااا,19164,tiktok,@helena,2026-01-02T18:16:29.502790,0,,,,,,,
968947,ما كانش منها مغلايين بزاف يقولو سوما ومنبعد في لاكاس تتبدل السومة انا جربت تما,11371,Facebook,Restaurant San Benito,2025-10-18T04:41:44.000Z,21,,,,,,,
837876,I tested and I liked it sincerely,724,instagram,cottoncandyblanc,2025-08-18T19:10:17.000Z,1,,,,,,,
313592,واخيراا حلم حياتي تحقق  [APPRECIATION],53898,tiktok,@guellil._.tasnim,2026-01-02T21:08:14.299349,0,,,,,,,
968953,bon appétit bon dégustation et merci pour le coin qu'on connaît pas merci tu nous montres encore s'il y a d'autres restos [APPRECIATION],66424,tiktok,@barbecue_restaurant,2026-01-02T21:50:20.292385,0,,,,,,,
706809,مالا جا من طاليان,51524,tiktok,@broaster_chiken,2026-01-02T21:00:00.620408,1,,,,,,,
575739,حديدوان,57254,tiktok,@_le216_,2026-01-02T21:17:19.542913,2,,,,,,,
182531,moi j ai été déçu les pâtes très fade,65486,tiktok,@frono_oran,2026-01-02T21:43:09.522783,1,,,,,,,
182546,walh les frères L'un des meilleurs restaurants de Paris avec des prix raisonnables,36210,tiktok,@sinai,2026-01-02T19:28:40.287201,0,,,,,,,
575765,ڨولي وين لابغيت خويا,68492,tiktok,@my_pizza_oran,2026-01-02T21:56:36.260901,0,,,,,,,
182555,جيتها اليوم قتلنييييييي البرد,22444,tiktok,@le_perchoir,2026-01-02T18:25:02.841790,3,,,,,,,
182556,Sou Sau Hafi تقول نتوما ساكنين في الهند اللحم 240 الف ومرقاز 90 الف وكبدة جاج راها ب90 الف,9843,Facebook,Dz Forest Restaura,2025-10-13T16:08:28.000Z,0,,,,,,,
182557,مخلط بالزيت المحروق و الغبار,42258,tiktok,@street_food,2026-01-02T19:58:03.681391,0,,,,,,,
313632,"Samouna Taïr vous vous trompez madame, je peux vous garantir que l’accueil et le client sont notre priorité je vous garantis 1000% vous vous trompez d’adresse",9454,Facebook,"Restaurant La Napolitana









",2023-10-26T14:44:50.000Z,0,,,,,,,
968997,Très déçu apart le service et la décoration tout y est nul malheureusement aucun goût est trop cher,6516,Google Maps,Restaurant À Petit Feu,2025-10-16T11:43:31.741Z,0,,,,,,,
444713,تحكي اكثر تونسي,55242,tiktok,@askim_food,2026-01-02T21:13:24.963587,3,,,,,,,
837939,salle des fêtes m3a restaurant c kifeh whd yokl w fogo 3ers w lhes,51066,tiktok,@broaster_chiken,2026-01-02T20:59:50.991554,4,,,,,,,
313656,"Bonne établissement, propre, serveur aimable et très professionnels, Menu varié, prix normale",6257,Google Maps,Casbah istanbul,2022-03-07T15:01:12.482Z,4,,,,,,,
837952,اين الهاتف,9037,Facebook,"

Sultan Restaurants",2025-10-20T19:50:16.000Z,0,,,,,,,
837954,Restaurant elassil لالا الأخ نتوما تزيدو شويا بزاف في السعر عندو الحق,10664,Facebook,"  Restaurant elassil








",2025-12-26T17:47:54.000Z,0,,,,,,,
313689,la vraie question tu a tout mangé ?,36218,tiktok,@sinai,2026-01-02T19:28:40.287207,0,,,,,,,
444761,Ou en peu trouver des restaurants qui fait des plat San gluten à oran et merci,46670,tiktok,@oumanger.oran,2026-01-02T20:23:55.165488,0,,,,,,,
313691,اسوء مطعم أكلا و خدمة,2943,Google Maps,HichamCook Grill House,2022-03-31T21:19:45.095Z,6,,,,,,,
706908,وراكم الشعب العاصمة,38768,tiktok,@kfc,2026-01-02T19:39:53.280017,0,,,,,,,
969053,"On a souvent été entre amis, bel accueil, propre et bonne nourriture. Cette fois on a essayé la formule commande à distance et ça été super. Rapide et avec moins 20% de la facture. C'est une très bonne motivations pour y retourner.",3207,Google Maps,تاج محل بن عكنون,2020-09-30T22:46:31.250Z,0,,,,,,,
575836,un peut trop  [PRICE],71916,tiktok,@fidelia,2026-01-02T22:11:53.027258,0,,,,,,,
182625,كيفاش بين 130 و 280 هادي لي ما قدرتش نحسبها,21334,tiktok,@triple_,2026-01-02T18:22:05.756791,0,,,,,,,
969064,Cetait bien avant mais la qualité s’est détériorer avec le temps cest dommage ! Bonne pizza dans l’ensemble sans plus,3972,Google Maps,هشام كوك بيتزا,2025-12-26T21:19:49.599Z,0,,,,,,,
182633,كليت عندكم الله يبارك ماشاء الله,33506,tiktok,@ambiancefood,2026-01-02T19:21:17.323036,0,,,,,,,
575855,قاله شا تقولهم حسني. ومن بعد مخلاهش يهدر.,45864,tiktok,@ifood_31,2026-01-02T20:18:07.968489,0,,,,,,,
969079,تفتح جمعه؟,30026,tiktok,@pizza_carie_touati_,2026-01-02T18:54:33.948558,1,,,,,,,
182648,"c'est le prix normal, y'a juste la bouteille de selecto en plus.",55930,tiktok,@mfood.annaba,2026-01-02T21:14:13.776291,0,,,,,,,
706940,Win ext f akid,46546,tiktok,@kokoriko.dz31,2026-01-02T20:23:35.503223,0,,,,,,,
313729,رني مدمن على الغنمي عندو فووور ميلحوتمعجبنيش بصحتك خوو,16088,tiktok,@mardoum,2026-01-02T18:08:03.913133,0,,,,,,,
838018,Franchement à ce prix c est trop cher raviolis 1800 à ce prix pour deux personnes ça passe mais ?,24500,tiktok,@opium,2026-01-02T18:29:41.221354,1,,,,,,,
444813,كونت نأكل عندو في 2001 بنة مشأالله,42832,tiktok,@pizza_carre,2026-01-02T20:00:31.186747,0,,,,,,,
313742,تقتل هذيك المكلة,15692,tiktok,@mardoum,2026-01-02T18:07:54.294088,0,,,,,,,
444820,وي هدا الفسدفود,53908,tiktok,@guellil._.tasnim,2026-01-02T21:08:15.001579,0,,,,,,,
838037,سما تقلشيني بدراهم,13700,Facebook,Restaurant San Benito,2026-01-01T09:16:23.000Z,0,,,,,,,
706979,ودراهمو واش قالو . !,15258,tiktok,@fouka.marine,2026-01-02T18:07:31.468918,0,,,,,,,
444842,"وش صرا ل "" الجزائر مع فلسطين ظالمة او مظلومة "" راني نهدر على لي راهم يتمسخرو بالمقاطعةةو رايحين زعما متفتحين !",37710,tiktok,@kfc,2026-01-02T19:39:19.343126,11,,,,,,,
313776,Hayet la beauté étonne plus qu'elle ne touche une jolie femme blesse à coup sûr et blesse sans remède,72366,tiktok,@pont_hydra,2026-01-02T22:13:21.460817,0,,,,,,,
444861,كي يولي صاحبك يعرف Adobe Premier و After Effects ويحب لمحاجب,49910,tiktok,@m7ajeb,2026-01-02T20:44:29.461591,12,,,,,,,
313801,جيب معاك كابة تاع دراهم سيدي,13584,Facebook,Restaurant San Benito,2025-12-26T16:46:52.000Z,0,,,,,,,
707029,Naili Fouad Abdelkrim دجاجة 150 الف هادي ولات داندة,9931,Facebook,Dz Forest Restaura,2025-10-13T05:52:28.000Z,0,,,,,,,
969175,Prix 2500  كول يا الزوالي,553,instagram,"brother.ts
",2024-04-09T21:41:37.000Z,0,,,,,,,
969176,Délais d'attente interminable service nullllll plat infecte,8215,Google Maps,Restaurant À Petit Feu,2022-10-17T19:21:04.458Z,5,,,,,,,
707033,design 100%algérois.,14996,tiktok,@lassiette.algeroise,2026-01-02T18:06:52.360666,1,,,,,,,
969189,Un très beau restaurant et de très bon plats bravo,2065,instagram,triple.r.restaurant,2025-07-08T10:09:28.000Z,0,,,,,,,
575981,"Magnifique endroit très sympa, accueil génial la bouffe aussi même les serveuses et serveurs il sont trop gentil",3698,Google Maps,Laurel Restaurant,2024-12-17T09:17:22.097Z,0,,,,,,,
444910,وين راهم ليبري ما شفنا والو كي تروح يصرعك,19864,tiktok,@sultan,2026-01-02T18:17:24.231535,0,,,,,,,
707060,اللهم انصر اخواننا في غزة,48472,tiktok,@hafakafood,2026-01-02T20:35:30.820699,0,,,,,,,
969227,Adam Houtla وين راهي هده الجهة ؟؟؟,9099,Facebook,"

Sultan Restaurants",2025-10-21T08:57:35.000Z,0,,,,,,,
838158,soudaif la caroube le meilleur f le poisson une large variété et la soupe de poisson rien a dire,58450,tiktok,@la.nouvelle.etoile0,2026-01-02T21:20:58.168408,1,,,,,,,
444946,رحت ليه شباب راني داير فيديو في صفحتي,19370,tiktok,@helena,2026-01-02T18:16:40.733222,0,,,,,,,
313883,Excellente pâtisserie. Les gâteaux sont excellents. Je passerai vous revoir sans faute lors de mon prochain passage sur alger. Je recommande,3959,Google Maps,L’Alchimiste Pâtisserie,2020-06-06T23:47:08.961Z,2,,,,,,,
576027,Une remise à niveau est à faire le plus rapidement possible avec une sleeve hhhhh,57280,tiktok,@_le216_,2026-01-02T21:17:20.268724,0,,,,,,,
969248,"Le personnel est composé d’algérien et de turc , moi et mon fils on a était accueilli par un serveur turc très gentil et vraiment serviable , on a eu un échange très enrichissant.",5877,Google Maps,Casbah Istanbul,2025-08-31T11:23:13.656Z,0,,,,,,,
313888,"Delicious dishes Good service Very expensive,",2929,Google Maps,HichamCook Grill House,2022-04-19T14:07:38.478Z,5,,,,,,,
838179,"un bel endroit, service rapide les serveurs sont très gentils l'endroit est propre et familial je le recommande vivement  [APPRECIATION]",5501,Google Maps,قصبة اسطنبول,2023-03-22T16:32:40.935Z,1,,,,,,,
838184,إيران تضرب ودزاير تاكل وتتفرج  دولة انتاع كرشها,38766,tiktok,@kfc,2026-01-02T19:39:53.280014,0,,,,,,,
969258,Ma ville chérie twahchnaha  [APPRECIATION] [COMPLAINT],60394,tiktok,@seraidi.live.z,2026-01-02T21:22:49.679214,0,,,,,,,
313900,L'un des meilleurs services sur Alger  [APPRECIATION],7454,Google Maps,American Burger said hamdine,2024-10-15T11:17:05.322Z,0,,,,,,,
313903,متعرفوش تنقيو الحوت,9526,Facebook,,2025-12-03T08:25:09.000Z,0,,,,,,,
182831,وين نلقى مكتب تع visa for you,15600,tiktok,@mardoum,2026-01-02T18:07:52.655252,0,,,,,,,
838197,تمرض بيتزا ديالك، دخلت الناس للسبيطار، ان شاء ان شاء الله يتم الغلق,4523,Google Maps,هشام كوك بيتزا,2023-12-25T11:17:26.165Z,2,,,,,,,
444988,Ra M Zi Sikiko خاااص؟؟؟؟؟روح تخرا روح ولافتو خاص إخصصولك صندوق ان شاء الله,12451,Facebook,Restaurant Rais,2025-10-13T11:09:46.000Z,0,,,,,,,
838211,Les nuits?,1290,instagram,madisushioran,2025-09-14T18:57:21.000Z,0,,,,,,,
969298,a boycotter,38400,tiktok,@kfc,2026-01-02T19:39:35.093041,1,,,,,,,
969299,الله يبارك كلشي تعكم فوووووور,55112,tiktok,@panera_41,2026-01-02T21:12:51.917615,1,,,,,,,
969300,تخدمو بالجمعه؟,49708,tiktok,@gosto_fast_food,2026-01-02T20:41:43.663199,1,,,,,,,
707157,Le prix du brunch svp,751,instagram,elmarssem.dz,2023-12-01T19:59:46.000Z,0,,,,,,,
182890,وين ايكزاكت في عقيد حابة نجي عندكم,68496,tiktok,@my_pizza_oran,2026-01-02T21:56:36.260908,0,,,,,,,
445049,علش طمع الناس كاين لي ماعندهمش مشاء الله,694,instagram,chaway_zaimm,2025-07-11T15:09:49.000Z,0,,,,,,,
576123,ميلوج كونجلي ب 1500دج بزاف كوله وحدك,11621,Facebook,Restaurant San Benito,2025-10-15T23:15:48.000Z,0,,,,,,,
445055,دراهمك هوما لي يقلشوك اسمحي لي,12786,Facebook,Restaurant San Benito,2025-10-13T17:57:24.000Z,50,,,,,,,
576128,تدخل بسيرفات عادي,28100,tiktok,@amine.lacantine,2026-01-02T18:45:37.890095,1,,,,,,,
445068,C’est où le resto ?,16794,tiktok,@user5834669559361,2026-01-02T18:10:47.888301,0,,,,,,,
182926,"Le personnel est au petit soin, la pizza était succulente BRAVO!",4414,Google Maps,هشام كوك بيتزا,2024-03-03T13:18:18.324Z,0,,,,,,,
969358,Donne moi l’adresse et le métro,26094,tiktok,@ofennec.officiel,2026-01-02T18:34:18.580012,0,,,,,,,
969362,Très beau restaurant chic  [APPRECIATION],14222,tiktok,@les_jumelles,2026-01-02T18:01:22.580373,0,,,,,,,
838297,"Propre, calme et la bouf est bonne",5351,Google Maps,قصبة اسطنبول,2024-03-19T07:28:38.788Z,0,,,,,,,
445088,أحلى قلب اللوز بامتياز في الجزائر! نفس الذوق منذ عشرات السنين!,43684,tiktok,@serir_alger,2026-01-02T20:09:41.329596,1,,,,,,,
969388,سلطان كرنيش و ريس فود,59682,tiktok,@maestro_dz13,2026-01-02T21:21:39.459163,0,,,,,,,
314032,prix EXCESSIFS et une service client CATASTROPHIQUE tro7 takouk t9ol tro7 tetleb c'est le zara des restaurants wllh gros carton rouge,20330,tiktok,@labelladalger16,2026-01-02T18:19:31.025257,5,,,,,,,
707249,مطعم الخيمة في المحافر ماكلة ربي يبارك و المعاملة مشاء الله [APPRECIATION],58814,tiktok,@maestro_dz13,2026-01-02T21:21:19.761213,1,,,,,,,
445112,"Ça se dégrade de plus en plus ! La pizza n'a plus le même goût, j'ai reçu mes frites gourmandes toutes brûlés avec un arrière goût de caoutchouc !",4914,Google Maps,Hicham cook pizza pasta,2021-02-04T12:02:47.713Z,1,,,,,,,
707257,Hamouche ?,44336,tiktok,@dzforestrestaurants,2026-01-02T20:11:50.113485,2,,,,,,,
314045,و KFC علابالو بلي فتح  [INQUIRY],37590,tiktok,@kfc,2026-01-02T19:39:13.548406,42,,,,,,,
838335,"non ce n'est pas à Oran, j'habite le quartier, ça n'existe pas du tout",69850,tiktok,@chtibo_oran,2026-01-02T21:58:35.269417,0,,,,,,,
969410,رجعولنا البرومو,30720,tiktok,@tastino7,2026-01-02T19:06:20.334662,1,,,,,,,
576203,ajouté à la liste,33102,tiktok,@sinai,2026-01-02T19:18:33.525837,0,,,,,,,
838360,"Vraiment j'étais déçu Car on mange plus bon ailleurs et Mille fois moins chère, la pate fine et aucun goût, les bordures plus que la pizza fromage mozzarella on dirait chwingom je ne remet jamais les pieds là bas.",4526,Google Maps,هشام كوك بيتزا,2023-12-24T19:40:04.345Z,2,,,,,,,
183006,c pas ex la. coupole,14474,tiktok,@les_jumelles,2026-01-02T18:01:29.001311,0,,,,,,,
183007,وين البلاصة هي الصح منعرفوهش,70958,tiktok,@paradou_restaurant,2026-01-02T22:04:52.707353,0,,,,,,,
314087,"Très bon dans l’ensemble , serveurs à l’écoute, cadre sympa juste les prix un peu cher",5707,Google Maps,Casbah Istanbul القصبة اسطنبول,2022-01-02T16:41:34.144Z,0,,,,,,,
838388,الجودة مضمونة كاش نهار نزوركم ان شاء الله  [APPRECIATION],4278,Google Maps,هشام كوك بيتزا,2024-07-23T17:41:39.550Z,0,,,,,,,
576245,بسم الله الرحمان الرحيم مشاء الله . الله يوفق .,2918,Google Maps,HichamCook Grill House,2022-04-30T10:40:53.853Z,0,,,,,,,
707318,الزوج كاين سيا ة مكاش الله غالب,15300,tiktok,@fouka.marine,2026-01-02T18:07:31.673008,1,,,,,,,
707324,Franchement rapport qualité prix nul ! La bouffe pas très fameuse. la viande pas tendre. Mauvaise expérience,5301,Google Maps,قصبة اسطنبول,2024-08-18T21:33:35.993Z,0,,,,,,,
838401,Ri7t el blad : l'odeur du pays,35930,tiktok,@sinai,2026-01-02T19:28:28.959387,0,,,,,,,
707331,Mamat Younes هدا كاسكروط ويشهي ارواح لبلعباس نشرولك,12696,Facebook,Restaurant Rais,2025-10-13T10:02:50.000Z,0,,,,,,,
707332,Ambiance très bruyante avec des plats très gros,4960,Google Maps,Hicham cook pizza pasta,2019-11-09T21:33:52.125Z,0,,,,,,,
838403,Ça me fais pensé à fall guys,45236,tiktok,@budz,2026-01-02T20:15:53.013153,2,,,,,,,
183053,روحنا انا و راجلي كلينا باك معمر روز و فتيتة حوت,9520,Facebook,,2025-12-30T16:22:20.000Z,0,,,,,,,
838416,بصحتك بثينا  [APPRECIATION],27546,tiktok,@thala,2026-01-02T18:44:49.494489,0,,,,,,,
707351,كاين توصيل الحجار,55872,tiktok,@mfood.annaba,2026-01-02T21:14:12.948150,0,,,,,,,
576280,"Good food and nice place, ordering method is kinds wierd, you order directly from the counter, they and u pay in advance ( Like your gonna run away or something, ) then they give you a disk shaped device so when it starts ringing YOU go and get your food. It wasn't the most practical idea for a big restaurant like that. Food was okay it changes depends on the days, some days it's really good, some fays it's okay, people were nice and respectful.",7117,Google Maps,American Burger Factory,2025-06-17T15:30:25.602Z,0,,,,,,,
445208,Braquette ?,54508,tiktok,@meryam_officiel,2026-01-02T21:10:37.979009,1,,,,,,,
838427,Meilleur restaurant indien sur la place d'Alger.,3336,Google Maps,تاج محل بن عكنون,2017-06-03T14:09:19.476Z,2,,,,,,,
707362,dîtes nous au moins ou c'est ? faire la vidéo sans confirmer l'adresse.,15016,tiktok,@lassiette.algeroise,2026-01-02T18:06:53.185012,0,,,,,,,
838442,please their page?,22514,tiktok,@le_perchoir,2026-01-02T18:25:07.753357,2,,,,,,,
969516,c'est destiné aux étrangers,14090,tiktok,@le_dauphin_restaurant,2026-01-02T18:00:56.796873,0,,,,,,,
576311,follow please  [APPRECIATION],22742,tiktok,@le_perchoir,2026-01-02T18:25:12.072808,0,,,,,,,
707394,خاصكم ذوقو الحلزون بالعشوب الي في المغرب أما هذا غير بصحتكم مخاصناش,73706,tiktok,@pont_hydra,2026-01-02T22:14:02.054168,0,,,,,,,
183115,يهبل  [APPRECIATION],18306,tiktok,@helena,2026-01-02T18:16:10.202504,2,,,,,,,
838482,سارفور يديرو الغمه ويطولو باه يجيك,19888,tiktok,@villa_frere,2026-01-02T18:17:37.285650,12,,,,,,,
969568,انا نروح ناكل ونذوق وذنوب عليهم,38634,tiktok,@kfc,2026-01-02T19:39:45.841536,0,,,,,,,
314210,"Beau restaurant, excellent service mais je n’ai pas trop aimé le poulet, le reste pas mal! Merci pour l’accueil chaleureux.",5454,Google Maps,قصبة اسطنبول,2023-08-27T10:52:10.512Z,1,,,,,,,
838504,ونت راك دير ف بيب دالي براهيم والفري,38340,tiktok,@kfc,2026-01-02T19:39:33.331573,0,,,,,,,
576366,1500 dinars par assiette c est logique c est pas chère 5 euros ?,12024,Facebook,Restaurant San Benito,2025-10-13T07:32:23.000Z,0,,,,,,,
576373,Avec l'huile d'olive Dahbia une huile d'exception primée au niveau mondial,26154,tiktok,@don_sido_,2026-01-02T18:34:33.255306,1,,,,,,,
445323,السعر تاع ايلون ماسك,12701,Facebook,Restaurant Rais,2025-10-13T16:14:29.000Z,0,,,,,,,
838541,معليش زيد اخلعهم بالسعر برك,10466,Facebook,"  Restaurant elassil








",2025-12-17T13:03:16.000Z,0,,,,,,,
445327,J’adore c’est mon droit préféré,67926,tiktok,@lets.taste_it,2026-01-02T21:53:55.721009,2,,,,,,,
183184,وين خويا من فضلك,11493,Facebook,Restaurant San Benito,2025-09-14T08:45:30.000Z,0,,,,,,,
838546,الله ايبارك بنة حاضرة,62288,tiktok,@hamidhamid806,2026-01-02T21:29:13.133393,1,,,,,,,
183196,لو تجمعهم كامل ميفوتوش 300ألف,9840,Facebook,Dz Forest Restaura,2025-10-12T22:33:44.000Z,5,,,,,,,
838569,ياخو بنين مش نورمال الله يبارك,573,instagram,"brother.ts
",2024-09-19T03:47:12.000Z,0,,,,,,,
838574,مشويات مشكل وكسكسي بالحم,9632,Facebook,Restaurant Tabarka Annaba,2025-12-24T09:57:58.000Z,0,,,,,,,
183225,Je recommande aussi,27632,tiktok,@thala,2026-01-02T18:44:58.021160,0,,,,,,,
445370,La deco est tellement aléatoire  [COMPLAINT],71200,tiktok,@finaboca,2026-01-02T22:06:09.397175,1,,,,,,,
838591,كبدة الله بارك خويا الله يعطيكم صحة ومانهدرش على نطافة  [APPRECIATION],47102,tiktok,@kebda.chef,2026-01-02T20:28:00.341552,1,,,,,,,
707530,ما كان حالة غير الكونجلي و الله العظيم كليت عنده أنا و صاحبي يومين 2 و حنا مراض خطيكم نصيحة في سبيل الله.,11652,Facebook,Restaurant San Benito,2025-07-29T00:08:01.000Z,0,,,,,,,
576465,خاطيني عنابة و لكن رحت الوليمة تهبل,58868,tiktok,@maestro_dz13,2026-01-02T21:21:20.566521,3,,,,,,,
707560,Un incontournable sur Alger rien a dire tout était parfait la salle l'ambiance le professionnalisme des serveurs continuer comme sa les restaurant devrait s'inspirer de votre travaille à bientôt inshAllah,6591,Google Maps,Restaurant À Petit Feu,2025-08-18T14:56:34.333Z,0,,,,,,,
576489,Best poutine,7855,Google Maps,American Burger Factory,2025-02-26T13:10:26.322Z,0,,,,,,,
314346,"very disappointed as it has been recommended by a friend. the spiced tomato that came with the salad was sour, the lamb chops were chewy. I had hot kofte kebab style, I must admit it was tasty, me and my sister end up with diarrheal and a sore stomach. Dinner spoiled.",6244,Google Maps,Casbah Istanbul,2022-08-13T20:51:40.226Z,0,,,,,,,
183291,هذو انا سمانة وانا ناكل منكملهمش,44120,tiktok,@dzforestrestaurants,2026-01-02T20:11:39.498501,0,,,,,,,
969725,التطور فالماكلة؟,47286,tiktok,@street_food,2026-01-02T20:31:26.732608,0,,,,,,,
576517,بلاصتو صح مليحة بصح ماكلة عادي,56256,tiktok,@the_chef_house_23,2026-01-02T21:14:35.421497,0,,,,,,,
838663,"Une belle découverte, la soupe aux champignons la plus bonne que j'ai mangé jusqu'à present, tres chaude comme j'aime, un velouté pris comme entrée que j'aurais même pu prendre comme plat principal, une portion bien généreuse Un gratin aux crevettes, aussi bon que la soupe, bien chaud aussi. Le serveur très bien poli et au petit soin que je remercie ( mëme s'il ne voulait pas nous donner la recette de la soupe ). Les plats étaient très bien presentés, très bons et chauds, tout ce qu'on aime quoi. Et le service était rapide. Voilà c'est mon experience, et je voulais la partager et recomander cet endroit. Et encourager ces petits jeunes , bravo , franchement une belle générarion Mashallah",3690,Google Maps,Laurel Restaurant,2025-01-21T07:48:49.367Z,0,,,,,,,
314377,"Super familial accueillant service au top, le plats du jour excellent, la salle magnifique je conseille",4717,Google Maps,Hicham cook pizza pasta,2023-12-16T00:25:37.267Z,1,,,,,,,
838665,الاخوة يحبون المال حبا جما ويحبون الأكل بشراسة لكن النبي محمد ليس من طبائعه كل هاتي لي ذكرت بل كان زاهد لهذا مازلت لا احبك ان ارى مثل هؤلاء,10791,Facebook,Restaurant Casa Bella - Draria,2025-07-26T19:42:02.000Z,48,,,,,,,
838668,Ou êtes vous DZ Forest?,9626,Facebook,Dz Forest Restaura,2025-10-13T17:08:33.000Z,0,,,,,,,
314382,masha allah et c'est pas cher bravo [APPRECIATION],43876,tiktok,@dzforestrestaurants,2026-01-02T20:11:32.083875,3,,,,,,,
969743,Tester pour la première fois today et je confirme que c est super bon et j adore le concept. go ahead,1018,instagram,hotspot_dz,2024-10-12T20:10:13.000Z,3,,,,,,,
838684,Chef statham,41128,tiktok,@derby.food,2026-01-02T19:50:11.585782,0,,,,,,,
445474,لي يخلص تاع لبطالة يقدر يفوت قداموا ؟,19146,tiktok,@helena,2026-01-02T18:16:28.398062,0,,,,,,,
707620,نص كيلو شاورما دجاج ب مية وسبعين وكيلو شاورما دجاج بربعمية,19546,tiktok,@sultan,2026-01-02T18:17:17.404495,1,,,,,,,
183340,كي نجي العاصمة ان شاء الله نجي ليه,36398,tiktok,@skyistanbuldz,2026-01-02T19:30:56.537091,3,,,,,,,
314413,أرواح عندي لخميس مليانة تاكل قلب لوز تتمتع,43712,tiktok,@serir_alger,2026-01-02T20:09:43.074264,0,,,,,,,
445494,حسبتها غاليا بصح كي شفت لحميص رتحت,10677,Facebook,Dz Forest Restaura,2025-10-13T13:56:01.000Z,0,,,,,,,
707642,Merci beaucoup Très délicieux surtout Mounir Machallah  [APPRECIATION],7265,Google Maps,American Burger said hamdine,2025-01-22T13:51:08.554Z,0,,,,,,,
445502,Louni Rafik الله لا تغيبك رانا ولينا بقوة  مرحبا,9281,Facebook,"Restaurant La Napolitana









",2023-10-06T10:31:37.000Z,1,,,,,,,
838721,Un bon restaurant qualité et accueil,25884,tiktok,@ofennec.officiel,2026-01-02T18:34:13.655039,0,,,,,,,
576584,تبارك الله عليكم,62296,tiktok,@hamidhamid806,2026-01-02T21:29:13.133401,1,,,,,,,
183371,Envie de rentrer tout de suite  Magnifique! Vous allez déchirer  [APPRECIATION],2242,instagram,teyr_ellil,2025-03-12T21:06:10.000Z,1,,,,,,,
183384,Ils sont sympa ! Surtout le proprio Abdelillah  je recommande….  [APPRECIATION],65152,tiktok,@restaurant_marisco,2026-01-02T21:40:08.510610,0,,,,,,,
576610,en train,16830,tiktok,@user5834669559361,2026-01-02T18:10:48.766825,0,,,,,,,
183399,Absolutely disgusting taste. Wife got food poisoning. Indian food takes time to cook. Food came out after 8 minutes. Was just reheated and served. I ordered chicken kebabs /mutton kebabs/ chicken and mutton biriyani. Please avoid.,2973,Google Maps,تاج محل بن عكنون,2025-12-08T21:38:36.453Z,1,,,,,,,
445544,bi idni LAH Sif ghourek s'a donne tellement envie,36750,tiktok,@restaurant.madala,2026-01-02T19:34:38.381151,1,,,,,,,
314474,Du n’importe quoi,11849,Facebook,Restaurant San Benito,2025-07-28T02:03:44.000Z,0,,,,,,,
838773,Hamid Le Grand علاه الي يسب اسلام تلقاه غجري بلغاري ولد قحبة,10139,Facebook,Dz Forest Restaura,2025-10-13T12:49:17.000Z,0,,,,,,,
445564,الأفضل والاحسن  [APPRECIATION],1935,instagram,spartacos2019/,2025-09-26T18:46:14.000Z,2,,,,,,,
707722,شخشوخة دجاج و مشوية مشكلة,9228,Facebook,Restaurant Tabarka Annaba,2025-12-24T22:51:06.000Z,0,,,,,,,
707728,win Jay exact,40322,tiktok,@woodchickendz,2026-01-02T19:45:45.311802,0,,,,,,,
838804,البنة عند تونسي في لري روز الي مزال حال,59600,tiktok,@maestro_dz13,2026-01-02T21:21:36.962978,0,,,,,,,
838814,هذي مشكل في الجزائر مكانش احترافية,58244,tiktok,@vilageneige_annaba,2026-01-02T21:19:48.374328,0,,,,,,,
314532,اللحم المردوم هو المردوم تحت الرمل وفيه إختلاف في البنة بينهما,15666,tiktok,@mardoum,2026-01-02T18:07:53.444585,0,,,,,,,
576680,كان بكري ، يستاهل خير من هكذا,28594,tiktok,@restaurant.primo,2026-01-02T18:46:29.702776,0,,,,,,,
576687,بصحتك خويا,55308,tiktok,@askim_food,2026-01-02T21:13:27.857021,0,,,,,,,
838842,قلب الحبة البنة تهدر على روحها,61,instagram,american.burger_dz,2025-05-30T14:00:06.000Z,3,,,,,,,
838843,انت راك تحسب غير السلعة وخدمة يدو نسيتها ولا يخدم باطل والتوابل والطابلة ونظافة واهم شيء ماتتعب ماوالو تاكل وتنوض وتلقى كلشي واجد,10340,Facebook,Dz Forest Restaura,2025-10-14T08:11:17.000Z,0,,,,,,,
314562,اسمحلي بصح غالي,63274,tiktok,@restaurantcarthage,2026-01-02T21:31:24.883724,0,,,,,,,
576710,Moi j’étais choqué pour deux crêpes et un jus pour 5000 dinars bien merci c’est de l’arnaque,61502,tiktok,@denatelo_annaba,2026-01-02T21:25:07.561853,3,,,,,,,
707783,"Mauvaise expérience pour ma part a cause d’un petit cafard, vivant, retrouvé dans mon assiette de merlans. De plus, aucun geste commercial n’a été fait par rapport a cet incident. Seul point positif, le personnel accueillant malgré le manque de geste commercial.",3429,Google Maps,Caracoya,2024-05-22T08:57:37.375Z,5,,,,,,,
707786,"J’apprécie toujours vos burgers et sandwich sur place, mais en livraison cette fois ce n’était pas réussi, surtout le nouveau combo fries qui n’était pas bon. J’espère que ce sera amélioré",6759,Google Maps,American Burger Factory,2025-08-21T13:36:26.741Z,0,,,,,,,
707789,وين محل تاعكم,28936,tiktok,@snacky_time_kouba,2026-01-02T18:47:52.389992,0,,,,,,,
707793,Diabète en personne hhh bsh ychahi,374,instagram,"brother.ts
",2025-02-06T16:54:49.000Z,2,,,,,,,
707799,"Bonne pizza, très bien garnie, nos pizzas sont arrivées rapidement (en 12minutes) le personnel est souriant et professionnel Coup de cœur pour la pizza aux fruits de mer Les prix sont plus élevés que les restaurants de la même catégorie.",4503,Google Maps,هشام كوك بيتزا,2024-01-02T12:38:53.964Z,2,,,,,,,
707812,"Ce fut une expérience merveilleuse, la nourriture était délicieuse comme d’habitude et le service était rapide franchement je le recommande",7329,Google Maps,American Burger said hamdine,2025-01-02T16:48:42.233Z,0,,,,,,,
969957,توصيل للبليدة؟؟,17180,tiktok,@casa_burger1,2026-01-02T18:11:30.275147,0,,,,,,,
969959,Hajer Hajer سومو كي تروح حطلك ترونشة,11434,Facebook,Restaurant San Benito,2025-07-28T19:20:21.000Z,0,,,,,,,
707819,خدمت معاك في جامعة هواري بومدين عند يوسف,44582,tiktok,@dzforestrestaurants,2026-01-02T20:11:59.457735,0,,,,,,,
838894,حنا تاع بهادل,73826,tiktok,@pont_hydra,2026-01-02T22:14:05.515782,0,,,,,,,
838895,انا من بليدة تقدر جيبلي واحد غدوة ؟؟؟؟,31526,tiktok,@woodgrill_dz,2026-01-02T19:13:53.447267,0,,,,,,,
969968,Le meilleur restaurant à oran moi Nawel,65316,tiktok,@frono_oran,2026-01-02T21:43:03.272943,7,,,,,,,
183537,ou exacte,57944,tiktok,@diyarbakir,2026-01-02T21:18:21.751078,0,,,,,,,
576777,Salam c’est quoi l’adresse stp,16476,tiktok,@torero.alger,2026-01-02T18:09:00.057980,0,,,,,,,
838927,بنة 00 و زيد غالي. غير الهف.,537,instagram,"brother.ts
",2025-11-13T12:15:06.000Z,3,,,,,,,
707856,لناس لي معرفوش وبن معلاباايش اسك كاين page و لا لالا بصح اكتب في Google maps : mega pizza kouba تخرجلكم  [APPRECIATION],1385,instagram,megapizza_kouba,2025-12-19T08:47:44.000Z,23,,,,,,,
707859,اسعار في متناول كريستيانو رونالدو,63734,tiktok,@silyon69,2026-01-02T21:33:12.187335,3,,,,,,,
838938,"Meilleurs restaurants depuis des années, toujours la même déco le bon service et toujours la très bonne cuisine  [APPRECIATION]",3091,Google Maps,تاج محل بن عكنون,2024-01-12T20:43:30.847Z,0,,,,,,,
576800,يااااماقلبي  [BOUFFE],13541,Facebook,Restaurant San Benito,2025-12-30T15:39:09.000Z,0,,,,,,,
183587,"Meilleur fast food , bon et service rapide Tres pratique",7530,Google Maps,American Burger Factory,2025-05-19T13:50:35.301Z,0,,,,,,,
445738,Rafik Chibani عدنا بلحم تاعنا بصح غالي بزاف 1800 دج و 1900دج وروايال ب 2100,10225,Facebook,Dz Forest Restaura,2025-10-13T20:45:00.000Z,0,,,,,,,
183594,خطيهم من تالي,44822,tiktok,@oumanger.oran,2026-01-02T20:14:31.695005,9,,,,,,,
314667,dommage trop loin  [APPRECIATION],25414,tiktok,@lovers_grill,2026-01-02T18:33:45.357511,0,,,,,,,
970029,Tu jure comme tu respire,46484,tiktok,@damisoran31,2026-01-02T20:22:12.480228,0,,,,,,,
838965,تكوموندي كبدة يقلك تاع رجال ولا نساء,51866,tiktok,@quick_bite,2026-01-02T21:02:01.145580,1,,,,,,,
314679,Lbanaa allah ybarak service rapide surtout mounir yathala fi les clients macha allah,7266,Google Maps,American Burger said hamdine,2025-01-22T13:49:23.577Z,1,,,,,,,
707901,سلام عليكم وين بلاصة من فضلك شكرا,13412,Facebook,Restaurant San Benito,2025-10-13T19:13:25.000Z,0,,,,,,,
183620,c à Oran centre ?,45328,tiktok,@budz,2026-01-02T20:15:55.685286,0,,,,,,,
314702,الله يبارك انشاء الله نربح [APPRECIATION],66900,tiktok,@bladi_oran,2026-01-02T21:51:29.289393,0,,,,,,,
576849,كليت عندو ماشي كيفاه بنة معجبنيش,49078,tiktok,@chicks_nook,2026-01-02T20:40:07.206673,3,,,,,,,
838996,C'était un délice je conseille les gens qui cherchent un une bonne adresse pour tacos,7375,Google Maps,American Burger said hamdine,2024-11-19T18:37:20.483Z,0,,,,,,,
970073,force express,44924,tiktok,@plaquiste_oran,2026-01-02T20:15:28.027319,0,,,,,,,
576873,Répondez à vos messages svp,1790,instagram,seven_times_la_villa,2025-12-21T02:49:54.000Z,0,,,,,,,
970089,كله اكل مغربي,66010,tiktok,@cote_oran,2026-01-02T21:46:27.407698,0,,,,,,,
576875,تحسب حنا سبانيول القديس بنتو علاه صاحب المحل من أصول اسبانية مسيحية كاثوليكية,13714,Facebook,Restaurant San Benito,2025-12-29T15:47:44.000Z,0,,,,,,,
576876,"Ce resto ne travail dorénavant qu'avec son nom , avec une prestation mediocre en terme de quantité (ex:un tacos de 750da chez eux se vend à 450 ou 500da dans un autre resto)",8512,Google Maps,American Burger Factory,2023-04-28T10:53:10.218Z,1,,,,,,,
314733,On sait arrêter par hasard nous cherchions un restau pour manger agréablement surpris très bon c’est des turques qui cuisinent les plat sont frais et le service rapide on a été 2 fois de suite tellement c’était bon je recommande,5312,Google Maps,قصبة اسطنبول,2024-07-30T23:32:04.085Z,0,,,,,,,
707956,نسيتي تقوليلهم يجيبو معاهم Gaviscon,12788,Facebook,Restaurant San Benito,2025-10-29T23:31:27.000Z,34,,,,,,,
183670,الاكل كتير زاكي [RECOMMENDATION],62156,tiktok,@naps_oran,2026-01-02T21:28:49.602000,2,,,,,,,
445817,déjà espace familial ça veut dire quoi,14818,tiktok,@lassiette.algeroise,2026-01-02T18:06:46.715694,2,,,,,,,
707971,"Mensonge sur Mensonge, si je pouvais mettre 0 étoiles je le ferai sans aucune hesitation , nourriture 0 aucun goût pas a la hauteur des promesses , service 0 le staff n'est pas professionnel du tout 0 drafa , je n'y mettrais plus jamais les pieds, une grande perte d'argent, j'ai même pas envie de parler des prix de follies.",4498,Google Maps,هشام كوك بيتزا,2024-01-05T17:58:19.687Z,3,,,,,,,
314763,واش فتح ؟,37914,tiktok,@kfc,2026-01-02T19:39:23.690807,1,,,,,,,
707981,Double pomme  [BOUFFE],65884,tiktok,@cote_oran,2026-01-02T21:46:16.156817,3,,,,,,,
839057,طاجين سفرجل راني باغيا نأكله ماما الله يرحمها كانت ديراه,68708,tiktok,@cote_oran,2026-01-02T21:57:32.413687,16,,,,,,,
970132,Vive la cuisine française avec du bon vin,14694,tiktok,@les_jumelles,2026-01-02T18:01:35.129717,0,,,,,,,
707988,Second home  [APPRECIATION],1429,instagram,mimas_donuts,2025-03-21T23:59:09.000Z,1,,,,,,,
314790,bravo des prix très raisonnable bon courage,36920,tiktok,@restaurant.madala,2026-01-02T19:34:41.737921,1,,,,,,,
576935,en 2012 c'était un la pizzeria de dounia il occupait un algérois,14472,tiktok,@les_jumelles,2026-01-02T18:01:29.001309,0,,,,,,,
183721,"Service au top, plats très délicieux et ambiance chaleureuse. Je recommande les yeux fermés !",7286,Google Maps,American Burger Factory,2025-05-27T16:10:11.718Z,0,,,,,,,
445869,وليمة لقيت فيها شعر,59782,tiktok,@maestro_dz13,2026-01-02T21:21:44.081008,0,,,,,,,
445870,تهبل [APPRECIATION],35000,tiktok,@sinai,2026-01-02T19:28:03.462417,0,,,,,,,
183727,رضوان خويا كبير تبقى كبير خوك بوعلام رايس,15128,tiktok,@lassiette.algeroise,2026-01-02T18:06:55.730491,1,,,,,,,
576947,تحيا لكاشير فالخبز,40934,tiktok,@askim_food,2026-01-02T19:49:26.119257,0,,,,,,,
314807,Leur page officielle,61506,tiktok,@denatelo_annaba,2026-01-02T21:25:07.561857,0,,,,,,,
970176,anciens le coin la coupole,14236,tiktok,@les_jumelles,2026-01-02T18:01:22.580390,1,,,,,,,
576961,Vous laissez trop de gens attendre,7145,Google Maps,Restaurant À Petit Feu,2025-04-01T22:08:14.211Z,0,,,,,,,
183748,صافي فها تقلاش,12995,Facebook,Restaurant San Benito,2025-10-12T21:16:06.000Z,0,,,,,,,
708044,الله يعطيك صح,41240,tiktok,@street_food,2026-01-02T19:55:41.427881,0,,,,,,,
708048,J'ai déjà mangé c'est excellent il travail trop bien,21758,tiktok,@maison_sardoudi,2026-01-02T18:22:31.744601,0,,,,,,,
576979,bonne couraage,13910,tiktok,@le_dauphin_restaurant,2026-01-02T18:00:51.463431,1,,,,,,,
708053,"L'endroit est incroyable et magnifique, surtout la décoration. Délicieuse pizza, super salade César, j'ai adoré le jus de mangue . Les serveurs sont sympas. Bons prix par rapport au service. Merci.",7498,Google Maps,Restaurant À Petit Feu,2024-05-17T11:15:54.206Z,2,,,,,,,
970200,Très agréable entre amis et même en famille,3041,Google Maps,تاج محل بن عكنون,2024-12-26T15:25:06.120Z,0,,,,,,,
839131,J'ai pas aimé le service ni le gout zero et on dirait gargouta meme pas fast food je vous déconseille,109,instagram,american.burger_dz,2025-09-13T13:08:06.000Z,1,,,,,,,
839132,machalah parmi les meilleures  [APPRECIATION],46200,tiktok,@checkin.31,2026-01-02T20:20:48.790729,2,,,,,,,
839142,إفري فوق طابلة,18156,tiktok,@casabelladraria,2026-01-02T18:14:54.619338,0,,,,,,,
183796,"Bonjour La cuisine au TOP, très bonne. Le pide recouvert, viande fromage trop bon, les enfants ont laissé tomber les frites pour lui. Le plat de viande mixte découverte d'une feuille de pains, estbon mais sans plus. Je pense qu'il faudrait privilégier les chawarma mono viande. Kunafa, il me semble meilleurs que celui de bab Ezzouar. Les prix, plus cher que celui de bab ezzouar . La salle bien, agréable MAIS trop climatisée, faire attention aux enfants, un pull ou gilet serait le bienvenu pour un agréable moment.",6144,Google Maps,Casbah istanbul,2023-08-12T08:13:49.134Z,0,,,,,,,
445957,Acceuil chaleureux et repas delicieux,6735,Google Maps,American Burger said hamdine,2025-09-18T13:52:45.396Z,0,,,,,,,
445960,"Restaurant nul, service nul, on été 4 personnes, on a manger pour plus de 7000 DA et lorsque on a demandé une carafes d'eau, ils nous ont demandé d'acheter une bouteille d'eau et ils ont rien compris",5704,Google Maps,Casbah Istanbul القصبة اسطنبول,2022-01-04T12:57:13.959Z,0,,,,,,,
970259,ما شاء الله تبارك الله,12580,Facebook,Restaurant Rais,2025-10-15T18:22:54.000Z,0,,,,,,,
445975,"J'y suis allé plusieurs fois. C'est une valeur sûre, un service impeccable avec de la bonne nourriture et tout ça dans un décor original",4749,Google Maps,Hicham cook pizza pasta,2023-05-15T21:01:48.172Z,2,,,,,,,
970263,بلاصة تهبل سرفيس في حالة خسارة,56544,tiktok,@terre_et_mer_annaba,2026-01-02T21:15:46.819732,21,,,,,,,
970264,chhal livraison pour tamenrasset ?,31512,tiktok,@woodgrill_dz,2026-01-02T19:13:53.447244,0,,,,,,,
183840,يا قاضي الحوائج اقضي عليه و على متابعيه,57200,tiktok,@_le216_,2026-01-02T21:17:18.845039,1,,,,,,,
314916,oui 3and riyad  PęrDù [APPRECIATION],53038,tiktok,@patisserie_annaba,2026-01-02T21:04:21.547813,1,,,,,,,
577063,mama le contraire termi drahemha f les restaurants w ana li n9oulha nteybou f dar khir,21148,tiktok,@triple_,2026-01-02T18:22:02.778813,5,,,,,,,
970280,وشحال للباص,13720,Facebook,Restaurant San Benito,2025-12-27T15:27:15.000Z,0,,,,,,,
970291,La livraison disponible,55246,tiktok,@askim_food,2026-01-02T21:13:26.529129,22,,,,,,,
839238,اخبث الخبث هم صحاب اللحي,11351,Facebook,Restaurant Casa Bella - Draria,2025-07-29T18:38:12.000Z,0,,,,,,,
970316,Trop petit et trop à l'étroit,8843,Google Maps,American Burger Factory,2017-12-10T08:57:48.666Z,0,,,,,,,
970317,un déchet,35602,tiktok,@sinai,2026-01-02T19:28:18.081547,0,,,,,,,
970320,وسابي  [APPRECIATION],1954,instagram,sushigardendz,2025-08-26T18:56:20.000Z,0,,,,,,,
839248,روعة روعة حتى يبات يبقى يقرمش,52908,tiktok,@patisserie_annaba,2026-01-02T21:04:18.313510,1,,,,,,,
708181,"Un aceuille chaleureux , de très bon plats avec un service express je tiens à féliciter le serveur RAMDANE , Bravo à vous tous et bonne continuation",8160,Google Maps,American Burger Factory,2025-01-28T13:41:23.919Z,0,,,,,,,
577117,pour aujourd'hui svp soirée qui?,64984,tiktok,@restaurantvillariviera,2026-01-02T21:38:43.952066,0,,,,,,,
183903,Assez correct en matière de qualité de service.,5276,Google Maps,Casbah Istanbul القصبة اسطنبول,2024-05-26T09:48:22.723Z,0,,,,,,,
446048,À éviter absolument … une vrai arnaque … la cuisine est sans goût … la grillade est mâle faite C’est du vol,2407,Google Maps,HichamCook Grill House,2024-11-10T19:03:50.378Z,0,,,,,,,
577145,لله يبارك ربي يكون في عونك خويا  [BOUFFE],30046,tiktok,@pizza_carie_touati_,2026-01-02T18:54:33.948574,0,,,,,,,
708224,غير صحاب الرشوة ياكلو عندك,9444,Facebook,,2025-12-02T22:55:45.000Z,3,,,,,,,
315008,Un très bon service Mashallah  ! [APPRECIATION],7085,Google Maps,American Burger said hamdine,2025-04-17T14:45:43.566Z,0,,,,,,,
970370,داركم ميعرفوش يطيبو,42550,tiktok,@street_food,2026-01-02T19:58:15.040166,0,,,,,,,
446092,ديرو الغناء ؟,15500,tiktok,@fouka.marine,2026-01-02T18:07:36.650673,1,,,,,,,
315030,Ça se passe à Alger Laurent bonsoir,10351,Facebook,"  Restaurant elassil








",2025-12-21T19:48:11.000Z,0,,,,,,,
315035,"C’est pas chère, Fi Wahran ?",40342,tiktok,@woodchickendz,2026-01-02T19:45:49.109993,6,,,,,,,
577199,بلاصة مليحة مي ماكلة عادي وبزاف غالية,20732,tiktok,@labelladalger16,2026-01-02T18:19:43.848824,0,,,,,,,
708277,j ai mangé chez vous c été délicieux et surtout propre bon courage a vous,62168,tiktok,@naps_oran,2026-01-02T21:28:49.602010,1,,,,,,,
315062,On parle d’hydra svp ce sont des quartiers huppés pour ceux qui ne connaissent pas le lieu donc ne vs étonnez pas des prix,33020,tiktok,@sinai,2026-01-02T19:18:31.820636,0,,,,,,,
970425,le temps de vendre ma voiture et j arrive,24674,tiktok,@laturquoisehotel,2026-01-02T18:30:26.774704,1,,,,,,,
446138,ghdoni les coussins serdo,56782,tiktok,@lucia_annaba,2026-01-02T21:16:23.141773,0,,,,,,,
446143,"Nous avons récemment dîné chez Hishem Cook Grill, le restaurant est top machallah. Nous avons commandé en entrée un camembert fondu et une salade César, suivis d'une entrecôte et d'une tranche de gigot en plat principal. La nourriture était excellente  Cependant, nous avons été déçus par le service. Lors de la prise de commande, le serveur semblait irrité, ce qui a impacté notre expérience. De plus, les plats principaux sont arrivés trop rapidement après les entrées, et en terminant nos entrées, la viande était déjà froide. ( pensez à rajouter des couteaux à steak) C'est vraiment dommage, car nous reconnaissons le travail acharné nécessaire pour ouvrir un tel restaurant, mais des erreurs de service peuvent gâcher l'expérience globale. De plus, dans un restaurant chic, il serait préférable de ne pas entendre des cris bruyants provenant de la cuisine. Ce feedback reste personnel, mais nous espérons voir des améliorations à l'avenir.",2395,Google Maps,HichamCook Grill House,2024-12-15T11:49:27.173Z,0,,,,,,,
315083,"Très bon restaurant, ce que j’ai aimer le plus auras sûrement était la gentillesse et le service des serveurs que ce soit lors de la commande ou bien après un service impeccable bravo, quand au Hamburger c’était tres bon et a prix raisonnable",8709,Google Maps,American Burger Factory,2021-07-14T12:39:37.119Z,0,,,,,,,
446161,موفقين انشاءالله,67576,tiktok,@bladi_oran,2026-01-02T21:51:50.985604,0,,,,,,,
839381,قراتان تسوة 165 الف او كاس جو 35 الف,70906,tiktok,@paradou_restaurant,2026-01-02T22:04:50.559574,0,,,,,,,
708315,une petite remarque pour le nom du restaurant.,15264,tiktok,@fouka.marine,2026-01-02T18:07:31.468925,1,,,,,,,
839389,الله المستعان,46520,tiktok,@damisoran31,2026-01-02T20:23:17.102451,0,,,,,,,
315110,Vous parlez de quelles vacances ?,69160,tiktok,@cote_oran,2026-01-02T21:57:45.672513,1,,,,,,,
184045,انا لماكلة تسخفني بصح صحن ميمليليش عيني,9226,Facebook,Restaurant Tabarka Annaba,2025-12-25T23:13:05.000Z,0,,,,,,,
970478,تخدم فيه لملاحة لي تسربي ما تضحك ما تتبسم,53062,tiktok,@patisserie_annaba,2026-01-02T21:04:21.547851,0,,,,,,,
446194,خمسيتالف ناكل بها زوج سمنات نقضي بيها قيس عرس تاع خضرة,10104,Facebook,Dz Forest Restaura,2025-10-13T00:10:20.000Z,0,,,,,,,
315135,"Super bon ! Le smash burger était vraiment excellent et la poutine au poulet, très généreuse et savoureuse. L’établissement offre en plus un joli cadre, agréable pour manger sur place. Franchement, simple, bon, efficace. Je recommande vivement.",6551,Google Maps,American Burger Factory,2025-11-22T11:12:25.883Z,0,,,,,,,
184072,لالا ، غير اعطيها خير ، راك طولت,12026,Facebook,Restaurant San Benito,2025-10-13T16:42:40.000Z,0,,,,,,,
184074,The BEST en terme de cuisine turc même en Turquie on n'en mange pas mieux. La nourriture est très bonne ainsi que les desserts. Service impeccable. Vous n'allez pas regretter. Bon appétit.,5461,Google Maps,قصبة اسطنبول,2023-08-17T00:27:27.351Z,1,,,,,,,
577291,j'y étais en famille c'est très cher pour rien la folie vraiment  rien de spécial je déconseille [COMPLAINT],33000,tiktok,@sinai,2026-01-02T19:18:31.820606,1,,,,,,,
577290,اللهم صلي وسلم وزد وبارك على نبينا محمد عليه افضل الصلاة والسلام,24246,tiktok,@spotter.dz,2026-01-02T18:27:30.836994,1,,,,,,,
184079,"Pizza degueulasse , infecte, je vous le déconseille vivement",4773,Google Maps,Hicham cook pizza pasta,2023-01-04T18:33:35.766Z,0,,,,,,,
184082,Ghani Chopo ايا رخيس لي ولي في كلمته ههههه,11200,Facebook,Restaurant Casa Bella - Draria,2025-10-17T21:49:15.000Z,0,,,,,,,
315156,ورونا كيفاش ناكلوه بالعربية,73742,tiktok,@pont_hydra,2026-01-02T22:14:03.016368,0,,,,,,,
184085,والله مليحة مع لافامي [APPRECIATION],43848,tiktok,@dzforestrestaurants,2026-01-02T20:11:32.019800,0,,,,,,,
577305,غالي بزاااااف,63596,tiktok,@silyon69,2026-01-02T21:33:07.064766,0,,,,,,,
184102,وسعر مخفي,12952,Facebook,Restaurant San Benito,2025-10-13T06:41:02.000Z,0,,,,,,,
970538,Salam Vous êtes où exactement merci,12220,Facebook,Restaurant San Benito,2025-10-13T10:35:58.000Z,0,,,,,,,
184116,معاملة مشاء الله  [APPRECIATION],26844,tiktok,@seven.times,2026-01-02T18:39:15.318138,2,,,,,,,
970549,خلاصت لابرومو ولا مزالت,17068,tiktok,@casa_burger1,2026-01-02T18:11:25.343899,0,,,,,,,
577335,"Tarte au fraise plus dur que du béton, ne mérite pas ses 2400 da , très déçu.",3927,Google Maps,L’Alchimiste Pâtisserie,2022-04-23T00:01:44.740Z,5,,,,,,,
446267,ou exactement a oran,33338,tiktok,@ambiancefood,2026-01-02T19:21:14.858934,1,,,,,,,
577339,"Restaurant turque tooop , service rapide et gentil",6462,Google Maps,Casbah Istanbul,2018-03-08T01:48:08.528Z,6,,,,,,,
839491,كون نقول لراجلي يقولي هاكي صوالح وطيبي في دارك,67176,tiktok,@bladi_oran,2026-01-02T21:51:38.881866,0,,,,,,,
839496,مطعم ميتصنفش راقي من ديزاين رقي من مستوى النظافة و ذوق الطبخ و المعاملة عند دخول الزبون حتى خروجه,19566,tiktok,@sultan,2026-01-02T18:17:17.404520,1,,,,,,,
184137,le vrai sens de thala c'est la fontaine.,27688,tiktok,@thala,2026-01-02T18:45:01.884466,0,,,,,,,
708434,وعلاش هكذا كل سمانة نجي ناكل پلا عربي ههه ولا مشاوي وبيتزا مع وليدي راحتلي لاطاي وخلاصولي الدراهم هههه,33962,tiktok,@restaurant_gizay,2026-01-02T19:22:55.708513,0,,,,,,,
315222,"Nous sommes venus manger il y a deux jours , les entrées étaient super bonnes par contre les nouilles que nous avons pris n’étaient pas top du tout . et nous avons attendus longtemps avant d’être servis(40 mn) ;ma belle sœur a pris une escalope panée qui elle était bonne. C’est très dommage , jolie déco personnel super agréable mais c’est embêtant d’attendre aussi longtemps nos plats pour au final que ça soit fade .",7845,Google Maps,Restaurant À Petit Feu,2023-07-24T05:13:31.968Z,0,,,,,,,
839512,الاسعار في متناول محرز وميسي وروناو وكامل الحاشية,19382,tiktok,@helena,2026-01-02T18:16:40.733231,0,,,,,,,
970586,"Ma 1ère expérience était bien, un accueil chaleureux, un service impeccable, la bouffe délicieuse, les prix au-dessus de la moyenne ! Je suggère au chef d'agrandir les lieux afin de réduire la file d'attente ou d'ouvrir carrément d'autres franchises, notamment à Alger Centre et Alger est. Bonne continuation l'équipe",2753,Google Maps,HichamCook Grill House,2023-03-21T17:43:20.312Z,0,,,,,,,
184154,هاذا بريك عنابي ماشي تونسي ولكن قمة فالذوق,182,instagram,amine_la_cantine,2025-12-14T16:27:59.000Z,5,,,,,,,
315244,"Un coin merveilleux, le personnel très chaleureux et très aimable, délicieux, je le recommande vivement",7812,Google Maps,American Burger said hamdine,2022-11-13T12:31:32.763Z,0,,,,,,,
315245,اللحم ناشف بزاف,985,instagram,hichamcookgrill,2025-12-29T19:55:18.000Z,0,,,,,,,
970606,تسمي نقدر نلبس قندورة تاع فتلة؟؟؟,62054,tiktok,@le_nordik,2026-01-02T21:27:34.146482,1,,,,,,,
839534,meilleure pizza feu du bois I Eat,39612,tiktok,@le_1675,2026-01-02T19:42:36.079732,1,,,,,,,
839539,لاصوص منقية en crevettes,11417,Facebook,Restaurant San Benito,2025-10-12T20:43:05.000Z,1,,,,,,,
446323,je peu avoir l'adresse svp,25274,tiktok,@lovers_grill,2026-01-02T18:33:41.990868,0,,,,,,,
708475,Excellent ! Je recommande,3003,Google Maps,تاج محل بن عكنون,2025-08-16T18:25:56.430Z,0,,,,,,,
446340,"The food is good and tasty, service staff is fast and respectful, the only drawback is the portions are very small compared to the price you will pay, as quality the place deserves 8/10 but overall quality vs price the place is 4/10",5809,Google Maps,Casbah istanbul,2025-11-09T19:10:03.712Z,0,,,,,,,
839557,"Une expérience très désagréable, Malgré qu'il n'y avait pas beaucoup de monde un accueil est un service pas du tout a la hauteur qui frôle le manque de respect.",5455,Google Maps,قصبة اسطنبول,2023-08-26T15:40:47.607Z,0,,,,,,,
577428,qui mange au kfc deja,37636,tiktok,@kfc,2026-01-02T19:39:17.543590,51,,,,,,,
184227,ولله غير غالية بزاف خاف ربيمزال منحيتوش لحوايج لناس ربيي يهديكم,10679,Facebook,Dz Forest Restaura,2025-10-13T20:11:14.000Z,0,,,,,,,
708519,الوسخ يزيد البنة,42058,tiktok,@street_food,2026-01-02T19:57:59.469233,1,,,,,,,
446377,هذاك لي معاها راني شايفو,73586,tiktok,@pont_hydra,2026-01-02T22:13:58.981711,0,,,,,,,
839598,restaurant chef assad win Jay ?,66542,tiktok,@bakhcis_oran,2026-01-02T21:50:36.560290,1,,,,,,,
577460,Very tasty cuisine. The kunafa is famous but comes in a very small portion. The tea would be better if prepared (infusion).,5570,Google Maps,قصبة اسطنبول,2022-06-24T18:52:43.542Z,0,,,,,,,
708538,بلا معدنوس شحال جي,870,instagram,hichamcookgrill,2025-12-20T13:03:15.000Z,2,,,,,,,
577475,الله يستر,57366,tiktok,@_le216_,2026-01-02T21:17:21.327067,1,,,,,,,
184267,كيفاش يتحل فرع اجنبييي ! ممنوع بناء الفروع الاجنبيه فالجزائر بالقانون كيفاه هاذي الغوه القانون !,37564,tiktok,@kfc,2026-01-02T19:39:13.548380,113,,,,,,,
446412,احسن مطعم le castanea في سرايدي مستحيل تلقى نظافة وحطة وبنة كيفو [RECOMMENDATION],58812,tiktok,@maestro_dz13,2026-01-02T21:21:19.761210,1,,,,,,,
184269,يا حسرة يا ديامونتينا,61354,tiktok,@la.criee,2026-01-02T21:24:49.035293,0,,,,,,,
970703,Délicieux  [BOUFFE],35898,tiktok,@sinai,2026-01-02T19:28:28.070732,0,,,,,,,
839632,Très déçu par le non respect des mesures d’hygiène,3937,Google Maps,L’Alchimiste Pâtisserie,2022-01-20T18:35:55.374Z,2,,,,,,,
577494,كليت عندو عجبني ياسر,52128,tiktok,@uncles_burger_dz,2026-01-02T21:03:25.013475,0,,,,,,,
970717,السعر يا أخي مهم جدا بالنسبة لنا يا حبذا لو تقدم السعر مع كل وجبة,10380,Facebook,Dz Forest Restaura,2025-10-12T17:52:57.000Z,2,,,,,,,
970718,سيدي موسى تاع لاربعا,30582,tiktok,@gazouzafood2019,2026-01-02T19:05:30.032224,6,,,,,,,
446430,المكان شباب و نظيف و القعدة عائلية البيتزا و لي كراب بنان بصح الغراتان تاع الدجاج للأسف ناقص من ناحية الذوق و الكمية الخدمة في المستوى,7184,Google Maps,Restaurant À Petit Feu,2024-12-18T16:39:36.456Z,0,,,,,,,
839645,jma3at yadra les prix ! c'est clair que le restaurant est réservé à une certaine frange de la société,14692,tiktok,@les_jumelles,2026-01-02T18:01:35.129715,4,,,,,,,
184292,et sa coûte combien tous ce là ?,21648,tiktok,@maison_sardoudi,2026-01-02T18:22:29.923768,0,,,,,,,
970732,"Alors pour la deco sympa service était bien , serveur était gentil et attentif, la nourriture bonne mais assez cher, pour ce que c'est. L'équilibre est à revoir impérativement ! Les quantités servies dans les assiettes ne suivent pas les prix pratiqué Ils doivent revoir quelques détails (accompagnement des plats , menu plus détaillé…) Et la cerise sur le gâteau le caissier ma3adjbouch el hal ki hderna m3ah autant que des clientes fidèles ! Mais bon ni moi ni ma famille ni mes copines plus jamais nous mettrons les pieds .",7603,Google Maps,Restaurant À Petit Feu,2024-02-08T19:11:39.410Z,2,,,,,,,
184302,Beau restaurant avec une âme. Dispose d'une terrasse très agréable.,3516,Google Maps,Caracoya,2019-11-12T08:12:46.612Z,0,,,,,,,
708608,بسم الله ما شاء الله تحيا الـ paella  و المشوي [BOUFFE],28018,tiktok,@amine.lacantine,2026-01-02T18:45:36.156423,1,,,,,,,
839689,Pas vraiment terrible 1:30h d’attente je vous déconseille fortement,3995,Google Maps,هشام كوك بيتزا,2025-11-16T20:54:49.162Z,0,,,,,,,
446473,السعر في متناول الجميع,38360,tiktok,@kfc,2026-01-02T19:39:33.331593,0,,,,,,,
446479,تديني معاك حامبوك  [APPRECIATION],30772,tiktok,@piatto,2026-01-02T19:07:24.027487,2,,,,,,,
577557,"Bon accueil malgré le rush, c'était propre le seul souci c'est que je pense avec le flux de gens qui ya ils font recours au système de réchauffer on a senti que la bouffe était préparer au préalable et a été juste réchauffer truc qu'on a surtout ressenti avec la kunaffa.",5763,Google Maps,Casbah Istanbul القصبة اسطنبول,2021-03-27T15:34:09.801Z,0,,,,,,,
970773,Hamid Le Grand وليد قحبة انت يارخيس ربي يعطيك كونسير في فومك ياعطاي,10394,Facebook,Dz Forest Restaura,2025-10-13T03:45:14.000Z,0,,,,,,,
446487,هود الا مغنية خويا تغمس و صباعك يعقد فيهم ليزيبيس و تقطر على تريكو تحس روحك فطرت بحصتك فرار,67070,tiktok,@bladi_oran,2026-01-02T21:51:33.584062,0,,,,,,,
708640,سعر مرتفع مبالغ فيه,2844,Google Maps,HichamCook Grill House,2022-12-04T06:46:17.451Z,2,,,,,,,
446506,مشاء الله كل شئ في مكانها رائع بالتوفيق لكم,2336,Google Maps,HichamCook Grill House,2025-07-28T20:45:50.618Z,0,,,,,,,
839723,No too impressed with the food . I was expecting something really special but we were really disappointed . What a shame !,4235,Google Maps,هشام كوك بيتزا,2024-08-20T19:51:11.326Z,0,,,,,,,
315434,Le jour ou tu va suiver un Algerianne tu va rentrer dans le mure.,69520,tiktok,@cote_oran,2026-01-02T21:57:59.950483,1,,,,,,,
839725,Chhel le prix?,2134,instagram,wonder_food.s,2025-01-22T18:39:28.000Z,0,,,,,,,
577588,كاليفورنيا ؟؟,70854,tiktok,@paradou_restaurant,2026-01-02T22:04:49.350303,6,,,,,,,
708661,عندي باطة شيكولة كيما هي,42496,tiktok,@street_food,2026-01-02T19:58:08.773044,0,,,,,,,
315445,Le meilleurs des chefs  [APPRECIATION],1194,instagram,le_carre_restaurantalg,2025-09-11T23:46:20.000Z,1,,,,,,,
970809,Les heures d ouverture?,60970,tiktok,@jnina_concept,2026-01-02T21:23:49.000714,2,,,,,,,
184380,كروفات حمرة حي علياا,12997,Facebook,Restaurant San Benito,2025-10-13T15:14:53.000Z,0,,,,,,,
577599,Excellent pizza expensive but the taste is here,4399,Google Maps,هشام كوك بيتزا,2024-03-31T22:51:23.419Z,0,,,,,,,
970817,وين بلاصة بضبط,60106,tiktok,@the_throne_annaba,2026-01-02T21:22:28.361428,0,,,,,,,
315458,"Le gateau n est pas comme dans la photo, pas bien fini ! Quel dommaaaage ! Ca ne vaut pas le prix !",3866,Google Maps,L’Alchimiste Pâtisserie,2024-10-15T14:03:48.791Z,1,,,,,,,
577602,كليت عندهم الملاحظة المطعم الوحيد لي تخلص قبل ما تأكل,17442,tiktok,@seven.times.luxury,2026-01-02T18:13:11.800387,42,,,,,,,
184392,Waw Magnifique endroit et accueil très agréable. Le thé est délicieux,6452,Google Maps,Casbah Istanbul,2018-07-06T15:52:26.788Z,3,,,,,,,
315468,ميسيو ميلفاي عبدلي ترونسفورماتور كان قبل لا بلاسات و بدل تبقى قضية ذوق,52802,tiktok,@patisserie_annaba,2026-01-02T21:04:15.963946,4,,,,,,,
970832,trop chere. a aokas mecheoui : 1. 000. 00da,37262,tiktok,@restaurant.madala,2026-01-02T19:34:49.128271,0,,,,,,,
970840,كراكي باغي تقلشيني راني جاي ودبري راسك,12924,Facebook,Restaurant San Benito,2025-10-13T09:35:48.000Z,0,,,,,,,
839784,وين جاية الولاية,21318,tiktok,@triple_,2026-01-02T18:22:05.228120,0,,,,,,,
708713,ماكلة علامة,12988,Facebook,Restaurant San Benito,2025-10-13T21:30:35.000Z,0,,,,,,,
577642,بصحتك وعافيتك,27788,tiktok,@thala,2026-01-02T18:45:04.675168,0,,,,,,,
577647,حتى الاسعار وان بيس,53742,tiktok,@guellil._.tasnim,2026-01-02T21:08:11.755080,1,,,,,,,
708720,des bons prix raisonnables,37058,tiktok,@restaurant.madala,2026-01-02T19:34:43.545604,1,,,,,,,
708724,"J’ai testé le plateau asiatique, c’est trop bon   [APPRECIATION] [BOUFFE]",1001,instagram,hotspot_dz,2025-11-03T15:30:06.000Z,1,,,,,,,
184438,Franchement je suis très déçu je m’attendais à quelque chose on étais très mal alaise on a vais du mal pour manger la bouffe elle était pas bonne du tt et à part la jeune serveuse avec des cheveux,66014,tiktok,@cote_oran,2026-01-02T21:46:27.407704,0,,,,,,,
839803,La livraison Harach chhele,40458,tiktok,@woodchickendz,2026-01-02T19:45:50.912736,2,,,,,,,
315526,هذه المكلة تاع ولد في عمرو 5سنوات trop cher,11506,Facebook,Restaurant San Benito,2025-09-04T17:20:55.000Z,0,,,,,,,
708768,شكون جاي معيا  [APPRECIATION],26794,tiktok,@seven.times,2026-01-02T18:39:13.736923,2,,,,,,,
839845,الله يبارك والله يعونكم,66984,tiktok,@bladi_oran,2026-01-02T21:51:31.931545,0,,,,,,,
839849,Des prix raisonnables,36772,tiktok,@restaurant.madala,2026-01-02T19:34:38.381180,2,,,,,,,
315563,قول و الله,17280,tiktok,@casa_burger1,2026-01-02T18:11:32.691481,0,,,,,,,
446643,أحسن حريرة في وهرن  [APPRECIATION],64862,tiktok,@pizzeria_garden,2026-01-02T21:36:59.564141,0,,,,,,,
184501,نجي اصبروا عليا يامال و نجي,33940,tiktok,@restaurant_gizay,2026-01-02T19:22:55.708494,1,,,,,,,
577718,moi je conseille les gens d y aller au restaurant IAZOURENE qui est à la sortie de Tizi sur la gauche même ses des bon prix sur tout leur pizza magnif,22146,tiktok,@maison_sardoudi,2026-01-02T18:22:40.358786,0,,,,,,,
184507,"Ma terrasse préférée à Alger centre. Située à Audin, et bien décorée ( Bois, lumières, plantes). Les tables sont espacées et les sièges sont confortables. Le service est bon : serveurs chaleureux et sympathiques, aux petits soins. Musique bien choisie : acid jazz, lounge music, electronica. La bouffe et les soft cocktails sont bons.",3663,Google Maps,Laurel Restaurant,2025-06-29T13:19:50.407Z,0,,,,,,,
839870,بالبيتزا هاديك يخلص زوج خدامين يهمبرو عشر سوايع بلادنا روعة,17698,tiktok,@seven.times.luxury,2026-01-02T18:13:19.186043,0,,,,,,,
708798,تبان قعدة هايلة  [APPRECIATION],22716,tiktok,@le_perchoir,2026-01-02T18:25:11.147757,1,,,,,,,
184512,dans te rêve,38090,tiktok,@kfc,2026-01-02T19:39:27.047131,0,,,,,,,
970945,وين راحت مكلاتنا واش نديرو بماكلة الناس,51026,tiktok,@broaster_chiken,2026-01-02T20:59:49.625918,0,,,,,,,
315595,location hbibtyy,61902,tiktok,@ossy_anaba,2026-01-02T21:27:08.208100,0,,,,,,,
577739,هو يأكل صباعو وانت تاكلي جيبو,13147,Facebook,Restaurant San Benito,2025-10-13T17:04:00.000Z,0,,,,,,,
970955,"So lovely place , it was delicious food, the staff were amazing, the owner is very nice , So rich menu.",7698,Google Maps,Restaurant À Petit Feu,2023-11-08T20:37:47.246Z,0,,,,,,,
577747,"Franchement rien de spécial niveau bouffe, l'accueil et le restaurant en lui même est bien mais les burger et tacos sont noyés dans la sauce et le poulet et viandes na9ssine. Pas ce qu'on voit sur les réseaux",6630,Google Maps,American Burger Factory,2025-09-11T17:31:57.183Z,0,,,,,,,
577754,قلنالكم بلصتكم لكوزينة نتاع دار,12915,Facebook,Restaurant San Benito,2025-10-13T20:52:22.000Z,0,,,,,,,
315619,", أسعار عالية بازف عيب , و عار عليكوم الناس هربت من عندكوك وربي هو الرزق",1349,instagram,mahroussaglace,2025-10-08T11:34:54.000Z,0,,,,,,,
184549,في ربعة ما شكيتش يكفينا,31652,tiktok,@woodgrill_dz,2026-01-02T19:13:58.136725,0,,,,,,,
315629,نحشم علا روحي,12783,Facebook,,2025-10-13T20:55:15.000Z,242,,,,,,,
970989,j'arrive inchallah,25754,tiktok,@ofennec.officiel,2026-01-02T18:34:11.048549,1,,,,,,,
577774,Qualité prix. Zéro A éviter à tout prix,2530,Google Maps,HichamCook Grill House,2024-04-13T11:19:58.368Z,0,,,,,,,
577777,مشاء الله لا قوة الا بالله  [APPRECIATION],10784,Facebook,"  Restaurant elassil








",2025-12-16T22:00:19.000Z,0,,,,,,,
839924,c'est ou svp merci,17900,tiktok,@casabelladraria,2026-01-02T18:14:48.659339,0,,,,,,,
577784,هاذو قاع ب 150 ؟,12076,Facebook,Restaurant San Benito,2025-10-12T22:31:45.000Z,0,,,,,,,
315641,كران كاين؟؟,13572,Facebook,Restaurant San Benito,2025-12-30T19:49:12.000Z,0,,,,,,,
971002,imperméable ?,55344,tiktok,@askim_food,2026-01-02T21:13:28.670731,2,,,,,,,
708860,على الاقل 200-220 320 تك يشريو شعر,47670,tiktok,@bazookadz,2026-01-02T20:32:31.660239,0,,,,,,,
315645,العايلة تاعي شراو ڤراتين و بيتزا اومبورتي الليل كامل و هوما يتقياو و الوجاع و في زوج ماشي واحد برك هادو اللي كلاو البيتزا ، انا مارني ضد و لا نفسد سمعة الناس الشي اللي كاين رانا ڤلتو و السلام عليكم,4127,Google Maps,هشام كوك بيتزا,2025-01-06T16:07:45.627Z,0,,,,,,,
971024,شكلة كيفاه رايح تشده هكك,441,instagram,"brother.ts
",2024-07-24T23:21:04.000Z,5,,,,,,,
446737,Cherfaoui Cherfaoui وييسكي غالي غي نتاع ريكار,12419,Facebook,Restaurant Rais,2025-10-14T10:48:41.000Z,1,,,,,,,
446738,Top food top decoration top staff with good value for money just excellent,3164,Google Maps,تاج محل بن عكنون,2022-06-08T12:37:36.906Z,0,,,,,,,
708882,ptdrrr j'espère c'est pas un faux cette fois,38444,tiktok,@kfc,2026-01-02T19:39:37.181701,0,,,,,,,
708886,"Très bon restaurant, plats savoureux , personnel très accueillant, service un peu lent Je recommande",6569,Google Maps,Restaurant À Petit Feu,2025-08-29T20:33:23.170Z,0,,,,,,,
446746,من المفروض تجيب الناس المحتاجين صح الفقراء المساكين اليتامى الارامل المشردين العجائز وجزاك الله خيرا  [APPRECIATION],16086,tiktok,@mardoum,2026-01-02T18:08:03.913132,0,,,,,,,
971044,قعدة هك والله منراطيها,43018,tiktok,@melonge_dz,2026-01-02T20:02:39.790822,4,,,,,,,
708904,juste le sortir avec curdon,73064,tiktok,@pont_hydra,2026-01-02T22:13:44.794058,0,,,,,,,
708918,ياخاوتي هوا راهو مسمي برك kfsبصح مستحيل تكون نفس الوصفة ومتقدرش دراهم لي نمدهم باش ناكلو عندهم يروحو لصهاينة لازم تخمو مشي هكاك برك,38926,tiktok,@kfc,2026-01-02T19:40:00.228571,0,,,,,,,
315708,bonne anniversaire happy birthday very beautiful  [APPRECIATION],71718,tiktok,@dwiretelazz,2026-01-02T22:10:27.435772,0,,,,,,,
708932,فريد لعزيز  [APPRECIATION],41020,tiktok,@derby.food,2026-01-02T19:50:08.945266,1,,,,,,,
840005,بشحال الصينية هاذي ؟,10539,Facebook,"  Restaurant elassil








",2025-12-17T16:26:23.000Z,0,,,,,,,
840007,le prix cvpl,47730,tiktok,@snackcheesekou.ko,2026-01-02T20:32:49.728532,0,,,,,,,
577863,le paradis sur terre ça me fait rappeler mon mari alah yarahmou on feter nos anniversaire ça me manque tellement,70226,tiktok,@le_petit_chalet,2026-01-02T22:00:14.827650,0,,,,,,,
315722,Je m'excuse du terme mais c'était vraiment infecte j'ai du vaumir le peu que jai mangé avec une audition de 8000da. Franchement je ne reviendrai plus.,5203,Google Maps,Casbah Istanbul القصبة اسطنبول,2024-09-26T21:38:45.511Z,0,,,,,,,
708940,بالبراكة عليكم. ان شاء الله . جادور لي ڨلاص ان شاء الله  [APPRECIATION],14834,tiktok,@lassiette.algeroise,2026-01-02T18:06:46.715727,2,,,,,,,
184659,ياسين محمد قتلتني بضحك,9938,Facebook,Dz Forest Restaura,2025-10-13T13:58:23.000Z,0,,,,,,,
446806,Vous voulez dire à quel prix ?,10720,Facebook,,2025-12-04T18:50:19.000Z,0,,,,,,,
840026,او شحال هادي ماتقوليش برك 1000 دج خاطر انتوما عندكم نورمال عادي,1327,instagram,mahroussaglace,2025-05-12T18:08:24.000Z,1,,,,,,,
184671,يقدم À Petit Feu تجربة مميزة لمحبي الأكل في أجواء مريحة. الخدمة كانت احترافية وفي المستوى، حيث كان الاستقبال ودودًا وسريعًا، مما يعكس اهتمام المطعم براحة الزبائن. من الجيد أيضًا أن الطلبية وصلت بسرعة، مما يدل على كفاءة الطاقم والتنظيم الجيد في المطبخ. أما من ناحية الأسعار، فهي في المتناول مقارنة بجودة الأكل والخدمة المقدمة، مما يجعله خيارًا مناسبًا لمن يبحث عن توازن بين الجودة والتكلفة. إجمالًا، تجربة إيجابية تستحق التكرار، خاصة لمن يفضلون السرعة والجودة في آن واحد!,7162,Google Maps,Restaurant À Petit Feu,2025-02-04T19:42:58.392Z,0,,,,,,,
840031,mashallah qu'allah protège notre patrie mère  [APPRECIATION],31884,tiktok,@entracte,2026-01-02T19:14:25.768434,6,,,,,,,
446826,c ou exactement s v p ! ? [APPRECIATION],21576,tiktok,@maison_sardoudi,2026-01-02T18:22:25.678220,0,,,,,,,
971122,غالي بازف,66514,tiktok,@barbecue_restaurant,2026-01-02T21:50:22.615720,0,,,,,,,
446834,"Qualité de la nourriture très médiocre, goût fade, aucune saveur, dommage.",8584,Google Maps,American Burger Factory,2022-08-15T23:13:22.185Z,0,,,,,,,
971131,Meilleure service  surtout la serveuse CHAIMA  [APPRECIATION],7619,Google Maps,American Burger Factory,2025-05-13T10:40:28.402Z,0,,,,,,,
315771,Tres bon prix nchalah juillet,37212,tiktok,@restaurant.madala,2026-01-02T19:34:47.585685,1,,,,,,,
840072,They're offered to their clients the best services  good luck [APPRECIATION],3170,Google Maps,تاج محل بن عكنون,2022-04-22T01:27:52.931Z,0,,,,,,,
971145,كاينين دروج قبل تاني يهبطو [APPRECIATION],22222,tiktok,@le.balcon1,2026-01-02T18:23:12.556700,30,,,,,,,
315784,منيتهم الدولة مل وينتا عدنا في دستور بناء فرع أجنبي و زيد ليدعم اليهود  [COMPLAINT],38900,tiktok,@kfc,2026-01-02T19:39:59.233038,0,,,,,,,
446873,Koun semmitouh game of thrones  bark normal [RECOMMENDATION],59950,tiktok,@the_throne_annaba,2026-01-02T21:22:20.885352,1,,,,,,,
840091,5 étoiles ! Wla ana masm3tch mlih ?,17534,tiktok,@seven.times.luxury,2026-01-02T18:13:14.935330,0,,,,,,,
971169,الخبز   عليك ولا نجيب معايا [BOUFFE],10768,Facebook,Dz Forest Restaura,2025-10-12T23:26:08.000Z,2,,,,,,,
446884,مطعم فاخر والأكل عندهم بنين  [APPRECIATION],67790,tiktok,@kartaj_oran,2026-01-02T21:53:17.057863,0,,,,,,,
184746,après t'chenaf 3liya,21196,tiktok,@triple_,2026-01-02T18:22:03.688390,0,,,,,,,
446894,كليتهم في مراكش يسموه ببوش [APPRECIATION],73526,tiktok,@pont_hydra,2026-01-02T22:13:57.016235,0,,,,,,,
840110,Très mauvaise expérience A ne plus revenir,6032,Google Maps,Casbah istanbul,2024-10-31T22:06:29.951Z,0,,,,,,,
184755,الجزائر,56908,tiktok,@papillons827,2026-01-02T21:16:42.512639,0,,,,,,,
971189,وين لمحل,43972,tiktok,@dzforestrestaurants,2026-01-02T20:11:34.194218,0,,,,,,,
709045,شحال السعر ديالو,9943,Facebook,"  Restaurant elassil








",2025-12-17T19:28:39.000Z,0,,,,,,,
315834,"Pour ma 1iere au nouveau site j'ai vraiment été déçu J'ai pris un hamburger forest et le mettre dans cette boîte c 1 mauvaise idée le bas est devenu pâteux et humide pour le prendre ma main était toute couverte de sauce L'ambiance est très loin par rapport à l'ancien site Les petits détails qui faisaient que l'on venait c'était les bouteilles des sauces, les serviettes de papier en boîtes malheureusement tout ça a disparu L'hamburger n'a pas été aussi goûteux qu'avant Les frites aussi Le seul point positif par rapport à l'ancien site c'est le service qui est plus rapide J'espère que mon prochain passage ne sera pas le dernier",7891,Google Maps,American Burger Factory,2025-02-13T13:24:35.688Z,0,,,,,,,
184763,أهمهم بطونهم وقبلتهم نسائهم,11347,Facebook,Restaurant Casa Bella - Draria,2025-10-13T15:27:28.000Z,0,,,,,,,
315835,ماشاء الله عليكم مالا غدوا نجي هههههه ربي يعينكم خاوتي ديما تفرحو بينا. نظافة وتربية,56034,tiktok,@mfood.annaba,2026-01-02T21:14:17.092401,1,,,,,,,
315850,"Accueil et service exceptionnel, rien à dire, très souriant et agréable, nourriture bien entendu excellente avec toutes les saveurs souhaitées,",3325,Google Maps,تاج محل بن عكنون,2017-09-07T21:18:52.962Z,1,,,,,,,
971215,C'est le meilleur Hambourg de Alger et nous sommes toujours bien reçus et bien servi j'adore et je suis une cliente fidèle (Micra ),8734,Google Maps,American Burger Factory,2021-01-01T18:51:52.813Z,1,,,,,,,
840145,Seven Times vs meat moot الحاج اسماعيل vs إسماعيل الحاج  [APPRECIATION],32674,tiktok,@seven.times,2026-01-02T19:17:48.707512,21,,,,,,,
315862,ne comptez pas sur moi pour y aller !,37866,tiktok,@kfc,2026-01-02T19:39:22.914418,2,,,,,,,
840153,دالي برهيم بتزا بنينة نتاعهم  [APPRECIATION],1410,instagram,megapizza_kouba,2025-08-05T08:25:52.000Z,0,,,,,,,
709092,لي طيب عليها تمشي تطيبلك بالحرارة برك ماشي بالنار,41730,tiktok,@street_food,2026-01-02T19:57:50.212526,2,,,,,,,
184807,Wine plaça,65142,tiktok,@restaurant_marisco,2026-01-02T21:40:08.510592,0,,,,,,,
578026,Le cresty  crousty son sauce barbecue,40254,tiktok,@streetburger02,2026-01-02T19:44:11.216066,0,,,,,,,
840177,slm la journée takhdmou,48724,tiktok,@cassecroute_dz,2026-01-02T20:37:02.209898,1,,,,,,,
184828,flash back,59118,tiktok,@maestro_dz13,2026-01-02T21:21:24.075909,1,,,,,,,
184833,"Coup de gueule contre Hicham Cook – Kouba Franchement, inadmissible ce qu’on a vécu hier dans ce restaurant ! J’ai mangé chez Hicham Cook à Kouba avec mes enfants, pensant passer un bon moment en famille… Résultat ? J’ai pris des pâtes bolognaises, et elles étaient 9arssine – tournées, aigres, complètement immangeables ! Et avec cette chaleur en plus ! Vous n’avez aucune conscience ? ! On parle de nourriture, on parle de santé, et pire encore : d’enfants ! Heureusement que j’ai goûté avant de leur donner… mais imaginez si un petit avait mangé ça ? ! Intoxication alimentaire assurée ! Un minimum d’hygiène et de respect des clients, c’est la base quand on tient un restaurant. Surtout quand on se dit “pro”. Franchement, très grosse déception. Je ne remettrai plus jamais les pieds là-bas. Faites attention où vous mangez.",4059,Google Maps,هشام كوك بيتزا,2025-07-11T08:10:29.599Z,0,,,,,,,
709124,"-L'accueil était chaleureux, notre serveur voulait nous faire changer d'avis sûr une commande parce que il n'a pas su répondre à une question concernant la composition du sauce. -Pizza correct -Pâtes aux fruits de mer franchement le goût de la sauce pas terribles je n'ai pas aimé, fromage râpé une pincée, fruits de mer c'était correct. -Lasagnes la béchamel était bonne, mais la viande hachée pas bonne du tout. -Jus de fruits pressé citron et Orange on a pas aimé du coup on était déçu.",4546,Google Maps,هشام كوك بيتزا,2023-12-19T18:34:16.118Z,0,,,,,,,
971272,les prix excessifs pour qu'on vous rembourse les travaux que vous avez fait ? ! un endroit très grand pour pas grand monde c'est dommage faites une salle de Billard,32828,tiktok,@seven.times,2026-01-02T19:17:52.608659,1,,,,,,,
184842,نو ياخو هدا مشي KFC راه يشبهلو ليك ركز مليح مع F فيها عفسة بزااااف بزاااف بيزار بقيت نشوف فيها ونتفكر في يامات الحجر الصحي وين كانت السخانة تسربي الاحتمالات لي جاو ياكلونا بيهم ليميني,38814,tiktok,@kfc,2026-01-02T19:39:55.022824,0,,,,,,,
709133,ماكلة في قمة,63152,tiktok,@restaurantcarthage,2026-01-02T21:31:19.065988,0,,,,,,,
709134,عققق,73052,tiktok,@pont_hydra,2026-01-02T22:13:42.129675,0,,,,,,,
971279,اسكو كي جبتو ميني تارت قبلوهم؟,56520,tiktok,@ecaliptus_restau,2026-01-02T21:15:24.448938,1,,,,,,,
184857,خدمة عيانة و مكالا ماشي بنينة كامل كي كانوا ف حانوت صغير صاح كان الاكل بنين كي وين فتحوا جدد مكان فقط لي جميل اما الاكل فهو غير لذيذ نصيحة مني اخطيكم خير متندموا,7610,Google Maps,American Burger Factory,2025-05-15T00:41:59.432Z,0,,,,,,,
315929,"Très propre, service rapide et personnel très accueillant. Présentation bien réalisée et un très bon goût",7597,Google Maps,Restaurant À Petit Feu,2024-02-15T16:46:05.946Z,4,,,,,,,
578079,قاتك نقلشك سيدي فيها مساج,13146,Facebook,Restaurant San Benito,2025-10-12T18:10:54.000Z,0,,,,,,,
578097,Restaurant très moyen et cher par rapport à son standing,2768,Google Maps,HichamCook Grill House,2023-03-04T17:08:29.171Z,0,,,,,,,
184881,"Meilleur service de casbah Istanbul au niveau de garden city , merci à islam rezaguia , bon courage la team .",6053,Google Maps,Casbah istanbul,2024-08-18T11:34:48.577Z,0,,,,,,,
447027,وين هذا خويا زقم الهاتف,11816,Facebook,Restaurant San Benito,2025-07-27T13:42:19.000Z,0,,,,,,,
709176,الله يبارك فيك أخي الكريم,50330,tiktok,@quick_bite,2026-01-02T20:59:19.005218,0,,,,,,,
971323,des bons prix rebi y barek. on passeras chez vous chef,36942,tiktok,@restaurant.madala,2026-01-02T19:34:41.737940,1,,,,,,,
184893,منقولكش أو مسمعتش ههههه,10321,Facebook,,2025-10-20T14:08:09.000Z,0,,,,,,,
578125,Top,5350,Google Maps,قصبة اسطنبول,2024-03-24T17:53:30.065Z,0,,,,,,,
184918,ياك اللحم محلي تاع الجزائر ماشي مستورد,995,instagram,hichamcookgrill,2025-12-23T21:24:08.000Z,7,,,,,,,
578139,"Si j’aurais mettre 0 étoile je l’aurais fais. Pour commencer le service était très long, ensuite faut savoir qu’on avait commander 1 formule happy day et une crêpe, après environ 20min d’attente il nous informe sur le fait accompli qu’il ny avait qu’une crêpe car il n’y avait plus de pâte, on a quand même accepté parce que c’était trop tard mais finalement la crêpe en question était toute fine comme du papier c’était des gaufrettes les images parlent d’elles mêmes, et le pire dans tt ca c’est qu’on avait pris un jus d’orange pressé il nous a ramené 1 jus de mélange bizarre sans aucun goût très amère et il a oser nous dire que c’était les oranges de la saison qui étaient amères alors qu’il yavais pas de goût voilà. Même pas un pardon. Déçue plus jamais.",3712,Google Maps,Laurel Restaurant,2024-10-29T08:52:53.041Z,1,,,,,,,
840300,Verrrrry expensive. . I have been eating the same food in the uk paying with pounds but not expensive like this one unfortunately .,3032,Google Maps,تاج محل بن عكنون,2025-02-16T17:42:01.401Z,0,,,,,,,
184943,Theria Ca علاه تحلفي,9062,Facebook,Dz Forest Restaura,2025-11-08T23:47:32.000Z,0,,,,,,,
316031,نتوحم كين توصيل مدية,54628,tiktok,@mr._brik,2026-01-02T21:11:17.625841,1,,,,,,,
709248,Les personnels très sympa,7581,Google Maps,American Burger Factory,2025-05-17T13:15:19.422Z,0,,,,,,,
840320,Best Indian food I've had. Very fast and delicious!,3255,Google Maps,تاج محل بن عكنون,2019-04-07T21:13:09.660Z,1,,,,,,,
971394,دوك يغلقوه كيما ستاربكس,37858,tiktok,@kfc,2026-01-02T19:39:22.914406,1,,,,,,,
840328,Un beau restaurant,14434,tiktok,@les_jumelles,2026-01-02T18:01:27.863751,0,,,,,,,
971404,عندكم توصيل,28804,tiktok,@snacky_time_kouba,2026-01-02T18:47:46.405135,0,,,,,,,
840335,Dégueulasse,8862,Google Maps,American Burger Factory,2017-05-24T18:34:24.961Z,0,,,,,,,
971411,excellent restaurant service rapide un peu déçu du mojito c’est plutôt un jus au citron mais niveaux goût et qualité c’était le top je recommande,6030,Google Maps,Casbah istanbul,2024-11-07T12:33:43.812Z,0,,,,,,,
840344,قرع نونة خويا ماشي قراعي [APPRECIATION],42660,tiktok,@street_food,2026-01-02T19:58:41.447548,1,,,,,,,
184992,trop trop Cher bazaf,23976,tiktok,@spotter.dz,2026-01-02T18:27:23.296511,1,,,,,,,
184997,Good service. Bit pricey,3118,Google Maps,تاج محل بن عكنون,2023-07-07T20:14:07.906Z,0,,,,,,,
709285,L’éducation,16658,tiktok,@user5834669559361,2026-01-02T18:10:45.373102,5,,,,,,,
971437,ادخلو ادعمو المحتوى تاعي لي نقدمو باش نروج لسياحة الجزائرية الداخلية ومرحبا بيكم معانا في خرجاتنا ورحلاتنا,29982,tiktok,@chiken_street_bbz,2026-01-02T18:53:31.920623,0,,,,,,,
709296,Très bonne expérience,8039,Google Maps,American Burger said hamdine,2020-08-24T02:58:36.462Z,0,,,,,,,
971453,save nrouh li f post exam,34338,tiktok,@taylot,2026-01-02T19:23:37.947840,0,,,,,,,
840381,ربي يحفظكم ان شاء الله  [APPRECIATION],56006,tiktok,@mfood.annaba,2026-01-02T21:14:16.148200,3,,,,,,,
971455,bonjour la dersse svp merci,14992,tiktok,@lassiette.algeroise,2026-01-02T18:06:52.360646,1,,,,,,,
971459,Je confirme  [RECOMMENDATION],52938,tiktok,@patisserie_annaba,2026-01-02T21:04:18.982303,1,,,,,,,
316105,Vérifier bien vos tickets de caisses !  [APPRECIATION],27178,tiktok,@ambiance_telemcen,2026-01-02T18:41:21.610693,6,,,,,,,
840395,شحال السعر في متنول سليمني وبونجاح البودي معندوش,9171,Facebook,"

Restaurant Casa Bella - Draria",2025-12-20T06:22:33.000Z,0,,,,,,,
971479,ناكلك لحوته تاعك لعزيزة,13195,Facebook,Restaurant San Benito,2025-10-15T12:46:54.000Z,0,,,,,,,
971482,افشل تجربة في تجاربي للمطاعم كي الماكلة كي السرفيس مايصلح غير الديكور,19992,tiktok,@villa_frere,2026-01-02T18:17:42.664341,3,,,,,,,
185056,￼ Meilleur restaurant,10323,Facebook,,2025-12-28T23:13:14.000Z,0,,,,,,,
185064,بنين بزاف و قعدة لاكلاس بزاف الله يبارك,71850,tiktok,@amine.lacantine,2026-01-02T22:11:32.919551,0,,,,,,,
971502,ومن بعد قولي 3ملاين,10134,Facebook,"  Restaurant elassil








",2025-12-24T09:20:38.000Z,0,,,,,,,
971503,Great food,7792,Google Maps,American Burger Factory,2025-03-06T21:18:40.487Z,0,,,,,,,
971511,c'est magnifique ma ch Allah  [APPRECIATION] [RECOMMENDATION],35708,tiktok,@sinai,2026-01-02T19:28:23.544304,0,,,,,,,
185084,فريت اوملات بالبيض كاين,9630,Facebook,Restaurant Tabarka Annaba,2025-12-24T06:11:22.000Z,0,,,,,,,
840447,بصح علابالنا لحم قولنا تمن,12554,Facebook,Restaurant Rais,2025-10-14T23:01:18.000Z,1,,,,,,,
578307,باطل ومناكلوش انا مع المقاطعة,37566,tiktok,@kfc,2026-01-02T19:39:13.548382,689,,,,,,,
447246,صح الماكلة عندهم بنينة بزاف [APPRECIATION],17458,tiktok,@seven.times.luxury,2026-01-02T18:13:11.800416,0,,,,,,,
578318,العز [RECOMMENDATION],59854,tiktok,@oscar_restaurant,2026-01-02T21:22:05.755989,4,,,,,,,
840474,مرحبا بالجميع,29600,tiktok,@turtles_snack,2026-01-02T18:50:53.715995,0,,,,,,,
709409,nice restaurant with nice team,64728,tiktok,@msiiirdaa13,2026-01-02T21:35:48.704006,0,,,,,,,
709420,Je pense qu'il est fermé définitivement,4685,Google Maps,Hicham cook pizza pasta,2024-09-01T14:46:55.229Z,0,,,,,,,
316205,le restaurant le plus cher d afrique,65102,tiktok,@restaurant_marisco,2026-01-02T21:40:04.468044,40,,,,,,,
447279,كفاش نتواصل معاكم ف خاص من فضلك,39374,tiktok,@itchy_food,2026-01-02T19:41:13.058265,0,,,,,,,
316209,لجناس راهم يطيرو في كل المجالات ونتوما شغل البارح برك اكتشفتو الماكلة.,9995,Facebook,Dz Forest Restaura,2025-10-13T06:25:25.000Z,1,,,,,,,
840498,"Excellent restaurant ! La qualité des plats est au rendez-vous, avec des saveurs turques authentiques. Le service est rapide, l’équipe est accueillante, et le cadre est agréable. Une très belle découverte à Alger, je recommande vivement !",5126,Google Maps,Casbah Istanbul القصبة اسطنبول,2025-08-12T13:08:11.993Z,0,,,,,,,
316213,"J’y suis déjà allé, c’est très bon",22372,tiktok,@beef_cote,2026-01-02T18:24:12.560933,0,,,,,,,
709429,je confirme topp  [APPRECIATION] [BOUFFE],22754,tiktok,@le_perchoir,2026-01-02T18:25:12.072824,0,,,,,,,
578364,شحال حمبوك,67556,tiktok,@bladi_oran,2026-01-02T21:51:50.985587,0,,,,,,,
709445,la cuisine Algérienne la meilleure  [APPRECIATION],35580,tiktok,@sinai,2026-01-02T19:28:17.247600,1,,,,,,,
185161,poisson Celon arrivage quelle honte sur un menu c'est Selon.,14684,tiktok,@les_jumelles,2026-01-02T18:01:34.195421,0,,,,,,,
971594,Plat délicieux et copieux. Service rapide. Le seul problème c'est que la musique est trop forte donc c'est assez désagréable. On ne s'entend pas parlé et l'ambiance devient vite pénible et gênante,5444,Google Maps,قصبة اسطنبول,2023-09-17T22:53:22.221Z,0,,,,,,,
709450,جيت للgوتي . كانت آخر مرة . سgمو روحكم في كلش,9383,Facebook,,2025-10-22T08:54:10.000Z,0,,,,,,,
709465,الشواء في لبحر ولا ف الغابة بنة,11320,Facebook,Restaurant Casa Bella - Draria,2025-08-15T04:47:04.000Z,0,,,,,,,
840537,"c'est dégoûtant , madame vous pouvez prendre aussi des rats comme dessert",72932,tiktok,@pont_hydra,2026-01-02T22:13:38.779377,0,,,,,,,
840547,روح العمرة,66160,tiktok,@restaurant_mani,2026-01-02T21:47:16.832865,0,,,,,,,
316267,خويا شا عندك اليوم راني نعيطلك جاوبني,46066,tiktok,@boubousnack,2026-01-02T20:18:58.497505,1,,,,,,,
316292,"Three stars for a very good place and here is why! You may find strange that some rates the Taj Mahal as 5 stars and others as 1 or two stars? I tell you why: some like the restaurant and food, some are disappointed by the pricing that got crazy over the years. It is true the place is nice and service professional. Food is tasty and service is fast. However, along a decade of decaying dinar value, and increasing running cost and despite salaries remained the same, many of us who used to be fans of the place do not go anymore because of the crazy prices: 1, 600da for rice? Are you serious? In average, you leave the restaurant with 4, 000da per person. My true opinion: two expensive for the service provided. Really became the same as prices practiced in Europe.",3247,Google Maps,تاج محل بن عكنون,2019-07-29T14:31:24.884Z,7,,,,,,,
709517,رابي يحفظك خويا العزيز وراك بلاصة,42576,tiktok,@street_food,2026-01-02T19:58:29.600671,1,,,,,,,
316318,"Tout était excellent, yaatikoum essaha, une cliente fidèle à sa pasta poulet champignon",4653,Google Maps,Hicham cook pizza pasta,2025-07-25T06:04:38.280Z,0,,,,,,,
971682,شعب غير تاع ماكلة وخرا . لاخير في أمة تأكل مما لاتنتج وتلبس مما لاتنسج التفاخر باالاكل من صفة الجاهل . صدق رسول الله صلى الله عليه وسلم لما قال: سيأتي زمان على أمتي لا يبقى من الإسلام إلا اسمه، ومن الإيمان إلا رسمه، ومن القرآن إلا حرفه، همهم بطونهم، دينهم دراهمهم، قبلتهم نساؤهم، لا بالقليل يقنعون، ولا بالكثير يشبعون,11108,Facebook,Restaurant Casa Bella - Draria,2025-08-30T16:34:59.000Z,0,,,,,,,
185252,متنسايش اعطيلهم ينيكو ثاني,13587,Facebook,Restaurant San Benito,2025-12-30T13:10:16.000Z,0,,,,,,,
709541,شاورما تاعه قارصه معمره قارص وخل الحاجه الوحيده اللي تصلح فيه هو برجر كرسبي,49392,tiktok,@chicks_nook,2026-01-02T20:40:21.809543,0,,,,,,,
971691,ou est le hamoud?,26220,tiktok,@don_sido_,2026-01-02T18:34:37.142488,0,,,,,,,
709549,"Le décor est beau…le reste, et le plus important, la nourriture est en dessous de la moyenne ! Grosse déception ! Le burger est basique (mauvais rapport qualité /prix) les frittes trop cuites et les tenders presque immangeable.",7570,Google Maps,American Burger Factory,2025-05-18T08:02:28.567Z,0,,,,,,,
840623,روح للبستان,59242,tiktok,@maestro_dz13,2026-01-02T21:21:26.361287,0,,,,,,,
840627,"c une cata, un dérangement monumental, a chaque fois que je vais à coté au resto indien, on entend la musique a fond, on ne peut même pas s'entendre parler, je me plains au resto, et on me dit qu'ils ne peuvent rien faire. ahachmou chouya, c un resto, pas une boite de nuit. ouvrez une boite de nuit a la place.",23726,tiktok,@leonard_restauran,2026-01-02T18:26:57.764647,37,,,,,,,
578483,Le Bambou,59366,tiktok,@maestro_dz13,2026-01-02T21:21:29.775740,1,,,,,,,
447411,Meilleur restaurant kdemt fiha  [APPRECIATION],26732,tiktok,@seven.times,2026-01-02T18:39:08.809932,35,,,,,,,
840633,C ou ?,30862,tiktok,@roi_du_fajitas,2026-01-02T19:08:41.599905,1,,,,,,,
447420,فراتيلو و لانتيكا و كاين واحد الفوق ميووور,49880,tiktok,@flamingo,2026-01-02T20:44:07.237973,0,,,,,,,
447424,توب لزااف,27080,tiktok,@seven.times,2026-01-02T18:39:22.006437,2,,,,,,,
971713,انا منجيش,27982,tiktok,@amine.lacantine,2026-01-02T18:45:33.965643,4,,,,,,,
185305,والله مليحة بصحتكم,43980,tiktok,@dzforestrestaurants,2026-01-02T20:11:34.194224,1,,,,,,,
185309,الدنيا ايام معدودات استغلاها في ذكرالله وفعل الخير اما تباهي باكل لايجوز كاين ناس مالحقتش على الخبز الحمد الله جاء البطن ماشي شفاف وكاينة الموت,10796,Facebook,Restaurant Casa Bella - Draria,2025-07-26T08:52:53.000Z,16,,,,,,,
185315,"Unfortunately, this was one of the most disappointing food experiences I’ve had in Algeria. While the presentation and ambiance were appealing, the quality of the food was disappointing and did not meet expectations. The meat had an unpleasant cheap greasy odor, the bread used for the burgers and sandwiches felt substandard, and the cheese was industrial and of bad quality. The sauce on the smash burger was the lowest quality cheese I've ever tasted. Overall, the meal left much to be desired in terms of taste and ingredient quality.",7091,Google Maps,American Burger Factory,2025-07-04T20:56:03.073Z,0,,,,,,,
316389,Pull marin. casquette Marine. et ne sait même pas faire la différence entre l'espadon et le saumon.  Hada bayna fih un Marin d'eau douce.,12077,Facebook,Restaurant San Benito,2025-10-13T16:57:40.000Z,0,,,,,,,
447471,بعد التجربة السيئة في بيتزا هشام كوك جربت المطعم حيث كان الأكل جيد لكن لا يصل للمستوى الذي يتكلمون عنه,2483,Google Maps,HichamCook Grill House,2024-06-09T21:58:49.888Z,1,,,,,,,
709617,"Très bon service, parts généreuses, cadre très agréable, mais les prix sont excessivement chers pour la prestation. On peut mieux manger ailleurs pour moins cher !",5884,Google Maps,Casbah Istanbul,2025-08-06T10:37:00.168Z,0,,,,,,,
840689,بيتزا عادية جدا,4555,Google Maps,هشام كوك بيتزا,2023-12-17T18:53:55.949Z,0,,,,,,,
709621,Est ce que le propriétaire est Algérien ou yéménite? !,1804,instagram,seven_times_la_villa,2025-08-18T10:46:56.000Z,0,,,,,,,
971769,Je confirme  benna mech normal,52902,tiktok,@patisserie_annaba,2026-01-02T21:04:18.313505,1,,,,,,,
840707,bon courage frère magnifique,35536,tiktok,@sinai,2026-01-02T19:28:16.261578,0,,,,,,,
709643,تقلشيني بدراهمي,13078,Facebook,Restaurant San Benito,2025-10-13T08:19:05.000Z,0,,,,,,,
840721,زيدها وحدة كومومبار وانت ربحت دعاوي لخير ليك ولوالديك [APPRECIATION],43994,tiktok,@dzforestrestaurants,2026-01-02T20:11:34.194235,0,,,,,,,
840730,نقلشك وڨدا . تقول راك داخل لكاباري يا شكوبي,13567,Facebook,Restaurant San Benito,2025-12-29T14:09:57.000Z,0,,,,,,,
447518,هذاك اللوح لتقدمو بيه الأطباق هل هو صحي أم لا,10819,Facebook,Restaurant Casa Bella - Draria,2025-07-26T12:18:59.000Z,4,,,,,,,
447522,"Rien de spécial, prix excessivememt cher on dirait que tu manges dans un resto suisse, et qualité vraiment médiocre. a ne pas recommander.",4098,Google Maps,هشام كوك بيتزا,2025-04-06T17:05:02.838Z,0,,,,,,,
971811,انا حسباتلي صال ديفات,18732,tiktok,@helena,2026-01-02T18:16:17.035667,0,,,,,,,
316453,Super plan de sortie,5595,Google Maps,Casbah Istanbul القصبة اسطنبول,2023-03-08T18:45:07.163Z,0,,,,,,,
316458,انا امنتك شوفي معا لي كلاو,46688,tiktok,@oumanger.oran,2026-01-02T20:23:55.312860,0,,,,,,,
709685,بسم الله ما شاء واو الله يبارك عتبة مربوحة  [APPRECIATION],1535,instagram,niwafood,2025-11-12T19:23:10.000Z,1,,,,,,,
316471,شعال,13373,Facebook,Restaurant San Benito,2025-12-25T18:07:48.000Z,0,,,,,,,
185400,"pareil pour moi c'était la première et la dernière, très déçue  [COMPLAINT]",2162,instagram,za_eat_29,2025-08-09T18:55:21.000Z,0,,,,,,,
578620,Bonne restaurant,6920,Google Maps,American Burger Factory,2025-07-16T14:09:48.849Z,0,,,,,,,
709695,C'était très bon Et même le personnel et le service à la hauteur,3578,Google Maps,Laurel Restaurant,2025-12-06T17:51:36.501Z,0,,,,,,,
578632,"Sofia Lunna Beaucoup d'Algériens ne connaissent pas le vrai nom de poisson, le rouget c'est en français , sawrel en espagnol en français c'est chinchar, pageot en arabe Bedjil ect ect , Alors .",9151,Facebook,"

Restaurant Casa Bella - Draria",2025-12-16T13:57:45.000Z,0,,,,,,,
316489,lli ma3andahch yeroh l d'autres endroits 3la hsab drahmah w 3la hsab style lli yabghih . s'il est trop chére il n'est pas fait pr tt le monde ( une certaine classe ),14702,tiktok,@les_jumelles,2026-01-02T18:01:35.129725,0,,,,,,,
709707,"Équipe non professionnel, J’ai passé une commande déjà 3ndhom non seulement likidani ki ched 3liya la commande aprés malh9nich wsh j’ai commandé w ki 3aytlhom 9aloli ma3ndna ma ndiro t3awdi tkhlsi Bach nb3tolk wsh raki haba . Honte a vous",6681,Google Maps,American Burger Factory,2025-09-04T14:54:57.298Z,0,,,,,,,
840801,ماشاء الله تبارك الرحمن اللهم زد وبارك الله الله على بلادي بلاد الخير  [APPRECIATION],65886,tiktok,@cote_oran,2026-01-02T21:46:16.156819,2,,,,,,,
840802,Hajer Hajer كنت حاسب انا ايضا الكل ب 1500 ههههه قلت هذا واه يخاق ربي,11384,Facebook,Restaurant San Benito,2025-10-13T00:29:14.000Z,1,,,,,,,
447589,TBARKELLAH ALIK FANANE DIYALNA LKBIR KONT TFEREJ FIK MELO KONT SRIR TAHIYATI LI OLNAS JAZAIR [APPRECIATION],69056,tiktok,@cote_oran,2026-01-02T21:57:41.442022,1,,,,,,,
316518,"I came from England to try there food and I do not recommend it as the food was cold, did not taste nice and was extremely expensive however the restaurant was very aesthetic. I recommend going to the one close to it they sell the best lahem mashwii.",10639,Facebook,,2025-12-14T13:48:53.000Z,0,,,,,,,
578667,ربي يوفقكم  [APPRECIATION],46122,tiktok,@chikenhest,2026-01-02T20:19:14.446520,1,,,,,,,
578669,والله إلا باطل كن نعرف البلاصة كل يوم عندك,12195,Facebook,Restaurant San Benito,2025-10-29T22:45:48.000Z,0,,,,,,,
840814,"Je préfère de loin celui de Ben Aknoun Le plat à base de cuisse de poulet (voir photo) était bon par contre celui à base de Döner est une arnaque à 2200DZD, non seulement ils gonflent la quantité en posant une bonne couche de pain sous la viande (voir photo) mais encore pire le goût n’était pas au rendez vous",6163,Google Maps,Casbah istanbul,2023-06-25T20:14:53.534Z,1,,,,,,,
185455,درهم لحلال صعاب ولحرام سهلين حلال صعيييييييب بزاف ولفهم يفهم,57862,tiktok,@_le216_,2026-01-02T21:17:33.204850,0,,,,,,,
185456,"Des saveurs particulières succulentes, je ne suis pas un grand mangeur mais là bas je termine mon assiette qui est très copieuse franchement. Le personnel est adorable avec mes enfants, ma femme et moi (faut dire qu'on est des habitués) Les WC sont propres, ça reflète l'hygiène générale. Dommage les écrans avec du sport un peu partout, perso j'ai horreur de ça, si c'est pour regarder du foot ou autre sport, je préfère aller dans un pub/café sportif. Bémol pour la cuisine : je ne prends jamais le poulet, mais ma femme/mes enfants en prennent de temps en temps et c'est souvent arrivé qu'il ne soit pas assez cuit.",5112,Google Maps,Casbah Istanbul القصبة اسطنبول,2025-09-05T08:41:55.861Z,0,,,,,,,
316531,"J'ai bien aimé l'endroit, c'est calme, la nourriture est si bonne pareil pour le service, le personnel est trop respectueux et sympathique :) franchement c'était une expérience agréable.",7333,Google Maps,American Burger said hamdine,2025-01-01T14:26:55.448Z,0,,,,,,,
709749,les prix raisonnable ou nn fl les sucré,62082,tiktok,@le.rooftop.annaba,2026-01-02T21:27:47.356290,0,,,,,,,
447605,على قداش تغلق فليل,47548,tiktok,@bazookadz,2026-01-02T20:32:28.315677,1,,,,,,,
840823,الصح ڨع في الحميص,16346,tiktok,@mardoum,2026-01-02T18:08:10.555282,0,,,,,,,
185465,"A la base je voulais prendre un mechoui, mais comme j'aime pas le riz, j'ai demandé au serveur si je peux avoir des frites à la place, il m'a répondu par si tu veux des frites, il y'a au menu des plats de frites, donc j'ai pas apprécié le fait de nous obligé certain accompagnement avec certains plats, j'ai fini par changé d'avis et de prendre autre chose. Sincèrement la bouffe était bonne, même le pain et le thé, le service n'était pas au top, les serveurs n'ont pas cessé d'aller et de revenir entre les tables (juste pour voir et non pas pour servir ou autre), perso ça me dérange, c'est comme si qu'ils nous surveillaient, et la cerise sur le gâteau, lorsqu'on a payé, on a du attendre une quinzaine de minutes et réclamer plusieurs fois pour nous rendre la monnaie, c'est vrai que c'était juste 200da mais c'est mon droit, je n'ai pas besoin de réclamer pour l'avoir. Conclusion pour le prix payer, j'ai pas apprécié l'expérience.",5278,Google Maps,Casbah Istanbul القصبة اسطنبول,2024-05-14T06:18:35.829Z,2,,,,,,,
709754,"Très bon service , Un accueil très chaleureux La cuisine est très délicieuse.",6492,Google Maps,Restaurant À Petit Feu,2025-11-16T15:01:22.385Z,0,,,,,,,
578698,في خاطري ندوق هداك تاع القلة  [BOUFFE],67204,tiktok,@bladi_oran,2026-01-02T21:51:39.728510,0,,,,,,,
316573,Fantastic atmosphere! One of the best restaurants I have ever been. I had a really good time having dinner there.,3533,Google Maps,Caracoya,2018-11-07T13:48:29.967Z,0,,,,,,,
971936,مليح بصح غالي,27108,tiktok,@seven.times,2026-01-02T18:39:23.648732,0,,,,,,,
578720,j'adore mon endroit préféré très propre et familiale,67780,tiktok,@kartaj_oran,2026-01-02T21:53:16.692270,0,,,,,,,
316586,رحت لعندو ماكلة بنينة ونقي وكلش مي غالي شوي,20752,tiktok,@labelladalger16,2026-01-02T18:19:43.848845,0,,,,,,,
709815,Ah youma juste à côté de chez moi  [APPRECIATION],61646,tiktok,@guellil._.tasnim,2026-01-02T21:25:44.586397,0,,,,,,,
709816,Vous etes désagréables vous n avez pas du tout l ettoffe de commerçants et alors moins d humain vous devriez prendre de communication pour être aimable gentil et souriant,11336,Facebook,Restaurant Casa Bella - Draria,2025-08-31T17:55:14.000Z,1,,,,,,,
971964,Bon,5861,Google Maps,Casbah Istanbul,2025-10-28T01:14:01.429Z,0,,,,,,,
709823,ouvrez à Nice  le Allah baréklé fih [APPRECIATION],35198,tiktok,@sinai,2026-01-02T19:28:06.172505,0,,,,,,,
316609,on est passé en famille cette semaine on a pris des pizzas on est tous tomber malade gastro malheureusement,62510,tiktok,@allechante,2026-01-02T21:30:49.256882,14,,,,,,,
971980,Cadre agréable Service rapide et souriant Les plats seculents et variés L'emplacement adéquat Une bonne ambiance de famille Restaurant à recommander vivement,3079,Google Maps,تاج محل بن عكنون,2024-04-23T06:26:30.127Z,1,,,,,,,
185554,حبيت الأجواء  [APPRECIATION],23570,tiktok,@jomane,2026-01-02T18:26:24.548393,1,,,,,,,
447705,بتوفيق انشاءالله ألف مبروك,59992,tiktok,@the_throne_annaba,2026-01-02T21:22:24.294515,1,,,,,,,
316639,Donc c’est nous d’Annaba ou ORAN ou n’importe qu’elle ville ont n’est pas le bienvenu,14990,tiktok,@lassiette.algeroise,2026-01-02T18:06:52.328391,0,,,,,,,
185578,نسكون في القبة و الله نجوز عليك 14 خطرا في نهار حساب و جامي خممت نجي عندكم تبيعو بزاف غالي,8901,Facebook,"

Sultan Restaurants",2025-10-20T09:54:32.000Z,27,,,,,,,
185580,تعليق اليوم: هل تعلم كم يفوتك بشكل يومي ارباح من الذكاء الاصطناعي ؟ راسلني و ساعطيك كامل التفاصيل .,16244,tiktok,@mardoum,2026-01-02T18:08:08.024092,0,,,,,,,
185586,"Malheureusement, le goût laisse vraiment à désirer : c’est beaucoup trop gras",6996,Google Maps,American Burger Factory,2025-07-13T22:38:12.732Z,0,,,,,,,
840948,Faire des progrès,6090,Google Maps,Casbah istanbul,2024-02-07T21:07:20.215Z,0,,,,,,,
972027,الله الله  [APPRECIATION],973,instagram,hichamcookgrill,2025-12-29T20:23:02.000Z,13,,,,,,,
185596,الله يبارك ما شاءالله,64744,tiktok,@msiiirdaa13,2026-01-02T21:35:51.931851,1,,,,,,,
972029,. ويا حوجي الكونجلي داير حالة,12131,Facebook,Restaurant San Benito,2025-10-13T02:12:03.000Z,0,,,,,,,
316669,و المقاطعة ؟,37890,tiktok,@kfc,2026-01-02T19:39:23.690780,1,,,,,,,
447744,سمحيلي كاين لحم تع الڨنين,13115,Facebook,Restaurant San Benito,2025-10-14T22:11:55.000Z,0,,,,,,,
709891,Franchement bien d’avoir investi mais frère faut aller voir ton commerçant la nourriture elle et éteinte,45534,tiktok,@budz,2026-01-02T20:16:03.881408,0,,,,,,,
709893,Léonard. de Benaknoun,23902,tiktok,@leonard_restauran,2026-01-02T18:27:06.380580,2,,,,,,,
972046,شطيبو والعالمية,69854,tiktok,@chtibo_oran,2026-01-02T21:58:35.269421,0,,,,,,,
185617,صفحة تالة إيفاسن. بوعنداس ايه يا خالي. ياو كي تجي تشوف والله غير عندو لحق مش معنتها لي ناس تبيع بهذي السومة معنتها هذاك هوا سعرها ناس كل راهي تغلي مش غير صاحب المطعم هذا كي نجو نحسبو نلقاو هذيك سومتها في جميع المطاعم لكن جميع المطاعم راهم يغلو مش غير خونا هذا يعني المحلات لخرين منديروهمش مقياس المفروض بروشات نتاع شواء من أين نوع ما يفوت 30 دج مانقولوش صاحب المحل برك لي يبيع غالي (جميعهم) صاحب تعليق لي لفوق عندو لحق.,10065,Facebook,Dz Forest Restaura,2025-10-13T06:21:25.000Z,0,,,,,,,
709915,Sa fait grand plaisir de être avec vous Chapeau pour votre accueil et vous plat Mercii visiter lui .,4669,Google Maps,Hicham cook pizza pasta,2025-04-04T21:13:13.650Z,0,,,,,,,
840988,C'est combien,835,instagram,fontaine_dor_restaurant,2025-10-23T16:43:48.000Z,0,,,,,,,
447779,واش من ولاية هذا التينال,11133,Facebook,Restaurant Casa Bella - Draria,2025-07-26T22:48:18.000Z,0,,,,,,,
709926,لي يتابع الانمي. الاسم [COMPLAINT],39184,tiktok,@itchy_food,2026-01-02T19:41:08.941333,8,,,,,,,
447783,تونال نتاع الافلاس ههه,10915,Facebook,Restaurant Casa Bella - Draria,2025-08-02T15:33:52.000Z,3,,,,,,,
841010,شحال هذا plat,17846,tiktok,@casabelladraria,2026-01-02T18:14:47.824007,0,,,,,,,
578875,مقلوب تونس,53404,tiktok,@piadzo_food23,2026-01-02T21:07:12.236877,1,,,,,,,
709948,لذيذ,7522,Google Maps,American Burger said hamdine,2023-12-15T23:11:17.269Z,0,,,,,,,
447806,It’s good,8122,Google Maps,American Burger Factory,2025-01-29T20:47:19.047Z,0,,,,,,,
447808,زعما نلقاكم في كتافي بنات وولاد بلادي في حلمي لي بديت نحقق فيه خطوة بخطوة,23262,tiktok,@le_perchoir,2026-01-02T18:25:24.838296,0,,,,,,,
578880,Allah iberek bonne continuation,67330,tiktok,@bladi_oran,2026-01-02T21:51:43.061165,0,,,,,,,
447811,one two three viva Algérie,55876,tiktok,@mfood.annaba,2026-01-02T21:14:13.045280,6,,,,,,,
447816,"J'ai aimé ce restaurant, propre, de très bons plats, tables bien espacées les unes des autres, présence de grands plasma pour les amateurs de football, on aimerait bien qu'ils disposent de grandes bouteilles d'eau en verre ou en plastique car on est pas amateurs de soda, ils ont que les petites bouteilles, à éviter les weekends, longue attente.",5049,Google Maps,قصبة اسطنبول,2025-10-16T13:59:30.549Z,0,,,,,,,
972107,"Très beau et classe le restaurant surtout pour un rdv professionnel, pour les plats perso j’ai eu le coup de coeur que pour adana kebab par contre les autres je ne suis pas fan et kunafa top d’ailleurs que je pense qu’elle plus délicieuse qu’en Turquie. Le prix il été très abordable avec des plats plus généreux avant le covid par contre maintenant il ne sont plus généreux avec une hausse des prix",5654,Google Maps,Casbah Istanbul القصبة اسطنبول,2022-09-10T22:59:45.889Z,6,,,,,,,
972113,الدعوة اللحية,10851,Facebook,Restaurant Casa Bella - Draria,2025-08-31T00:27:45.000Z,4,,,,,,,
709982,هذا عندنا ما يكلوهش يجي مسخ و يريڨ الببوش تاع الصح مشي هذا ( هذا أسمو كرار ),73628,tiktok,@pont_hydra,2026-01-02T22:14:00.132642,0,,,,,,,
841057,جاي في إمامة حدا المعهد كنت ناكل عنده ناس ملاح مع ليكليو بارك الله فيك,49904,tiktok,@m7ajeb,2026-01-02T20:44:29.461586,1,,,,,,,
316771,هذاك هو لحساب كي يعود المطرق ب 5 الاف في 70 مطرق تجي ب 350 وزيد دجاجة ب 100 تولي 450,44084,tiktok,@dzforestrestaurants,2026-01-02T20:11:38.303292,0,,,,,,,
316772,راني جاي خويا وجدلنا طابلة . عنابة يادولة,28502,tiktok,@restaurant.primo,2026-01-02T18:46:28.061357,0,,,,,,,
316784,بصحتهم الله يبارك. بصحتك خويا مصطفى . والله تشهي . إن شاء الله نزوروها  [APPRECIATION],68662,tiktok,@cote_oran,2026-01-02T21:57:29.419275,4,,,,,,,
710001,Le meilleure [APPRECIATION],67404,tiktok,@bladi_oran,2026-01-02T21:51:45.536808,0,,,,,,,
841073,يعني واحد وحدوا 3500,31620,tiktok,@woodgrill_dz,2026-01-02T19:13:57.475437,0,,,,,,,
841076,البارح كليت عندكم صح بنين و معمر براف محبش خلاص  [APPRECIATION],28832,tiktok,@snacky_time_kouba,2026-01-02T18:47:50.705832,1,,,,,,,
316794,الوليمة 216 طبرقة,59122,tiktok,@maestro_dz13,2026-01-02T21:21:24.075914,1,,,,,,,
185741,Goût bonne mais comme service pas professionnel même l'endroit me plaît pas,8246,Google Maps,American Burger Factory,2024-10-13T19:55:39.735Z,0,,,,,,,
972184,"Nous avons fêté l'anniversaire de ma copine, nous étions un groupe de 10 personnes . j'ai bien aimé la nourriture, et j'ai adoré le personnel (toute l'équipe était au top) BIG UP les gars , et bonne continuation",4838,Google Maps,Hicham cook pizza pasta,2022-05-25T08:02:47.155Z,1,,,,,,,
972186,"très très déçu, la paella avec riz brûlé, lès fruits de mer pas cuites, lès garnitures froid et immangeable, je ne vous conseille pas d'essayer, vraiment c'est du gaspillage d'argent",7680,Google Maps,Restaurant À Petit Feu,2023-11-22T14:19:51.259Z,1,,,,,,,
578974,الشكل شباب,49110,tiktok,@chicks_nook,2026-01-02T20:40:13.769347,1,,,,,,,
316833,بنين صح بصح صغيرون مانعرف كبر في الخبز تع برغر ولا لا,51998,tiktok,@rays_annaba,2026-01-02T21:03:08.680036,1,,,,,,,
710051,l'adresse STP Boutheina,27862,tiktok,@thala,2026-01-02T18:45:06.606613,0,,,,,,,
841126,service toop,62100,tiktok,@le.rooftop.annaba,2026-01-02T21:27:50.233169,0,,,,,,,
972200,ouii j'aimerais aussi le nom car je vais y aller cet été Insh'Allah,60346,tiktok,@seraidi.live.z,2026-01-02T21:22:48.839819,3,,,,,,,
185771,Enfin vous avez dit du bien de l'Algérie. l'addition est bien justifiée par rapport au menu consommé. bon appétit.,24492,tiktok,@opium,2026-01-02T18:29:41.221341,0,,,,,,,
185783,معنتها تخدم مع ،10من ناس تشري جزايري كامل في سطيف 500الف تاكل شواء 10ايام,44658,tiktok,@dzforestrestaurants,2026-01-02T20:12:02.219685,0,,,,,,,
185792,Tres bonne qualité mais c'est un peut cher pour l'algérien moyen.,2930,Google Maps,HichamCook Grill House,2022-04-17T10:51:35.855Z,3,,,,,,,
316870,Super accueil La nourriture est délicieuse Et l'endroit est très beau,7880,Google Maps,Restaurant À Petit Feu,2023-06-09T13:12:40.907Z,1,,,,,,,
579016,روح ياكلو معاك القطط,11923,Facebook,Restaurant San Benito,2025-10-13T19:09:45.000Z,0,,,,,,,
185803,en Euro  tu peux te permettre pas en Dinars [PRICE],17892,tiktok,@casabelladraria,2026-01-02T18:14:48.659331,2,,,,,,,
316876,روح لمطعم فاخر باش ناكل الببوش,73616,tiktok,@pont_hydra,2026-01-02T22:14:00.132568,0,,,,,,,
710092,c'est plus ce que c'etait,71590,tiktok,@california_cafe,2026-01-02T22:09:07.992984,1,,,,,,,
710101,تقلشك,12843,Facebook,Restaurant San Benito,2025-10-14T06:36:53.000Z,2,,,,,,,
447958,وقتاش تعرضني [COMPLAINT],15682,tiktok,@mardoum,2026-01-02T18:07:54.294061,0,,,,,,,
185821,une très belle voix et une belle présentation  [APPRECIATION],65622,tiktok,@anas_food,2026-01-02T21:45:22.471840,0,,,,,,,
316894,"""J'ai passé chez américain burger! La nourriture était absolument délicieuse – le plat était frais, savoureux, et superbement présenté. L'ambiance est accueillante et le personnel est chaleureux et attentionné, très souriante. Je recommande vivement de goûter leur menu – un vrai régal ! Je reviendrai certainement. Je recommande",7408,Google Maps,American Burger said hamdine,2024-11-14T14:32:33.065Z,0,,,,,,,
972256,كي توكل مقابل لبحر يتبدل طعم تع ماكلة,56310,tiktok,@the_chef_house_23,2026-01-02T21:14:39.906289,0,,,,,,,
710116,اثنوثني,13148,Facebook,Restaurant San Benito,2025-10-29T05:26:40.000Z,1,,,,,,,
185832,ورينا وين راكم طيبو,13699,Facebook,Restaurant San Benito,2025-12-29T11:19:36.000Z,0,,,,,,,
316904,Elle bien raison D ailleurs,16730,tiktok,@user5834669559361,2026-01-02T18:10:46.252499,1,,,,,,,
710124,"Très bon hamburger, de la viande fraiche, cuisine propre, plusieurs choix de sauces, en plus on peut commander par téléphone puis récupérer votre commande sans avoir à attendre, juste pour s'attabler c'est très étroit, donc à éviter quand on est nombreux.",8865,Google Maps,American Burger Factory,2016-09-06T12:33:55.025Z,0,,,,,,,
972272,C’est où à oran,45358,tiktok,@budz,2026-01-02T20:15:56.664388,2,,,,,,,
972273,3almo w rabo les serveure te3kom avant ma thotohom y9ablo ness. Après tout rana neshrou b drahmna. Surtou hadek mcha3tat bouch3or te3 el beb. Shakam te3 madamat,8303,Google Maps,American Burger Factory,2024-06-25T01:26:20.708Z,0,,,,,,,
316919,نعتيلي وين غادي نموت على الببوش,73218,tiktok,@pont_hydra,2026-01-02T22:13:49.961582,0,,,,,,,
579067,Merci pour les détails  [APPRECIATION],22276,tiktok,@cezam,2026-01-02T18:23:30.708552,1,,,,,,,
185865,لا حولا ولا قوة الا بلله,38680,tiktok,@kfc,2026-01-02T19:39:47.807167,0,,,,,,,
579082,"Très bon restaurant, avec très beau cadre et une belle vue avec terrasse. Les plat sont délicieux et très copieux, les assiettes sont bien remplies avec un beau dressage. Les serveurs sont serviable et professionnel, un qui apporte et l'autre qui sert. Un menu varié et riche en saveurs typique de la Turquie. Les tarifs sont un peu élevés mais équivalent à la qualité des repas. Au final, un restaurant un peu chic idéal pour fêter un évènement ou pour une sortie en couple.",5635,Google Maps,Casbah Istanbul القصبة اسطنبول,2022-12-05T19:35:46.595Z,3,,,,,,,
579090,on peut voir le menu svp ! ?,14394,tiktok,@les_jumelles,2026-01-02T18:01:26.755360,0,,,,,,,
316953,J'ai très bien mangé ! Consistant propore et bon surtout,3624,Google Maps,Laurel Restaurant,2025-09-23T20:54:02.523Z,0,,,,,,,
579098,La patte de pizza est comme مطلوع Et vraiment Elle était brûlée et immangeable. Le fromage y collait comme du chewing-gum. Nous avions une pizza aux anchois et elle était très salée. La sauce tomate n'avait aucun goût. Je pense que c'était la pire pizza que j'ai jamais goûtée de ma vie. je ne le recommande pas du tout respectivement,4499,Google Maps,هشام كوك بيتزا,2024-01-04T16:53:29.504Z,1,,,,,,,
841243,تلاعب في لفظ السعر كونو صادقين في تجارتكم,11847,Facebook,Restaurant San Benito,2025-07-29T23:46:25.000Z,0,,,,,,,
448028,و هادي مكانش,43846,tiktok,@dzforestrestaurants,2026-01-02T20:11:32.019798,1,,,,,,,
316969,Sofiane Rab هذاك كرفات بري مشي قرلو كان حيعان برك.,8929,Facebook,Restaurant Casa Bella - Draria,2025-12-07T15:28:14.000Z,0,,,,,,,
972330,C’est le même restaurant trattoria aliferno ? De akid ?,63958,tiktok,@restauranttrattoriaoran,2026-01-02T21:34:06.668656,2,,,,,,,
710187,ريزي عمر. ex Chapuis,56426,tiktok,@the_chef_house_23,2026-01-02T21:14:42.198987,0,,,,,,,
448042,الجزائري يدرب الماكلة,11670,Facebook,Restaurant San Benito,2025-08-21T06:51:32.000Z,0,,,,,,,
710189,Sah kouleche andhom bezaf bnin et l'équipe taa starving Macha Allah draf. Et les prix taahom fel maakom et kouleche frais.,1094,instagram,imstarvingfood,2023-02-12T20:34:49.000Z,5,,,,,,,
710190,وانا علاش ما بعثتليش كنت غير قدامك [APPRECIATION],15694,tiktok,@mardoum,2026-01-02T18:07:54.294090,0,,,,,,,
448050,ربي يوفقك بعيدة بزاف الله غالب,43800,tiktok,@dzforestrestaurants,2026-01-02T20:11:31.252316,0,,,,,,,
841267,كيما قال صايفي في 2009 وين رحت restaurant le 216 يا.,59778,tiktok,@maestro_dz13,2026-01-02T21:21:44.080997,0,,,,,,,
316981,جوع ومايدير علاه لڨور سيادكم مينخلعوش فل نعمة علاه تحشمو فينا كمهاك حياتكم غير جيعنين ومخلوعين كريتة,12061,Facebook,Restaurant San Benito,2025-10-13T20:49:21.000Z,0,,,,,,,
448058,حلو [APPRECIATION],14726,tiktok,@cuisineofalgeria,2026-01-02T18:05:58.326541,0,,,,,,,
316994,نفس شعور,10974,Facebook,Restaurant Casa Bella - Draria,2025-07-29T12:03:55.000Z,0,,,,,,,
316995,Propreté irréprochable personnel agréable gentil et serviable cuisine top la seul remarque cest le bruit a la limite du supportable a mon avis,7769,Google Maps,Restaurant À Petit Feu,2023-09-01T11:27:00.236Z,1,,,,,,,
317013,طاڨو تاع 600 ألف,44068,tiktok,@dzforestrestaurants,2026-01-02T20:11:36.764956,0,,,,,,,
972375,انا حسبلي راك مغلي بصج كي قلت حميس هاذيك هيا,44672,tiktok,@dzforestrestaurants,2026-01-02T20:12:02.219699,0,,,,,,,
972394,"The server was too nice loved the vibes, some ppl were smoking which was bit annoying but everything else was good",3580,Google Maps,Laurel Restaurant,2025-11-28T20:17:55.466Z,0,,,,,,,
710251,Pire burger que j'ai jamais vue . Rien avoir avec les photo. Et tacos sans gout,7758,Google Maps,American Burger said hamdine,2023-06-16T19:39:02.531Z,1,,,,,,,
317038,franchement les prix top et sa a l'air très bon,36842,tiktok,@restaurant.madala,2026-01-02T19:34:40.171781,1,,,,,,,
972398,"Caracoya is one of my favorite places i like to have dinner there The vibe is perfect the food is good and the people are super nice The view is beautiful, and I love the music always a great atmosphere! Highly recommend! [APPRECIATION]",3387,Google Maps,Caracoya,2025-06-22T09:40:38.514Z,0,,,,,,,
972400,Je suis interesse,673,instagram,californiacafedz,2024-11-02T10:33:53.000Z,0,,,,,,,
579196,يا اختي نتبهدل و مانكلوش لو كان يبقى غير هو و لو كان نموت بالجوع,72642,tiktok,@pont_hydra,2026-01-02T22:13:28.912606,0,,,,,,,
185993,Prix terriblement élevé pour le contenu et la qualité. je crois kan khabet kidar les prix,2957,Google Maps,HichamCook Grill House,2022-03-22T00:15:02.405Z,13,,,,,,,
972432,حرام عليكم شهيتناوالله محق,10845,Facebook,Restaurant Casa Bella - Draria,2025-08-30T07:41:19.000Z,0,,,,,,,
579218,Notre cuisine algérienne est la meilleure,16604,tiktok,@user5834669559361,2026-01-02T18:10:42.541740,90,,,,,,,
448162,J'étais grave déçu deja la pizza pas bonne du tout la pâte cramé pas vraiment de goût et le mojito trop sucré je recommande pas,4372,Google Maps,هشام كوك بيتزا,2024-04-28T18:38:00.187Z,0,,,,,,,
317090,3andhom burger asmou 10 oz 300 grame bnin bazaf nachrih ghir houwa,48434,tiktok,@hafakafood,2026-01-02T20:35:29.188860,0,,,,,,,
972454,الشعب جااااع كارثة,12693,Facebook,Restaurant Rais,2025-10-13T11:23:10.000Z,0,,,,,,,
186025,فكرة رائعة خرمن يقعدوا يهدروا عليك طول حياتهم .,928,instagram,hichamcookgrill,2025-12-11T19:34:08.000Z,96,,,,,,,
448170,je confirme yhbeeel,52954,tiktok,@patisserie_annaba,2026-01-02T21:04:18.982329,1,,,,,,,
579253,الاسعار,42686,tiktok,@my_pizza,2026-01-02T19:58:59.743654,0,,,,,,,
186039,عطيني قارو,13519,Facebook,Restaurant San Benito,2026-01-01T07:51:13.000Z,0,,,,,,,
448186,عندو ورق عنب ؟,19452,tiktok,@sultan,2026-01-02T18:17:12.034358,10,,,,,,,
841407,باغي نجي عندك وقلشيني غايا,13082,Facebook,Restaurant San Benito,2025-10-13T14:26:41.000Z,0,,,,,,,
186052,200الف تاكل 6 شهور عند سنكوشي,70848,tiktok,@paradou_restaurant,2026-01-02T22:04:49.350282,90,,,,,,,
317128,sahit cristiano mydirch pub hhhh,44976,tiktok,@plaquiste_oran,2026-01-02T20:15:28.996304,0,,,,,,,
972490,"Si qlq connaît le patron , faut le prévenir qu il ne faut négliger aucun aspect de sont affaire et que le choix des employé est aussi important que le concept même du resto",45310,tiktok,@budz,2026-01-02T20:15:55.685264,0,,,,,,,
841420,حسبتو مخطوف,51886,tiktok,@quick_bite,2026-01-02T21:02:01.145596,2,,,,,,,
841423,"Franchement c’est le meilleur endroit en Algérie, logo en parle pas à propreté, ça m’a fait plaisir [APPRECIATION] [INQUIRY]",70268,tiktok,@le_petit_chalet,2026-01-02T22:00:16.877817,0,,,,,,,
186064,Je confirme mon. Quartier  [APPRECIATION] [RECOMMENDATION],52904,tiktok,@patisserie_annaba,2026-01-02T21:04:18.313507,2,,,,,,,
710357,Casa bella votre paelle est pass bonne du toitt,11073,Facebook,Restaurant Casa Bella - Draria,2025-08-09T07:28:33.000Z,0,,,,,,,
186077,je suis actuellement à Oran wsh,45194,tiktok,@budz,2026-01-02T20:15:52.195871,1,,,,,,,
972509,"Service très rapide, organisation impeccable et de très savoureux plats! Vraiment bravo et bonne continuation",2911,Google Maps,HichamCook Grill House,2022-05-14T20:26:49.701Z,1,,,,,,,
317155,"Au top j’y suis retourné plusieurs fois, les plats et pizzas sont goûteux, le service et les serveurs au top, les prix sont très raisonnables",7439,Google Maps,Restaurant À Petit Feu,2024-07-17T22:41:48.467Z,0,,,,,,,
186089,بارك الله فيك اخي محتوى ربي يبارك نسقسيك كان يرزق ربي و نعول نفتح محل كيما هك تقبلني نجي عندك يمات تعلمني و تكون ليك صدقة جارية باذن الله,41198,tiktok,@street_food,2026-01-02T19:55:39.555323,2,,,,,,,
841455,C’est une folie quand même,16636,tiktok,@user5834669559361,2026-01-02T18:10:45.373060,0,,,,,,,
972528,شكون يحب الأكل الياباني  خاصة sushi  [APPRECIATION] [BOUFFE],1945,instagram,sushigardendz,2025-08-26T18:21:30.000Z,13,,,,,,,
317174,المطعم أين موجود,32960,tiktok,@sinai,2026-01-02T19:18:31.100588,0,,,,,,,
841462,"We had really great time. Great food, very good atmosphere and nice service",3023,Google Maps,تاج محل بن عكنون,2025-05-17T18:57:31.013Z,0,,,,,,,
317187,و كاس جو,43864,tiktok,@dzforestrestaurants,2026-01-02T20:11:32.083849,3,,,,,,,
579337,"La nourriture était très médiocre, à améliorer",6801,Google Maps,Restaurant À Petit Feu,2025-08-04T21:45:02.685Z,0,,,,,,,
972564,Jais déjà manger c’est très bon et propre tu paye la luxe j’aimais becoup quand je part Alger,31902,tiktok,@entracte,2026-01-02T19:14:25.768447,3,,,,,,,
186132,"A traditional restaurant distiguished by its moorish architecture, quiet and peaceful, there you will remember the old city because this restaurant existed decades ago and quality of service is pretty good",3556,Google Maps,Caracoya,2016-10-03T21:04:39.966Z,3,,,,,,,
579365,الاسعار في متناول تبون,29746,tiktok,@pizzeria.sadoki,2026-01-02T18:51:32.201635,1,,,,,,,
579366,"Un restaurant de la série connue et baptisé casbah Istanbul Un restaurant au sein du centre commercial et de loisirs donc une surface limité, d'où on se trouve dans une salle étroite et les chaises trop rapprochés Y a pas de sanitaires pour les clients du restau et meme pas un lave main ce qui est étonnant pour un restaurant chic. Les serveurs sont principalement des turcs pour et c'est bien pour voyager a travers leur accent. L'atmosphère est cool avec un belle décoration. Le service est rapide et empecable de la présentation du menu au paiement Les plats servi en température correcte Le dressage des plats est beau et donne l'appétit. Le gout est bon et gourmand Les prix sont tres cher , y a un excès par 500da par rapport a la qualité et la quantité.",6158,Google Maps,Casbah Istanbul,2022-11-30T00:57:20.562Z,1,,,,,,,
579367,وين راه المطبخ الجزائري رد علينا,50860,tiktok,@broaster_chiken,2026-01-02T20:59:46.444066,1,,,,,,,
579376,et celui qui se trouve dans boulevard des lions?,45474,tiktok,@budz,2026-01-02T20:15:58.945012,0,,,,,,,
972595,The prices were very high! Rouiba juice 600 dzd ! I think that it's the expensive Indian restaurant in Algiers as I have visited all of them for the same of food quality.,3049,Google Maps,تاج محل بن عكنون,2024-11-02T10:49:21.467Z,0,,,,,,,
972596,الزاوالي مايكلش عندكم,9368,Facebook,,2025-12-05T15:29:29.000Z,0,,,,,,,
317241,زعما,10357,Facebook,Restaurant Casa Bella - Draria,2025-12-06T16:54:21.000Z,0,,,,,,,
317260,De beaux et de bons gâteaux,3884,Google Maps,L’Alchimiste Pâtisserie,2024-05-20T14:23:43.683Z,0,,,,,,,
317262,ياودي لي يقابلك ناكل حوت بيه بشوك,13688,Facebook,Restaurant San Benito,2025-12-29T20:43:53.000Z,0,,,,,,,
710485,Les prix sont très chers,17784,tiktok,@casabelladraria,2026-01-02T18:14:42.669468,0,,,,,,,
972631,شكون كلا عندهم ينصحني,65232,tiktok,@weeat_oran,2026-01-02T21:40:51.511230,0,,,,,,,
448345,"Je suis Tunisienne et je préfère 100 fois la cuisine Algérienne, surtout Kabyle. La cuisine marocaine est sur côté. Même certains marocains le disent .",16924,tiktok,@user5834669559361,2026-01-02T18:10:51.232476,2,,,,,,,
972643,hhhh 300 + 400 livraison = 700 da.,29348,tiktok,@elcuatro_burgers,2026-01-02T18:49:37.864626,0,,,,,,,
186214,"Très mauvaise expérience. La nourriture n'est pas bonne, surtout si on prend en considération le rapport qualité-prix.",3742,Google Maps,Laurel Restaurant,2024-07-13T16:15:20.215Z,1,,,,,,,
841582,عجبتني كي ڨلت لي خسرنا معاه يسمحنا  [APPRECIATION],70644,tiktok,@my_pizza_oran,2026-01-02T22:00:41.861486,2,,,,,,,
579441,c tré cherrr wooow الاسعار خيالية لهبال ولله و مكان حتى حاجة تخلع لكلش عادي كيما كامل,6038,Google Maps,Casbah istanbul,2024-09-24T16:44:04.284Z,0,,,,,,,
186227,الصحن كبير ياسر أخويا,9010,Facebook,Restaurant Tabarka Annaba,2025-12-23T19:28:04.000Z,0,,,,,,,
710518,Nafso and mega pizza debuis long temp chiken rice w prix 45 mil w rabi ywaf9k khoya,39914,tiktok,@streetburger02,2026-01-02T19:44:04.469163,0,,,,,,,
579458,منعرف غير أنا لي نعرفك ولا كاين بززاف لي يعرفوك,24272,tiktok,@spotter.dz,2026-01-02T18:27:31.753241,1,,,,,,,
317330,لمكون لاساسي لمكانش فدار لوسخ,42078,tiktok,@street_food,2026-01-02T19:57:59.469257,0,,,,,,,
972707,"This is the best place where u can get A delicious Kunafa , tasty",5590,Google Maps,Casbah Istanbul القصبة اسطنبول,2023-03-26T23:32:41.012Z,2,,,,,,,
448419,من فظلك توصلو لدراع الريش,52774,tiktok,@mega_pizza,2026-01-02T21:03:54.669595,0,,,,,,,
579491,Propre et rapide et la bouffe été bonne. Bonne initiative.,4162,Google Maps,هشام كوك بيتزا,2024-11-13T21:05:40.509Z,0,,,,,,,
841638,Ou sa ce trouve merci,11307,Facebook,Restaurant Casa Bella - Draria,2025-09-02T22:24:21.000Z,0,,,,,,,
448427,Agréable endroit propre et magnifique,5557,Google Maps,قصبة اسطنبول,2022-08-18T18:18:52.075Z,0,,,,,,,
579517,سمحلي بصح التوصيل تكبر باه يوصلك,40204,tiktok,@streetburger02,2026-01-02T19:44:10.396860,1,,,,,,,
972739,Menu معندكمش ؟؟,9905,Facebook,,2025-11-18T21:26:06.000Z,0,,,,,,,
710601,الماكلة في دار,29768,tiktok,@easy.cheesy,2026-01-02T18:52:02.828333,1,,,,,,,
579535,الله يبارك ماكلة تاعكم بنة مشاء الله  [APPRECIATION],24332,tiktok,@raclitta,2026-01-02T18:28:19.451918,1,,,,,,,
579539,أنا مانيش قبايلي انا ويهراني,11987,Facebook,Restaurant San Benito,2025-10-13T14:39:03.000Z,0,,,,,,,
710611,We had an amazing experience  great dough hight quality ingredients so delicious and amazing service [APPRECIATION],4401,Google Maps,هشام كوك بيتزا,2024-03-23T21:29:27.542Z,0,,,,,,,
841685,"waw mmmm, c'est où ?",36134,tiktok,@sinai,2026-01-02T19:28:35.422914,0,,,,,,,
186325,الله يعطيك الصحة شاف هشام ماشاء الله عليك والأسعار معقولة جدا,2328,Google Maps,HichamCook Grill House,2025-08-08T11:08:43.888Z,0,,,,,,,
448471,اسم مطعم من فضلك,31726,tiktok,@entracte,2026-01-02T19:14:11.602618,3,,,,,,,
841687,هاذي هيا الأمة التي ينتضرها رسول الله صلي الله عليه وسلم كاين لي راه باين سر اليوم,57262,tiktok,@_le216_,2026-01-02T21:17:20.268702,0,,,,,,,
579564,j'ai bien aimé leur bouffe,5717,Google Maps,Casbah Istanbul القصبة اسطنبول,2021-12-11T08:31:23.283Z,0,,,,,,,
972788,سامحني البنة عالمية بصح سحن فارغ تتسمى ذوق وماتشبعش,9108,Facebook,Restaurant Tabarka Annaba,2025-12-24T14:53:17.000Z,0,,,,,,,
841717,Delicious food  He has more food than the other casbah Istanbul's restaurants  Beautiful place  Prices are a little bit high The service is slow Recommended [COMPLAINT] [RECOMMENDATION],5646,Google Maps,Casbah Istanbul القصبة اسطنبول,2022-09-27T18:16:15.137Z,0,,,,,,,
317432,جيت ليك غير كيما صتك غالق,49856,tiktok,@saliiiiiihofood,2026-01-02T20:43:14.732219,1,,,,,,,
317434,win jay exct American snacks,60886,tiktok,@maestro_dz13,2026-01-02T21:23:32.535331,0,,,,,,,
972797,ختي هاد غير تاع حلويات ولا فيه لي سوندويتش,27158,tiktok,@ambiance_telemcen,2026-01-02T18:41:21.610676,0,,,,,,,
186378,هدو كاع 2000,66384,tiktok,@barbecue_restaurant,2026-01-02T21:50:19.049038,1,,,,,,,
186381,bouzereah mathkich,36506,tiktok,@seven.times,2026-01-02T19:31:36.116807,2,,,,,,,
579603,"Pas bon sah y’a bcp mieux, allez au jasmin",61138,tiktok,@roofttop_anaba,2026-01-02T21:24:28.393696,1,,,,,,,
579605,inchallah ydir m3a service wajeez la livraison,61584,tiktok,@guellil._.tasnim,2026-01-02T21:25:43.488214,1,,,,,,,
317465,2500 فيه 03 كعبات مرقاز,58656,tiktok,@la.nouvelle.etoile0,2026-01-02T21:21:02.250253,0,,,,,,,
841756,"Très mauvaise expérience, après une très longue attente pour être installés, on s'est dit que ça valait le coup. On commande, le très peu de choix qu'ils avaient, puis le serveur revient , il n'y a pas ce que l'on a prit. On change. Puis il revient : la cuisine ferme, il n'y a plus rien en salé. on avait commandé un burger , et le serveur nous dit qu'il vient de servir le dernier à la personne à côté. Bizarrement, lorsque l'on part 10 min après , la gérante qui amène un burger a une personne en terrasse. Donc ça dépend si vous êtes amis avec la gérante ou des touristes étrangers la cuisine sera ouverte :) sinon, passez votre chemin !",3759,Google Maps,Laurel Restaurant,2024-04-22T13:14:36.226Z,0,,,,,,,
972834,حبس محاجب ودورها اعلانات,49944,tiktok,@m7ajeb,2026-01-02T20:44:33.062631,27,,,,,,,
317478,خويا لعزيز رقم من فضلك,29522,tiktok,@elcuatro_burgers,2026-01-02T18:49:42.054427,0,,,,,,,
317481,انا توحمت عليه وجيت كليتو عندكم في سطاوالي وبنتي دوكا في عمرها 6,183,instagram,amine_la_cantine,2025-12-14T12:59:31.000Z,10,,,,,,,
317484,صطوالي ؟؟,39668,tiktok,@le_1675,2026-01-02T19:42:37.031626,1,,,,,,,
972846,c une merveille bon continuation,14160,tiktok,@les_jumelles,2026-01-02T18:01:20.508938,2,,,,,,,
710719,المهيم الحاج تاع ١٤ نحجه هوما مولاه جمال,32858,tiktok,@seven.times,2026-01-02T19:17:53.922559,0,,,,,,,
972865,كس نذوق تبان البنة,904,instagram,hichamcookgrill,2025-12-18T18:38:39.000Z,0,,,,,,,
186435,يجيب رزق ذراع نساالخالق الس يبسط الرزق,10990,Facebook,Restaurant Casa Bella - Draria,2025-10-11T05:25:39.000Z,1,,,,,,,
710729,Très bon et très copieux,3107,Google Maps,تاج محل بن عكنون,2023-09-03T20:53:14.877Z,0,,,,,,,
317519,ماشاء الله على أسرة الحكمة التربوية الخاصة,1595,instagram,pizzapocket_dz,2025-07-15T20:54:12.000Z,1,,,,,,,
186448,بلغراطوار,41646,tiktok,@street_food,2026-01-02T19:57:48.416294,0,,,,,,,
186454,"La nourriture est très bonne. Un large choix, le seul petit bémol c’est qu’ils n’avaient plus de pizza ce jour, mais sinon le reste était super bon. Tout est propre même les toilettes, belle décoration ! Je reviendrai sûrement !",7822,Google Maps,Restaurant À Petit Feu,2023-07-28T02:01:33.489Z,1,,,,,,,
579672,وين جاية بلاصتوا,48284,tiktok,@rahmani_food,2026-01-02T20:34:28.248859,0,,,,,,,
579677,Hicham cook أحسن مطعم زرته فالجزائر,2921,Google Maps,HichamCook Grill House,2022-04-25T23:33:43.235Z,1,,,,,,,
972894,توصيل باش جراح من فضلك,17170,tiktok,@casa_burger1,2026-01-02T18:11:29.399187,0,,,,,,,
579678,وحش يا طيف,71956,tiktok,@signature.dz,2026-01-02T22:12:08.065460,67,,,,,,,
317533,bonjour j'ai mangé là-bas elle est magnifique le goal de la viande elle est magnifique pour moi il est mieux que chinois,25574,tiktok,@lovers_grill,2026-01-02T18:33:50.475856,0,,,,,,,
972897,عيش حياتك يالشيخ,31700,tiktok,@entracte,2026-01-02T19:14:11.602575,3,,,,,,,
841827,Bon restaurant convivial avec une déco tres adapter . les plats sont bons avec des prix abordables,7863,Google Maps,American Burger said hamdine,2022-08-26T14:47:38.186Z,0,,,,,,,
186473,1 2 3 vive l'Algérie [APPRECIATION],25604,tiktok,@ofennec.officiel,2026-01-02T18:34:06.556549,4,,,,,,,
186474,قداه توصيل للبوني,55746,tiktok,@mfood.annaba,2026-01-02T21:14:08.503689,2,,,,,,,
972907,Very nice place Delicious food,6853,Google Maps,Restaurant À Petit Feu,2025-07-22T21:58:13.792Z,0,,,,,,,
317562,كون طلعت الفوق  [APPRECIATION],64644,tiktok,@cintra,2026-01-02T21:34:55.128029,0,,,,,,,
448634,Devenue trop. cher et les quantités sont reduites,3154,Google Maps,تاج محل بن عكنون,2022-08-17T15:23:18.651Z,1,,,,,,,
710785,"bonjour, c ou ce restaurant",17854,tiktok,@casabelladraria,2026-01-02T18:14:47.824014,0,,,,,,,
448642,تحياتي من قسنطينة وانشاء الله نزيد نرجع ل وهران المليحة والباهية بربي انشاء الله عن قريب جدا,67688,tiktok,@kartaj_oran,2026-01-02T21:53:12.911386,1,,,,,,,
972947,Combien le buffet,1829,instagram,sinai.dz,2025-03-21T17:36:29.000Z,0,,,,,,,
972958,Bravo franchement que dieu vous facilite,34882,tiktok,@sinai,2026-01-02T19:27:59.300979,1,,,,,,,
710824,زوج ملاين و نص لرطل سردين مشمخ في زيت مع فريت,13492,Facebook,Restaurant San Benito,2025-12-30T09:25:39.000Z,0,,,,,,,
710832,cemment je peux venir j'ai pas l. adresse pour mon GPS sinon avec plaisir bon ouverture,15138,tiktok,@lassiette.algeroise,2026-01-02T18:06:55.730501,0,,,,,,,
317618,Wine f baba hassen?,33562,tiktok,@restaurant_gizay,2026-01-02T19:22:45.945031,0,,,,,,,
841911,"J'ai changé mon avis après 02 ans. J'ai été hier avec la famille, on a été très déçus du service et de la qualité des plats. Pour ma part, j'ai pris une entrecôte qui n'était trop petite, servie froide, viande sèche, accompagnement ridicule, 1kg de frittes froide et molle. Mon épouse avait pris un filet, même chose. Restaurant détérioré, personnel très peu qualifié et mal préparé. Clim trop fort, son tv fort, temps d'attente long. Beaucoup de plats étaient absents même si ces dernières étaient dans votre carte. C'est la 2eme et dernière fois chez vous. Mr hichem, vous devriez revoir vos standards au prix que ça coûte.",2287,Google Maps,HichamCook Grill House,2025-11-12T19:34:06.862Z,0,,,,,,,
579771,Je confirme j’étais présente ds cette soirée et je suis venu après aussi mais c’était pas pareille,63348,tiktok,@santorino,2026-01-02T21:32:13.067109,2,,,,,,,
448701,غير أنا لي جيت وجامي لا نعاود نجي عندك صح المكان شباب بصح الماكلة لا علاقة والله غير عطيتونا ماكلة حامضة,10756,Facebook,Restaurant Casa Bella - Draria,2025-12-08T10:50:13.000Z,0,,,,,,,
841923,قاله تطور كبير,47344,tiktok,@street_food,2026-01-02T20:31:30.576952,0,,,,,,,
841926,"Très bon restaurant, servie rapide, lieu familial, plats variés",8047,Google Maps,Restaurant À Petit Feu,2022-12-29T19:38:01.492Z,4,,,,,,,
973000,درتلك ابينوووو,66840,tiktok,@bladi_oran,2026-01-02T21:51:22.962952,1,,,,,,,
317643,لمهم هداك جان صغير لي يقعد في لاكاس قلو بلي التجارة معاملة و ابتسامة مع زبون ناس راهي تجي تشري بدراهمها مهيش تطلب عليه 00 معاملة لخدامين لخرين كامل الله يبارك الا هو كنت كليون فيدال ل ستريت وعلى جالو كرهت ذيك لبلاصة علموهم قبل مادخلوهم للتجارة,40202,tiktok,@streetburger02,2026-01-02T19:44:10.396858,1,,,,,,,
186575,صاروخ وبيبه,12922,Facebook,Restaurant San Benito,2025-10-13T17:25:03.000Z,0,,,,,,,
710868,pourriez vous mettre le menu svp,15346,tiktok,@fouka.marine,2026-01-02T18:07:32.483987,1,,,,,,,
841943,tu a fait une scène du Grinch là  [APPRECIATION],73004,tiktok,@pont_hydra,2026-01-02T22:13:41.377510,1,,,,,,,
317656,انا تاني رحتلو غير مرة وحدة وكانت أسوأ تجربة هي القعدة ماشاء الله بصح مشها تاع ماكلة وسارفيس كيما هادا الماكلة زيها مليح بصح ماكليناش خاطر شفنا لي يطيب يلحس صوابعو كل مين يحط فالصحن ولي يعدل في لاموس او شوكولا يلحس الكأس من بعد يمسحو بالبابي مشوار  خلصنا وخرجنا والمشكل كنت مدايرة لايف ونقول مليح من بعد تشوكيت لمهم كانت أول مرة وآخر مرة [COMPLAINT],58270,tiktok,@vilageneige_annaba,2026-01-02T21:19:49.301145,0,,,,,,,
186587,مازال ب 20 الف نجيب ولادي.,53836,tiktok,@guellil._.tasnim,2026-01-02T21:08:13.490882,0,,,,,,,
448739,الأسعار خويا لماذا لا تعلنون عن الأسعار كيما مطعم فوفو,11127,Facebook,Restaurant Casa Bella - Draria,2025-08-31T19:53:33.000Z,0,,,,,,,
841957,J’y étais deja chez vous et franchement la baguette c’est une tuerie d’ailleurs c’est le serveur qui me l’a conseillée trop bonne  bonne continuation [APPRECIATION],53304,tiktok,@piadzo_food23,2026-01-02T21:07:09.087762,1,,,,,,,
710889,Je recommande  [APPRECIATION],5828,Google Maps,Casbah istanbul,2025-08-12T13:14:57.043Z,0,,,,,,,
579820,"La cuisine algérienne décroche la 1ʳᵉ place au niveau arabe et africain parmi les 100 meilleures cuisines du monde. Au classement mondial, la cuisine algérienne occupe la 21ᵉ position, selon le site spécialisé TasteAtlas, référence en gastronomie internationale. sur ce douce nuit",16970,tiktok,@user5834669559361,2026-01-02T18:10:52.141277,1,,,,,,,
317681,كل شيء جميل ورائع الا تقديم المشروبات الكحولية في الطابق الثاني . لا يجوز,7632,Google Maps,Restaurant À Petit Feu,2024-01-20T17:47:02.805Z,1,,,,,,,
317691,L'excellence!,3082,Google Maps,تاج محل بن عكنون,2024-03-12T15:22:00.052Z,0,,,,,,,
710909,que de la mayonnaise,56312,tiktok,@the_chef_house_23,2026-01-02T21:14:39.906290,0,,,,,,,
710923,انا ماعجبنيش بدراهمك تخلص غالي و شاورما شوية تحسب راك تطلب عليهم,46568,tiktok,@oumanger.oran,2026-01-02T20:23:51.156859,0,,,,,,,
186644,La réception 00000,4439,Google Maps,هشام كوك بيتزا,2024-02-16T13:57:01.035Z,0,,,,,,,
842012,ديك هي الفايده ربي يعينك [APPRECIATION],42666,tiktok,@street_food,2026-01-02T19:58:43.840583,1,,,,,,,
317742,oui je confirme klit andou sandwich la bella benna  [APPRECIATION],20344,tiktok,@labelladalger16,2026-01-02T18:19:35.299489,0,,,,,,,
317751,Ma mère tout court,21258,tiktok,@triple_,2026-01-02T18:22:04.417993,0,,,,,,,
579896,respect  [APPRECIATION],68982,tiktok,@cote_oran,2026-01-02T21:57:40.596999,1,,,,,,,
448823,"Excellent restaurant, service 10/10",6037,Google Maps,Casbah istanbul,2024-09-25T17:32:25.394Z,0,,,,,,,
973111,"Avec la sauce sucrée piquante, c’est nickel [APPRECIATION]",40072,tiktok,@streetburger02,2026-01-02T19:44:06.321200,0,,,,,,,
973118,waqila je passe  aujourd'hui,26558,tiktok,@labelladalger16,2026-01-02T18:37:01.458470,0,,,,,,,
579903,خلصي عليا عشا ههههه,67738,tiktok,@kartaj_oran,2026-01-02T21:53:15.368234,0,,,,,,,
186689,مطعم نضيف بزاف والاكل بنين بزاف,8997,Facebook,"  Sultan Restaurants


",2025-11-15T10:38:02.000Z,0,,,,,,,
448836,نموت بالشر وماناكلش ماكلة برا الله غالب,42068,tiktok,@street_food,2026-01-02T19:57:59.469246,0,,,,,,,
579909,عللى هادي نجي ناس الغرب ياخويا ياخويا منقدرش كي نسمع هدرتهم تعجبني,13437,Facebook,Restaurant San Benito,2025-10-13T18:04:38.000Z,0,,,,,,,
317767,القطارة,56792,tiktok,@lucia_annaba,2026-01-02T21:16:23.141790,0,,,,,,,
710984,Mansøur Møu Řad حنا نشروه ب سبعين الف,9850,Facebook,Dz Forest Restaura,2025-10-13T16:40:48.000Z,0,,,,,,,
186727,"Accueil froid, juste la demoiselle a l'entrée qui est souriante . Service correct . on est bien servi et assez rapidement Pas de verre systématiquement à table Quand vous commandez un bouteille d'eau un verre destiné à la personne concernée seulement. Pizza fromage trop grasse le gras coule littéralement, on ne sent pas trop le fromage Kunafa bonne un peu trop sucrée (De préférence laisser le client saucer a son goût) Le fromage blanc à la menthe hyper acide À Rééquilibrer .",5190,Google Maps,Casbah Istanbul القصبة اسطنبول,2024-12-10T13:38:44.565Z,0,,,,,,,
317803,"Un accueil chaleureux, personnel très sympathique et attentionné et sans parler de la bonne bouffe",6743,Google Maps,American Burger said hamdine,2025-09-16T12:36:09.119Z,0,,,,,,,
317805,يا حي علي وصايي,14482,tiktok,@les_jumelles,2026-01-02T18:01:29.001318,0,,,,,,,
711021,ديرلو بيبلسيتي متحسدش خوك,44964,tiktok,@plaquiste_oran,2026-01-02T20:15:28.996293,0,,,,,,,
711023,quand je suis venu c'était la he's ya pas tout ça ! j'ai la rage,25164,tiktok,@lovers_grill,2026-01-02T18:33:07.362100,12,,,,,,,
317812,مصحتكم,2087,instagram,triple.r.restaurant,2025-09-14T22:29:00.000Z,3,,,,,,,
842101,Félicitations,1781,instagram,seven_times_la_villa,2025-10-02T10:50:17.000Z,2,,,,,,,
579957,لالا قوليلهم تيتانيك 2000 دج و يتهلاو فيك كي تستعملي كلمة بابور تيتانيك مرحبا بك [APPRECIATION],33788,tiktok,@restaurant_gizay,2026-01-02T19:22:52.171874,1,,,,,,,
711035,الكلام مايكفي في وصف المطعم كأجواء وخدمه وجوده الطعام حتى وقت ينزل الطلب الشيف يكون متواجد ويسالك بعد ماتاكل عن جودة الاكل ولو عندك اي ملاحظات ايضا هناك سيدة ترحب بك في مدخل المطعم وتودعك عند الخروج اكلت فيه مرتين الاثنين اروع من بعض شي خورافي انصح الكل فيو المنيو كبير والاكل مثل المنيو اطعم شي حبيته مع ان كتير اصناف تحفه الكفته المشويه وفيه صدور الفرح المشويه فخمه ولذيذه,5358,Google Maps,Casbah Istanbul القصبة اسطنبول,2023-10-28T07:23:01.386Z,1,,,,,,,
448895,"Très mauvais, mon ami (ainsi que 4 autres personnes) a eu une intoxication en mangeant chez eux Je déconseille.",7459,Google Maps,American Burger said hamdine,2024-08-22T22:55:49.002Z,0,,,,,,,
842116,moi j'adore manger les escargots et j'aime natbahdal pas de soucis ça fait partie du charme .,72150,tiktok,@pont_hydra,2026-01-02T22:13:14.227723,0,,,,,,,
973189,"Among best places to eat in Algier. Local red wine is decent, dishes very well prepared, nothing fancy to good food and atmosphere to spend hours chatting. Worth to visit!",3460,Google Maps,Caracoya,2023-06-03T08:07:48.323Z,0,,,,,,,
448902,غير نتاع كروشكم كي زوايل,11164,Facebook,Restaurant Casa Bella - Draria,2025-07-26T22:40:28.000Z,0,,,,,,,
711047,Sandwichs et burger très bons. Je recommande,7772,Google Maps,American Burger Factory,2025-03-31T01:29:13.208Z,0,,,,,,,
448918,لأنه فيه بركة الخنزيات,42054,tiktok,@street_food,2026-01-02T19:57:59.469229,1,,,,,,,
448921,vous faites des livraisons,43238,tiktok,@tastycroustydz15,2026-01-02T20:05:12.220783,0,,,,,,,
842145,اذا كملو بالمقاطعة ماراحش يخدم ويسكر في شهر الاول,37608,tiktok,@kfc,2026-01-02T19:39:17.543564,267,,,,,,,
317858,روح اغسل التريكو تعك و الكسكسطة و من بعد جينا الشهية,12311,Facebook,Restaurant San Benito,2025-10-30T13:38:47.000Z,0,,,,,,,
580013,jolie. mais les tables sont faites pour deux personnes,61770,tiktok,@restaurant.primo,2026-01-02T21:26:01.045083,0,,,,,,,
842159,"Nourriture délicieuse, authentiquement turque, accueil plutôt rapide malgré le succès du restaurant. Je recommande à 100%",5449,Google Maps,قصبة اسطنبول,2023-09-03T09:02:07.943Z,0,,,,,,,
711103,شعال سمی,39896,tiktok,@streetburger02,2026-01-02T19:44:03.525677,0,,,,,,,
186817,"C'est pas donné à tout le monde d'être respectueux ! L'éducation fait partie de la religion, notre Prophète Muhammad (ﷺ) ne critiquait jamais un plat ; s'il l'aimait, il le mangeait, sinon il le laissait sans rien dire, montrant une grande modération et un respect pour la nourriture, sans gaspiller ni blesser les gens. Qu'Allah nous guide dans le droit chemin amin",16744,tiktok,@user5834669559361,2026-01-02T18:10:46.256476,166,,,,,,,
580037,Barkat Mohamed نسالك عشاء عند احسن مطعم في الجزائر,9614,Facebook,"  Restaurant elassil








",2025-12-16T21:32:35.000Z,1,,,,,,,
842188,"Je respecte bien le monsieur Hicham cook, et justement je voulais mettre cet avis pour participer à l’amélioration du restaurant.",4074,Google Maps,هشام كوك بيتزا,2025-06-22T10:37:35.049Z,0,,,,,,,
580046,Plutôt sympathique. personnel a l'écoute. service rapide,8554,Google Maps,American Burger Factory,2022-11-19T14:34:49.276Z,4,,,,,,,
317907,عربية,43448,tiktok,@cassecroute_dz,2026-01-02T20:09:05.572176,1,,,,,,,
842196,أكليت يامس . غير الكدب واش من حاله,12989,Facebook,Restaurant San Benito,2025-10-29T12:46:57.000Z,0,,,,,,,
448994,"Great seating, lively atmosphere and family friendly. We were thrilled to see ramps for accessibility! Not a common sight in Algiers. The food was also great!",5672,Google Maps,Casbah Istanbul القصبة اسطنبول,2022-06-04T19:00:19.630Z,0,,,,,,,
580069,"I had not eaten for 24h and i couldn't bring myself to finish the food. We took some chicken sauce it was alright , rice was too plain and tasteless. the chicken kebab was sour too much spices and not a good taste . Overpriced nothing exceptional in the food they serve , if you steam rice and sell it for 10 times the price it's not justified , same for soda . waiters were nice enough to heat milk bottle for my baby which was the only positive.",3044,Google Maps,تاج محل بن عكنون,2024-12-12T14:49:29.115Z,0,,,,,,,
842214,"انا جامي درت ابوني لأي واحد من مؤثرين تاع dz. , انانتي درتهالك بسباب la voice تاعك. تحياتي لك",39540,tiktok,@le_1675,2026-01-02T19:42:35.045151,4,,,,,,,
711150,متين الف تجيب 8 شوارما اي يعني اكثر من هكا,33988,tiktok,@restaurant_gizay,2026-01-02T19:22:56.507972,0,,,,,,,
449010,tres bon service,7323,Google Maps,American Burger Factory,2025-05-23T21:51:06.203Z,0,,,,,,,
186870,حسناوي وهران,67740,tiktok,@kartaj_oran,2026-01-02T21:53:15.368235,0,,,,,,,
973307,impossible  [APPRECIATION],60028,tiktok,@the_throne_annaba,2026-01-02T21:22:25.152151,2,,,,,,,
580095,ماخيتي,868,instagram,hichamcookgrill,2025-12-20T15:14:00.000Z,1,,,,,,,
580119,بديك اللحية مانكلش عندك لوكان تمدهالي باطل. نورمالمو واحد كما انت ممنوع يطيب فمطعم.,10976,Facebook,Restaurant Casa Bella - Draria,2025-07-28T00:38:10.000Z,1,,,,,,,
973343,اشريت عندك سندويش،ولامرة،شوفتو،عامر،هاكذا،هاذا،الا،في،الاشهار,12464,Facebook,Restaurant Rais,2025-10-12T21:16:19.000Z,3,,,,,,,
842276,win les bâtiments li en face l pizza feu de bois ta3 saint cloud,56892,tiktok,@papillons827,2026-01-02T21:16:42.512490,7,,,,,,,
842279,hna tslk credit t3k,70600,tiktok,@le_petit_chalet,2026-01-02T22:00:28.463106,0,,,,,,,
973358,c'est où  [APPRECIATION],34830,tiktok,@sinai,2026-01-02T19:27:59.292563,1,,,,,,,
318011,ماشاء الله وعلاه تشهي فيا,28932,tiktok,@snacky_time_kouba,2026-01-02T18:47:52.389986,0,,,,,,,
449090,ربي يبارك فيكم ويحفظكم من العين  [APPRECIATION],67610,tiktok,@bladi_oran,2026-01-02T21:51:52.899293,0,,,,,,,
318019,elle manque d d'education,16700,tiktok,@user5834669559361,2026-01-02T18:10:46.252462,0,,,,,,,
318023,وانا درته مشي باه نكلاشي غير باه ناس تحمد ربي وتتفكر ولاد غزة وتحس نعمة الامن لي راهي عندك,12819,Facebook,Restaurant San Benito,2025-10-14T01:27:32.000Z,0,,,,,,,
186956,وين جيا هذي,17728,tiktok,@le_dauphin_restaurant,2026-01-02T18:13:51.586068,0,,,,,,,
318041,خاوتي لي راه حاب اروح علاجال الطعم و المذاق اخطيكم لحم عادي جدا ماكاش طعم خاص و ايضا كمونديت 3ولا 4 اطباق تاع اللحم الطعم تاعهم كامل كيف كيف شغل لحم نورمال برك طايب مليح عندك غير كبدة مشرملة بنينة بزاف هذا ماكان لكن عامة مايستاهلش و لي حاب اروح يدي كبدة مشرملة لازم و السلام,2754,Google Maps,HichamCook Grill House,2023-03-20T11:57:56.925Z,7,,,,,,,
186973,Très bonne découverte . service très personnel le personnel très agréable. La cuisine très très très très bonne . merci pour tous,5327,Google Maps,Casbah Istanbul القصبة اسطنبول,2024-01-10T20:05:20.127Z,0,,,,,,,
449118,Forevet Living kifkif 1h bach jaw chedo la commande brk,9016,Facebook,,2025-10-20T18:13:30.000Z,0,,,,,,,
842341,كاين واحد في باتي يبيع كارانتيكل,49868,tiktok,@flamingo,2026-01-02T20:44:07.237953,1,,,,,,,
711272,انا من قسنطينة وجربت البستان هاايل ماشاء الله,58992,tiktok,@maestro_dz13,2026-01-02T21:21:22.102201,0,,,,,,,
711274,كي مفيهاش الخبز مناكلش بطلت,44088,tiktok,@dzforestrestaurants,2026-01-02T20:11:38.303307,0,,,,,,,
580206,(cest pas le plus important) la born de command march pas mdrr,45354,tiktok,@budz,2026-01-02T20:15:56.664385,0,,,,,,,
449135,بركة اسمها بركة يد انسان هذا هو رزقه تاكل تجيك بنينة حتى ترجعله اذا كانت نفس بنة دار شكون ياكل عندو,41522,tiktok,@street_food,2026-01-02T19:57:43.732939,2,,,,,,,
318065,خليونا من الاسعار والديكور في هاد لبلايص تلقااو غير الزين احي عليا مليح لواحد يروح يسترزق خير والله لماكلة نطيبها في دارنا,19352,tiktok,@helena,2026-01-02T18:16:38.066855,0,,,,,,,
973429,خليل رحماني محشيتلكم,10603,Facebook,Dz Forest Restaura,2025-10-13T14:16:31.000Z,0,,,,,,,
580233,تكذب جيت مرة وندمت على النهار الي تعشيت فيه تماك,10461,Facebook,Restaurant Casa Bella - Draria,2025-12-07T13:45:02.000Z,0,,,,,,,
580241,بينا غالي الحاج [APPRECIATION],51006,tiktok,@broaster_chiken,2026-01-02T20:59:48.842405,0,,,,,,,
449174,راكم فلفل غالي,37544,tiktok,@restaurant.madala,2026-01-02T19:34:56.280237,0,,,,,,,
318107,تحيا النقى و البنة,70980,tiktok,@paradou_restaurant,2026-01-02T22:04:53.914381,0,,,,,,,
580253,livraison maintenant,39716,tiktok,@benko.games,2026-01-02T19:43:06.957379,1,,,,,,,
187040,صفّر الخدمات,58168,tiktok,@vilageneige_annaba,2026-01-02T21:19:46.701416,1,,,,,,,
580259,البستان اول في عنابة 10/10,58768,tiktok,@maestro_dz13,2026-01-02T21:21:18.793028,0,,,,,,,
842413,ydirou livraison ? stp num,29874,tiktok,@youzifood,2026-01-02T18:52:38.573433,2,,,,,,,
187061,"Livraison Yassir: tout était froid, et la qualité des ingrédients était médiocre. Vraiment déçu. Désolé mais je ne recommande pas.",6783,Google Maps,American Burger Factory,2025-08-09T21:26:04.887Z,1,,,,,,,
580281,4h45 de chez moi,26312,tiktok,@lovers_grill,2026-01-02T18:34:55.974015,0,,,,,,,
318138,omg les tonnes de sauces,45454,tiktok,@budz,2026-01-02T20:15:58.944582,0,,,,,,,
449218,المطعم يبان 9/10 بصح قعرها كي حط صورة تاع متخلقة كيما بيلي ايليش ماهمش علامة تحضر ولا انفتاح هاذو اصلا,1064,instagram,imstarvingfood,2025-04-22T16:49:08.000Z,0,,,,,,,
711375,actuellement au bled en train de scrollet et snap mon chiken spyci à budz dans le même restoje vous invite à aller c'est vrmt trop bon  [APPRECIATION],45222,tiktok,@budz,2026-01-02T20:15:53.013136,1,,,,,,,
842448,Je connais ce monsieur nous sommes de la même région j'ai même travaillé avec lui,73126,tiktok,@pont_hydra,2026-01-02T22:13:48.279095,0,,,,,,,
187099,وين جاي المحل تاعك أخي. بارك الله فيك.,11459,Facebook,Restaurant San Benito,2025-07-30T16:06:29.000Z,0,,,,,,,
187100,magnifique endroit familial très bon accueil restaurantion 10/10 très satisfait .,64870,tiktok,@pizzeria_garden,2026-01-02T21:36:59.564159,1,,,,,,,
711392,The food was not good at all The waiters actually talk only their language which consider so rude cuz they except u to understand like wow not polite + they keep an eye on you while eating providing no freaking space to eat at ease,5430,Google Maps,Casbah Istanbul القصبة اسطنبول,2023-06-18T13:44:19.688Z,2,,,,,,,
580335,L’idée vient de London mais ici à Londres c un café c le même décore et le même nom,18774,tiktok,@helena,2026-01-02T18:16:19.541937,0,,,,,,,
187121,لاه ما تحكيوش على الاسعار حنا جايين مع لافامي من عنابة ممكن تقولولي الاسعار,22252,tiktok,@cezam,2026-01-02T18:23:30.708533,5,,,,,,,
711422,merci cher madame pour ma Bourgogne natale  [APPRECIATION],72192,tiktok,@pont_hydra,2026-01-02T22:13:17.221185,0,,,,,,,
973568,الرد مضمون ان شاء الله,34756,tiktok,@sinai,2026-01-02T19:27:57.400155,1,,,,,,,
187152,C des voleurs de première catégorie les serveurs turques comme si ils ne comprennent pas ce que tu dis alors On nous a imposé des plats qu'on avait pas commander au début j'avais cru que m'en 3and la maison la salade mais khbetna après f la caisse zid technaf et on est mal servi. Attention les arnaqueurs,5406,Google Maps,Casbah Istanbul القصبة اسطنبول,2023-08-13T05:15:02.068Z,2,,,,,,,
973585,"A éviter si vous voulez voir un match de foot, on a consommé plus de 5000 da après tefawelna la télé fi wetchna et kalolna makch connexion.",7708,Google Maps,American Burger Factory,2025-04-16T20:10:21.419Z,0,,,,,,,
973595,بصحتك انا جربت تاع آلجي سونطر عادي سوندويتش ناشف وهذيك تاع مقله مكثرين كرام فراش تقول حطوها هكذاك,31154,tiktok,@taylor,2026-01-02T19:10:49.007340,0,,,,,,,
973610,ورينا خويا بفيديو للناس البعيدة,62476,tiktok,@benete_wahran,2026-01-02T21:30:34.706735,0,,,,,,,
842547,أنا وليت نخمم هكذا كيما يماك عندها الحق وشنو الحوت برك اللي نحب ناكلو برا خاطرش منعرفش نطيبو,21108,tiktok,@triple_,2026-01-02T18:22:01.861500,9,,,,,,,
973623,قطعوه. متشريش من عندو,38910,tiktok,@kfc,2026-01-02T19:39:59.233059,0,,,,,,,
580416,makla mchi hta ltm w l quantité nrml w service t9iiiiil bzzf g3dna blk 15 min Bach comondina w wahd 1 hour Bach jablna,65466,tiktok,@frono_oran,2026-01-02T21:43:09.522769,5,,,,,,,
449346,"Super expérience ! Accueil au top, personnel très gentil et serviable. Tous les plats étaient délicieux : pâtes, pizzas, lasagnes… rien à dire. La présentation était soignée et les serveurs discrets mais toujours là. Merci à toute l’équipe !",4652,Google Maps,Hicham cook pizza pasta,2025-07-26T09:25:32.552Z,0,,,,,,,
187205,وين جاية هد ريستو [APPRECIATION],30368,tiktok,@lasombra.dz,2026-01-02T18:58:22.671339,1,,,,,,,
318278,اشحل اسقملى هد 1. 50,39126,tiktok,@itchy_food,2026-01-02T19:41:08.088637,0,,,,,,,
449353,"Super expérience, on se croirait en Italie. La décoration est magnifique. Nous étions installés sur la terrasse, bien qu'il faisait chaud il y avait un courant d'air agréable. (Petit chaton adorable) Le bruit des voitures n'est pas très dérangeant. Merci pour une cuisine goûteuse. Un service excellent, le serveur était attentifs.",4282,Google Maps,هشام كوك بيتزا,2024-07-20T21:03:36.310Z,0,,,,,,,
187212,Congratulations,2238,instagram,teyr_ellil,2025-03-12T17:40:11.000Z,1,,,,,,,
580429,très très cher,32936,tiktok,@sinai,2026-01-02T19:18:30.249636,0,,,,,,,
449358,a la maison on le mange au cure dent ça me rappelle mon papa chéri Allah yarehmou,73680,tiktok,@pont_hydra,2026-01-02T22:14:01.029705,0,,,,,,,
318286,"Trop bonne , ne changez surtout pas la recette  [APPRECIATION]",1587,instagram,pizzapocket_dz,2025-11-10T16:39:58.000Z,2,,,,,,,
711503,ouï Je suis contre de manger dehors la maison,21224,tiktok,@triple_,2026-01-02T18:22:03.698260,0,,,,,,,
318310,"Nous avons fait une livraison à 2km de distance, 1h40 aucune réception. Service très lent et mal géré et au final ils finissent par ne pas répondre à nos appels pour réclamer et nous laissent sans réponse. Franchement aucun professionnalisme, très déçue",8392,Google Maps,American Burger Factory,2024-03-08T20:26:14.671Z,2,,,,,,,
318322,Nul pourquoi mettre un numéro de téléphone si c'est pour raccrocher aux clients sans meme rappeler . et je ne vous parle meme pas des prix exagéré .,3874,Google Maps,L’Alchimiste Pâtisserie,2024-08-20T16:12:17.882Z,0,,,,,,,
842612,je participe je ramène mes parents  [APPRECIATION],66830,tiktok,@bladi_oran,2026-01-02T21:51:22.962940,1,,,,,,,
318328,هدا حل جديد انا نسكن في زعفرانية كيفاه ماشفتوش هدا عليا انشاءالله غدوي نروح عندي سخفتينيبصحتك [APPRECIATION],61548,tiktok,@guellil._.tasnim,2026-01-02T21:25:39.597079,0,,,,,,,
580473,my fav place  الراحة النفسية كي نقعد فيه [APPRECIATION] [RECOMMENDATION],56190,tiktok,@the_chef_house_23,2026-01-02T21:14:34.099101,1,,,,,,,
187258,Le meilleur opium,71664,tiktok,@opium,2026-01-02T22:10:08.991098,0,,,,,,,
842630,C'est parmi les meilleurs endroits où on peut manger en famille sur Alger,7800,Google Maps,Restaurant À Petit Feu,2023-08-24T19:51:02.024Z,1,,,,,,,
580488,Service  3am Bach ydjiw wghali [COMPLAINT],71134,tiktok,@paradou_restaurant,2026-01-02T22:05:01.462625,0,,,,,,,
711562,d discotheque,23460,tiktok,@moonzrestaurant,2026-01-02T18:25:45.191551,1,,,,,,,
842645,et le prix c'est à combien,32958,tiktok,@sinai,2026-01-02T19:18:31.100586,0,,,,,,,
842652,كاشير,12482,Facebook,Restaurant Rais,2025-10-12T23:39:43.000Z,0,,,,,,,
187298,ديرهم. اومبورتي وابعتهم عشوائيا من طرف المطعم,16176,tiktok,@mardoum,2026-01-02T18:08:06.266968,0,,,,,,,
711591,#Bigbentown,59662,tiktok,@maestro_dz13,2026-01-02T21:21:38.565826,0,,,,,,,
711605,مشاء الله تبارك الله ماكلة نضيفة,10386,Facebook,Restaurant Casa Bella - Draria,2025-12-06T19:36:35.000Z,1,,,,,,,
842678,l'endroit très spacieux ? !  êtes vous sûr ? !  [INQUIRY],46924,tiktok,@seven_burgers,2026-01-02T20:24:48.066573,1,,,,,,,
449465,وين مكن,26748,tiktok,@seven.times,2026-01-02T18:39:08.809943,1,,,,,,,
449476,عند حسان وخوتوه الله يبارك السعر ونظافة,58454,tiktok,@la.nouvelle.etoile0,2026-01-02T21:20:58.168423,0,,,,,,,
711623,ummmmm ça à l'air trop bon  [APPRECIATION],64148,tiktok,@restauranttrattoriaoran,2026-01-02T21:34:11.259413,2,,,,,,,
711624,A little bit expensive but good pizzas,7937,Google Maps,Restaurant À Petit Feu,2023-05-04T21:51:11.137Z,0,,,,,,,
187337,"Très bon, le service est au top et le cadre super joli!",32842,tiktok,@seven.times,2026-01-02T19:17:53.922342,0,,,,,,,
318409,chicha monthe chhal ?,27070,tiktok,@seven.times,2026-01-02T18:39:22.006426,0,,,,,,,
187339,"Super découverte , goût au top, prix adorables et très propre et ouvert jusqu’à 2h d mat .",48482,tiktok,@hafakafood,2026-01-02T20:35:30.820712,1,,,,,,,
711628,وين راهم البراميل,64642,tiktok,@cintra,2026-01-02T21:34:55.128027,0,,,,,,,
973770,bonne courage zaki,40088,tiktok,@streetburger02,2026-01-02T19:44:07.919403,0,,,,,,,
711635,Courage et bonne continuation  [APPRECIATION],14168,tiktok,@les_jumelles,2026-01-02T18:01:20.508948,2,,,,,,,
842712,C'est koi le menu servi a partir de 2000 da,10235,Facebook,"  Sultan Restaurants


",2025-10-30T17:31:40.000Z,0,,,,,,,
187356,les influenceur reja3toh. social,71010,tiktok,@paradou_restaurant,2026-01-02T22:04:54.797467,0,,,,,,,
449509,مليح كي يكون جديد برك كي يقعد يفسد,53060,tiktok,@patisserie_annaba,2026-01-02T21:04:21.547849,0,,,,,,,
973808,Meilleur chawarma ! K nahbett vacances nji direct noukel tema,55892,tiktok,@mfood.annaba,2026-01-02T21:14:13.045525,1,,,,,,,
449531,"Les deux plats étaient bons, mais dans ce genre d’établissement on paie plus le “nom” et l’ “emplacement” qu’autre choses. Une petite remarque, pour un restaurant aussi grand c’est pas concevable d’avoir qu’un seul sanitaire (en plus le personnel l’utilisait)",5077,Google Maps,Casbah Istanbul القصبة اسطنبول,2025-10-08T19:08:15.094Z,0,,,,,,,
973821,ميلونج تاع كرطون المرض ديراكت,11375,Facebook,Restaurant San Benito,2025-07-27T09:14:24.000Z,6,,,,,,,
580608,"Une addition que vous n'avez certainement pas payé. Car si c'était le cas, vous aurez descendu le resto en flammes. Et c'est tout l'intérêt de vos vidéos. Racketter les resto et les hôtels.",66216,tiktok,@ambassadeurs,2026-01-02T21:47:49.680048,1,,,,,,,
449543,شباب وغالي ومماش وين تڤاري,19110,tiktok,@helena,2026-01-02T18:16:27.565019,0,,,,,,,
973832,livraison belgaid combien,70634,tiktok,@my_pizza_oran,2026-01-02T22:00:41.861474,0,,,,,,,
187402,les prix sont très raisonnables allah ibarek  [APPRECIATION],37126,tiktok,@restaurant.madala,2026-01-02T19:34:45.311571,1,,,,,,,
318477,"Good luck, bon appetit, delicious food  [APPRECIATION] [RECOMMENDATION] [PRICE]",13839,Facebook,Restaurant San Benito,2025-12-28T08:32:10.000Z,0,,,,,,,
318489,"I liked how my friend and I were welcomed at the entrance with smile from the guy with a nice suit. The kunafa was tasty, the tea is nice Turkish tea but I got a plastic spoon in contrary the other tea was with a normal one. I think with such an investment in the restaurant and nice cups and saucers we should get at least a normal spoon for the price we pay. The thing that I didn't like the most, was when the server took the dishes and cleaned the table while we were still sitting, it was less than 15 minutes from having our kunafa and we spent the same time waiting before having our order, he didn't even ask us if we want to order something else. We entered happy, we leaved angry.",6302,Google Maps,Casbah Istanbul,2021-11-03T09:50:33.401Z,9,,,,,,,
187427,بسم الله مشاء الله,39166,tiktok,@itchy_food,2026-01-02T19:41:08.941131,0,,,,,,,
318500,قاله من لماجوار للجاڨوار,57468,tiktok,@_le216_,2026-01-02T21:17:23.715885,0,,,,,,,
318507,النظافة من الإيمان,42202,tiktok,@street_food,2026-01-02T19:58:02.743672,0,,,,,,,
842796,عندو مكان للعائلات,53910,tiktok,@guellil._.tasnim,2026-01-02T21:08:15.001582,0,,,,,,,
711742,"Le Meilleur, Resto, indien sur Alger c’est celui de Benaknoun",3014,Google Maps,تاج محل بن عكنون,2025-07-07T21:40:58.218Z,0,,,,,,,
580670,هشام كوك برك اشيان,4068,Google Maps,هشام كوك بيتزا,2025-06-29T19:35:58.634Z,0,,,,,,,
449602,"Désolé mais ça laisse à désirer , tous est acide , très très mauvaise expérience",6052,Google Maps,Casbah istanbul,2024-09-02T11:43:39.871Z,0,,,,,,,
711752,La nourriture est bonne mais il était prévu qui est un clown à 20 heure il est actuellement 21:10 pas de clown c’est du n’importe quoi !,4092,Google Maps,هشام كوك بيتزا,2025-04-24T20:10:35.238Z,0,,,,,,,
580697,Mais le sens de Thala c'est la fontaine.,27482,tiktok,@thala,2026-01-02T18:44:48.001879,1,,,,,,,
580699,"Itt wass very delicious, and we discussed quite important subjects",1579,instagram,pizzapocket_dz,2025-10-14T17:43:23.000Z,3,,,,,,,
580715,ومعا ربي كيفاه,57294,tiktok,@_le216_,2026-01-02T21:17:20.584064,3,,,,,,,
973932,شحال plat كيما هذا وشكرا,16380,tiktok,@soltane.el.kababe,2026-01-02T18:08:23.862090,2,,,,,,,
449646,والله لصح يهبل بنين مزال في خاطري,30846,tiktok,@roi_du_fajitas,2026-01-02T19:08:41.599890,5,,,,,,,
973938,c'est une spécialité omanaise faite dans la nature,25860,tiktok,@ofennec.officiel,2026-01-02T18:34:13.583566,0,,,,,,,
711794,الله يبارك كي نجي وهران انا ولدي انجي عندكم,66870,tiktok,@bladi_oran,2026-01-02T21:51:27.166004,0,,,,,,,
449652,والبنة تاع دراهم تحطهم وتخرج قبل ماتاكل  [APPRECIATION],17684,tiktok,@seven.times.luxury,2026-01-02T18:13:19.186022,0,,,,,,,
318604,Saumon congelé ou frais dis moi,11944,Facebook,Restaurant San Benito,2025-10-26T14:16:37.000Z,0,,,,,,,
580753,مشاء الله و ربي بارك . و الله حاجة تشرف مطعم بمستوى عالمي,2922,Google Maps,HichamCook Grill House,2022-04-25T23:11:49.194Z,1,,,,,,,
973972,C’est pas bon du touuut,28860,tiktok,@snacky_time_kouba,2026-01-02T18:47:50.705861,0,,,,,,,
318613,مشاءالله تبارك الرحمن دارك هاذي,60406,tiktok,@seraidi.live.z,2026-01-02T21:22:50.506812,1,,,,,,,
973974,Excellent à tester si vous êtes sur Alger,3599,Google Maps,Laurel Restaurant,2025-11-10T14:58:26.650Z,0,,,,,,,
318617,"Franchement très satisfait. Hygiène impeccable, très bon service et surtout un régal pour les papilles. Que cela soit la viande ou la pâte, je ne regrette par d’y être passé.",6190,Google Maps,Casbah istanbul,2023-03-04T13:28:04.647Z,1,,,,,,,
842915,"Lieu correcte, un peu plus de monde le week-end, donc il faut faire la queue en attendant qu'une place se libère, la nourriture est bonne (mais je préfère celui de Benak), les serveurs algériens sont attentifs mais les autres un peu emballés par ce qui se passe autour d'eux, les quantités ont un peu diminuer à mon avis, en gros c'est un bon plan de passage.",6025,Google Maps,Casbah istanbul,2024-11-15T14:51:05.110Z,0,,,,,,,
711844,Un restaurant bien décoré où l'on mange de la bonne cuisine variée et épicée. Des plats consistants et goûteux qui vous transportent et vous plongent dans la gastronomie indienne.,3281,Google Maps,تاج محل بن عكنون,2018-09-15T10:22:03.715Z,1,,,,,,,
842916,كليت عندكم مشاء الله تبارك الرحمن صح مكانش منافس ١٠٠%% [RECOMMENDATION],28816,tiktok,@snacky_time_kouba,2026-01-02T18:47:46.405150,2,,,,,,,
711857,الله يبارك بالتوفيق ان شاء الله,62274,tiktok,@hamidhamid806,2026-01-02T21:29:12.264902,1,,,,,,,
842938,شحال توصيل برج البحري,30060,tiktok,@pizza_carie_touati_,2026-01-02T18:54:36.682739,0,,,,,,,
318660,خماج يديرو النسا خدامات غير باش القطيع نتاع الذباب يجي ياكل ياخي حالة ياخي,13405,Facebook,Restaurant San Benito,2025-10-13T19:24:36.000Z,0,,,,,,,
187593,Kayen Hani za3im bon courage,7958,Google Maps,American Burger Factory,2025-02-07T19:44:45.056Z,0,,,,,,,
842954,بركاونا من التمسخير اهدرو الصح,11491,Facebook,Restaurant San Benito,2025-08-04T00:54:03.000Z,1,,,,,,,
974030,La chakchouka c’est pas ça ? Ce que ta montre C’est juste felfla et frites mdr,34912,tiktok,@sinai,2026-01-02T19:28:00.128264,27,,,,,,,
580815,je confirme ces bon surtout les galibres 12 de Bourgogne munnn,72382,tiktok,@pont_hydra,2026-01-02T22:13:21.475063,0,,,,,,,
187602,ماشاء الله عليكم بنة ومعاملة [APPRECIATION],49706,tiktok,@gosto_fast_food,2026-01-02T20:41:43.663197,1,,,,,,,
187604,مطعم الرايس - Restaurant Rais khoya il y a des ingrédients où ça se mélange pas c'est des conseillé pour la santé la cuisine c'est pas khalet ou ati lnass yaklo Lik tafhem khoya,12537,Facebook,Restaurant Rais,2025-10-13T08:10:13.000Z,0,,,,,,,
449754,باينة بلي تقلشي الزبون [APPRECIATION],13390,Facebook,Restaurant San Benito,2025-12-17T19:28:39.000Z,0,,,,,,,
449762,Youcef et mounir et ghillas,8095,Google Maps,American Burger Factory,2025-02-02T20:40:21.179Z,0,,,,,,,
580834,3atchin hyathom,23444,tiktok,@moonzrestaurant,2026-01-02T18:25:44.360454,1,,,,,,,
842996,Oussama Ussdz Le crevette surtout avant la chimio c'est très bon pour les plaquettes ALLAH YECHFI le malade que vous avez,10533,Facebook,"  Restaurant elassil








",2025-12-16T19:45:24.000Z,0,,,,,,,
449784,"La fierté de voir des endroits pareils a Annaba, bonne continuation  [APPRECIATION]",61194,tiktok,@la.criee,2026-01-02T21:24:45.600216,2,,,,,,,
711930,كوكب زمردة  [APPRECIATION],19144,tiktok,@helena,2026-01-02T18:16:28.398061,0,,,,,,,
974077,الجوع يالجوع وتحشموه,13683,Facebook,Restaurant San Benito,2025-12-17T12:16:12.000Z,0,,,,,,,
318719,un des meilleurs restaurants a Alger.,3368,Google Maps,تاج محل بن عكنون,2014-11-27T10:44:06.816Z,1,,,,,,,
187654,"que dire mise a part que les pâtisseries sont excellentes, un équilibre tres juste pas tres sucré mention spéciale sur le coco mango et pistache. Je recommande, nous nous sommes régalés et l'accueil était parfait, une dame tres agréable et souriante je recommande",3806,Google Maps,L’Alchimiste Pâtisserie,2025-11-10T22:11:33.303Z,0,,,,,,,
580872,ça va faire comme avec le Starbucks,38396,tiktok,@kfc,2026-01-02T19:39:35.093009,0,,,,,,,
580876,الحاجة تع سرايدي روعة عندي فيه ذكريات 2010 مع احلى صحابات طوب طوب [APPRECIATION],59146,tiktok,@maestro_dz13,2026-01-02T21:21:24.699383,0,,,,,,,
187661,The food is good but the price is too high,3520,Google Maps,Caracoya,2019-09-09T17:54:36.458Z,1,,,,,,,
449809,Et ce qui concerne les prix ?,21626,tiktok,@maison_sardoudi,2026-01-02T18:22:29.028022,0,,,,,,,
974101,Hakim Rb مبروك عليك ربحت معانا وجبة مجانا عند شاوي الزعيم رغاية باش تروح تتعلم السومة والأناقة والتواضع وتعرف ربي صح لأن ربي لوكان يعطيك حتى واحد ما يقدر ينحلك (كن فيكون) وما نقص مال من صدقة ماشي تحفف للذيب وتلعبها قافز,9249,Facebook,,2025-12-04T00:43:56.000Z,1,,,,,,,
449818,"Franchement ce n est pas Waouh, déjà les prix sont élevés pour rien, les pizzas sont très simples pas plus, la pâte n est pas une trouvaille, y en a qui font mieux. bref c est juste le nom.",4490,Google Maps,هشام كوك بيتزا,2024-01-09T08:12:06.673Z,0,,,,,,,
187678,Des gâteaux d'anniversaire que sur commande,3944,Google Maps,L’Alchimiste Pâtisserie,2021-07-11T22:52:14.566Z,0,,,,,,,
187683,كي تكون مرفه بصح في شكبستان,63528,tiktok,@santorino,2026-01-02T21:32:19.262040,1,,,,,,,
843044,Service rapide et bon resto,6924,Google Maps,American Burger Factory,2025-07-15T21:51:18.852Z,0,,,,,,,
974120,Saberi Nazim كي تولي تأمن بربي هو لي يجيبلك الرزق,11276,Facebook,Restaurant Casa Bella - Draria,2025-07-26T15:53:28.000Z,0,,,,,,,
187690,بيتزا نتاعهم ماهيش بنة كبيرة،ماعجبتنيش,65328,tiktok,@frono_oran,2026-01-02T21:43:03.272953,1,,,,,,,
843055,oua hada lazem les gants pour manger,34146,tiktok,@taylot,2026-01-02T19:23:33.774792,0,,,,,,,
843064,سرفيس مليح و متربين خلاص ولدي يموتو على لبلاصة صيف كامل وحنا هنا,56548,tiktok,@terre_et_mer_annaba,2026-01-02T21:15:46.819984,0,,,,,,,
187705,Catastrophe fii hala,52698,tiktok,@uncles_burger_dz,2026-01-02T21:03:40.624854,0,,,,,,,
711994,Le serveur est très sympathique et professionnel,4303,Google Maps,هشام كوك بيتزا,2024-06-28T23:03:51.234Z,0,,,,,,,
843065,وطاكيني نشوف لفيديو راح كون انا اول واحد يتفاعل معاك وربي يحفضك لعزيز [APPRECIATION],15672,tiktok,@mardoum,2026-01-02T18:07:53.444592,0,,,,,,,
843070,"Pas terrible pour ce qui en est, Personnel accueillant mais ça ne suffit pas. Le cocktail de fruit était bon mais chaud. La viande tendre, mais le goût et l'accompagnement pas ouffff. De l'huile d'olive rance partout. Franchement y a mieux.",2720,Google Maps,HichamCook Grill House,2023-05-23T06:35:36.609Z,0,,,,,,,
318789,راكي سامعة بغزة,27888,tiktok,@thala,2026-01-02T18:45:07.867061,0,,,,,,,
974152,يليق عندك عفسة,42386,tiktok,@street_food,2026-01-02T19:58:06.183268,0,,,,,,,
449867,"The worst Casbah Istanbul in Algiers, the food is just horrible",6116,Google Maps,Casbah istanbul,2023-11-18T20:52:18.614Z,0,,,,,,,
712022,21h hôtesse d’accueil très mal élevé je n’ai même pas pris la peine d’entrer.,6082,Google Maps,Casbah istanbul,2024-05-30T20:09:59.794Z,0,,,,,,,
974167,c bon oui,25370,tiktok,@lovers_grill,2026-01-02T18:33:44.284039,0,,,,,,,
580954,في باريس هاذي ؟,62724,tiktok,@allechante,2026-01-02T21:30:55.613314,0,,,,,,,
974172,نسقسيك يا أخي وبالنسبة للعلب الي رميتهم في الأرض بين الرجلين منبعد تحكم الطاكوس تحطو داخل وين النظافة والله ربي يهديكم,1915,instagram,spartacos2019/,2025-11-13T14:29:26.000Z,4,,,,,,,
843101,Très bon choix merci pour l’accueil et pour votre professionnalisme,7036,Google Maps,American Burger said hamdine,2025-05-18T12:31:38.277Z,0,,,,,,,
318822,الخدمة 10/10 الطعام 10/10 الاجواء10/10 الاسعار تستاهل كل فرنك فيها البنة روعة اصلا كل شي يتكلم عن نفسه ما يحتاج شهرة اكثر من هكذا جربت مطاعمه كلها مبنية على اساس المعاملة حتى وان شربت قارورة ماء راح يرحبو بيك,2426,Google Maps,HichamCook Grill House,2024-09-22T04:09:43.303Z,0,,,,,,,
318842,Magnifique le restaurant bonne continuation [APPRECIATION],14064,tiktok,@le_dauphin_restaurant,2026-01-02T18:00:55.718274,1,,,,,,,
974203,خدمة حلال,41890,tiktok,@street_food,2026-01-02T19:57:53.500998,0,,,,,,,
712063,مليحا ربعة أطباق سمك ومختلف الأنواع ب 150 ألف باطل نتقدم بالشكر الجزيل لرءيس تبون وكل المسؤولين الذين يصهرون علي راحة ورفاهية المواطن أسعار ولا في الاحلامً,11573,Facebook,Restaurant San Benito,2025-09-22T14:46:12.000Z,0,,,,,,,
974211,البنة كامل فالصوص,40280,tiktok,@streetburger02,2026-01-02T19:44:12.037269,0,,,,,,,
974217,9bal oui maintenant Nn malgré que j'étais une cliente fidèle  la quantité du plat mahich kima 9bal même chawarla elarabi,55092,tiktok,@panera_41,2026-01-02T21:12:51.917596,1,,,,,,,
187788,"Désolé Hichem vous étes une très bonne personne mais votre service est très médiocre, des plats standard à des prix un peu élevés",2958,Google Maps,HichamCook Grill House,2022-03-21T21:16:58.123Z,21,,,,,,,
318861,الشواء في الياشير,63666,tiktok,@silyon69,2026-01-02T21:33:11.371210,0,,,,,,,
843162,c'est où ?,13904,tiktok,@le_dauphin_restaurant,2026-01-02T18:00:51.463421,0,,,,,,,
712092,le balcon  [APPRECIATION],22210,tiktok,@le.balcon1,2026-01-02T18:23:12.556505,1,,,,,,,
187806,"J'ai récemment visité ce restaurant et je suis ravi de partager mon expérience. Dès mon arrivée, j'ai été chaleureusement accueilli par un personnel aimable et courtois. Le service était rapide et efficace. Le personnel était attentionné et réactif à mes demandes, ce qui a rendu notre repas encore plus agréable. L'ambiance du restaurant était charmante, avec une disposition des tables bien pensée et des espaces d'une propreté irréprochable. De plus, le restaurant dispose d'un ""mossala"" pour la prière, ce qui renforce la sensation d'être à l'aise et bien accueilli. Cela ajoute une dimension supplémentaire de confort et de commodité pour les clients.",7154,Google Maps,Restaurant À Petit Feu,2025-02-24T11:08:16.896Z,0,,,,,,,
318886,"Service lourd, sandwich simple.",7915,Google Maps,American Burger said hamdine,2022-01-21T12:34:33.623Z,0,,,,,,,
581031,Le restaurant affiche ouvert sur Google alors qu’il est fermer franchement perte de temp n’importe quoi,2701,Google Maps,HichamCook Grill House,2023-06-27T19:24:02.455Z,0,,,,,,,
318894,Quand on pense que dans son pays la majorité des gens mange le plat national qui n'est autre que khobz et atey  [INQUIRY],16626,tiktok,@user5834669559361,2026-01-02T18:10:42.541758,9,,,,,,,
318898,tu as parlé surtt sauf les prix,32870,tiktok,@sinai,2026-01-02T19:18:29.605367,14,,,,,,,
187830,l'histoire et origine,16858,tiktok,@user5834669559361,2026-01-02T18:10:49.604857,1,,,,,,,
581047,It's good,8121,Google Maps,American Burger Factory,2025-01-29T20:48:26.139Z,0,,,,,,,
187843,The best  [APPRECIATION],7,instagram,6sens_pastry,2025-11-19T19:09:36.000Z,2,,,,,,,
449995,"Ça a bcp changé, depuis qlq temps, aucun goût malheureusement !",7681,Google Maps,Restaurant À Petit Feu,2023-11-21T11:37:36.607Z,0,,,,,,,
581071,"Service rapide, lieux propre et nourriture bonne Je recommande",8305,Google Maps,American Burger Factory,2024-06-23T13:33:55.978Z,0,,,,,,,
187863,Rachid Tawami اشمي نيك مك باين خواتاتك ناييكين دنيا يا محلول,12835,Facebook,Restaurant San Benito,2025-10-13T14:00:46.000Z,0,,,,,,,
187869,crevette fraîche ou congelée ?,40690,tiktok,@el_quina_16,2026-01-02T19:48:19.433020,0,,,,,,,
712158,LOU,51088,tiktok,@broaster_chiken,2026-01-02T20:59:50.991588,0,,,,,,,
187874,les fromages mch lframig,61614,tiktok,@guellil._.tasnim,2026-01-02T21:25:43.488258,0,,,,,,,
712163,شكون يعرضني,30938,tiktok,@roi_du_fajitas,2026-01-02T19:08:43.215497,1,,,,,,,
974314,سوف تغلق,38190,tiktok,@kfc,2026-01-02T19:39:29.030073,0,,,,,,,
843242,ممم Adimi Houdaifa هيا روحو نوكلو ثم,9508,Facebook,Dz Forest Restaura,2025-10-13T18:07:20.000Z,1,,,,,,,
712181,من أكل منه ليس منا [COMPLAINT],38936,tiktok,@kfc,2026-01-02T19:40:00.958229,0,,,,,,,
974328,مصغر مشاء الله نجي علاجالهم  [APPRECIATION],1333,instagram,mahroussaglace,2025-07-10T18:17:06.000Z,14,,,,,,,
450045,روني قوة تتكلم آ حاج [APPRECIATION],42810,tiktok,@pizza_carre,2026-01-02T20:00:31.186721,0,,,,,,,
318993,mohim cafe capsules 400da donc vous pouvez imaginer les prix mais bon pour l'endroit  [APPRECIATION],70926,tiktok,@paradou_restaurant,2026-01-02T22:04:50.948108,1,,,,,,,
318998,"Très bon restaurant, super accueil, je recommande Gros positif, il y a un parking",2430,Google Maps,HichamCook Grill House,2024-09-10T17:48:56.801Z,0,,,,,,,
187927,عنابة بلاد الرجال لعبزتوها,57856,tiktok,@_le216_,2026-01-02T21:17:33.157892,0,,,,,,,
581147,"pas du tous , ses aussi des plats Algériens.",26416,tiktok,@lovers_grill,2026-01-02T18:34:58.564739,0,,,,,,,
450087,chtaibou ou à chraibou,69860,tiktok,@chtibo_oran,2026-01-02T21:58:35.269425,0,,,,,,,
712235,marto n existe plus en septembre il etai déjà fermer,63858,tiktok,@silyon69,2026-01-02T21:33:15.618133,1,,,,,,,
319024,تاع الدار ما فيهش الوسخ,42090,tiktok,@street_food,2026-01-02T19:58:00.340535,0,,,,,,,
581179,"Depuis quand doit-on manger avec du stress ? Je suis venu avec un ami pour deux raisons : d’abord pour discuter tranquillement avec lui, ensuite pour goûter mon plat préféré. Mais à ma grande surprise, alors que la terrasse était vide, on nous a presque demandé de partir. L’argument utilisé ? « Vous voulez un café ? » — comme si le simple fait de rester 20 minutes devait forcément passer par la commande d’un café. Et quel café ! De mauvaise qualité, à 400 DA l’unité. Imaginez : deux cafés à 800 DA. Sans parler des boissons gazeuses à 150 DA. Poutine à 750! C’est tout simplement exagéré. Les gens viennent dans un restaurant ou un café non seulement pour manger, mais aussi pour discuter, passer un moment agréable, sans être interrompus ni mis sous pression. Franchement, cette façon de faire est décevante.",6625,Google Maps,American Burger Factory,2025-09-13T22:35:20.306Z,0,,,,,,,
450119,"juste pour corriger le nom c'est ""ifarhounene"" Michelet  [APPRECIATION]",27610,tiktok,@thala,2026-01-02T18:44:57.723065,0,,,,,,,
450137,باطل الله يبارك ربي يزيد في مالك وأولادك,55780,tiktok,@mfood.annaba,2026-01-02T21:14:11.208308,11,,,,,,,
581220,magnifique  à visiter pourquoi  [APPRECIATION],21950,tiktok,@maison_sardoudi,2026-01-02T18:22:36.412484,0,,,,,,,
712294,Le meilleur endroit pour un dîner,8096,Google Maps,American Burger Factory,2025-02-02T20:03:54.590Z,0,,,,,,,
581222,moi j'ai mon propre restaurant à la maison.,64750,tiktok,@msiiirdaa13,2026-01-02T21:35:51.931859,0,,,,,,,
843368,هذا هندي,72080,tiktok,@taste_of_india,2026-01-02T22:12:30.468977,0,,,,,,,
712303,Le burger excellente le service exceptionnelle par la même occasion je passe le Salam au maystro et gentil garçon normalement si je me trompe pas c'est Karim on vois que sa tête tellement twil rebi barek ouyahfedek pour tes parents et les personnes que tu aimes. Salutations,8083,Google Maps,American Burger Factory,2025-02-03T12:35:40.222Z,0,,,,,,,
712304,Karim Bravo pseudo au lieu du vrai nom Malheureusement du cache cache,12807,Facebook,Restaurant San Benito,2025-10-13T19:49:26.000Z,0,,,,,,,
974451,dommage j habite vers Grenoble donc loin,36070,tiktok,@sinai,2026-01-02T19:28:33.477117,0,,,,,,,
581236,Bonne chance  [APPRECIATION],51032,tiktok,@broaster_chiken,2026-01-02T20:59:49.625932,0,,,,,,,
188023,esturgeon ça existe en Algérie ? je parie que c du thon. vous ne faites aucune allusion aux prix autant dire que c interdit pour les classes moyennes.,22044,tiktok,@maison_sardoudi,2026-01-02T18:22:38.675953,0,,,,,,,
843383,شليطة مهيش حميصة,16186,tiktok,@mardoum,2026-01-02T18:08:07.097698,0,,,,,,,
450167,ون فبرخادم,15798,tiktok,@mardoum,2026-01-02T18:07:57.677486,2,,,,,,,
188036,Si vous voulez manger indien the best place to eat authentic Indian food,3131,Google Maps,تاج محل بن عكنون,2023-02-16T12:15:30.179Z,0,,,,,,,
450187,c'etait trop trop bn hier on a gouter,46178,tiktok,@thaisty_dz,2026-01-02T20:20:31.663092,2,,,,,,,
188045,عجبني الاسم متغيرش الفصول الأربعة كيما بكري فكرني في صغري,42756,tiktok,@pizza_carre,2026-01-02T20:00:23.749223,1,,,,,,,
581263,يطيب الحوت ما يعرفش يفرق بين السلمون وكلب البحر.,11917,Facebook,Restaurant San Benito,2025-10-13T19:14:57.000Z,0,,,,,,,
974479,Rachid Bouz لالا الماكلة تع الخلعة منكلهاش قالك الموت والوخيدة,11050,Facebook,Restaurant Casa Bella - Draria,2025-09-14T00:26:58.000Z,1,,,,,,,
581265,demaiiiiin je débarque !,25724,tiktok,@ofennec.officiel,2026-01-02T18:34:10.148862,1,,,,,,,
843410,وين جاي الحانوت باه منجوش,17128,tiktok,@casa_burger1,2026-01-02T18:11:29.349437,0,,,,,,,
319129,وين محل من فضلك,40664,tiktok,@el_quina_16,2026-01-02T19:48:19.432988,0,,,,,,,
581274,مــــا,16034,tiktok,@mardoum,2026-01-02T18:08:02.119133,0,,,,,,,
581278,بصحتك خو بصح كلاس و الجزائر ما يتلاقاوش قول restaurant calme tranquille,71156,tiktok,@paradou_restaurant,2026-01-02T22:05:01.462707,0,,,,,,,
974512,الشواء يتكل سخون هاكدا راه ولا بارد سكة,11109,Facebook,Restaurant Casa Bella - Draria,2025-08-27T15:57:54.000Z,0,,,,,,,
188083,شوقتنا باه نجو ناكلو ماشاء الله,41060,tiktok,@derby.food,2026-01-02T19:50:09.883795,0,,,,,,,
843444,c'est juste magnifique  [APPRECIATION],70586,tiktok,@le_petit_chalet,2026-01-02T22:00:28.463092,1,,,,,,,
581308,"En dehors du cadre et du service, la bouffe pas fameuse ! L'accompagnement des repas fade de mauvaise qualité à un tarif que je trouve excessif par rapport à la qualité ! Les boissons soit disant jus pressé, que de l'eau ! A ne pas recommander",5302,Google Maps,قصبة اسطنبول,2024-08-16T22:48:15.400Z,0,,,,,,,
188094,خرجت عليكم وهران وليتو دغرو الحوت لناس يا الڨليط ديرها في دواركم لي بغى الميلونج كاين ريسطورونت زردة تاع حفيظ,11779,Facebook,Restaurant San Benito,2025-08-29T14:42:37.000Z,0,,,,,,,
319168,The worst delivery I’ve ever received half of the burger was out of the box and it tasted like it went rotten… and when I dined there the food was in good shape but not worth the hassle,7109,Google Maps,American Burger Factory,2025-06-24T16:40:32.251Z,0,,,,,,,
843462,هاذي الخطرة سمحتلكم كي كليتو بلا بيا ، الخطرة الجاية مانسمحلكمش,28144,tiktok,@amine.lacantine,2026-01-02T18:45:39.645138,1,,,,,,,
843489,"Dégradation Totale , un smash burger avec viande hachée sans croûte ! C'est quoi l'intérêt, goût fade , hormis le pain bien moelleux Pour le service vaut mieux garder le service a table pour les prestations sur place",7691,Google Maps,American Burger Factory,2025-04-19T20:56:24.086Z,0,,,,,,,
581349,من أروع البيتزا عند خويا هشام كوك,4467,Google Maps,هشام كوك بيتزا,2024-01-25T17:45:46.523Z,0,,,,,,,
188137,ياه علا سلامتكم  [APPRECIATION],38412,tiktok,@kfc,2026-01-02T19:39:35.845565,1,,,,,,,
188140,علا خاطرك شبعان و نشري,13182,Facebook,Restaurant San Benito,2025-10-12T22:37:02.000Z,0,,,,,,,
712430,نخدم نهار باش نشري طاكوس . اللهم إني صائم,46466,tiktok,@damisoran31,2026-01-02T20:22:09.873667,0,,,,,,,
974578,نفوتها في دارنا راقدة,66082,tiktok,@restaurant_mani,2026-01-02T21:47:15.239273,0,,,,,,,
974580,vraiment top surtout le personnel lah ibrek,21142,tiktok,@triple_,2026-01-02T18:22:01.879858,1,,,,,,,
843511,وين لبلاصة بضبط,17114,tiktok,@casa_burger1,2026-01-02T18:11:28.513024,0,,,,,,,
712443,واين بلاصة بالضبط منعرفوش مليح قسنطينة,22214,tiktok,@le.balcon1,2026-01-02T18:23:12.556640,2,,,,,,,
581372,"Je trouves que les pizza sont bonnes, par contre on s'est fait livrer et c'était pas top, pas de sauces, pas de papiers, et en plus ils ont oublié des morceaux de poulet c'est dommage .",4976,Google Maps,Hicham cook pizza pasta,2019-07-21T21:50:18.531Z,0,,,,,,,
712446,"Magnifique restaurant, climatisé, avec un super service , les assiettes sont généreuses. Pas de toilettes.",5966,Google Maps,Casbah Istanbul,2024-08-26T13:07:16.945Z,1,,,,,,,
450310,On test bientôt incha Allah !  [TREATMENT],68232,tiktok,@le_petit_chalet,2026-01-02T21:54:56.019939,1,,,,,,,
450311,c'est oû svp,28172,tiktok,@amine.lacantine,2026-01-02T18:45:40.649840,0,,,,,,,
450314,كاين كارانتيكا؟,17766,tiktok,@casabelladraria,2026-01-02T18:14:42.669455,0,,,,,,,
843541,où exactement,64018,tiktok,@restauranttrattoriaoran,2026-01-02T21:34:07.936862,0,,,,,,,
450325,حنا غير تاع كارنتيكا وفريت اوملاات,67706,tiktok,@kartaj_oran,2026-01-02T21:53:15.368182,1,,,,,,,
581398,الله. يبارك,9367,Facebook,,2025-12-10T10:56:31.000Z,0,,,,,,,
974618,The place is cool and Their philly steak taco is delicious . I highly recommend trying it,8635,Google Maps,American Burger Factory,2022-03-13T13:24:38.045Z,0,,,,,,,
843549,ناتهوم مانوين,44482,tiktok,@dzforestrestaurants,2026-01-02T20:11:54.829320,0,,,,,,,
843565,la meilleure c'est celui de Mustapha Brahimi derrière zerrouati,42736,tiktok,@pizza_carre,2026-01-02T20:00:23.749208,1,,,,,,,
450350,ألله يبارك,66976,tiktok,@bladi_oran,2026-01-02T21:51:31.931534,0,,,,,,,
712501,مي سرفيس بزاف ثقيل ماكلة باردة,19848,tiktok,@sultan,2026-01-02T18:17:24.231519,0,,,,,,,
843580,زوج حبات ب150 الف ويقولها بلا حشمة,11410,Facebook,Restaurant San Benito,2025-09-20T20:08:00.000Z,3,,,,,,,
581439,"Pas très convaincu par cette pizzeria, franchement je m’attendais à un truc plus relevé côté goût, c’est assez basique et simplicité a mon goût, toute cette publicité et ce raffut pour ce produit de moyenne qualité Je m’attendais vraiment à une pizza qui sortait un peu de l’ordinateur, avec de nouvelle saveur , malheureusement je n’ai pas étais emballé par cette expérience et je suis un peu déçu qu’on sait que le chef peu faire mieux, on sent que c’est plus pour vendre que pour plaire Je recommande cet endroit mais vit fait, perso je pense pas pouvoir y retourner j’ai pas trop était charmé Essayer de travailler sur de nouvelle saveur cela peut me faire changer incha alaah Je vous souhaite bon courage pour la suite",4491,Google Maps,هشام كوك بيتزا,2024-01-09T03:39:08.666Z,1,,,,,,,
581441,مزالت ؟؟,30132,tiktok,@bigmamaconstantine,2026-01-02T18:55:20.577349,0,,,,,,,
712525,L’équipe est vraiment magnifique,6912,Google Maps,American Burger said hamdine,2025-07-07T15:40:41.004Z,0,,,,,,,
319316,تم,36078,tiktok,@sinai,2026-01-02T19:28:34.439311,0,,,,,,,
974683,"Service rapide, bon accueil, qualité de la nourriture très bonne.",8263,Google Maps,American Burger Factory,2024-09-07T21:16:04.006Z,1,,,,,,,
450395,هذا انسان وجهو صافي كما قلبو الله يسترك او يعطيك الصحه وعلفيا,11067,Facebook,Restaurant Casa Bella - Draria,2025-08-12T00:32:42.000Z,0,,,,,,,
319331,La bouf est juste magnifique chez caracoya,3451,Google Maps,Caracoya,2023-10-13T10:12:04.342Z,0,,,,,,,
974693,ناس لي تسقسي على المكان : شطيبو وهران مفترق طرق بوعمامة,69724,tiktok,@chtibo_oran,2026-01-02T21:58:29.220313,134,,,,,,,
843624,Rien à reprocher sauf le stationnement.,3057,Google Maps,تاج محل بن عكنون,2024-09-19T11:09:14.126Z,0,,,,,,,
581481,كاين مصاج,13248,Facebook,Restaurant San Benito,2025-10-14T07:05:36.000Z,0,,,,,,,
319340,KFC c’est marqué américain,37586,tiktok,@kfc,2026-01-02T19:39:13.548402,44,,,,,,,
450419,Meilleur service et bouffe  [RECOMMENDATION],71752,tiktok,@laterrassesidiyahia,2026-01-02T22:10:44.406990,0,,,,,,,
581492,j'ai plein de souvenirs ici,68228,tiktok,@le_petit_chalet,2026-01-02T21:54:56.019934,1,,,,,,,
974708,"Meilleur restaurant à Annaba , tbarka",60846,tiktok,@maestro_dz13,2026-01-02T21:23:30.472056,2,,,,,,,
319347,سردين مكانش,13285,Facebook,Restaurant San Benito,2025-10-13T07:46:36.000Z,0,,,,,,,
319356,"Vraiment dommage parce que ça n’a rien avoir avec ce que présente les influenceurs ! Tu sens qu’ils cherchent à faire des économies sur tout : pas de serviettes sans demander, savon dans les toilettes dilué à l’eau, brochettes de fois avec minuscules morceaux de chahma voit pas du tout, dessert yaourt marque repère, et en plus début de service la serveuse qui vous ouvre la porte en faisant la gueule, on dirait saloulée de son travail, les employés comme ça qui font couler un business  [APPRECIATION]",25578,tiktok,@lovers_grill,2026-01-02T18:33:50.475859,0,,,,,,,
712574,Machi lmardoum n lyaman … ? Prsq j’ai l’habitude de manger chez les yamani et je mange l mardoum ? Et iraq aussi normalement ! Juste une question sahouli ida ghlet,26130,tiktok,@ofennec.officiel,2026-01-02T18:34:19.403122,0,,,,,,,
188288,C’est une envoyé de telaviv,16944,tiktok,@user5834669559361,2026-01-02T18:10:51.232497,5,,,,,,,
581505,"j'y suis aller de Marseille à Paris, bien servi très bon et personnels très sympa .",36046,tiktok,@sinai,2026-01-02T19:28:33.477095,0,,,,,,,
188292,Beau restaurant mais le service est un peut lent,4839,Google Maps,Hicham cook pizza pasta,2022-05-10T07:47:26.976Z,0,,,,,,,
712589,Notre passage obligatoire  [APPRECIATION],32264,tiktok,@le_carre_restaurant,2026-01-02T19:14:54.860333,1,,,,,,,
712594,"J y étais hier, top , bien manger , bonne ambiance , tranquille. Merci",2066,instagram,triple.r.restaurant,2025-07-06T19:18:12.000Z,1,,,,,,,
974747,تاكل الرهج,11625,Facebook,Restaurant San Benito,2025-07-26T17:37:30.000Z,0,,,,,,,
188315,عندك زوج دراري الله يبارك,72028,tiktok,@signature.dz,2026-01-02T22:12:12.164717,0,,,,,,,
581547,شحال تخلص تدخلو,31756,tiktok,@entracte,2026-01-02T19:14:23.117693,2,,,,,,,
581552,اغلى سعر فالجزائر الناس تحب تزيد عليها برك,17672,tiktok,@seven.times.luxury,2026-01-02T18:13:18.308929,0,,,,,,,
450484,dommage j habite en allemagne mais j ai envoyé a mes frère et sœurs à Paris,35848,tiktok,@sinai,2026-01-02T19:28:27.105076,0,,,,,,,
843712,في لكاس تكسلك,13562,Facebook,Restaurant San Benito,2025-12-29T11:07:51.000Z,0,,,,,,,
319425,طريقة من احسن المطاعم بنة و استقبال,58938,tiktok,@maestro_dz13,2026-01-02T21:21:21.380399,0,,,,,,,
319432,سهم المرحاض,16234,tiktok,@mardoum,2026-01-02T18:08:08.024083,0,,,,,,,
974793,كيفاه نفهموهم بلي غالي صح  لي بلا ملاحة مي بيتزا و تاكوس زايد,33540,tiktok,@ambiancefood,2026-01-02T19:21:18.294298,0,,,,,,,
581591,نقلشك بب [APPRECIATION],13235,Facebook,Restaurant San Benito,2025-10-13T11:02:33.000Z,0,,,,,,,
974809,اكبر غلطة يدروها اصحال مطعام تكون عندو اسعار مليحة وديكور فخم شويا رايح يهرب منك فئة كبيرة من زبائن بسبب ديكور مبالغ فيه ومش رايح يتسفيد من فكرة تاع نخدم كونتيتي وندي فايدة قليلة,19806,tiktok,@sultan,2026-01-02T18:17:23.351348,4,,,,,,,
188378,"Très bel décor et ambiance La nourriture est trop trop bonne rien a dire Leurs pizzas sont bien garnies, l’entre côte fond dans la bouche, la salade Cesar est la meilleure que j’ai goûter sur alger et le fondant au chocolat est trop bon Le seul inconvénient c’est le stationnement et les serveurs qui peuvent être des fois gênants",7577,Google Maps,Restaurant À Petit Feu,2024-02-26T19:12:06.115Z,1,,,,,,,
974821,الطعام لذيذ وخدمة ممتاز اجواء روعه,2502,Google Maps,HichamCook Grill House,2024-05-13T13:10:20.077Z,0,,,,,,,
319467,"Notre récente expérience a été extrêmement décevante, marquant une nette régression * Le service était déplorable : un accueil réservé et le personnel étranger s'est montré impoli et peu professionnel. * La moitié des plats de la carte étaient indisponibles, limitant considérablement nos choix. * La kunafa, spécialité de l'établissement, était médiocre. * L'ambiance générale était pesante et désagréable…un match de football sur la télévision !",5166,Google Maps,Casbah Istanbul القصبة اسطنبول,2025-03-18T19:32:49.911Z,0,,,,,,,
188397,Un merveilleux endroit a visiter surtout les jus cocktails sont très bon,6576,Google Maps,American Burger Factory,2025-11-20T14:28:54.229Z,0,,,,,,,
450563,"Franchement tout était super bonne, endroit clean etambiance Gros merci à chaima pour son service impeccable et son sourire",7258,Google Maps,American Burger Factory,2025-05-29T14:53:56.137Z,0,,,,,,,
319502,سعيد سعيد kif kiff انا تان,10861,Facebook,Restaurant Casa Bella - Draria,2025-08-10T20:19:00.000Z,4,,,,,,,
188448,"Wallah juste avec des photos des vidéos sans commentaires sans parler ont peux très facilement différencier les plats marocains , la c’est algérien de vous même vous rétablissez la vérité merci les algériens",26404,tiktok,@lovers_grill,2026-01-02T18:34:57.644750,0,,,,,,,
843809,Pourquoi vous n'indiquer pas dans la description où se trouve votre resto?,422,instagram,"brother.ts
",2024-04-10T21:12:50.000Z,0,,,,,,,
712738,ناقصه كمية هريسة برك  [APPRECIATION],41558,tiktok,@street_food,2026-01-02T19:57:46.733817,1,,,,,,,
319523,Très déçu ! Vraiment pas à la hauteur d'un restaurant Turc,6178,Google Maps,Casbah Istanbul,2022-11-05T17:18:30.929Z,0,,,,,,,
319536,ب200الف ومانشريهاش,47672,tiktok,@bazookadz,2026-01-02T20:32:31.660241,0,,,,,,,
843825,هشام كوك شيع وارقد جينا بارح باستا بولوناز حشا نعمة ربي وزيد 1300الف سراق ماكله لا ذوق لا بنة,4157,Google Maps,هشام كوك بيتزا,2024-11-22T11:38:58.682Z,0,,,,,,,
712754,Waw ! i love the idea .  [APPRECIATION] [RECOMMENDATION],273,instagram,bonsairestaurant_dz,2023-09-03T21:01:43.000Z,1,,,,,,,
319541,حسبت روحي سمعت ممممممم بعد العضة الأولى هههه انا لي قلتها وقيلا,1858,instagram,snacky_time_kouba,2025-08-31T18:16:30.000Z,1487,,,,,,,
581690,m'achallah mon frère je te souhaite une bonne continuation o bled vive l'Algérie  j'ai hâte de venir à Oran [APPRECIATION],45254,tiktok,@budz,2026-01-02T20:15:54.264849,1,,,,,,,
319554,نديرو فالطاجين [APPRECIATION],41642,tiktok,@street_food,2026-01-02T19:57:48.416289,1,,,,,,,
450627,رجلها رآه فاقد لوعي ويتنفس رآه كي لألي,57800,tiktok,@_le216_,2026-01-02T21:17:32.193170,1,,,,,,,
843850,Excellent service nous avons passé un agréable moment en famille le repas étais délicieux de l’entré jusqu’au désert les pizza sont très bonne je vous recommande++ sans compté sur la gentillesse du personnel qui nous a fait visité tous le restaurant vraiment magnifique. Merci!,7181,Google Maps,Restaurant À Petit Feu,2024-12-24T11:33:57.291Z,0,,,,,,,
843853,livraison l ruisseau ?,29306,tiktok,@elcuatro_burgers,2026-01-02T18:49:37.059652,0,,,,,,,
581725,نتمنى نتعشى عندكم,67598,tiktok,@bladi_oran,2026-01-02T21:51:52.899281,0,,,,,,,
581736,حبيبتي هداك لخبز لي عجب ماماك راهو لابات تاع بيتزا ويطيبوها علبيها تجينا بنينة تعجبنا بصحتكم [APPRECIATION],21120,tiktok,@triple_,2026-01-02T18:22:01.861521,2,,,,,,,
712808,وين هذا تاييس,22792,tiktok,@le_perchoir,2026-01-02T18:25:13.673812,0,,,,,,,
188522,وين بلاص المحل,49514,tiktok,@kik.sfood21,2026-01-02T20:41:13.847232,1,,,,,,,
974968,"C’est un bon restaurant, le seul inconvénient c’est qu’il est petit.",66200,tiktok,@ambassadeurs,2026-01-02T21:47:49.680029,0,,,,,,,
319611,"Mais tu n'as pas parlé des prix . ,",21672,tiktok,@maison_sardoudi,2026-01-02T18:22:29.923799,0,,,,,,,
319615,café à 400Da,22110,tiktok,@maison_sardoudi,2026-01-02T18:22:39.538580,0,,,,,,,
712838,J’y suis allé JVOUS CONSEIL À 213%,35564,tiktok,@sinai,2026-01-02T19:28:17.247521,3,,,,,,,
319624,Allez hop ouvre une antenne à Lille. Paris ça fait trop loin [APPRECIATION],35604,tiktok,@sinai,2026-01-02T19:28:18.081550,0,,,,,,,
712840,je confirme,52846,tiktok,@patisserie_annaba,2026-01-02T21:04:17.321817,1,,,,,,,
319632,بولحية والاكل قصة حب,11315,Facebook,Restaurant Casa Bella - Draria,2025-07-30T11:29:00.000Z,0,,,,,,,
712848,نقلشك سيدي نقلشك,12971,Facebook,Restaurant San Benito,2025-10-12T19:36:37.000Z,1,,,,,,,
581779,خليل رحماني ربي يهديك نشالله,9955,Facebook,Dz Forest Restaura,2025-10-13T00:16:09.000Z,0,,,,,,,
712859,هنا تفهم بلي ماشي لي يجيب الباك ذكي، كاين ناس قادرين يصرفو 200 الف على برغر و كنيطا، و حبة باتيسري,641,instagram,californiacafedz,2024-07-20T13:25:40.000Z,5,,,,,,,
450719,راهم دايرينك باه يطلعو المشاهدات,13205,Facebook,Restaurant San Benito,2025-10-12T19:37:03.000Z,0,,,,,,,
975024,أيا عرضوني مالكم,66974,tiktok,@bladi_oran,2026-01-02T21:51:31.931532,0,,,,,,,
975038,Les tarifs sont interdits ?,1251,instagram,lestwins.restaurant,2025-12-17T19:56:03.000Z,1,,,,,,,
581834,"Pâtisserie non fraîche, millefeuilles déclaré fait avec de la gousse de vanille mais le gout n'y est pas du tout. Aucun rapport qualité prix",3891,Google Maps,L’Alchimiste Pâtisserie,2024-01-19T16:57:16.301Z,1,,,,,,,
319696,الوليمة من أحسن المطاعم,58694,tiktok,@maestro_dz13,2026-01-02T21:21:16.241790,12,,,,,,,
581845,حياتي كامل نسمع بيه جامي سييتو الله يبارك,29692,tiktok,@pizzeria.sadoki,2026-01-02T18:51:29.152723,3,,,,,,,
188643,شابة بصح لاازم ربعة فلوليمة هادي,43744,tiktok,@dzforestrestaurants,2026-01-02T20:11:27.904470,5,,,,,,,
712932,انا عجبني جربتو شحال من مرة وليبري عادي,58094,tiktok,@vilageneige_annaba,2026-01-02T21:19:45.812437,2,,,,,,,
844003,"Service impecable, le goût c'est le meilleur au niveau de la capital, et relations clients exemplaires, je vous remercie pour votre professionnalisme, pour tout dire et avec toute sincérité, vous êtes les meilleurs, bonne continuation",1967,instagram,sushigardendz,2025-11-29T01:30:55.000Z,3,,,,,,,
975084,اعرضني خوا رني مقهورة,67230,tiktok,@bladi_oran,2026-01-02T21:51:39.728536,0,,,,,,,
450804,"Avant meme d'avoir mangé, j'ai eu envie de revenir, un personnel impeccables, tous aux petits soins, une ambiance positives. J'ai bien mangé, des saveurs nouvelles et originales, et cerise sur le gâteau, je suis pas tombé malade. Je recommande fortement ! Merci",6775,Google Maps,American Burger said hamdine,2025-08-22T19:32:41.271Z,0,,,,,,,
450810,يك ذخل بطل مييطوش سروال فلبري,19346,tiktok,@helena,2026-01-02T18:16:37.233278,0,,,,,,,
712993,هذاك تروحي له تخلصي حق الماكله وحق الديكور حنونه,32192,tiktok,@entracte,2026-01-02T19:14:36.058791,1,,,,,,,
319786,سدوقي عبد الرحمان ويامات زمان,29684,tiktok,@pizzeria.sadoki,2026-01-02T18:51:29.152583,3,,,,,,,
581931,ils vendent quoi ?,53442,tiktok,@thaisty_dz,2026-01-02T21:07:25.946586,0,,,,,,,
975148,personnellement j'ai été plusieurs fois avec ma famille mes frères et soeur ma mère à chaque fois c'est agréable le chanteur au top franchement rien à dire très très bonne ambiance on fête souvent nos anniversaires chez eux puisque j'habite à côté en ce qui concerne le volume je ne pense pas que c'est aussi fort que vous le dites.,23728,tiktok,@leonard_restauran,2026-01-02T18:26:57.764649,3,,,,,,,
844077,المكان,63922,tiktok,@publideco,2026-01-02T21:33:30.715029,0,,,,,,,
188732,ومام تبيعو غالي في قداها كلش بالطبع و بنين  [APPRECIATION],2041,instagram,"the____bakery
",2025-05-18T12:50:44.000Z,334,,,,,,,
975164,c'est où exactement ? c'est au niveau de l'hôtel ?,36720,tiktok,@restaurant.madala,2026-01-02T19:34:33.432640,1,,,,,,,
975168,"Un accueil a partir du parking, passant par la réception jusqu'à la table était parfait et les préposés ont fait acte de bienveillance rarement vu ailleurs. La deco et les assises d'une bonne qualité. La carte variées mais qui tourne principalement autours de la cuisine turque et syrienne même si le menu dispose d'une partie dédiée à la cuisine local mais aujourd'hui hélas non dispos à l'exception de la chorba frik et chorba bidha. Le dressage de la table très minimaliste, un point d'amélioration à revoir probablement. Le menu servi à temps et les temps d'attente sont très maîtrises. En famille nous avons pris plusieurs plats pour goûter à tout . Un peu déçu par la cuisine et par la fraîcheur de ce que nous avons eu à manger. Déception surtout pour la chorba frik et chorba bita et bourek qui normalement sont nos standards . Les boissons par contre et desserts sont le point fort aussi de ce restos. Une expérience culinaire à vivre malgré sur les plats en moyenne sont plus élevés qu'ailleurs mais l'ambiance s'y prête et tout à été fait pour que le client soit dans une ambiance très familiale . En somme une expérience mitigée mais à vivre !",2807,Google Maps,HichamCook Grill House,2023-01-14T18:27:15.106Z,10,,,,,,,
975169,les calo sont où tu et pas avec propreté,14078,tiktok,@le_dauphin_restaurant,2026-01-02T18:00:55.718292,0,,,,,,,
188745,Je suis un français j’ai était bien accueilli par monsieur Bachir et toute son équipe j’ai manger un très bon sandwich steak et je suis très content continuer bravo à américain burger,8366,Google Maps,American Burger Factory,2024-05-01T21:43:15.891Z,0,,,,,,,
319820,Magnifique très bon très propre Service rapide Accueil chaleureux Très professionnel La pizza de très haute qualité Rapport qualité prix raisonnable 3 étages avec ascenseur Décoration belle et classe,4169,Google Maps,هشام كوك بيتزا,2024-11-06T17:07:47.302Z,0,,,,,,,
581974,Combien le plat,25848,tiktok,@ofennec.officiel,2026-01-02T18:34:12.788122,0,,,,,,,
975192,والله غير نحبك في الله كلام جميل وموزون خاصة كلام في مايرضى الله  [APPRECIATION],45844,tiktok,@ifood_31,2026-01-02T20:18:07.968459,1,,,,,,,
450912,دوماج أنا نكره الحوت يدير كوليسترول,13278,Facebook,Restaurant San Benito,2025-10-12T20:20:43.000Z,3,,,,,,,
713056,"I’m came across this restaurant a couple weeks ago while driving by, and I came back today to have lunch with some friends, the food was decent the service was good (kinda slow) and the terrace although beautiful was noisy with cars making lots of noise and smoke, the experience might not have been as good as the place looks but I’d totally give this place another go.",3784,Google Maps,Laurel Restaurant,2024-01-14T23:12:28.115Z,0,,,,,,,
713060,تقول سمعوني كل منعدي نقول وشبيه محلوش لدرك حتى لقيت الفيديو,50984,tiktok,@broaster_chiken,2026-01-02T20:59:48.842364,0,,,,,,,
450916,J'ai manger avec ma famille hier chez american Burger la nourriture étais très bonne et délicieux et une coup de cœur pour le serveur mustapha qui étais très gentille avec nous et très professionnel,8189,Google Maps,American Burger Factory,2025-01-03T12:13:03.025Z,0,,,,,,,
844134,La nourriture ça passe mets le service à revoir serveur qui font la gueule même pas un sourire,6057,Google Maps,Casbah istanbul,2024-08-11T21:47:24.801Z,0,,,,,,,
975205,الله يبارك أعطينا طريقة سوب الشيخ كيفاه,62292,tiktok,@hamidhamid806,2026-01-02T21:29:13.133397,1,,,,,,,
188776,yousef panini Sahbi w lyem zina dédicace Kader phénix. en France dahan Sahbi w ness tirigou,64416,tiktok,@cintra,2026-01-02T21:34:50.039397,0,,,,,,,
319859,je trouve que les prix sont resonables,33462,tiktok,@ambiancefood,2026-01-02T19:21:16.556647,0,,,,,,,
319873,تبهديل كفار ومادرهاش,13782,Facebook,Restaurant San Benito,2025-12-17T17:33:36.000Z,0,,,,,,,
975234,سبحان الله باين ماشي صافي,11150,Facebook,Restaurant Casa Bella - Draria,2025-08-02T21:40:24.000Z,0,,,,,,,
582019,التصوار. مادراك. ولبيع. جيب. ربي,12631,Facebook,Restaurant Rais,2025-10-13T13:15:21.000Z,0,,,,,,,
582030,احسن شاف بدون منازع ربي يعاونك خويا,62276,tiktok,@hamidhamid806,2026-01-02T21:29:12.265047,1,,,,,,,
844175,مغارة الاسعار العجيبة,9147,Facebook,"

Restaurant Casa Bella - Draria",2025-12-04T20:36:43.000Z,1,,,,,,,
713112,تجربة فاشلة بكل المعايير التنظيم غير موجود النظافة لا توجد منهدروش على لماكلة لحم عاصي . اسوء تجربة منعاودهاش . فوضى الحس بزاف يخرج فلكوزينة . . hichem cook ‍‍‍ [COMPLAINT],2274,Google Maps,HichamCook Grill House,2025-12-19T23:03:46.218Z,0,,,,,,,
713135,الاكل لذيذ جدا و الخدمة رائعة وسرعة وصول الطلب,2478,Google Maps,HichamCook Grill House,2024-06-25T20:33:48.499Z,0,,,,,,,
319922,تبرادي ني خايفة نجي ناكل ابري نحط لاباي ونخرج ههههه,12071,Facebook,Restaurant San Benito,2025-10-14T09:14:27.000Z,1,,,,,,,
975290,"Rien d’interessant, c’est le goût du shawarma est fade, la pizza oui ça va ça passe.",6337,Google Maps,Casbah Istanbul,2020-08-27T19:15:32.891Z,2,,,,,,,
844218,Magnifique pour la première fois en famille et avec mes enfants en Algérie ils ont adoré bonne continuation [APPRECIATION],23896,tiktok,@leonard_restauran,2026-01-02T18:27:06.380574,0,,,,,,,
975293,وين بلاصة في عنابة,18188,tiktok,@restaurantabarkannaba,2026-01-02T18:15:07.273658,0,,,,,,,
319933,s ou,21812,tiktok,@maison_sardoudi,2026-01-02T18:22:32.553462,0,,,,,,,
713154,Top Top Top : 10 Etoile,8373,Google Maps,American Burger Factory,2024-04-24T19:58:55.293Z,0,,,,,,,
844227,بصك ميش صحية,41864,tiktok,@street_food,2026-01-02T19:57:52.718610,0,,,,,,,
582094,حتى السعار خيالية,19296,tiktok,@helena,2026-01-02T18:16:34.501903,0,,,,,,,
451023,"Décevant ! Si vous voulez jeter votre argent pour manger pas bon allez y Des plats secs servis sans sauce Boulgour sans saveur, pain rassis tellement lourd qu'on la pas mangé Des burger non assaisonnés Tout ça pour la maudite somme de 10000 dinars Je recommande pas du tout !",5088,Google Maps,قصبة اسطنبول,2025-08-23T08:10:13.073Z,0,,,,,,,
844241,لفريت فدار يطيبوها لفريت بل لخف وعندهم ينقصولها ويحطوها كي يجي واحد يكل يعودو يديروها,41866,tiktok,@street_food,2026-01-02T19:57:53.500959,0,,,,,,,
582098,كش خدم نجو نخدمو,40946,tiktok,@kfc,2026-01-02T19:49:46.131851,2,,,,,,,
844246,"Karima TheGold Merci beaucoup , Votre satisfaction est notre plus belle récompense",8991,Facebook,"

Sultan Restaurants",2025-10-21T00:23:11.000Z,0,,,,,,,
582110,يا خو والله غير كليت عنده ما شاء الله ما شاء الله الله يبارك la qualité et la quantité [APPRECIATION],1731,instagram,"resturant.arabesque
",2025-09-18T16:54:55.000Z,1,,,,,,,
975333,عند يحي كيما سينما الميسي بلكور,42812,tiktok,@pizza_carre,2026-01-02T20:00:31.186724,0,,,,,,,
188901,Jvoi il est ou le benef d’avoir des Mc do Kfc et tout ça normalement y doit pas en avoir au bled du Maroc a la Tunisie en passant par l’Algérie,38696,tiktok,@kfc,2026-01-02T19:39:50.995723,0,,,,,,,
582121,Vous avez une bonne accueuil. sourtout le jeune de la reception hani le blanc,7957,Google Maps,American Burger Factory,2025-02-07T20:25:27.537Z,0,,,,,,,
975353,où es-tu Wahid ? tu as abandonné la coupole qui nous gatait.,14192,tiktok,@les_jumelles,2026-01-02T18:01:21.546569,1,,,,,,,
319996,وين جاي لموقع تاعهم بالضبط ؟؟؟ يشهييي [BOUFFE],30982,tiktok,@roi_du_fajitas,2026-01-02T19:08:44.077713,0,,,,,,,
713222,Merci pour ce repas cetais divin leur tacos poulet L gratiné est incroyable et surtout avec leur ice cola cetais magnifique je recommande,7615,Google Maps,American Burger Factory,2025-05-14T12:41:01.973Z,0,,,,,,,
975366,c'est un prank !,16780,tiktok,@user5834669559361,2026-01-02T18:10:47.100897,0,,,,,,,
713223,Pizza poulet fumé excellente ! Très agréablement surpris par la qualité des desserts : la mousse au chocolat et la crème brûlée sont top.,2594,Google Maps,HichamCook Grill House,2023-12-09T13:04:22.631Z,0,,,,,,,
582161,عندك ألف حق اختي صراتلي مع ولد خالي و زوجة تيعو عايشين في فرنسا ملقيت وين نحط وجي ماكلة زيرو و لقينا روز قارص اقسم بالله عيب كبير,58192,tiktok,@vilageneige_annaba,2026-01-02T21:19:47.519358,0,,,,,,,
844305,Il es fermé ce restaurant dommage je me suis rendu hier,65510,tiktok,@frono_oran,2026-01-02T21:43:10.371367,0,,,,,,,
713240,غالي و مكان مكان لماكلة تيعو,59916,tiktok,@oscar_restaurant,2026-01-02T21:22:06.564440,0,,,,,,,
320027,les règles,16834,tiktok,@user5834669559361,2026-01-02T18:10:48.766830,0,,,,,,,
451101,youre adresse please,41056,tiktok,@derby.food,2026-01-02T19:50:09.883792,0,,,,,,,
188960,El Corleon même pas 20 euros,9052,Facebook,Dz Forest Restaura,2025-10-26T18:06:59.000Z,0,,,,,,,
188965,قمة الاحترام واستقبال روعة مع تقديم هائل برافو,5267,Google Maps,قصبة اسطنبول,2024-09-24T21:37:53.749Z,0,,,,,,,
320050,نخاطركم تكسرو القزاز,38594,tiktok,@kfc,2026-01-02T19:39:43.088301,0,,,,,,,
451129,أنت مبدع رائع ويمكنني أن أدعمك كفنان وسأكون داعمًا لك، هل يمكنك متابعتي [APPRECIATION],51486,tiktok,@broaster_chiken,2026-01-02T20:59:59.744229,0,,,,,,,
844352,Makla 0 j’ai commandé des pizzas et gratin poulet wlh que c’était 0 pas bon du tt jai tt jetè,2291,Google Maps,HichamCook Grill House,2025-11-05T18:39:36.354Z,0,,,,,,,
844353,les produits ma derna walou franchement c'est juste la déco qui est joli,18546,tiktok,@helena,2026-01-02T18:16:13.669200,0,,,,,,,
320064,la viande n l'Espagne negh thmourth ! ?,37284,tiktok,@restaurant.madala,2026-01-02T19:34:49.942121,0,,,,,,,
713291,Good indian hotel in Algiers. good photo Nice ambience,3253,Google Maps,تاج محل بن عكنون,2019-05-28T21:39:51.960Z,1,,,,,,,
844383,Il s’est franchement dégradé.,8550,Google Maps,American Burger Factory,2022-12-17T17:58:36.792Z,1,,,,,,,
975458,لي بيع بوراك في طلعة تع كوبا  [APPRECIATION],59272,tiktok,@maestro_dz13,2026-01-02T21:21:27.203045,0,,,,,,,
451174,هذا التطبيع الغير معلن .,38824,tiktok,@kfc,2026-01-02T19:39:55.891224,0,,,,,,,
320103,والله كلامك عجبني مين قلت لي غلطنا يسمحلنا. ربي يبارك و راح نجو عندك ان شاء الله نزوروك اول مرة,70672,tiktok,@my_pizza_oran,2026-01-02T22:00:46.260305,1,,,,,,,
582250,"Très très bon ! Que ce soit les pizzas, les spaghettis bolognaise ou le chtetha sardine c’était excellent ! Bonne adresse et mention spécial à Ayoub, serveur très agréable !",3645,Google Maps,Laurel Restaurant,2025-08-05T13:55:00.148Z,0,,,,,,,
451179,Le pauvre serveur a l'air très fatigué !,17926,tiktok,@casabelladraria,2026-01-02T18:14:49.421938,0,,,,,,,
844396,La gratuité du repas fait dire n’importe quoi,24458,tiktok,@opium,2026-01-02T18:29:38.994535,12,,,,,,,
320106,يسلمك ختي,13065,Facebook,Restaurant San Benito,2025-10-13T22:13:30.000Z,0,,,,,,,
582261,emplacement au centre ville d'Alger  bravo,41150,tiktok,@derby.food,2026-01-02T19:50:11.585806,0,,,,,,,
844417,vous n'avez toujours pas donner l'adresse exacte,21998,tiktok,@maison_sardoudi,2026-01-02T18:22:37.799196,1,,,,,,,
320132,ابعثلو موقع تاعها,23308,tiktok,@le_perchoir,2026-01-02T18:25:25.742559,0,,,,,,,
713354,كلش غالي خويا,20726,tiktok,@labelladalger16,2026-01-02T18:19:43.848816,0,,,,,,,
451211,على حساب صالة ماشكيتش عندو الكالم .,49370,tiktok,@chicks_nook,2026-01-02T20:40:21.809526,0,,,,,,,
582287,"Très déçu, accueil très désagréable",28710,tiktok,@american.burger.tizi,2026-01-02T18:47:32.303339,0,,,,,,,
975505,شعال توصيل للبركي,70664,tiktok,@my_pizza_oran,2026-01-02T22:00:41.861507,1,,,,,,,
189075,il fermera dans même pas une année  [RECOMMENDATION],38428,tiktok,@kfc,2026-01-02T19:39:36.675683,1,,,,,,,
582323,Lila Ghili بغابة بن مراد برج الكيفان وهذا هو الموقع https://maps. app. goo. gl/TJSKoH1ae6Mn7c9f9? g_st=ac,9221,Facebook,Dz Forest Restaura,2025-10-16T17:33:25.000Z,1,,,,,,,
582329,Hiba Bou لي يتحكم عندهم يشووه كي الحوت,10658,Facebook,"  Restaurant elassil








",2025-12-17T15:40:34.000Z,1,,,,,,,
451257,"Great food, especially vegetarian options. Friendly staff",3198,Google Maps,تاج محل بن عكنون,2021-02-19T21:25:16.678Z,0,,,,,,,
713403,انا مانحبش مطاعم هاذوم  يطيبو prestige ويحطو شوية بصح هو مطعم مليح روحتلو قبل [APPRECIATION],59920,tiktok,@oscar_restaurant,2026-01-02T21:22:07.436053,0,,,,,,,
189126,Vive aqua number 1 la meilleure [APPRECIATION],31772,tiktok,@entracte,2026-01-02T19:14:23.117711,5,,,,,,,
844491,مطعم الرايس - Restaurant Rais سندويش متخرج من الجامعة,12471,Facebook,Restaurant Rais,2025-10-13T12:18:48.000Z,0,,,,,,,
320205,ماورتناش واش ناكلو بميتين الف هههه,71124,tiktok,@paradou_restaurant,2026-01-02T22:05:01.462587,0,,,,,,,
844500,خدمتك وسمها حبيت نولي نخدم كما انت,47992,tiktok,@rahmani_food,2026-01-02T20:34:21.487336,1,,,,,,,
582359,محتواك رااائع واصل,52134,tiktok,@uncles_burger_dz,2026-01-02T21:03:25.013481,3,,,,,,,
582362,شكرا علا فيديوات جميله [APPRECIATION],53260,tiktok,@aminakai09,2026-01-02T21:06:38.063263,0,,,,,,,
189152,شفت شعرك شبعت حوت,13490,Facebook,Restaurant San Benito,2025-12-29T22:23:52.000Z,0,,,,,,,
713445,Qu’ALLAH fructifie votre commerce.,34768,tiktok,@sinai,2026-01-02T19:27:57.400170,2,,,,,,,
844518,Un des meilleurs restaurants à Alger meilleur rapport qualité prix,10496,Facebook,,2025-10-25T14:22:01.000Z,0,,,,,,,
844525,Franchement c’est à l’européenne,22096,tiktok,@maison_sardoudi,2026-01-02T18:22:39.538571,0,,,,,,,
975602,محتوى فارغ,1039,instagram,hotspot_dz,2024-11-24T10:55:07.000Z,0,,,,,,,
189175,"A déconseiller, pizza messoussa, pâte sans sel, goût catastrophique, on a signalé au responsable mais sa réponse m'a dégoûté, il m a dit que t'aimes beaucoup du sel, il m'a dit aussi qu' il n' ya aucun client qui s'est plaigné . Résultat : aucun remboursement aucune excuse. Manque de professionnalisme. El mouhim , à éviter.",4543,Google Maps,هشام كوك بيتزا,2023-12-20T17:16:47.055Z,1,,,,,,,
844539,حاجة ما تصلح في عنابة من ناحية الماكلة,53542,tiktok,@thaisty_dz,2026-01-02T21:07:30.875940,15,,,,,,,
320253,C où svp,15004,tiktok,@lassiette.algeroise,2026-01-02T18:06:52.360675,0,,,,,,,
975616,et le prix,65180,tiktok,@restaurant_marisco,2026-01-02T21:40:09.364372,1,,,,,,,
189189,اختي هاذو نفظهم وحدي,54506,tiktok,@meryam_officiel,2026-01-02T21:10:37.979007,1,,,,,,,
320262,Die outje I cant,57730,tiktok,@_le216_,2026-01-02T21:17:30.487422,0,,,,,,,
451335,J aime beaucoup ce restaurant. La nourriture est bonne . l ambiance est sympathique. J apprécie particulièrement la terrasse. Mais le top ce sont les serveurs et les serveuses qui font du beau travail . un bel accueiil. de la gentillesse. des beaux sourires. J espère que ça se maintiendra sur le long terme. Bref un de mes endroits préfèrés à Alger Centre. A la prochaine.,3718,Google Maps,Laurel Restaurant,2024-10-24T17:23:04.616Z,0,,,,,,,
451336,بيسك خامج و بنين,42344,tiktok,@street_food,2026-01-02T19:58:05.325151,0,,,,,,,
713487,صحاب ماكلة بنينة حطولنا أسعار,68606,tiktok,@cote_oran,2026-01-02T21:57:26.802405,2,,,,,,,
844572,"Très déçu, une buche pistache (selon la couleur) à 6500da qui ne vaut pas son prix ! Elle n'a rien d'exceptionnel, on ne ressens pas la pistache, le chocolat blanc est trop sucré, franchement je suis très déçu.",3861,Google Maps,L’Alchimiste Pâtisserie,2024-12-30T14:18:34.844Z,1,,,,,,,
713503,"Salem Aleykoum comment commander, d'après la publicité la commande se fait par téléphone sans le donner merci",9651,Facebook,"  Sultan Restaurants


",2025-11-16T08:48:31.000Z,0,,,,,,,
451359,Sarhat Hakiri اول مرة نشوف الحسد والغيرة والقلب الاسود في تعليق. ربي يشفيك,9131,Facebook,"

Restaurant Casa Bella - Draria",2025-12-03T17:39:08.000Z,1,,,,,,,
582440,La dernière fois que je suis allé c’était dans les années 2010 et j’ai garder un bon souvenir !,16532,tiktok,@le_dauphin_restaurant,2026-01-02T18:09:32.917261,3,,,,,,,
451370,Je suis déjà parti très déçu  le service catastrophe très long [COMPLAINT],49,instagram,a_petit_feu_kouba,2024-10-29T21:59:24.000Z,2,,,,,,,
582444,"Je donnerai un 10/10 sur la qualité, le service, ainsi que la propreté. Juste une petite recommandation : il faut prévoir le payement par carte TPE",4267,Google Maps,هشام كوك بيتزا,2024-08-01T12:43:00.959Z,0,,,,,,,
713523,ماشي كنجي اتقولي 400 الف,33994,tiktok,@restaurant_gizay,2026-01-02T19:22:56.507985,0,,,,,,,
320308,هادي غيبة,9189,Facebook,"Restaurant La Napolitana









",2023-10-06T06:41:01.000Z,0,,,,,,,
189238,علا البشاري,65920,tiktok,@cote_oran,2026-01-02T21:46:20.536595,0,,,,,,,
451392,عادي,4700,Google Maps,Hicham cook pizza pasta,2024-05-06T18:17:41.204Z,0,,,,,,,
189250,نحلبك عفسا حبيبي علش دار ميجيش بنين لخاش مشي نتا لي تقدي باباك هوا لي يقدي ونتا دوك شريت بدراهمك لوكان راك تقدي بدراهمك نتا اوبليجي عليك تحسو بنين,42108,tiktok,@street_food,2026-01-02T19:58:00.340564,0,,,,,,,
582468,les assiettes sont pas terrible,35712,tiktok,@sinai,2026-01-02T19:28:23.544307,0,,,,,,,
713543,restaurant l'atelier,21682,tiktok,@maison_sardoudi,2026-01-02T18:22:30.044464,0,,,,,,,
451400,"S'était une soirée mémorable ! Je ne penser pas venir à cause des mauvaise critique mais vous savez quoi, s'était tout l'inverse c'était bon, pas cher, tout les serveur s'occuper bien de nous ont était tellement alaise qu'on avais l'impression d'être en famille, tout le monde est gentil et respectueux ne croyais pas tous c'est mauvaise critique c'était incroyable :) !",2779,Google Maps,HichamCook Grill House,2023-02-17T09:40:03.547Z,1,,,,,,,
189256,شحال من مليون خويا,68554,tiktok,@restaurant_marisco,2026-01-02T21:56:52.182854,0,,,,,,,
320330,بيتزا 5 اجبان لي فيها 2 و كوممبار فايح و خامر الجودة لا تتناسب مع السعر الباستا قطعة فطر مفيهاش,4191,Google Maps,هشام كوك بيتزا,2024-10-06T11:47:35.926Z,0,,,,,,,
189259,est ce que les prix sont raisonnables ou bien c'est pour une catégorie bien déterminé qui est riche.,21590,tiktok,@maison_sardoudi,2026-01-02T18:22:25.678229,1,,,,,,,
713564,Magnifique tt étais parfait  [APPRECIATION],1501,instagram,mimas_donuts,2025-06-24T17:43:19.000Z,2,,,,,,,
451421,"Je me suis régaler moi et les enfants, ils ont vraiment adoré la pizza On reviendras inshalah",6847,Google Maps,Restaurant À Petit Feu,2025-07-28T19:34:13.681Z,0,,,,,,,
975710,"Qualité médiocre, pauvre en quantité, des prix exorbitants non justifié je ne recommande pas",6203,Google Maps,Casbah istanbul,2022-12-09T23:25:16.040Z,1,,,,,,,
189280,تشقالو يقلك خلاصت السلعة  خرجو جديد,40332,tiktok,@woodchickendz,2026-01-02T19:45:45.311809,3,,,,,,,
320361,دير عرس وعشيهم عندهم والدري يلعبو في قاعة الألعاب بومهني,51516,tiktok,@broaster_chiken,2026-01-02T21:00:00.620402,1,,,,,,,
975722,avec de l ail et du persil.,73472,tiktok,@pont_hydra,2026-01-02T22:13:56.081901,0,,,,,,,
582510,très bel endroit  [APPRECIATION],67698,tiktok,@kartaj_oran,2026-01-02T21:53:12.911393,0,,,,,,,
582513,ما عشنا في هاد. دنيا وخايف نخلصوها غالية فل اخرة,66646,tiktok,@bladi_oran,2026-01-02T21:51:11.463909,46,,,,,,,
713588,إنشاء الله,13487,Facebook,Restaurant San Benito,2025-12-29T21:44:03.000Z,0,,,,,,,
451444,ils lui ont fait fermé !,63866,tiktok,@silyon69,2026-01-02T21:33:15.618141,0,,,,,,,
844666,le décor l'architecture et la vue Machallah malheureusement la nourriture ne suit pas,56244,tiktok,@the_chef_house_23,2026-01-02T21:14:35.405745,0,,,,,,,
713595,حسن الإستقبال، لاباس بيهم. حظ موفق,5630,Google Maps,Casbah Istanbul القصبة اسطنبول,2022-12-25T14:42:59.318Z,2,,,,,,,
189307,pour dire spécialité algériens il faut ouvrir 58 restaurants l'Algérie a un grand patrimoine nos plats son copier c'est pour sa les algériens on gagne une coupe pr la cuisine et médaille   en Fran [BOUFFE],35634,tiktok,@sinai,2026-01-02T19:28:18.081579,0,,,,,,,
189311,Après 27 ans toujours le meilleur bonjour à toi,11692,Facebook,Restaurant San Benito,2025-07-28T00:09:09.000Z,0,,,,,,,
320392,chui entrain de vomir  [COMPLAINT],72956,tiktok,@pont_hydra,2026-01-02T22:13:39.620667,0,,,,,,,
713616,"Prix élevé, serveurs trop pressé, qualité bonne mais pas aussi bonne qu'avant",5074,Google Maps,قصبة اسطنبول,2025-09-01T21:33:29.122Z,0,,,,,,,
844688,ابن واحد في عنابة  [APPRECIATION],50302,tiktok,@quick_bite,2026-01-02T20:59:16.814025,1,,,,,,,
189334,Rien a dire vraiment trop professionnel,8893,Facebook,"  Sultan Restaurants


",2025-12-06T13:43:20.000Z,0,,,,,,,
189339,pourquoi tu as appuyé sur algérien . t'as des doutes [APPRECIATION],27780,tiktok,@thala,2026-01-02T18:45:04.675163,0,,,,,,,
713629,دائرة طوندوز,30194,tiktok,@farouk.tacos,2026-01-02T18:56:13.270218,0,,,,,,,
582560,Cheeseburger خطأ يحيا جلول بنة و سعر,8654,Google Maps,American Burger Factory,2021-12-11T18:42:20.407Z,0,,,,,,,
713637,وين بالضبط؟؟؟,32468,tiktok,@restaurant_iceberg,2026-01-02T19:16:42.143997,0,,,,,,,
189364,bonjour s où svp exactement merci,21194,tiktok,@triple_,2026-01-02T18:22:03.688388,0,,,,,,,
713652,j’attendais mieux,8868,Google Maps,American Burger Factory,2015-07-27T11:59:04.787Z,0,,,,,,,
844726,"Je ne vais pas parler des services mais d'un serveur turk (dans la soixantaine) qui l'a air gentil mais il est vicieux, il essaye de discuter gentiment et après il prend la chance pour toucher le dos ou les épaules de la cliente comme si 'je suis juste gentil sans tweswis', mais non ç'est inprofessionnel, c'est vraiment gênant dégueulasse, je ne suis pas la seule qui a remarqué et ce n'était pas la première fois.",5685,Google Maps,Casbah Istanbul القصبة اسطنبول,2022-05-04T23:00:15.060Z,2,,,,,,,
451513,خويا قولي وين المحل هدا باه مكلاه نجي,44134,tiktok,@dzforestrestaurants,2026-01-02T20:11:39.498523,0,,,,,,,
582591,I really don't know what to said it was a good place first but know idk i just feel something wrong,8247,Google Maps,American Burger Factory,2024-10-12T10:29:57.492Z,0,,,,,,,
844747,اكلات متنوعه وشهيه,3144,Google Maps,تاج محل بن عكنون,2022-11-12T22:06:23.303Z,1,,,,,,,
451534,دخلنا بلايص كلاص و كلينا و شربنا و سهرنا والحمدالله خلينها لاولادنا يعيشو دك,70868,tiktok,@paradou_restaurant,2026-01-02T22:04:49.350332,0,,,,,,,
451552,حياة ماعندها معنى حمد الله على القناعة,57930,tiktok,@_le216_,2026-01-02T21:17:34.821774,0,,,,,,,
451562,crème ? هاذيك sauce,55228,tiktok,@askim_food,2026-01-02T21:13:24.963574,0,,,,,,,
975853,mashallah ! voilà la classe et fière de lui ! il investi et croit en son produit ! bravo,45270,tiktok,@budz,2026-01-02T20:15:54.265018,2,,,,,,,
582652,الله يبارك صاحبي ربي يحفظك,41228,tiktok,@street_food,2026-01-02T19:55:39.555353,0,,,,,,,
975875,هذا مطعم تاع شكارة هذي كلمة مرحبا بيكم قصدو مش للجميع عندك دراهم مرحبا بيكم معندكمش روح لدارك هههه,11009,Facebook,Restaurant Casa Bella - Draria,2025-07-27T09:31:11.000Z,0,,,,,,,
189448,Le pris svp,25716,tiktok,@ofennec.officiel,2026-01-02T18:34:10.148856,0,,,,,,,
713737,Yacine Bouakaz بارك الله فيك اخي ،،والله نفس تفكيري,9761,Facebook,Dz Forest Restaura,2025-10-12T20:53:32.000Z,1,,,,,,,
713739,Pâtisseries plutôt bonnes Les pains sont excellents Accueil froid. Petit espace.,3941,Google Maps,L’Alchimiste Pâtisserie,2021-10-08T10:32:11.071Z,3,,,,,,,
975902,"Très bon plat. Malheureusement j'ai demandé à l'emporter et j'ai eu une boîte sans le plat, juste les frites et le bulgour. Vérifier bien vos boîtes à emporter. 1800DA pour un plat que j'ai à peine goûté. Dommage",6067,Google Maps,Casbah Istanbul,2023-09-04T15:35:08.026Z,1,,,,,,,
975904,مادام نامي ولا روبين مكانش مدرنا والو,53690,tiktok,@guellil._.tasnim,2026-01-02T21:08:10.137875,10,,,,,,,
844837,"Bonne expérience, table un peu trop rapprochée, ne pas y aller en heure tardive car beaucoup de monde",6194,Google Maps,Casbah istanbul,2023-02-16T18:05:36.328Z,0,,,,,,,
975913,SITUE DANS UNE PETITE RUELLE DISCRÈTE MAIS UNE FOIS QUE VOUS AVEZ PASSE LA PORTE DU RESTAURANT DÉCOR SYMPATHIQUE ET MAGNIFIQUE TERRASSE EXTÉRIEURE. PERSONNEL TRÈS GENTIL ET SERVIABLE. LA NOURRITURE A PRIX RAISONNABLE ET TRÈS BONNE. RESTAURANT A CONSEILLER ET A RECOMMANDER. RESTAURANT IDÉAL POUR SOIRÉE EN AMOUREUX. J'AI DÉCOUVERT CE RESTAURANT ET J'Y RETOURNERAI AVEC PLAISIR ET AVEC LA PERSONNE QUI ME L'A FAIT DÉCOUVRIR.,3544,Google Maps,Caracoya,2018-02-28T16:54:59.545Z,2,,,,,,,
844842,أعطيني شوية,12586,Facebook,Restaurant Rais,2025-10-14T07:45:06.000Z,0,,,,,,,
975915,وهاديك لي حاكمة آلة الكمانجة داخلة في الفاتورة ولا بونيس,19364,tiktok,@helena,2026-01-02T18:16:40.733209,0,,,,,,,
844856,زيد جبلنا اسطنبول كاملة مع للجواء تاعها نوعدك نجي,36384,tiktok,@skyistanbuldz,2026-01-02T19:30:53.970354,1,,,,,,,
451646,"Le 06 octobre 2025 , l'enseigne était fermé a 20h , sans aucun signalement sur maps ou Facebook",4618,Google Maps,Hicham cook pizza pasta,2025-10-06T22:32:00.879Z,0,,,,,,,
844865,tajine kouchari sérieux !,32972,tiktok,@sinai,2026-01-02T19:18:31.100600,0,,,,,,,
975938,Le repère vos avis merci ?  [APPRECIATION],25014,tiktok,@el_marssem,2026-01-02T18:32:16.408987,0,,,,,,,
713797,Le ridicule de la présentation  [COMPLAINT],25812,tiktok,@ofennec.officiel,2026-01-02T18:34:11.848422,7,,,,,,,
189512,Très très mauvaise expérience que dire… la pizza infecte les lasagnes froides et fades sans aucun goût! Un endroit à fuir !,4138,Google Maps,هشام كوك بيتزا,2024-12-24T18:43:45.119Z,0,,,,,,,
451670,Beau et grand restaurant. Petite déception par rapport à la gaufre au nutella/fruits glace censée être topée avec des fruits de saison mais finalement servie qu'avec des bananes dessus pour 700da ça vaut pas le coup. Tiramisu bofbof à 400da. De façon générale les prix sont assez élevés. Le service était trop long pour notre petite commande.,7677,Google Maps,Restaurant À Petit Feu,2023-11-24T19:13:34.476Z,1,,,,,,,
844889,لمن استطاع اليه سبيل,18284,tiktok,@helena,2026-01-02T18:16:08.811219,19,,,,,,,
451675,livraison السمار gué de constantine chhal,29368,tiktok,@elcuatro_burgers,2026-01-02T18:49:38.698073,0,,,,,,,
189534,ههههه مدايرها ٢ حبات تاع كر وفات ووزوج فصوص تاع فلفل بى 150الف ههخخخ,11593,Facebook,Restaurant San Benito,2025-08-09T20:22:22.000Z,0,,,,,,,
975966,C’est quoi la musique en fond ?,71352,tiktok,@dwiretelazz,2026-01-02T22:08:42.206605,1,,,,,,,
975967,يا لبولحيا لي يجي ياكل عندكم تمصلوا دموا شحال غالي. ما علابالكش بلي تجارة ما لازمش دوبلي في سومة . حرام تدي فوق حقك,11008,Facebook,Restaurant Casa Bella - Draria,2025-07-27T14:13:44.000Z,0,,,,,,,
189542,صلى الله عليه وسلم,55202,tiktok,@atlas.immo.annaba,2026-01-02T21:13:07.503380,1,,,,,,,
451686,الله يبارك من احسن مطاعم في الجزائر و البيتزا على اصولها اتمنى لكم استمرارية.,7626,Google Maps,Restaurant À Petit Feu,2024-02-01T22:24:24.645Z,1,,,,,,,
320615,"À chaque fois on part nous nous sentons être satisfaits, tout est bon, tout est bien, tout est beau, tout était fait avec soin, commençant par l’accueil chaleureux, le personnel actif, le service sans attente, les plats à la hauteur, la cuisine nous sentons que c’est de la cuisine turque, machallah j’espère de tout cœur que ça continuera toujours comme ça. J’aime beaucoup",6044,Google Maps,Casbah Istanbul,2023-10-07T12:39:13.346Z,1,,,,,,,
844908,السوريين ماكلتهم نضيفة  [APPRECIATION],19592,tiktok,@sultan,2026-01-02T18:17:18.459986,0,,,,,,,
582765,La meilleure pâtisserie d'alger,3836,Google Maps,L’Alchimiste Pâtisserie,2025-07-02T14:43:29.423Z,0,,,,,,,
189551,الفكرة جميلة جدا الدراهم تع كراء القاعة تدير بيهم العشاء و تربح ماكلة بنينة مكان راق و أمسية شابة الله يبارك ربي يكمل بالخير,974,instagram,hichamcookgrill,2025-12-29T23:13:36.000Z,338,,,,,,,
975984,مزية سييتو,570,instagram,"brother.ts
",2024-10-04T12:43:35.000Z,0,,,,,,,
189554,ملونش شعال أخي ربي يحفضك,65148,tiktok,@restaurant_marisco,2026-01-02T21:40:08.510603,1,,,,,,,
582775,مبروك وين جاي,20066,tiktok,@darlmima,2026-01-02T18:17:59.402199,0,,,,,,,
713849,البلاصة وين,60804,tiktok,@restaurant.beitdh,2026-01-02T21:23:13.956347,0,,,,,,,
713855,وين المكان,26806,tiktok,@seven.times,2026-01-02T18:39:13.736951,2,,,,,,,
320641,jamais le poulet est mal cuit .,49022,tiktok,@chicks_nook,2026-01-02T20:40:01.785543,11,,,,,,,
976001,ههخ عجبتني هدرتها ،بكل عفوية,13619,Facebook,Restaurant San Benito,2025-12-16T13:49:54.000Z,0,,,,,,,
976003,les meilleurs restaurents f toch,59762,tiktok,@maestro_dz13,2026-01-02T21:21:41.229260,0,,,,,,,
844937,Des prix très raisonnable  [RECOMMENDATION],36780,tiktok,@restaurant.madala,2026-01-02T19:34:38.536921,3,,,,,,,
320654,ماشاء الله ناكل هاد بلا نموت ماعليش وين نلقاكم وين؟؟؟؟,9950,Facebook,"  Restaurant elassil








",2025-12-27T17:27:42.000Z,0,,,,,,,
451733,"BEAU DÉCOR, BELLE AMBIANCE, …. REPAS TRADITIONNEL MAIS POURQUOI PAS SI C’EST BON…. C’EST DU FAIT MAISON. MAIS S’IL VOUS PLAIT, PAS TROP DE SAUCES…. Cela gâche saveurs du plat…. FAITES SIMPLE ET BON",14460,tiktok,@les_jumelles,2026-01-02T18:01:29.001298,0,,,,,,,
582820,"Je n’ai pas aimé ce restaurant , rapport qualité prix catastrophique .",4665,Google Maps,Hicham cook pizza pasta,2025-05-05T23:36:07.309Z,0,,,,,,,
320686,واحد ميصلح صدقني,58704,tiktok,@maestro_dz13,2026-01-02T21:21:16.241798,1,,,,,,,
976047,أدونا معاكم اودي  اعرضونا ا ولد لغواط,43620,tiktok,@serir_alger,2026-01-02T20:09:38.628000,1,,,,,,,
976049,مصطفى توحشناك تحية من المغرب,69118,tiktok,@cote_oran,2026-01-02T21:57:44.901389,1,,,,,,,
582833,"Très bonnes pâtisseries, pas trop sucré J'ai testé le Paris Brest magnifique et mon coup de cœur la boule chocolat Ferrero ،le trompe l'oeil poire est pas mal non plus . ATTENTION si vous commandez avec leurs livreurs , ils choisissent leurs prix et c'est très excessif ! Et impossible de savoir avant c'est la surprise ! Conseil pour une livraison passe par Yassir ou déplacé vous .",3814,Google Maps,L’Alchimiste Pâtisserie,2025-09-27T16:15:11.283Z,0,,,,,,,
844980,il faut parler à les prix aussi,61986,tiktok,@le_nordik,2026-01-02T21:27:32.480399,0,,,,,,,
451764,"Très bon restaurant, personnel au petit soin, cadre sympa.",5537,Google Maps,قصبة اسطنبول,2022-10-03T09:30:26.783Z,0,,,,,,,
320699,c'est un délire un mois d'ouverture meilleurs fast good,28634,tiktok,@american.burger.tizi,2026-01-02T18:47:27.891740,2,,,,,,,
976061,المطعم رائع من حيث الجلسة وجودة الأكل. يتوفر موقف سيارات، ما يسهل الوصول. لكن الخدمة كانت بطيئة بعض الشيء، رغم أن المطعم كان شبه فارغ وقت زيارتنا. نأمل تحسين سرعة تقديم الطلبات مستقبلاً,4060,Google Maps,هشام كوك بيتزا,2025-07-07T12:23:37.096Z,0,,,,,,,
189634,لي قالك علاش تمدهم وتوريلهم هذا قلبو مريض مع كل ماشي احتراماتي ليه خاطر انسان هذا تاع نفسي نفسي,49762,tiktok,@farouk.tacos,2026-01-02T20:42:08.671788,1,,,,,,,
582850,C ou exact?,13505,Facebook,Restaurant San Benito,2026-01-01T21:31:21.000Z,0,,,,,,,
582855,Oui mais c’est cher,34914,tiktok,@sinai,2026-01-02T19:28:00.128293,24,,,,,,,
320716,هذا وين العنوان,43990,tiktok,@dzforestrestaurants,2026-01-02T20:11:34.194231,0,,,,,,,
845013,برحال لا تعوض,56206,tiktok,@the_chef_house_23,2026-01-02T21:14:34.099115,3,,,,,,,
582880,هذا ضعف تاع هشام كوك,19388,tiktok,@helena,2026-01-02T18:16:40.733236,0,,,,,,,
320740,"Juste une suggestion, le concept est super mais essayez de parler en arabe, ta cible c’est tout les algériens, ils sont pas tous francophones",33188,tiktok,@new_yorkais,2026-01-02T19:20:39.726783,4,,,,,,,
976104,Win Jay exacte le Cartier? !,62458,tiktok,@benete_wahran,2026-01-02T21:30:31.743510,0,,,,,,,
845033,ههههه والله ما نجي,10766,Facebook,Dz Forest Restaura,2025-10-13T14:21:45.000Z,0,,,,,,,
976106,Je connais pas où c'est exactement,10263,Facebook,,2025-10-22T23:19:11.000Z,0,,,,,,,
189679,Sauce aigre douce,40002,tiktok,@streetburger02,2026-01-02T19:44:05.348604,0,,,,,,,
451828,Très belle. experience à l'américaine Tu peux manger très bien pour pas chère Accessible à toit le monde Je conseil vivement,7793,Google Maps,American Burger Factory,2025-03-05T20:05:45.157Z,0,,,,,,,
320763,Toute mes félicitations يجعلها عتبة مربوحة,61180,tiktok,@la.criee,2026-01-02T21:24:42.236953,1,,,,,,,
189697,Svp qui peut me dire ou je pourrais trouver le truc qui contient l'escargot ?,72384,tiktok,@pont_hydra,2026-01-02T22:13:21.475072,0,,,,,,,
714019,وين في سطيف خويا ؟,54632,tiktok,@mr._brik,2026-01-02T21:11:17.625844,2,,,,,,,
976169,azul l'adresse la wilaya la daira la commune la cité,37330,tiktok,@restaurant.madala,2026-01-02T19:34:51.576944,1,,,,,,,
714026,"C'était bien au début de bons produits mais depuis un certain temps la qualité des produits est devenue médiocre ex au lieu de vrai fromage gouda on nous met du cheezy au même prix, je le deconseille",4878,Google Maps,Hicham cook pizza pasta,2021-09-30T17:41:30.165Z,0,,,,,,,
451886,نجي نخدم معاك,13176,Facebook,Restaurant San Benito,2025-10-13T16:42:59.000Z,0,,,,,,,
845107,Pizza et plats généreux et bon,4370,Google Maps,هشام كوك بيتزا,2024-04-29T11:52:32.124Z,0,,,,,,,
189753,Les gâteaux ouii mais pour manger madarna walou,27724,tiktok,@thala,2026-01-02T18:45:03.223413,0,,,,,,,
451901,"Nous avons passés une très belle soirée , plus de fruits de mer ce soir là mais le repas étais absolument délicieux mon entrecôte étais tendre à souhait et les petits légumes qui l'accompagnait une tuerie, notre serveur très agréable et attentionné n'hésitez surtout pas",2349,Google Maps,HichamCook Grill House,2025-06-02T09:22:53.051Z,0,,,,,,,
976190,نتحداك تجيبهم قل من 300 الف,9969,Facebook,Dz Forest Restaura,2025-10-15T18:24:48.000Z,0,,,,,,,
845123,Un beau restaurant les plats très bon service rapide et accueillant,5407,Google Maps,Casbah Istanbul القصبة اسطنبول,2023-08-12T12:43:57.796Z,0,,,,,,,
189767,Très beau restaurant Nourriture exquise Petit Bémol la bouteille d'eau n'est pas disponible en début de service : elle est pourtant bien affichée sur le menu. Histoire de consommer des boissons plus rentables pour le restaurant soyez plus professionnels vous gagnerez des clients,5091,Google Maps,قصبة اسطنبول,2025-08-15T17:55:08.128Z,0,,,,,,,
845140,I will make my first deal in this place.,32222,tiktok,@le_carre_restaurant,2026-01-02T19:14:51.260335,7,,,,,,,
845147,عندك التوصيل اخي,24400,tiktok,@differencefood,2026-01-02T18:29:19.390500,1,,,,,,,
714087,livraison sur alger uniquement  Box 3 saveurs : 4000 da · Crispy poulet 1390DA 8pcs · California saumon /avocat 1790DA 8pcs · Maki thon 890DA 8pcs  Combo nagiri : · Nigiri  saumon 550DA 2pcs · Nigiri dorade  390DA 2pcs · Nigiri avocat  390DA 2pcs Gyoza boeuf   990DA 6 pièces Nouilles  poulet  790DA [INQUIRY] [BOUFFE] [ENDROIT],1943,instagram,sushigardendz,2025-08-26T19:31:03.000Z,90,,,,,,,
451952,بالصحة و العافية عليك,11743,Facebook,Restaurant San Benito,2025-07-27T15:55:13.000Z,0,,,,,,,
320883,أنا من موزمبيق . من خارج الوطن. نجي عادي عندكم. ولا نتاع لفوق وحدهم ونتاع تحت وحدهم,63068,tiktok,@allechante,2026-01-02T21:31:03.371160,0,,,,,,,
976244,Abou El Ezz:شيف خبره بمجال المطاعم وادارتها ابحث عن ممول لمشروع مطعم للأستفسار الأتصال 0096181372977,39376,tiktok,@itchy_food,2026-01-02T19:41:13.058268,0,,,,,,,
189813,مخصكمش بيتزاريو,24448,tiktok,@differencefood,2026-01-02T18:29:23.011788,1,,,,,,,
451957,High level of service. Great place! There's a beautiful terrace. Food is close to French gastronomy. We ate a tasty Shakshouka.,3452,Google Maps,Caracoya,2023-10-11T21:52:57.751Z,0,,,,,,,
189817,Ce n'est pas bon attention brochette de poulet y a des nerfs et de la graisse. Le blé (boulgour) c'est fade,6080,Google Maps,Casbah istanbul,2024-06-05T21:30:00.289Z,0,,,,,,,
189821,اخيرا عنابة قاستها شوية تع حضارة,50946,tiktok,@broaster_chiken,2026-01-02T20:59:47.306549,0,,,,,,,
451967,نحبوا نموت عليه ماما كل مرة الديروا لينا.,73576,tiktok,@pont_hydra,2026-01-02T22:13:58.981703,0,,,,,,,
583045,هدي كدبة بين والله ما بصح سردين راه ميت الف,11512,Facebook,Restaurant San Benito,2025-09-03T19:48:45.000Z,0,,,,,,,
845191,الله يبارك ماشاء الله ولاحول ولاقوة الا بالله مزيدا من النجاحات بالتوفيق ان شاء الله,30822,tiktok,@salimel9obtan,2026-01-02T19:08:20.809374,1,,,,,,,
845194,Good ! il faut absolument goûter les cuisses de grenouilles.,73492,tiktok,@pont_hydra,2026-01-02T22:13:56.081915,0,,,,,,,
189835,"Voici une petite description que tu peux utiliser pour recommander le restaurant : --- Restaurant Casbah Istanbul Une belle découverte ! On a goûté un Katmer croustillant accompagné de glace, un vrai délice. La Kunafa au fromage était tout simplement parfaite, bien fondante et sucrée comme il faut. L’ambiance est chaleureuse et familiale, idéale pour passer un bon moment. À tester absolument si vous êtes de passage à ben aknoun",5163,Google Maps,Casbah Istanbul القصبة اسطنبول,2025-04-08T23:44:17.720Z,0,,,,,,,
583059,ربي بارك البنة تتكلم,9811,Facebook,Restaurant Tabarka Annaba,2025-12-23T19:37:32.000Z,0,,,,,,,
320919,Service hyper long on a dû attendre 40min pour être servis,4011,Google Maps,هشام كوك بيتزا,2025-10-23T21:32:49.074Z,0,,,,,,,
189850,هدي في سكيكدة؟,49654,tiktok,@kik.sfood21,2026-01-02T20:41:17.789224,1,,,,,,,
976288,الريحة لحقتني  the best burger ever [APPRECIATION],353,instagram,"brother.ts
",2025-11-05T19:01:50.000Z,0,,,,,,,
583094,Al Haramayne Tarik وين راهو النقد لي راني أنا ضدوا أو كممت أفواه . كاش واحد جاء قال سرفيس ماشي مليح أو مطعم ماشي نظيف و قلت له أنا علاش ؟؟؟ انا علقت على جماعة لي هو ما يلحقش يعني العيب في جيبوا و يجي يهدر على تاجر داير عرض خاص فيه نوع من مساعدة في السومة . الان لي معندوش الإمكانيات عليه أن ينتقد جيبوا و ليس هذا تاجر . ! و انا قلت إن شكوى لغير الله مذلة واش معناها جي تشكي انك زوالي متلحقش في تعليقات ؟؟؟ ما هو الهدف غير الذل في روحك للناس ؟؟؟ انا ننتقد هذه العقلية من باب الناس تفطن و الراجل يعرف قدروا و يحترم نفسه و مكاش قد من العفة اخي !,10173,Facebook,Dz Forest Restaura,2025-10-12T23:46:27.000Z,0,,,,,,,
320951,نظافة كاين ولا نعيطو لا كونطرول,47474,tiktok,@street_food,2026-01-02T20:31:34.405186,0,,,,,,,
714178,"Les tables pour deux personnes mal placé dans la salle! Pizza pas vraiment un truc de wow mais bon, Les pâtes ça va.",4515,Google Maps,هشام كوك بيتزا,2023-12-28T04:43:12.830Z,0,,,,,,,
845257,Everything was super except waiting,4243,Google Maps,هشام كوك بيتزا,2024-08-14T12:34:51.999Z,0,,,,,,,
583116,احسن مطعم و سرفيس,26782,tiktok,@seven.times,2026-01-02T18:39:12.892990,1,,,,,,,
583120,كذابين,12240,Facebook,Restaurant San Benito,2025-10-13T15:27:01.000Z,0,,,,,,,
189904,le mot Thala veut dire fontaine en kabyle,27954,tiktok,@thala,2026-01-02T18:45:10.803282,0,,,,,,,
714204,Votre ligne est injoignable,1753,instagram,rolls_dz,2025-05-12T11:07:15.000Z,0,,,,,,,
452068,يشوف الفري مبريزونتي واطيب القديم,13016,Facebook,Restaurant San Benito,2025-10-28T20:11:41.000Z,0,,,,,,,
845287,المهم غير البنون  [APPRECIATION] [RECOMMENDATION],12941,Facebook,Restaurant San Benito,2025-10-13T00:23:48.000Z,0,,,,,,,
189931,صحيت كشغل كلينا هادا ما بقالك مصطفى,69062,tiktok,@cote_oran,2026-01-02T21:57:41.875933,1,,,,,,,
321006,87. 5×3=244. 5 صافي تخلصو على الشخص الواحد 87. 5. يطحيلكم 244. 5 الف وإجري على الله,31560,tiktok,@woodgrill_dz,2026-01-02T19:13:55.381391,3,,,,,,,
845307,"Venez à Lyon, on a besoin des restaurants algériens",36166,tiktok,@sinai,2026-01-02T19:28:37.592228,0,,,,,,,
845309,منبعد تصراله كيما اللي حل ستاربكس,37562,tiktok,@kfc,2026-01-02T19:39:13.548377,32,,,,,,,
714238,Vous devriez faire des plats biens sûres avec des prix à la porté des bourses moyennes comme beaucoup de restaurants,10538,Facebook,"  Restaurant elassil








",2025-12-16T20:35:04.000Z,0,,,,,,,
321023,مهتمة,66880,tiktok,@bladi_oran,2026-01-02T21:51:27.166017,0,,,,,,,
976382,Ce que je ne conçois pas c'est que l'algérien consomme trop grillade et ne sait que c'est très très mauvais pour le corps humain. Le consommateur ne sait-il pas que la cuisson sur charbon (Barbecue) est cancerigène? Amine hétérocyclique (AHC) elle se forme en cuisson à haute température Hydrocarbure Aromatique polyclinique (HAP) se forme lorsque la graisse s'écoule sur le feu provoquant des flammes et de la fumée qui enrobent la viande. il a été démontré par la Santé mondiale et ses professeurs que l'AHC et le HAP détruisent l'ADN et contribuent au développement du Cancer. Dans les pays occidentaux les barbecues se font tous les mois ou plus alors nos Gargotes modernes ne savent même pas quels sont les risques et de toute façon elles n'ont que ça comme connaissance en gastronomie. kawar wa 3ti la3war kakoul ki el haycha. Les gens du métier les pauvres observent la mort dans l'âme !,11074,Facebook,Restaurant Casa Bella - Draria,2025-07-29T16:46:26.000Z,2,,,,,,,
714245,زوالي يوكل غدوة,61618,tiktok,@guellil._.tasnim,2026-01-02T21:25:43.488263,0,,,,,,,
321031,يآرب ارزقني زوجة تفهمني ومطيعة وحنينة وصالحة ومتربية وعاقلة امين يارب تحياتي لكم من الغربة . .,46840,tiktok,@oumanger.oran,2026-01-02T20:23:59.415344,0,,,,,,,
845329,ساكنة في فوكة وماكنتش عارفة كاين مطعم شباب هكدا الله يبارك  [APPRECIATION],15278,tiktok,@fouka.marine,2026-01-02T18:07:31.468937,1,,,,,,,
714269,memories.,56590,tiktok,@terre_et_mer_annaba,2026-01-02T21:15:48.336819,1,,,,,,,
976414,كليت عندو و تاع الصح غالي  [RECOMMENDATION],20512,tiktok,@labelladalger16,2026-01-02T18:19:37.931953,0,,,,,,,
452126,زعما يوصل عندنا بالشكل ادا ولا . خاطر المنظر يشهي,50038,tiktok,@king_food23,2026-01-02T20:58:39.471517,4,,,,,,,
321055,استقبال 0,63916,tiktok,@silyon69,2026-01-02T21:33:16.602447,0,,,,,,,
189987,Maklethom graaaave bnina  sauce fromagère hedik matnchba3ch,44812,tiktok,@oumanger.oran,2026-01-02T20:14:31.694998,0,,,,,,,
452141,من أشهر وجبات الشوارع المغربية البوبوش بالأعشاب,73232,tiktok,@pont_hydra,2026-01-02T22:13:49.961592,0,,,,,,,
976430,شحال السعر تاع الباك الرجاء عدم الرد!,9292,Facebook,,2025-12-03T17:03:24.000Z,0,,,,,,,
321070,c'est beau,31938,tiktok,@entracte,2026-01-02T19:14:28.267684,0,,,,,,,
714303,Leur philly cheese est une tuerie,8762,Google Maps,American Burger Factory,2020-01-31T08:01:28.485Z,0,,,,,,,
714312,Thnk u,7510,Google Maps,American Burger Factory,2025-05-21T10:58:20.549Z,0,,,,,,,
452184,نو يجي,41638,tiktok,@street_food,2026-01-02T19:57:48.416283,1,,,,,,,
190047,مغارة الأغنياء و كمين للأغبياء .,9524,Facebook,,2025-12-04T18:19:21.000Z,0,,,,,,,
976480,عن قريب نشالله  D'ënîz [APPRECIATION],61716,tiktok,@guellil._.tasnim,2026-01-02T21:25:46.267370,0,,,,,,,
714339,bon appétie,72564,tiktok,@pont_hydra,2026-01-02T22:13:26.277477,0,,,,,,,
845415,اسمحلي خويا كومنديت عليكم زوج مرات والله مابنان هداك الشيز فيه كمية لحم والله غير زوج حبات فريت,30080,tiktok,@pizza_carie_touati_,2026-01-02T18:54:36.682825,3,,,,,,,
452204,"Great food, would say it is little more expensive than outside but overall really good service and nice restaurant to eat with the family!",5986,Google Maps,Casbah Istanbul,2024-04-14T15:55:27.522Z,0,,,,,,,
845438,les prix sont execifs pour un fast food,20318,tiktok,@labelladalger16,2026-01-02T18:19:31.025233,1,,,,,,,
845447,تلحقهم,16240,tiktok,@mardoum,2026-01-02T18:08:08.024088,0,,,,,,,
190090,Why Algeria isn’t open to tourism?,22472,tiktok,@le_perchoir,2026-01-02T18:25:06.952891,26,,,,,,,
845450,صحن فارغ تبيعو بلميزان,9819,Facebook,Restaurant Tabarka Annaba,2025-12-26T09:00:00.000Z,0,,,,,,,
583308,صلاح الدين إناس أنس مرقاز 4 الف 5 الف كبدة 6 الف يعني مكلاه تكدبو علا ناس ليموندة10 الف,9760,Facebook,Dz Forest Restaura,2025-10-13T15:20:33.000Z,0,,,,,,,
452248,اكثر واحلى مطعم هو سلطان شاورما,19470,tiktok,@sultan,2026-01-02T18:17:12.034370,0,,,,,,,
583322,f oran ?,33390,tiktok,@ambiancefood,2026-01-02T19:21:14.917531,1,,,,,,,
321188,زعما رخيصة ولا. ربي يهديك,10578,Facebook,Dz Forest Restaura,2025-10-12T20:09:28.000Z,0,,,,,,,
321189,La bouffe est nulle et c'est cher. d'abord il y'a trop de bruit ils passent les commandes en criant Le service est long et après une longue attente ils se sont trompé sur la commande. Vraiment on mangerait beaucoup mieux dans une simple gargotte.,10919,Facebook,Restaurant Casa Bella - Draria,2025-07-28T18:52:10.000Z,1,,,,,,,
714412,viens a Marrakech et regarde comment o le mange [APPRECIATION],73102,tiktok,@pont_hydra,2026-01-02T22:13:47.403323,0,,,,,,,
190127,où ?,35292,tiktok,@sinai,2026-01-02T19:28:08.587536,0,,,,,,,
321201,mon plaisir 3andhom grillades chbaab  [BOUFFE],63828,tiktok,@silyon69,2026-01-02T21:33:14.789074,0,,,,,,,
190143,انت كيما انا اختي كل مرة نخرج نقول وين لسطروا لماجربناش,58426,tiktok,@la.nouvelle.etoile0,2026-01-02T21:20:57.061374,0,,,,,,,
452288,AbDou FiLou لكومونتار هذا جابلي رخس كبير  هاكذاك و مازلت في كلمتي,13414,Facebook,Restaurant San Benito,2025-10-17T15:26:37.000Z,2,,,,,,,
321220,twajan marocaine [RECOMMENDATION],68592,tiktok,@cote_oran,2026-01-02T21:57:26.802395,162,,,,,,,
190153,الماكلة تاعو مليحة بصح فيه الغاشي بزاف و الحس و الحصر . الطوابل اكل لاصقين في بعضاهم,53668,tiktok,@mega_pizza_annaba,2026-01-02T21:07:56.462719,0,,,,,,,
452303,le nom du restaurant business de la religion,55984,tiktok,@mfood.annaba,2026-01-02T21:14:15.550031,0,,,,,,,
714449,مقود حبيبنا قالو 500الف,10197,Facebook,Dz Forest Restaura,2025-10-14T21:15:46.000Z,0,,,,,,,
976601,"Excellent food, great service but no alcohol",5186,Google Maps,Casbah Istanbul القصبة اسطنبول,2025-01-09T05:00:14.931Z,0,,,,,,,
583386,شربت قهوة ب45 الف قراف غالي اسمحلي بلا الماكلة مشي بنينة قراف  [RECOMMENDATION],20764,tiktok,@labelladalger16,2026-01-02T18:19:45.451980,0,,,,,,,
583394,ما شاء الله، أنا الحاجة لعجبتني لجاي في مرفال,67130,tiktok,@bladi_oran,2026-01-02T21:51:36.931195,0,,,,,,,
583410,الملوخية باللحم,10278,Facebook,Restaurant Tabarka Annaba,2025-12-23T17:17:08.000Z,0,,,,,,,
976626,Merci à tous [APPRECIATION],56570,tiktok,@terre_et_mer_annaba,2026-01-02T21:15:46.820010,0,,,,,,,
321273,والله يا تسنيم خوي سمنت غير من الماكلة تاع les restaurants فراميج ومشاوي وسكريات بصحتك,55052,tiktok,@luestro_annaba,2026-01-02T21:12:20.085758,0,,,,,,,
845568,مطعم في المستوى من حيث الاستقبال المعاملة والاطباق كانت رائعة ،مطعم ذو مستوى اربع نجوم,3733,Google Maps,Laurel Restaurant,2024-08-11T21:11:53.944Z,0,,,,,,,
452357,Zoom مشي بلاصة يوكلوا فيها,59190,tiktok,@maestro_dz13,2026-01-02T21:21:25.577650,0,,,,,,,
583429,عرسنا فيها في 2002,70938,tiktok,@paradou_restaurant,2026-01-02T22:04:52.707337,1,,,,,,,
714504,وتع كوبا؟؟؟,56166,tiktok,@mfood.annaba,2026-01-02T21:14:22.106255,0,,,,,,,
321292,المقاطعة هي الحل,38744,tiktok,@kfc,2026-01-02T19:39:52.490721,0,,,,,,,
714511,"Dommage, c'est loin. Mais je viendrai.",11858,Facebook,Restaurant San Benito,2025-08-12T09:15:12.000Z,0,,,,,,,
714527,Delicious burger miam miam:))like deco btw,8811,Google Maps,American Burger Factory,2018-12-08T14:52:54.690Z,0,,,,,,,
714530,prix trooooo exagéré,2954,Google Maps,HichamCook Grill House,2022-03-23T18:50:01.986Z,8,,,,,,,
190251,test miro restaurant c'est un resto avec une vue sur le monument des martyrs magnifique,16522,tiktok,@torero.alger,2026-01-02T18:09:04.525589,1,,,,,,,
845622,نقلشك سيدي,13671,Facebook,Restaurant San Benito,2025-12-30T06:59:04.000Z,0,,,,,,,
714557,Je m’excuse mais avec l’invasion de cafards qu’il y’a dans vos magasins (et a propos de laquelle je vous ai envoyé un message detaillé) . ca ne donne plus envie.,2156,instagram,wonder_food.s,2025-09-10T20:12:14.000Z,3,,,,,,,
976704,Le prix du buffet sushis ?,1283,instagram,madisushioran,2025-09-14T19:11:08.000Z,1,,,,,,,
714561,Nes Alger vous avez de la chance c'est beauuu,2271,instagram,teyr_ellil,2025-03-12T13:52:38.000Z,2,,,,,,,
321349,خليل رحماني يسمى كليتو عند واحد سراق,10718,Facebook,Dz Forest Restaura,2025-10-14T14:00:17.000Z,0,,,,,,,
452432,Littéralement trouver un insecte a l’intérieur du burger. choquer de la situation j’ai demander un autre plat mais pas de remboursement car je ne voulait pas faire un scandale sur le coup mais c’est quand meme choquant je m’attendais pas a ça de la part d’un restaurant a kouba ( the manager ( I think ? ) managed the situation well good guy but still ),7096,Google Maps,American Burger Factory,2025-07-02T20:51:07.781Z,0,,,,,,,
976733,علا خاطرش تع برا فيها لوسخ وذاك لوسخ يطلق لبنة لي تعجبنا حنا الشعب الجزائري,42426,tiktok,@street_food,2026-01-02T19:58:07.057176,0,,,,,,,
583518,bonsoir toi tu mange bien dors-bien bien chez nous au l'algérie oui c'est vrai toute et cher bouquet cher vive la France,27564,tiktok,@thala,2026-01-02T18:44:51.305812,0,,,,,,,
976748,"Le ratio qualité/prix n'est pas intéréssant, les plats ne sont vraiment pas extraordinaire, le services est long, la musique est trop forte. Les seuls point positifs sont la décoration et l'espacement entre les tables. Personnellement je ne recommande pas spécialement cet endroit mais il reste intéressant par son ambiance.",4943,Google Maps,Hicham cook pizza pasta,2020-04-05T23:30:38.423Z,2,,,,,,,
190321,منقدروش نديو كادر تاع لوفي معانا؟,53686,tiktok,@guellil._.tasnim,2026-01-02T21:08:10.137872,33,,,,,,,
321395,"Le meilleur w zid service khfif malgré lghachi, bsh hadak li f tal3a li Jay kima Aymen promotion wsh dayrin fih ? [APPRECIATION]",97,instagram,american.burger_dz,2025-08-29T13:59:44.000Z,0,,,,,,,
321407,كل التوفيق,53804,tiktok,@guellil._.tasnim,2026-01-02T21:08:12.889064,1,,,,,,,
714625,شوية بصح تخلص بزاف,13554,Facebook,Restaurant San Benito,2025-12-29T16:41:49.000Z,0,,,,,,,
976775,هيا بصراحة ديكوراسيون صح مليحة وكلش يضح معاملة صفر تع خدامة و غالي مع كل احترماتي,56458,tiktok,@the_chef_house_23,2026-01-02T21:14:43.146191,0,,,,,,,
190353,franchement un restaurant top avc un personnel accueillant et souriant valide a 100%,25776,tiktok,@ofennec.officiel,2026-01-02T18:34:11.064719,1,,,,,,,
190363,Trop bon.,7207,Google Maps,Restaurant À Petit Feu,2024-11-11T10:22:17.167Z,0,,,,,,,
845726,félicitations  bc’ de succès ça fait plaisir [APPRECIATION],18704,tiktok,@helena,2026-01-02T18:16:16.240805,0,,,,,,,
190369,نتا تهمك البنة وحنا تهمنا الصحة,330,instagram,"brother.ts
",2025-11-27T14:37:18.000Z,3,,,,,,,
190371,Crystal Juju يعطيك المعادلة الكيميائية نتاع تخصيب اليورانيوم و ما يعطيكش السعر,12591,Facebook,Restaurant Rais,2025-10-13T14:03:17.000Z,2,,,,,,,
452517,كاين توصيل اعطيني رقم خويا,17196,tiktok,@casa_burger1,2026-01-02T18:11:30.275173,0,,,,,,,
714661,بلاد وقيلة طبعت,38042,tiktok,@kfc,2026-01-02T19:39:26.429123,0,,,,,,,
976810,والجلد نحوهلك كثر من غزة,13086,Facebook,Restaurant San Benito,2025-10-13T16:59:07.000Z,0,,,,,,,
714671,Bonjour comment tu vas,11817,Facebook,Restaurant San Benito,2025-08-22T15:43:40.000Z,0,,,,,,,
714675,كارثة كارثة,9443,Facebook,,2025-12-04T06:39:25.000Z,1,,,,,,,
714695,c'est pas bon du tout,62172,tiktok,@naps_oran,2026-01-02T21:28:49.602013,0,,,,,,,
190407,توب الاروع في قمبيطة,62204,tiktok,@hamidhamid806,2026-01-02T21:29:09.825891,0,,,,,,,
845781,Merci pour votre gentillesse,8071,Google Maps,American Burger Factory,2025-02-03T18:34:29.863Z,0,,,,,,,
845782,très bon endroit  [APPRECIATION],26592,tiktok,@labelladalger16,2026-01-02T18:37:02.385193,1,,,,,,,
190439,هذا 2500 وبزاف فيه,31692,tiktok,@woodgrill_dz,2026-01-02T19:13:58.206658,0,,,,,,,
321520,الله يبعد عليكم اازلزال و يحميكم ما شاء الله,10844,Facebook,Restaurant Casa Bella - Draria,2025-07-27T23:25:32.000Z,0,,,,,,,
190467,Pas à la hauteur de sa réputation (retard et oublie de commande) et publicité mensongère,8783,Google Maps,American Burger Factory,2019-08-21T21:47:17.173Z,1,,,,,,,
452622,Mohammed Amine  متزيدش تغلط خو هذو يستناو فل الغلطة,9338,Facebook,Restaurant Casa Bella - Draria,2025-12-07T13:27:37.000Z,1,,,,,,,
583695,Désolé mais rien avoir avec la sauce thaï chili cet pas pareil et le goût,40066,tiktok,@streetburger02,2026-01-02T19:44:06.321189,0,,,,,,,
583709,لان السر موجود في عبارة خامج و بنين,41756,tiktok,@street_food,2026-01-02T19:57:50.970760,0,,,,,,,
190494,blida la semaine prochaine ysemmona 3andou,60036,tiktok,@the_throne_annaba,2026-01-02T21:22:25.152186,2,,,,,,,
321567,"Air pur, verdure, soleil, tranquillité d esprit.",60396,tiktok,@seraidi.live.z,2026-01-02T21:22:49.679217,2,,,,,,,
845856,هاذ نوع من الحلزون يسمى بوكران . ماشي بنين . لي بنين نسوموه الببوش . و يجي شوية صغير عليه . . و الالد من من ذلك . ببوش الابيض لي يجي صغير .,72992,tiktok,@pont_hydra,2026-01-02T22:13:40.547295,2,,,,,,,
321607,nous allons venir vous rendre visite inshallah pour voir est ce que le gout équivaut a la présentation,37524,tiktok,@restaurant.madala,2026-01-02T19:34:56.280222,1,,,,,,,
714826,bonsoir numéro,15392,tiktok,@fouka.marine,2026-01-02T18:07:33.991897,1,,,,,,,
714830,la rouille,58434,tiktok,@la.nouvelle.etoile0,2026-01-02T21:20:57.061381,0,,,,,,,
976974,Magnifique comme toi,68256,tiktok,@le_petit_chalet,2026-01-02T21:54:57.317053,0,,,,,,,
321616,hedik chanteuse chaba chaki avec son mari [APPRECIATION],23334,tiktok,@moonzrestaurant,2026-01-02T18:25:38.448173,3,,,,,,,
583764,Enfin la vrai spécialité algérienne bravo  [APPRECIATION],34804,tiktok,@sinai,2026-01-02T19:27:57.433359,4,,,,,,,
976989,ماكانش كيما في القدرة الله الله مع الزعتر والجماعة ونضاربو على الحبة الي نلقاوها خارجة,73594,tiktok,@pont_hydra,2026-01-02T22:13:58.981717,0,,,,,,,
714861,راك ترمي الناس علي راسها ناس راهي فاهمة بلي كامل واش في الطاولة 1500 . احبد الصنارة و بدل طعمة الغدر ب طعمة الصدق,12001,Facebook,Restaurant San Benito,2025-10-12T20:58:52.000Z,0,,,,,,,
845936,وين تسكني في عين الدفلى,17388,tiktok,@savannah,2026-01-02T18:12:56.692522,0,,,,,,,
190582,J'ai commandé aujourd'hui une pizza et je trouve que c'est une arnaque au sens propre du terme. c'edt la dernière fois que je commande de chez vous,3977,Google Maps,هشام كوك بيتزا,2025-12-09T19:58:01.794Z,0,,,,,,,
714872,il me semble que c'est fermé depuis un petit moment,63718,tiktok,@silyon69,2026-01-02T21:33:12.181993,2,,,,,,,
190585,"Un lieu propre et rangé . Un bon accueil, personnel sérieux et professionnel. Rapport prix /prestations dans les normes de la région.",5271,Google Maps,Casbah Istanbul القصبة اسطنبول,2024-07-15T15:23:41.913Z,0,,,,,,,
452730,بنة انتاع الصح ربي يحفضك وربي يباركلك في رزقك على المبادرة انتاع التبرع لغزة,48438,tiktok,@hafakafood,2026-01-02T20:35:29.188864,9,,,,,,,
452749,يعطيكم الصحة. بنة ونظافة,64722,tiktok,@msiiirdaa13,2026-01-02T21:35:48.704002,2,,,,,,,
845969,سلام عليكم عندكم توصيل لزالمو,55690,tiktok,@mfood.annaba,2026-01-02T21:14:06.968820,3,,,,,,,
845970,C’est une blague,23818,tiktok,@leonard_restauran,2026-01-02T18:27:03.640738,0,,,,,,,
845977,### warnings  food poisoning ### للأسف الشديد ، مستوى الاكل في تدني مستمر ، اليوم كانت آخر زيارة لي ، كارثة بأتم المقاييس ، بدون ذكر الأسعار و التأخير، اصبت بتسمم غذائي FOOD POISONING، طيلت الفترة المسائية و انا مصاب بالغثيان و الإسهال. ربما كان علي تقديم شكوى للجهات الرسمية ، على كل حال بالمستوى الذي عليه حاليا ، لن يطول الحال قبل أن يتم غلاقه نهائيا,4862,Google Maps,Hicham cook pizza pasta,2021-11-27T21:03:12.068Z,2,,,,,,,
845980,وعلاش لازم غير ليسكن فالقبة . حاجة باينة باي قريب من المحل علابيها النقل باطل هههههه,10370,Facebook,,2025-10-20T17:56:12.000Z,0,,,,,,,
321692,زوج ملاين فقط,10608,Facebook,"  Restaurant elassil








",2025-12-25T19:28:46.000Z,0,,,,,,,
190620,والله حاجة زيادة فينا، ربي يدومها نعمة تحياتي من الطارف [APPRECIATION],50800,tiktok,@broaster_chiken,2026-01-02T20:59:45.758612,0,,,,,,,
452764,Bravo   monsieur inshallah de Paris [APPRECIATION],69108,tiktok,@cote_oran,2026-01-02T21:57:44.106089,1,,,,,,,
977057,وين جاي راني هاودة للبلاد نروح ليه,18696,tiktok,@helena,2026-01-02T18:16:16.240793,0,,,,,,,
714919,شحال السعر و إذا كان إقامة إذا الانسان حاب يجيب العائلة,68166,tiktok,@le_petit_chalet,2026-01-02T21:54:52.782620,0,,,,,,,
190632,هذا الببوش كي تاكلها كيما هكا ما تستبنش كاع الزعتر,72622,tiktok,@pont_hydra,2026-01-02T22:13:27.131029,0,,,,,,,
583849,Cuisine impeccable et service aussi,3034,Google Maps,تاج محل بن عكنون,2025-02-12T15:58:19.363Z,0,,,,,,,
321719,le meilleur c'est te3 mama f dar,52854,tiktok,@patisserie_annaba,2026-01-02T21:04:17.321823,1,,,,,,,
583867,الله يبارك مشاءالله,67624,tiktok,@bladi_oran,2026-01-02T21:51:54.096583,0,,,,,,,
846018,نفرغلك جيبك سيدي,13818,Facebook,Restaurant San Benito,2025-12-16T16:58:29.000Z,0,,,,,,,
583875,C’est l’endroit le plus apaisant ou mon mari ma emmenée avril 2024 meilleurs saison la route aussi et a coupé le souffle le soleil la mer la route à toi toute seul des beau selfie  des souvenirs,70216,tiktok,@le_petit_chalet,2026-01-02T22:00:14.827636,9,,,,,,,
583880,بولحية قولبي في درارية ههههه دلي طيحا,11055,Facebook,Restaurant Casa Bella - Draria,2025-08-13T12:20:42.000Z,0,,,,,,,
190665,صحن قد سماء على زوز لقمات ولبري في سماء دير صحن قد الماكلة برك,8879,Facebook,"

Restaurant Tabarka Annaba",2025-12-23T18:50:25.000Z,17,,,,,,,
977097,You have belly dancers?,61348,tiktok,@la.criee,2026-01-02T21:24:49.035283,0,,,,,,,
583883,Le meilleur endroit à Oran pour moi,64186,tiktok,@lepalace1,2026-01-02T21:34:27.784954,0,,,,,,,
452812,في الحلال.,57506,tiktok,@_le216_,2026-01-02T21:17:24.640359,0,,,,,,,
321743,Athestic,20074,tiktok,@darlmima,2026-01-02T18:17:59.402209,1,,,,,,,
846036,الله يبارك يشهو اممم  [APPRECIATION],68506,tiktok,@my_pizza_oran,2026-01-02T21:56:36.260921,0,,,,,,,
190684,قرطاج نحن لينا غي تونس يوجد اسماء كثيرة مستمدة من الثرات الوهراني,67736,tiktok,@kartaj_oran,2026-01-02T21:53:15.368232,0,,,,,,,
452835,"Franchement j’ai goûté, c’est pas ouf",48902,tiktok,@le77tizi,2026-01-02T20:38:59.838008,0,,,,,,,
846052,سلام خليها تموت اوطيبه مشي مليح,196,instagram,amine_la_cantine,2025-08-24T20:40:13.000Z,3,,,,,,,
977131,خويا الإشهار تاعنا بشروطوا والله ما نخدم إشهار لوكان يكون كذب و ماننكرش تاني بلي إشهار,30808,tiktok,@piatto,2026-01-02T19:07:28.764913,1,,,,,,,
321777,Machallah toppp [APPRECIATION],50992,tiktok,@broaster_chiken,2026-01-02T20:59:48.842390,1,,,,,,,
190707,"One of the best burgers in algiers, I really recommended this place",8854,Google Maps,American Burger Factory,2017-08-14T13:35:48.454Z,0,,,,,,,
321784,وين مكان ختي,20188,tiktok,@sebs_garden,2026-01-02T18:18:15.045267,1,,,,,,,
452861,سرفيس تاع قومانا وربي معانا,56670,tiktok,@terre_et_mer_annaba,2026-01-02T21:15:50.047947,1,,,,,,,
846082,franchement elle est trop chère j'étais avec ma mère mon frère et sa femme et deux enfants on a payé pour d'été et makrout 9000 dinars c'est trop,71350,tiktok,@dwiretelazz,2026-01-02T22:08:42.206602,1,,,,,,,
452868,عجبتني في حاجة كي قلت سيدهم يحيى  [APPRECIATION],68,instagram,american.burger_dz,2025-05-21T22:23:03.000Z,123,,,,,,,
977157,دراهم الرجال,57116,tiktok,@_le216_,2026-01-02T21:17:17.800794,4,,,,,,,
452871,restaurant  [APPRECIATION],34104,tiktok,@taylot,2026-01-02T19:23:32.880123,0,,,,,,,
715020,مافيش احلا منو,32490,tiktok,@restaurant_iceberg,2026-01-02T19:16:42.254598,0,,,,,,,
190733,le décor est magnifique l'endroit calme tandis que le service est très lent avec un peu d'organisation elles aboutissent à qlq chose de bien.,57030,tiktok,@papillons827,2026-01-02T21:16:45.087830,2,,,,,,,
846096,magnifique Macha'Allah vive le Bled  [APPRECIATION],35508,tiktok,@sinai,2026-01-02T19:28:15.389409,1,,,,,,,
583963,‏جيد لكن يمكنكم تقديم الأفضل,2376,Google Maps,HichamCook Grill House,2025-01-21T12:10:04.922Z,0,,,,,,,
846117,"trust me guys, vrai mdrna walo I honestly regretted eating endhm kyn wahd f benkanoun way better and cheaper",34044,tiktok,@taylot,2026-01-02T19:23:28.957337,11,,,,,,,
321830,the chef house,59204,tiktok,@maestro_dz13,2026-01-02T21:21:25.577663,0,,,,,,,
321843,Façon de parler,53284,tiktok,@aminakai09,2026-01-02T21:06:39.816954,0,,,,,,,
190775,a des nouveaux chinois  [COMPLAINT],25590,tiktok,@lovers_grill,2026-01-02T18:33:50.475869,0,,,,,,,
452922,Sami Dani  évite grosse escroquerie,13359,Facebook,Restaurant San Benito,2025-10-13T19:05:06.000Z,2,,,,,,,
190779,وبى الثلاثاء شحال يجي,44256,tiktok,@dzforestrestaurants,2026-01-02T20:11:43.250404,0,,,,,,,
977214,Le nom du restaurant,36958,tiktok,@restaurant.madala,2026-01-02T19:34:41.789484,1,,,,,,,
190791,J’arrive bientôt,16496,tiktok,@torero.alger,2026-01-02T18:09:00.058181,0,,,,,,,
977223,Excellent food and service. On the pricey side but worth it,5362,Google Maps,Casbah Istanbul القصبة اسطنبول,2023-10-24T14:55:55.109Z,0,,,,,,,
584016,"Akvaily oui,  [APPRECIATION]",13918,tiktok,@le_dauphin_restaurant,2026-01-02T18:00:51.463443,0,,,,,,,
977235,من تيارت وجيت كليت فيه مرتين، هايل الماكلة نتاعو شابة الله يبارك,20342,tiktok,@labelladalger16,2026-01-02T18:19:35.299486,0,,,,,,,
715092,كاين توصيل ل بوقادير,47858,tiktok,@streetburger02,2026-01-02T20:33:30.644261,0,,,,,,,
977239,⁨لمونا مكملة قرايتها⁩,468,instagram,"brother.ts
",2025-07-30T13:51:41.000Z,6,,,,,,,
190821,"J’y suis allée j’étais déçue ce n’était pas bon du tout et la qualité reste à désirer …. en réalité c’est tout autre chose. les réseaux sociaux, c’est souvent trompeur à fuirrrr",25162,tiktok,@lovers_grill,2026-01-02T18:33:07.362097,0,,,,,,,
190831,أخي الكريم نتا صح انسان مشاء الله. عندي طلب ليك من فضلك شفت الفيديوات تاعك ناس كاع شفتك ديتهم غير والديك ديهم معاك ديرلهم غدا يكون مليح ودير فيديو بش تكون محفز لشبيبا بش يتهلاو في والديهم والله,16252,tiktok,@mardoum,2026-01-02T18:08:08.024098,0,,,,,,,
977263,"One of the best restaurants in Algeria and one of the most delicious Indian restaurants I have tried in my life. Every time I visit Algeria, I go to eat in it very clean and the treatment is great, the staff is excellent staff and the reception of customers is better. The food is delicious and its quality has not changed for years.",3132,Google Maps,تاج محل بن عكنون,2023-02-11T20:22:18.324Z,1,,,,,,,
452975,Nous avons mangé labas mercredi nous sommes tous malades enorme intoxication alimentaire! Plus jamais !,2494,Google Maps,HichamCook Grill House,2024-05-19T09:01:22.625Z,2,,,,,,,
584048,كيفاش نروح مالحراش. ؟,22604,tiktok,@le_perchoir,2026-01-02T18:25:09.480486,0,,,,,,,
846206,صح عندو بيتزا مشاءالله اخي كي نطلع لقبة نروح ديركت ليه,42766,tiktok,@pizza_carre,2026-01-02T20:00:30.284980,2,,,,,,,
321920,Roho le sheraton malgré legralou mais taklou illimité 9is rir lhout ma tmasouch lkhobz ou ma tcoupiwch l’appétit bles boissons,17928,tiktok,@casabelladraria,2026-01-02T18:14:49.421940,0,,,,,,,
321922,رحنا ليه مكان حاجة وزيد غااالي,23982,tiktok,@spotter.dz,2026-01-02T18:27:23.296518,1,,,,,,,
584076,inaghid le prix ? enplus c'est juste du congelé,22048,tiktok,@maison_sardoudi,2026-01-02T18:22:38.675958,0,,,,,,,
977292,Le buffet top du top ! dommage un peu trop de monde (week end ),1831,instagram,sinai.dz,2025-03-17T12:56:46.000Z,0,,,,,,,
846221,تشبهي فشواي الزعيم رغاية,13403,Facebook,Restaurant San Benito,2025-10-13T18:04:17.000Z,0,,,,,,,
977302,sah mis nth dwala bien présenté  [APPRECIATION],13964,tiktok,@le_dauphin_restaurant,2026-01-02T18:00:52.656751,1,,,,,,,
453016,سمير ربي يبارك,70154,tiktok,@restaurantkingsenia,2026-01-02T21:59:18.866683,2,,,,,,,
321949,قالك حنا ماشی مطبعیین,37596,tiktok,@kfc,2026-01-02T19:39:13.548412,32,,,,,,,
715172,wellah makane walou un thé maison ou makache crêpe makache et une longue attente du service dommage,71932,tiktok,@fidelia,2026-01-02T22:11:53.027270,1,,,,,,,
977333,ربي يباركً,40000,tiktok,@streetburger02,2026-01-02T19:44:05.348602,0,,,,,,,
190914,I need to visit this before I die,28148,tiktok,@amine.lacantine,2026-01-02T18:45:39.645142,0,,,,,,,
584169,زهرك انت برك رحت تم الخدمة مشاءالله والماكلة بنينة ولبلاصة تهبل عن تجربتي نحكي,58112,tiktok,@vilageneige_annaba,2026-01-02T21:19:45.812462,0,,,,,,,
977398,Prix trop exagéré par rapport au menu,5963,Google Maps,Casbah Istanbul,2024-09-02T12:03:25.136Z,0,,,,,,,
584184,"Trop sucrés, trop chers, je n'ai pas aimé",1480,instagram,mimas_donuts,2025-05-07T15:20:22.000Z,1,,,,,,,
190972,جاني من بلعباس لتموشنت وكليته الله يبارك وراني جاية باذن الله نولي ناكله,43192,tiktok,@le_122,2026-01-02T20:04:06.046407,2,,,,,,,
322044,بغيت نعيش حياتك  معلش ديرين لينا الاشهار,68758,tiktok,@cote_oran,2026-01-02T21:57:33.645097,3,,,,,,,
846333,elle a vrmt appelé see food boil « bidoun de hout »,57106,tiktok,@_le216_,2026-01-02T21:17:17.800767,1941,,,,,,,
584197,علاه ماديتنيش معاك ناكل,49160,tiktok,@chicks_nook,2026-01-02T20:40:14.931477,1,,,,,,,
322055,Allez-y les yeux fermés vous serez très bien accueillis et la nourriture est délicieuse ! Le cadre est beau et le restaurant est très propre  Merci ! [APPRECIATION],7311,Google Maps,Restaurant À Petit Feu,2024-08-21T14:54:28.696Z,0,,,,,,,
190983,"Ceux qui parlent de prix , il faut pas jouer les riches quand en a pas de sous.",14312,tiktok,@les_jumelles,2026-01-02T18:01:24.676972,0,,,,,,,
846350,le serveur où je le connaissais ! ? [INQUIRY],17782,tiktok,@casabelladraria,2026-01-02T18:14:42.669467,0,,,,,,,
846352,التيكتوكار مالا انسنان سبيسيال,55326,tiktok,@askim_food,2026-01-02T21:13:28.670702,16,,,,,,,
715284,pourquoi il y a des piscines certains restaurants a Alger? les clients les utilisent ?,34404,tiktok,@restaurantmonegasque,2026-01-02T19:23:51.925270,5,,,,,,,
190998,Parmi les meilleurs  [RECOMMENDATION],66406,tiktok,@barbecue_restaurant,2026-01-02T21:50:19.049075,4,,,,,,,
191001,La viande n'a pas le goût de la bonne viande le pain n'a pas le goût du bon pain.,8852,Google Maps,American Burger Factory,2017-09-20T00:37:08.225Z,1,,,,,,,
584226,et les prix qui sont trop trop chaud,22054,tiktok,@maison_sardoudi,2026-01-02T18:22:38.675964,0,,,,,,,
322084,البلاصة وين الله يحفظك,47984,tiktok,@rahmani_food,2026-01-02T20:34:21.487330,1,,,,,,,
191030,Ancien restau la coupole  [APPRECIATION],14152,tiktok,@les_jumelles,2026-01-02T18:01:20.508929,2,,,,,,,
715318,Super bon [BOUFFE],45390,tiktok,@budz,2026-01-02T20:15:56.833602,1,,,,,,,
977470,Mohamed Solo اشري و طيب وحدك هادا اسمو مطعم ميزبولكش على سواد عيونك هاديك هي الفايدة تاعهم مفهمتش كيفاش تخمو و الله باينة سومة حتكون اكثر من كي تشريهم ديركت هوا حينقي و يقطع و يطيبلك و يجيبلك حتى للطابلة تاكل و تنوض راك تخلص فالخدمات,10231,Facebook,Dz Forest Restaura,2025-10-13T21:04:27.000Z,0,,,,,,,
322110,الله يبارك لبلاكه نظيفه  [APPRECIATION],50244,tiktok,@chapati_team,2026-01-02T20:59:01.076964,1,,,,,,,
453187,"The quality is not matching with the price, the service is so bad , I waited 1 hour to take the order",2749,Google Maps,HichamCook Grill House,2023-03-27T23:24:27.567Z,3,,,,,,,
453188,الله يبارك ماشاءالله الماكلة بنينة بزاف يعطيهم الصحه,67282,tiktok,@bladi_oran,2026-01-02T21:51:42.147260,0,,,,,,,
977482,Les prix c comment,67916,tiktok,@maraval_hotel,2026-01-02T21:53:36.041591,0,,,,,,,
322125,الله يرحم محمد ميمون المدعو السنين اخو دادي و محفوظ و مصطفى المدعو ميتش و دادي الهايش و الله يرحم الشادلي بن جديد و بوعزة و بوكرش و الحاج محي الدين كونتينطوطال اوتال,64516,tiktok,@cintra,2026-01-02T21:34:52.594751,0,,,,,,,
191055,"pas le meilleure, trop cher par rapport au marché, un repas pour une personne vous coute environs 3000-4000 DA",5890,Google Maps,Casbah Istanbul,2025-07-24T16:54:44.093Z,0,,,,,,,
977487,C'est mon endroit préféré  [APPRECIATION],849,instagram,garden.coffeeshop,2024-08-23T13:36:14.000Z,1,,,,,,,
715351,"Je donne 3 étoiles, j'y suis partie il y'a une semaine. Très belle décoration ambiance agréables, mais les prix sont umpeux abusés par rapport aux produits. J'ai pris un burger L mais il est miniscule, à noter qu'un menu burger L coûte 700 da sachant que le burger est vraiment minuscule par rapport a un burger de taille L !",4935,Google Maps,Hicham cook pizza pasta,2020-09-28T11:51:47.840Z,2,,,,,,,
453209,Yacine Bouakaz باين ماتكونش لي كيما في الصورة بويسك بروشات كي تحسبها ب50 (مالقري دير كثر) وزيدلها جاجة ب120الف وزيد كومومبار ب40 ميل تخرج 510 سما حميس والقازوز والفريت باطل بلا ماننساو ليبروشات ب50 رخيسة سورتو اذا معمرين كيما لي في الفيديو,9898,Facebook,Dz Forest Restaura,2025-10-13T11:45:12.000Z,1,,,,,,,
322145,C’est koi comme viande ?,63640,tiktok,@silyon69,2026-01-02T21:33:10.496102,2,,,,,,,
191078,خامج و لذيذ,42456,tiktok,@street_food,2026-01-02T19:58:07.879606,0,,,,,,,
846440,ناس الله نجيك [APPRECIATION],66524,tiktok,@barbecue_restaurant,2026-01-02T21:50:22.615734,0,,,,,,,
191082,والله من امنك,11806,Facebook,Restaurant San Benito,2025-09-02T19:31:42.000Z,0,,,,,,,
715371,Belkacem Boutaleb قالي تاع القلاليل لي هي كونجلي مية وخمسين وفري ثمنمية هاذي كروفات برك,11379,Facebook,Restaurant San Benito,2025-08-12T20:50:14.000Z,0,,,,,,,
977518,باسكو قراطوارات تاع بنتورة مش تاع طياب,42372,tiktok,@street_food,2026-01-02T19:58:06.183257,0,,,,,,,
584318,Il n y a pas de spécialités algériennes déjà,36250,tiktok,@sinai,2026-01-02T19:28:41.305528,0,,,,,,,
453263,ياسر وعلاه 60 نلف ؟؟؟,55264,tiktok,@askim_food,2026-01-02T21:13:26.529151,0,,,,,,,
715417,Bonne adresse,4694,Google Maps,Hicham cook pizza pasta,2024-05-10T21:24:35.030Z,0,,,,,,,
977573,نهار كامل تبارك الرحمان، ماشاء الله، بسم الله، هذا مطعم ولا زاوية، واش هذا النفاق و الرياء، تسمع هكذا تقول راح تاكل باطل و راهو داير مواءد الرحمان، خويا هذا مطعم ياكلو فيه الناس و يخلصو و زيد على هذا، معروف بالغلاء تاعو الناس الي عندها امكانيات و لاباس بها يقدرو عليه و الله يسهل على كل واحد، بصح ماتصوروناش بلي كي تدخل عنده عندك حسنة,8872,Facebook,Restaurant Casa Bella - Draria,2025-12-06T16:53:39.000Z,83,,,,,,,
453287,ماشاء الله  تبارك الرحمان [APPRECIATION],1356,instagram,meatnchill.dz,2025-12-16T08:35:37.000Z,1,,,,,,,
584361,#WhereToEat,16458,tiktok,@chicchic1997,2026-01-02T18:08:42.169943,0,,,,,,,
322222,الغاية من عمل بعض فتياة في محلات وهم لايفقهوه شيئا طفلة تفوت 6 سوايع خدمة دمير طيح عكس راجل سبب استقطابهم هم باش يجو جنس ذكوري يجري,13349,Facebook,Restaurant San Benito,2025-12-16T22:07:59.000Z,0,,,,,,,
191151,مكان جميل جدا انصحك به,3442,Google Maps,Caracoya,2023-11-20T17:30:20.402Z,0,,,,,,,
191155,vous êtes très jolie sans filtre,72456,tiktok,@pont_hydra,2026-01-02T22:13:23.049281,0,,,,,,,
977593,تقلد في طريقة تقديم مطعم سيدي بوسعيد فرنسا وشطر لصحنا فارغة صحن عجة مرقاز في واقع يوكل 3 مناس,9634,Facebook,Restaurant Tabarka Annaba,2025-12-25T01:53:20.000Z,0,,,,,,,
977595,ILove it,52230,tiktok,@uncles_burger_dz,2026-01-02T21:03:27.379948,0,,,,,,,
322241,"Dommage on a pas ce genre de restaurant la ou je vis . En france, il y a plein de restaurants dz , que dieu barék votre commerce",35302,tiktok,@sinai,2026-01-02T19:28:08.587557,0,,,,,,,
977611,Overrated,4113,Google Maps,هشام كوك بيتزا,2025-02-12T19:53:27.028Z,0,,,,,,,
846543,"J'ai pris en livraison. Un tacos, sandwichs poulet, smashed burger. En dehors du burger, c'est très désagréable au gout, trop salé oignon cramé ( a la place de caramélisé) . Meme exprés difficile de faire pire . Mauvaise expérience a eviter",6905,Google Maps,American Burger said hamdine,2025-07-09T20:53:59.841Z,0,,,,,,,
584402,مطعمي المفضل,16404,tiktok,@soltane.el.kababe,2026-01-02T18:08:23.862107,0,,,,,,,
453335,بارك الله فيك اخي معاملة وبنة ،والسومة تاني مليحة ،بالتوفيق,62242,tiktok,@hamidhamid806,2026-01-02T21:29:12.264878,0,,,,,,,
322288,Dégraissent brilex wla force express khoti khalo plaka hamyaa w diro produit,45030,tiktok,@plaquiste_oran,2026-01-02T20:15:30.108630,0,,,,,,,
191217,مبغاوش يجو معاك خفو يخلصو ههههه,16144,tiktok,@mardoum,2026-01-02T18:08:04.662580,0,,,,,,,
715507,"Le plat mechwi d agneau juste une arnaque a 3000 da ca ne ressemble en rien de la photo presentée dans le menu batata puré avec u. Morceau de viande le visuel veut tt dire "" on a pas encore touché a ce plat",2665,Google Maps,HichamCook Grill House,2023-08-17T12:50:47.000Z,3,,,,,,,
846583,قولها كولي رفيسة لعمية ديالكم بيديك لكحولة وبلعي,16786,tiktok,@user5834669559361,2026-01-02T18:10:47.888290,0,,,,,,,
322301,On attendait ça depuis longtemps.,5603,Google Maps,قصبة اسطنبول,2020-11-28T20:44:42.815Z,0,,,,,,,
584453,وين جاي لحانوت,17052,tiktok,@casa_burger1,2026-01-02T18:11:25.343887,2,,,,,,,
191237,bonne soirée,23398,tiktok,@moonzrestaurant,2026-01-02T18:25:43.601982,1,,,,,,,
191238,Sur Google y son mal noté,45306,tiktok,@budz,2026-01-02T20:15:55.685258,0,,,,,,,
322314,"Endroit spacieux, propre, le service est 5/5. Le parking est disponible. La pizza peperoni est excellente et délicieuse.",4160,Google Maps,هشام كوك بيتزا,2024-11-14T14:44:46.104Z,0,,,,,,,
453390,خاص بالاغنياء فقط,56174,tiktok,@the_chef_house_23,2026-01-02T21:14:34.099077,44,,,,,,,
191248,c'est beau et confort je confirme mais le prix est un peu abusif,71322,tiktok,@helena,2026-01-02T22:08:25.420796,3,,,,,,,
715537,Téléphone plesse,1095,instagram,imstarvingfood,2025-09-22T09:19:46.000Z,0,,,,,,,
322323,Valeur sûre pour les plats algériens et un bon verre rafraichissant. Les boureks et les salades délicieuses.,3481,Google Maps,Caracoya,2022-11-06T08:07:22.223Z,0,,,,,,,
191258,Je suis venu en 2023 c’était bien mais cette fois le service catastrophe même la bouffe médiocre franchement je reviendrai plus,5255,Google Maps,Casbah Istanbul القصبة اسطنبول,2024-07-30T08:17:08.333Z,0,,,,,,,
846626,ميتين ندمر عليها يومين,53596,tiktok,@mega_pizza_annaba,2026-01-02T21:07:53.787988,0,,,,,,,
977701,ناكل ماكلة حرفية المهم حلالية  [COMPLAINT],57114,tiktok,@_le216_,2026-01-02T21:17:17.800791,66,,,,,,,
846631,سعيد سعيد عندك الحق هذا محب الإختلاط وتلقاهم يا يبيعو ملابس النساء يا يديرو مطاعم مختلطة  [INQUIRY],10872,Facebook,Restaurant Casa Bella - Draria,2025-07-29T18:12:28.000Z,0,,,,,,,
846632,الله يبارك خو جامي كليت عندكم مي نشاء الاه نجي ربي يوفقكم نتمنالكم المزيد  [APPRECIATION],30344,tiktok,@ledouzebeo,2026-01-02T18:56:51.251282,1,,,,,,,
846634,lemtewem avc des frite ?,35824,tiktok,@sinai,2026-01-02T19:28:26.254484,0,,,,,,,
322348,الكونجلي,13151,Facebook,Restaurant San Benito,2025-10-12T17:45:51.000Z,0,,,,,,,
715565,Hasni les hommes  [APPRECIATION],45834,tiktok,@ifood_31,2026-01-02T20:18:07.968431,1,,,,,,,
191278,Hadi dédicace bouya  [APPRECIATION],64466,tiktok,@cintra,2026-01-02T21:34:50.968390,0,,,,,,,
322351,machalah on vous souhaite beaucoup de succès  [RECOMMENDATION],36238,tiktok,@sinai,2026-01-02T19:28:41.305519,0,,,,,,,
322364,فريت 30 الف,15592,tiktok,@mardoum,2026-01-02T18:07:52.596326,0,,,,,,,
191293,Attention pizza turc avec de la viande crue (voir photo) et soupe de lentille une diarrhée tout de suite apres à fuireeeeee,5296,Google Maps,قصبة اسطنبول,2024-08-27T00:00:32.266Z,0,,,,,,,
584526,restaurant mech restaurant le ngoulou Chapuis mech chapiiii,56198,tiktok,@the_chef_house_23,2026-01-02T21:14:34.099108,1,,,,,,,
453463,win hedi,29316,tiktok,@elcuatro_burgers,2026-01-02T18:49:37.059662,0,,,,,,,
584569,T très bon serveur,8340,Google Maps,American Burger Factory,2024-05-15T19:13:22.116Z,0,,,,,,,
584573,بدون منازع شورما تقتل  [APPRECIATION],55114,tiktok,@panera_41,2026-01-02T21:12:51.917617,0,,,,,,,
191367,Est-ce que c’est seulement pour les filles ? Est-ce que je peux y aller avec mon copain ?,60974,tiktok,@jnina_concept,2026-01-02T21:23:49.000718,5,,,,,,,
584595,رانا مقاطعين من زارا لكلش,37592,tiktok,@kfc,2026-01-02T19:39:13.548408,473,,,,,,,
977812,Great place,8023,Google Maps,Restaurant À Petit Feu,2023-02-02T10:27:03.302Z,0,,,,,,,
453523,Si on est serré à manger on apprécie pas dommage quelques mètres carrés de plus aurait valus le 5/5 bon courage,8837,Google Maps,American Burger Factory,2018-01-27T19:21:25.696Z,0,,,,,,,
846744,خليل رحماني ماشي خلعك حشاهالك . كي ماتعرفوش تسقسو على الاسعار,10566,Facebook,Dz Forest Restaura,2025-10-13T08:13:50.000Z,0,,,,,,,
322456,"Un beau restaurant et une belle cuisine, endroit chaleureux et convivial et on y mange bien",5419,Google Maps,قصبة اسطنبول,2023-10-26T11:18:34.451Z,0,,,,,,,
453528,احسن شواي في عنابة,61570,tiktok,@guellil._.tasnim,2026-01-02T21:25:39.597096,3,,,,,,,
453533,غالي بززاف حنا كنا 4 عباد رطفلة صغيرة سلكنا زوج ملاين و 800,32574,tiktok,@seven.times,2026-01-02T19:17:41.334067,23,,,,,,,
191395,Bon courage oussou bel baraka 3la khouya nchlh  [APPRECIATION],50238,tiktok,@chapati_team,2026-01-02T20:59:01.076959,0,,,,,,,
453540,روحي معه الي المقبرة هداك ينفعك,13836,Facebook,Restaurant San Benito,2025-12-16T14:30:32.000Z,0,,,,,,,
584612,Ils ne livrent jamais les sauces . Apres il te dit Smahli dwa 3rab aucun geste commercial . Meme la qualité n'y est plus . je ne commanderai plus chez eux .,8273,Google Maps,American Burger Factory,2024-08-18T12:22:18.583Z,0,,,,,,,
846763,Phily chicken: Meilleur tacos sur Alger en ce moment! Les frittes aussi sont bonnes.,6791,Google Maps,American Burger said hamdine,2025-08-07T21:55:31.120Z,0,,,,,,,
715715,Service au top mais les burger sans plus ni vraiment de goût ! Les frites et les sauces qui proposent sont immangeables ! J’irais plus.,7620,Google Maps,American Burger Factory,2025-05-13T05:26:21.180Z,0,,,,,,,
977866,"wallah les gâteaux au bled magnifique, ils ont fait des efforts de ouf mieux que les boulangeries en europe",63018,tiktok,@allechante,2026-01-02T21:31:02.524611,1,,,,,,,
846795,راني خدامة عند الدولة والحمد لله والشهرية كافيتني انا ووليداتي والحمد لله واشنهي من الشبعة . راني ساخفة على كسكروط شواء كبدة وقلب. ولا . طبسي كروفات . ولا. عصابنة. رحت شفت عند الجزار قالي 300 الف الكرشة,9706,Facebook,"  Restaurant elassil








",2025-12-16T19:53:28.000Z,0,,,,,,,
977876,Je viendrai inchallah quant je descendrai en tt cas ils donnent trop envie,45546,tiktok,@budz,2026-01-02T20:16:04.948319,0,,,,,,,
977885,ممكن تقولنا شحال هذو الطواجن باش نروح للبنك ندير القرض,68598,tiktok,@cote_oran,2026-01-02T21:57:26.802399,7,,,,,,,
715742,Jomane [APPRECIATION],23576,tiktok,@jomane,2026-01-02T18:26:24.548397,0,,,,,,,
322528,الاسعار مقبولة و الاستقبال في المستوى المطلوب و الأكل بنين ! تحياتي,56716,tiktok,@bamboo_annaba,2026-01-02T21:16:07.339133,3,,,,,,,
846821,Bravo c'est un bon service surtout les gens grands,8889,Facebook,"  Sultan Restaurants


",2025-10-31T10:29:05.000Z,1,,,,,,,
191464,Dégradation totale. surtout les sanitaires très sal. mauvaise hodeur.,2572,Google Maps,HichamCook Grill House,2024-01-10T12:51:33.249Z,0,,,,,,,
715759,الوليمة top,59110,tiktok,@maestro_dz13,2026-01-02T21:21:23.893692,0,,,,,,,
977910,حرام عليك كاين الفقراء خاوتك,11640,Facebook,Restaurant San Benito,2025-10-09T00:41:17.000Z,0,,,,,,,
715770,Vs êtes injoignable,775,instagram,elmarssem.dz,2025-03-27T10:37:08.000Z,0,,,,,,,
191492,كاين تان هدا اسمو a table نقي وسارفيس تاعهم انتيك يخدمو لي صوندويتش  ماشي بعيد على لبريد المركزي [APPRECIATION],20350,tiktok,@labelladalger16,2026-01-02T18:19:35.299497,2,,,,,,,
846863,مطعم من ناحية الخدمة والأجواء جيد لكن الطعم صراحة سيئ خصوصا ال Gratin,6722,Google Maps,American Burger Factory,2025-08-29T22:57:20.245Z,0,,,,,,,
322579,جيت هنا مدالماكلة ماشاءالله,36370,tiktok,@skyistanbuldz,2026-01-02T19:30:53.970343,4,,,,,,,
322584,"Salam . Je sais pas quoi dire mais pour ma première et dernière fois , les trois sandwich hacha na3ma les frites mahrokine une movaise expérience je sais pas peut être serat ghir me3aya . Mais safait longtemps maklitch sandwich assez bon قرعة kima hada 2/10 Une petite points aussi sur les banquettes f la terrasse rahom m3amrine d'eau men dakhal faut régler le problème et bonne continuation",6542,Google Maps,American Burger Factory,2025-12-03T20:32:26.878Z,0,,,,,,,
584732,انا ديت عائلة عيد ميلاد لتم روحت مبهدل لزمكم تحسنو فحوايج بزاف,19998,tiktok,@villa_frere,2026-01-02T18:17:42.664350,1,,,,,,,
584740,"Une adresse que je ne changerai jamais, un pure délice avec de bon produits, bonne continuation",3886,Google Maps,L’Alchimiste Pâtisserie,2024-04-26T16:06:42.734Z,6,,,,,,,
191531,La dernière visite chez eux services hyper long pizza pasta immangeable en vrai je vous recommande pas nul,4036,Google Maps,هشام كوك بيتزا,2025-08-14T21:54:28.669Z,0,,,,,,,
846896,Et les prix ils sont comment ?,21584,tiktok,@maison_sardoudi,2026-01-02T18:22:25.678226,0,,,,,,,
191545,Zohir Re ربي يقدرك خوبا,9440,Facebook,Dz Forest Restaura,2025-10-16T17:41:57.000Z,0,,,,,,,
846910,ما شاء الله حريرة فور بنة شابة ومعاملة جيدة واصلو,68776,tiktok,@cote_oran,2026-01-02T21:57:33.645118,4,,,,,,,
191551,تحيا أكرم المدير تاع الكونطوار,6677,Google Maps,American Burger Factory,2025-09-04T22:42:55.641Z,0,,,,,,,
977990,Bons gâteaux.,3838,Google Maps,L’Alchimiste Pâtisserie,2025-06-28T19:41:37.870Z,0,,,,,,,
322631,"Food was delicious, excellent service, nice atmosphere",4452,Google Maps,هشام كوك بيتزا,2024-02-08T13:25:39.380Z,0,,,,,,,
584774,Les meilleurs sur alger,6658,Google Maps,American Burger Factory,2025-09-08T14:24:46.847Z,0,,,,,,,
846923,juste a côté quik yes je valide pour lui,27358,tiktok,@lamignonne06bejaia,2026-01-02T18:43:24.120354,0,,,,,,,
978006,ربي يعوضكم كل خير ان شاء الله,23468,tiktok,@khayma.naqa,2026-01-02T18:25:57.822582,0,,,,,,,
584793,Super adresse pour diner en famille!,7393,Google Maps,Restaurant À Petit Feu,2024-07-19T13:11:34.893Z,0,,,,,,,
978017,عيشكم هل هذا يعتبر اكل خفيف,39368,tiktok,@itchy_food,2026-01-02T19:41:13.058255,0,,,,,,,
715875,رحتلو لجاج ديالو يريح و شاوارما سونديش ڤاع فارغ و غالي ميصلحش,49380,tiktok,@chicks_nook,2026-01-02T20:40:21.809535,0,,,,,,,
453733,Tres bonne expérience,7720,Google Maps,Restaurant À Petit Feu,2023-10-22T05:56:45.316Z,1,,,,,,,
978022,Les meilleures crèmes brulées que j’ai mangé de ma vie  [APPRECIATION],1125,instagram,jardina.coffee,2025-08-22T21:09:56.000Z,2,,,,,,,
191590,"Tasty food, Bice place, Yet expensive a little bit",5767,Google Maps,Casbah Istanbul القصبة اسطنبول,2021-03-18T08:29:44.410Z,1,,,,,,,
584808,"Service efficace organisé et rapide, nourriture bonne mais rien de spécial surtout pour le prix. Bruit dans la salle. Revoir un peu les prix ou améliorer la qualité des plats et mettre en place des panneaux de correction acoustique et ca sera un 5/5",2680,Google Maps,HichamCook Grill House,2023-08-02T21:14:36.490Z,0,,,,,,,
322662,قعدة روعة خدمات شابة بصح اثمان مبالغ فيه بالبزاف والمعاملة بين جزائري وقاوري تتبدل,68398,tiktok,@le_petit_chalet,2026-01-02T21:55:05.450182,0,,,,,,,
453737,هبال البلاصة درت فيها عيد ميلادي,50798,tiktok,@broaster_chiken,2026-01-02T20:59:45.758609,0,,,,,,,
322667,Je viens souvent le week-ends juste pour le chanteur,23820,tiktok,@leonard_restauran,2026-01-02T18:27:03.640741,1,,,,,,,
978031,يعطيك الصحة خوتي سعر شباب,43808,tiktok,@dzforestrestaurants,2026-01-02T20:11:31.252322,3,,,,,,,
322673,"one of the best cafe/restaurant ive ever went to, the food was amazing especially the desserts, and the waiters are very polite and welcoming, bravo",3769,Google Maps,Laurel Restaurant,2024-03-06T18:26:51.796Z,0,,,,,,,
322677,سبحان ربي العظيم الغير مسلمين محروقين ومحتارين ومتعاطفين مع اخونا في غزة يوميا . ؟؟ وحنا اغلبية الشعب المرخس همو بطنو وفرجو . الخزي والعار . وخونا الشيب والعيب وتفاهة الله يذلكم أكثر من هدا الذل,12179,Facebook,Restaurant San Benito,2025-10-12T21:01:58.000Z,0,,,,,,,
322681,diro livraison ?,41178,tiktok,@streetfood2279,2026-01-02T19:55:22.714594,0,,,,,,,
978047,علاش غلطة ديجا là vue برك تهبل,58082,tiktok,@vilageneige_annaba,2026-01-02T21:19:43.333788,1,,,,,,,
322693,احببت,57618,tiktok,@_le216_,2026-01-02T21:17:27.960374,1,,,,,,,
978055,Espace convivial personnel attentionné et sympa,6937,Google Maps,American Burger said hamdine,2025-07-07T13:13:06.936Z,0,,,,,,,
978056,temdence f l'europe alors que tlança f 2023 . ah ya bladna,39930,tiktok,@streetburger02,2026-01-02T19:44:04.469174,0,,,,,,,
978059,Je crois qu’on va tous rentré en Algérie,45576,tiktok,@budz,2026-01-02T20:16:06.146619,0,,,,,,,
322702,joumane le plus classe resto de tt les resto  [APPRECIATION],23518,tiktok,@jomane,2026-01-02T18:26:23.435530,19,,,,,,,
453778,رحت يعيف كلش بيبليستي كي تروح تلقى حاجة وحدوخرا اخلاه,52720,tiktok,@uncles_burger_dz,2026-01-02T21:03:40.624931,0,,,,,,,
846996,Meilleur café  tout est bon et avec un prix très raisonnable [APPRECIATION],1129,instagram,jardina.coffee,2025-11-05T20:40:06.000Z,1,,,,,,,
322728,C'était vraiment bon à l'ouverture mais malheureusement ça s'est dégradé,4770,Google Maps,Hicham cook pizza pasta,2023-01-21T19:36:07.106Z,0,,,,,,,
322740,ala el oussoul,59752,tiktok,@maestro_dz13,2026-01-02T21:21:41.229234,0,,,,,,,
191672,شحال و لا كاين التوصيل للحراش,28880,tiktok,@snacky_time_kouba,2026-01-02T18:47:51.583968,0,,,,,,,
191676,عالمي شاف,62302,tiktok,@hamidhamid806,2026-01-02T21:29:13.133407,1,,,,,,,
715972,les taraux c est abusé.,35596,tiktok,@sinai,2026-01-02T19:28:17.247618,0,,,,,,,
322759,Delicious and perfect,5739,Google Maps,Casbah Istanbul القصبة اسطنبول,2021-09-25T17:50:17.294Z,0,,,,,,,
715978,ربي يعاونك خويا,42580,tiktok,@street_food,2026-01-02T19:58:29.600674,1,,,,,,,
584906,كي ناس راحت والبلاد وخاوت ولات 150 الف,11533,Facebook,Restaurant San Benito,2025-08-29T18:04:30.000Z,0,,,,,,,
847053,magnifique j'adore  [APPRECIATION],57034,tiktok,@papillons827,2026-01-02T21:16:45.087833,0,,,,,,,
715986,زيد في الكمية بلا تمسخير تاعك,9006,Facebook,Restaurant Tabarka Annaba,2025-12-31T13:04:24.000Z,0,,,,,,,
322772,Pizza immangeable. J'ai commandé une soi-disant 5 fromage et il n y avait que du mozza et un tout petit peu de gruyère et maximum 10g de camambert ‍ pas de parmesan contrairement à ce qui était mentionné sur le menu. Pizza sèche avec peu de sauce tomate. Et PLEIN DE HUILES! Ça m'a vraiment donné envie de vomir. AtmosphèreTRÈS bruyante,4147,Google Maps,هشام كوك بيتزا,2024-12-17T20:22:33.717Z,0,,,,,,,
453848,تحيا فريت اوملات نص طياب ليحبها يصف جنبي,41802,tiktok,@street_food,2026-01-02T19:57:51.841015,1,,,,,,,
847069,J’y suis allé dans ce magnifique paradis,60762,tiktok,@seraidi.live.z,2026-01-02T21:22:58.311461,0,,,,,,,
584932,Mohamed Solo رانا في 2025 مكانش مرقاز ب مئة و كبدة ب ثمانين و دجاجة بخمسين,10504,Facebook,Dz Forest Restaura,2025-10-15T12:41:10.000Z,0,,,,,,,
847078,C bon mais les frites ils mettent tous les épice qu’il ont y’a plus d’épice que de frites,45212,tiktok,@budz,2026-01-02T20:15:53.013123,0,,,,,,,
191728,سلام مخصكمش طباخ,69026,tiktok,@cote_oran,2026-01-02T21:57:40.623097,1,,,,,,,
978169,Service faya7 Yaghlatlak f la commande w tal7a9 barda w fayha W zid ytafo elik telephone,8298,Google Maps,American Burger Factory,2024-07-18T21:30:54.557Z,0,,,,,,,
191744,أنتم تحبو صاحب مطعم يسبلكم يماكم تفووو,8909,Facebook,Restaurant Casa Bella - Draria,2025-12-07T00:13:48.000Z,3,,,,,,,
191749,ربي يرحم لرباك خويا,41268,tiktok,@street_food,2026-01-02T19:55:41.427907,1,,,,,,,
978184,احكيلنا علا اسعار مشي واحد يروح ويحصل,18312,tiktok,@helena,2026-01-02T18:16:10.202511,1,,,,,,,
191753,وين بلاصة من فضلكم في وهران,46930,tiktok,@seven_burgers,2026-01-02T20:24:48.066578,3,,,,,,,
847116,"Meilleur tacos dans la ville , tres propose , seveurs sympa je recommande , jcomprends pas les commentaires négatives",7966,Google Maps,American Burger said hamdine,2021-12-23T15:39:36.606Z,1,,,,,,,
978198,Catastrophe immangeable vraiment khsarat 1500 da c’était pas bon du tout,3834,Google Maps,L’Alchimiste Pâtisserie,2025-07-21T19:43:13.669Z,0,,,,,,,
453924,70 بروشات تلقى فيهم 40 كباب  مالڤري لي راهم في الطابلة ملحقوش 70,9996,Facebook,Dz Forest Restaura,2025-10-12T21:46:31.000Z,1,,,,,,,
453929,"Cuisine et environnement agréable, pas beaucoup de choix pour les enfants Cuisine turque excellente Les prix sont un peu haut Vaut le détour",5525,Google Maps,قصبة اسطنبول,2022-11-23T10:31:02.973Z,0,,,,,,,
191786,النقاط الإيجابية: البنة فالأكل ما شاء الله القعدة عائلية ما شاء الله السيرفيس و الخدامين ما شاء الله النقاط السلبية: طول الانتظار خارج المطعم و أنت واقف عدم توفر كراسي للأطفال الرضع عدم توفر دورة المياه أسعار المشروبات مبالغ فيها لدرجة كأس عصير ليمون ب400 دج ما فيه حتى ذوق,6218,Google Maps,Casbah Istanbul,2022-09-11T18:18:33.944Z,0,,,,,,,
585003,le menu on peut le voir ou pas,32970,tiktok,@sinai,2026-01-02T19:18:31.100598,1,,,,,,,
585006,المشاوي و المشكل بڤداه؟,53870,tiktok,@guellil._.tasnim,2026-01-02T21:08:14.207247,0,,,,,,,
847151,علاش معندناش هكا فولايتنا غير اللي يشويك حتا ماهي ماكلة مليحة لوكان غير تخدمو الولايات,29516,tiktok,@elcuatro_burgers,2026-01-02T18:49:42.054423,0,,,,,,,
322877,"1500 pour ts les plats que vs avez présenté ou 1500 pour une assiette, Il faut bien expliquer ?",12236,Facebook,Restaurant San Benito,2025-10-13T12:48:05.000Z,0,,,,,,,
716094,aucune education,16690,tiktok,@user5834669559361,2026-01-02T18:10:45.705990,86,,,,,,,
322886,"J’ai mangé un sandwich poulet chez vous et franchement c’était un délice wlh j’ai vraiment aimé. Moi, qui suis critique  [APPRECIATION]",31314,tiktok,@fritecorner,2026-01-02T19:11:06.469308,4,,,,,,,
191819,تاكل وحدك جامي عرضتني بصحتك,15586,tiktok,@mardoum,2026-01-02T18:07:52.596319,0,,,,,,,
847185,Livraison Alg gratuite,29430,tiktok,@elcuatro_burgers,2026-01-02T18:49:39.557177,0,,,,,,,
716115,Lotfi Bedjaia نسيت حاجة مهمة يحبون التعدد و الجماع بعدها المال,10806,Facebook,Restaurant Casa Bella - Draria,2025-08-17T10:19:51.000Z,1,,,,,,,
191835,"- Le Burger Ça- Va , Mais A L’intérieur C’est Pas Le Cas ! . . J’aurais Bien Aimé Qu’il Améliore Un Peu Leur Hamburger , Et Le Prix Aussi ! .",8839,Google Maps,American Burger Factory,2017-12-28T17:37:57.426Z,1,,,,,,,
978278,"Une décoration unique , un style a l'Américaine , une bonne ambiance -Temp de service acceptable vue la superficie -la bouffe eté super bonne les sandwichs interminable Je recommande et je reviendrai Bonne continuation",4853,Google Maps,Hicham cook pizza pasta,2022-02-07T12:05:21.846Z,0,,,,,,,
453992,Vraiment deçue. Excessivement cher pour la qualité.,2681,Google Maps,HichamCook Grill House,2023-08-01T11:10:48.398Z,1,,,,,,,
585067,"L'un des meilleurs restaurants sur la place d'Alger. Les plats sont très bons et copieux, le service est au petit soin, la salle est très belle et surtout très propre et le plus, un parking à l'intérieur, sécurisé et gratuit. L'accueil est excellent. Les prix sont à la hauteur de la qualité des plats et du service. Le rapport qualité prix est dans la moyenne de la haute gamme. Je recommande vivement. PS/ Petite remarque : en matière de service, il y a une règle de bonne séance qui consiste à servir les clients d'une table au même moment. Toutefois, certains plats (hamburgers) sont arrivés bien avant le reste de la commande (plus d'un quart d'heure). J'avais fait cette remarque au chef de rang qui a essayé de m'expliquer le pourquoi de la chose, sauf que ceci ne justifie pas l'entorse à la règle. Il a même essayé d'impliquer le gérant, qui est resté indifférent et n'a pas daigné me répondre. Une attitude condescendante alors qu'il est censé être au service du client. Mais bon, le comportement de cet employé ne change en rien mon impression sur l'établissement et l'admiration que j'ai pour le chef d'entreprise et chef de cuisine Hicham, qui a bâti cette entreprise en partant de rien et à deux reprises. Bonne continuation.",2595,Google Maps,HichamCook Grill House,2023-12-08T21:36:59.694Z,2,,,,,,,
847218,مشاءلله,67104,tiktok,@bladi_oran,2026-01-02T21:51:35.898504,0,,,,,,,
716159,وين بلاصة هدي بينيتو,13316,Facebook,Restaurant San Benito,2025-10-13T16:53:31.000Z,0,,,,,,,
322947,"Haven't been there yet live in america, I do like some Indian foods",3359,Google Maps,تاج محل بن عكنون,2016-01-14T22:31:48.532Z,1,,,,,,,
978311,Je suis venu j'ai payé une fortune et je n'ai pas eu droit à ce goût ma viande était dure et n'avais pas de goût  [COMPLAINT],858,instagram,hichamcookgrill,2025-11-16T16:35:15.000Z,4,,,,,,,
847247,"Catastrophique, rapport qualité zéro sans parler du goût, employés bcp trop arrogant ils pensent vraiment qui sont au USA vraiment à déconseiller y’a bcp mieux ailleurs et a des prix bcp moins chers",4898,Google Maps,Hicham cook pizza pasta,2021-06-15T23:04:56.403Z,0,,,,,,,
847249,تخوف,72024,tiktok,@signature.dz,2026-01-02T22:12:12.164704,3,,,,,,,
454056,بلاك تروحو سارفيس ثقيل بزاف تضرب سوايع عندهم باش يجيبلك و زيد يتشنفو على الناس بدراهمك و مراكش مليح انا رحتلو خطرة و ما عودتهاش غلطة كبيرة هذا زيرو هذي لبلاصة,20696,tiktok,@labelladalger16,2026-01-02T18:19:42.861032,1,,,,,,,
585130,سبحانه الله في هذه الدنيا راحت غير دنوب والاكل و WC,57932,tiktok,@_le216_,2026-01-02T21:17:34.821776,0,,,,,,,
454060,ونظرة على سطاسيو نسيتو موريتوهاناش أجمل نظرة فالعالم,13464,Facebook,Restaurant San Benito,2025-12-23T19:49:28.000Z,0,,,,,,,
454063,بالصحة و الراحة سي مصطفى راك عزيز [APPRECIATION],68948,tiktok,@cote_oran,2026-01-02T21:57:38.778201,1,,,,,,,
978352,c bon ms c excessivement cher,32916,tiktok,@sinai,2026-01-02T19:18:30.249557,0,,,,,,,
322991,Mahoche taa 700da kho Qualité et goût 6/10,1880,instagram,snacky_time_kouba,2025-12-26T11:04:21.000Z,0,,,,,,,
191922,yekhi tmeskhir 7 tacos pour 1500 da il te le coupe on mille morceaux et te facture 2000 da et kolek affaire ! mon dieu !,33944,tiktok,@restaurant_gizay,2026-01-02T19:22:55.708498,0,,,,,,,
191923,كاين التوصيل ليزالمون,55830,tiktok,@mfood.annaba,2026-01-02T21:14:12.008696,1,,,,,,,
847302,و الأسعار؟؟,61954,tiktok,@le_nordik,2026-01-02T21:27:28.564080,2,,,,,,,
978375,9/10 deco . 7/10 nourriture,22176,tiktok,@maison_sardoudi,2026-01-02T18:22:41.177299,0,,,,,,,
585160,Pas mal un endroit familial,4783,Google Maps,Hicham cook pizza pasta,2022-11-29T08:56:16.391Z,0,,,,,,,
323018,Livraison alger centre makach gratuite,29322,tiktok,@elcuatro_burgers,2026-01-02T18:49:37.864533,1,,,,,,,
847311,مدام باطل حاجة باينة ترجعى ا حوبي,62060,tiktok,@le_nordik,2026-01-02T21:27:34.146489,0,,,,,,,
323028,"quand tu part au restau c pour manger se que tu ne cuisine pas des trucs nouveaux , machi mergaz w grillades, la daronne a raison",21214,tiktok,@triple_,2026-01-02T18:22:03.688403,9,,,,,,,
847319,Klit eando service t9il w makla jatni barda w meajbnish,49374,tiktok,@chicks_nook,2026-01-02T20:40:21.809531,0,,,,,,,
978398,قبل عام كان بنين الآن مع الأسف الجودة صفر اللحم لا طعم له أي محل لحوم من أي مكان افضل منه و الخبز و الذي يعتبر اهم شيء اللحم في البرغر سيء جدا و اي خبز برغر بسيط افضل منه مثلا يقلك بصل مكرمل كي تشري تلقا بصل عادي لا مكرمل لا هم يحزنون يقول كاين المخلل (الكورنيشو ) تشري متلقا والو ياربي خيار عادي الاسعار مرتفعة حتى لما كانت الجودة جيدة اما الآن فحدث ولا حرج اما الإستقبال لا يزال نفسه صفر الابتسامة اخر شيء تجده في هذا المحل و العبوس و انكشار الوجه و تاني لي يطيب يشنف بزاف و جاي زعفان ميعرفش يضحك و اخيرا في التلفاز داير قناة تعرض موسيقى فيديو و لعرا مكان حتى احترام الشعب الجزائري كامل راهو يشري عليك احترم نفسك ببساطة تشري ابسط الأشياء و تطيبو بنفسك في المنزل النتيجة تكون افضل بكثير,8753,Google Maps,American Burger Factory,2020-06-13T14:51:58.567Z,2,,,,,,,
585184,Venez aussi à Annaba faire une extension  [APPRECIATION],1165,instagram,L’ENTRACTE,2025-10-10T13:15:28.000Z,0,,,,,,,
585189,بقى فيها غير الاسم,42890,tiktok,@pizza_carre,2026-01-02T20:00:33.930046,1,,,,,,,
191988,وين جاي هذا  واش أسمو [APPRECIATION],32670,tiktok,@seven.times,2026-01-02T19:17:48.707508,0,,,,,,,
716280,وين جاية هاذي سان بنيطو,13498,Facebook,Restaurant San Benito,2025-12-30T19:22:41.000Z,0,,,,,,,
978435,ماشاء الله حطولنا الأسعار من فضلكم,16384,tiktok,@soltane.el.kababe,2026-01-02T18:08:23.862093,0,,,,,,,
847367,بصحتكم خويا لعزيز  [APPRECIATION],24320,tiktok,@santorino,2026-01-02T18:28:00.903629,0,,,,,,,
454172,رحت اليوم انا و ماما نظافة استقبال و بنة too top,51926,tiktok,@rays_annaba,2026-01-02T21:02:49.867648,1,,,,,,,
978466,Nous avons passer de super moments dans cet établissement. Tellement nous y sommes venu à plusieurs reprises autant pour le petit déjeuner que le dîner Le service accueillant gentil et souriant je vous souhaite d’être servi par Seline,3615,Google Maps,Laurel Restaurant,2025-10-20T11:03:20.323Z,0,,,,,,,
716333,je suis toute tes vidéos je t est croiser cet été à la grande mosquee d alger mais je n ai pas venir te saluer,17000,tiktok,@user5834669559361,2026-01-02T18:10:53.059372,0,,,,,,,
978480,chraga chhal livraison khouya,29250,tiktok,@elcuatro_burgers,2026-01-02T18:49:33.686019,0,,,,,,,
192051,غالي وناقص في كومتيتي,43224,tiktok,@le_122,2026-01-02T20:04:06.046431,2,,,,,,,
978484,C'est toujours un plaisir de s'y rendre. Endroit propre. Service impeccable et surtout super bons snack !,7534,Google Maps,American Burger Factory,2025-05-18T21:14:18.599Z,0,,,,,,,
192053,"Service rapide , les plats sont très bon surtout la soupe de lentilles. Bon accueil je recommande",6093,Google Maps,Casbah Istanbul,2023-07-26T17:19:31.832Z,0,,,,,,,
454197,تربية الأرانب حلوي لخضر لحم أرنب حرام,12795,Facebook,Restaurant San Benito,2025-10-14T21:18:24.000Z,10,,,,,,,
978491,c'est une cafétéria ou un resto,56840,tiktok,@papillons827,2026-01-02T21:16:41.193364,0,,,,,,,
192060,ما تهدرش كي تكون رافد الماكلة باش ما تبزقش فوقها,10881,Facebook,Restaurant Casa Bella - Draria,2025-09-24T20:44:00.000Z,1,,,,,,,
454224,Hichem Originaloran هدا ليمات نروحله نديله بيبليسيتي,12012,Facebook,Restaurant San Benito,2025-10-14T10:27:27.000Z,0,,,,,,,
716372,نقلشك ههههه كلام عشواءي,13329,Facebook,Restaurant San Benito,2025-10-14T09:42:21.000Z,0,,,,,,,
978520,"J'ai seulment eu recours a leur service par livraison et je dois dire merci bcp Touts était parfait la nourriture très bonne , la livraison plutôt rapide le livreur lui même aimable pour une première c'est vraiment parfait bonne continuation mashaAllah Le prix : vu que j'avais commandée pas mal de choses + le prix de la livraison pour être honnête "" la qualité "" sa se paie donc je me plains pas Merci et bon courage !",7913,Google Maps,American Burger said hamdine,2022-01-28T13:20:46.280Z,0,,,,,,,
323170,Bonga the best [APPRECIATION],30356,tiktok,@bonga.food,2026-01-02T18:58:04.827088,1,,,,,,,
323180,ڪاميليا ۦ ۦ ۦ ڪاميليا ۦ ۦ ۦ اي تلم فيهم راح تشريهم ذهب والله ما تشوفيها ههههه,10126,Facebook,Restaurant Tabarka Annaba,2025-12-23T17:12:38.000Z,0,,,,,,,
847474,وين المكان نتاعكم بالضبط في شلف راني حابة نجي عندكم,39936,tiktok,@streetburger02,2026-01-02T19:44:04.469178,0,,,,,,,
323193,بسكو فايح أو بنين  [APPRECIATION],41816,tiktok,@street_food,2026-01-02T19:57:52.064400,0,,,,,,,
454268,"Très bon resto dans le centre commercial, je recommande Très bon rapport qualité prix",6002,Google Maps,Casbah Istanbul,2023-11-22T09:25:05.944Z,0,,,,,,,
585345,عبلك العبد صايم دقيقة نكملها,42226,tiktok,@street_food,2026-01-02T19:58:02.743696,0,,,,,,,
978592,قداه التوصيل لبوحمرة,52800,tiktok,@mega_pizza,2026-01-02T21:03:54.669615,0,,,,,,,
978595,Qu’allah fructifie ton commerce inchallah  [APPRECIATION],34800,tiktok,@sinai,2026-01-02T19:27:57.433354,1,,,,,,,
192178,وين بلاصة؟؟,551,instagram,"brother.ts
",2024-07-28T08:12:58.000Z,0,,,,,,,
585396,مليح دعوى رخيسة ممم,10478,Facebook,Dz Forest Restaura,2025-10-13T08:15:06.000Z,0,,,,,,,
454328,بلعكس تاع للدار، احسن بكثير و زيد تاع برا ماشي ناقي,41728,tiktok,@street_food,2026-01-02T19:57:50.212523,0,,,,,,,
585405,درتو فالدار هذاك النهار كليت 4 وحدي,55356,tiktok,@askim_food,2026-01-02T21:13:28.670742,0,,,,,,,
323265,dis nous comment les préparer stp ?,73386,tiktok,@pont_hydra,2026-01-02T22:13:53.360560,0,,,,,,,
978628,J'adore ce restaurant c'est super bon et propre,24512,tiktok,@opium,2026-01-02T18:29:41.221373,1,,,,,,,
847559,Le magreb,26238,tiktok,@lovers_grill,2026-01-02T18:34:51.325356,0,,,,,,,
847562,سارفيس0000تشناف قراااف وثقال,19204,tiktok,@helena,2026-01-02T18:16:31.069222,0,,,,,,,
716492,قولنا برك شعال باش سور مانجوس,10692,Facebook,"  Restaurant elassil








",2025-12-18T16:52:51.000Z,0,,,,,,,
716493,Livraison disponible m3a. Delivro  [APPRECIATION] [RECOMMENDATION],54772,tiktok,@luestro_annaba,2026-01-02T21:12:14.069563,4,,,,,,,
323276,القبايل غير تاع زبت زيتون الحوت عنده موالبه,12190,Facebook,Restaurant San Benito,2025-10-13T20:46:57.000Z,0,,,,,,,
192211,"Pour l'atmosphère et le service, vraiment impeccable, chapeau bas, mais malheureusement, la nourriture, n'était pas au niveau. Les boissons, les mojitos, mauvais. La pizza, la pâte est fine et bonne mais rien d'exceptionnel. Le plat de pâtes , poulet champignon, vraiment fade, le poulet était bien assaisonné, mais le reste manque cruellement de saveur. Ah, les lasagnes, aucun commentaire, a par que c'est à revoir complètement, terrible. Mais l'expérience n'a pas été totalement gâchée, le personnel est à remercier pour cela, bravo pour l'accueil et le service.",4288,Google Maps,هشام كوك بيتزا,2024-07-13T20:06:30.655Z,0,,,,,,,
585427,Dans quelle ville ?,14408,tiktok,@les_jumelles,2026-01-02T18:01:26.755377,0,,,,,,,
716503,سريدي الحاجة والا مشاوي البستان,58848,tiktok,@maestro_dz13,2026-01-02T21:21:20.566482,3,,,,,,,
978649,Jijigig Gigjiji بصح مليح منينداك تفاجي الي عزيز عليك,9770,Facebook,Dz Forest Restaura,2025-10-13T00:47:53.000Z,0,,,,,,,
978662,Magnifique et encore frère tout les plats ne sont pas encore évoqué  [APPRECIATION],35510,tiktok,@sinai,2026-01-02T19:28:15.389410,1,,,,,,,
192235,"La décoration est sublime, le service et le personnel vraiment au petit soin cependant les plats laissent à désirer ! Ça manque cruellement de goût et de saveur !",14310,tiktok,@les_jumelles,2026-01-02T18:01:24.676971,0,,,,,,,
847598,"Aucun goût malheureusement, même le service est mauvais, je vous le déconseille fortement",7060,Google Maps,American Burger Factory,2025-07-09T19:30:12.941Z,0,,,,,,,
716529,Très bonne initiative bon investissement inshallah,45238,tiktok,@budz,2026-01-02T20:15:53.013156,196,,,,,,,
978681,Bravoooo vos menus sont très appétissants et très variés  Yartikoum saha [APPRECIATION],9190,Facebook,"Restaurant La Napolitana









",2023-10-09T07:12:12.000Z,2,,,,,,,
585474,ان شاء الله يفتحو وحدة في جيجل  [APPRECIATION],38184,tiktok,@kfc,2026-01-02T19:39:29.030068,0,,,,,,,
847637,Je vous conseille c le meilleur  [APPRECIATION],1047,instagram,imstarvingfood,2025-08-12T23:51:14.000Z,0,,,,,,,
716565,بصحتك جغللو من عند محند,73342,tiktok,@pont_hydra,2026-01-02T22:13:52.577590,0,,,,,,,
323352,عيطنا روحو معاك,15642,tiktok,@mardoum,2026-01-02T18:07:53.401681,0,,,,,,,
978730,الله ابارك شحال الثمن هذا الخير,10420,Facebook,"  Restaurant elassil








",2025-12-17T17:12:57.000Z,0,,,,,,,
716589,مطعم راقي واكل طيب عجبني كثير واستقبال وخدمة مليحة,3412,Google Maps,Caracoya,2024-06-08T14:37:12.266Z,0,,,,,,,
323375,سعر زفيطي بعد اذنك,71308,tiktok,@cooks_restaurant,2026-01-02T22:07:57.990161,0,,,,,,,
716592,wineh Iphone khti?,26598,tiktok,@labelladalger16,2026-01-02T18:37:02.385199,1,,,,,,,
716599,الله يبارك جمال الروح والقلب وكمية الجرعة الأمل كبيرة,22412,tiktok,@la_perle_nana,2026-01-02T18:24:29.606286,0,,,,,,,
585528,علاش غير لاثنين برك؟؟؟,10680,Facebook,Dz Forest Restaura,2025-10-30T10:44:19.000Z,0,,,,,,,
454462,"Franchement top. les Burgers sont super bons, bien garnis et les produits sont frais le service est rapide et l'équipe toujours sympa. je recommande vivement Américain Burger",6651,Google Maps,American Burger said hamdine,2025-10-23T02:32:46.300Z,0,,,,,,,
454464,موفق ين ان شاءالله,67654,tiktok,@bladi_oran,2026-01-02T21:51:55.744261,0,,,,,,,
323393,جوغلال,72652,tiktok,@pont_hydra,2026-01-02T22:13:28.912630,0,,,,,,,
847693,لي طلبت لاعلاقة مع الاسم . وتاني حاجة جبلي طلبية تاعي باردة ما نكدبش عليكم ما عجبنيش من هاد ناحية,20000,tiktok,@villa_frere,2026-01-02T18:17:42.664352,1,,,,,,,
716622,شحال هكدا plat,34646,tiktok,@le_carre_restaurant,2026-01-02T19:24:38.705278,0,,,,,,,
454480,"Loved the Turkish dishes and the staff were nice and welcoming, 10/10",5266,Google Maps,قصبة اسطنبول,2024-10-04T17:57:30.645Z,0,,,,,,,
585552,Tout y était parfait,6119,Google Maps,Casbah Istanbul,2023-05-22T05:17:54.277Z,0,,,,,,,
454486,زوروا صفحتنا.,22630,tiktok,@le_perchoir,2026-01-02T18:25:09.583503,0,,,,,,,
585564,برعاية عظم الله اجركم,42298,tiktok,@street_food,2026-01-02T19:58:04.457359,0,,,,,,,
585575,الاغنية الي كانت ترند صيف الي فات,20824,tiktok,@signature.dz,2026-01-02T18:21:05.812172,4,,,,,,,
454509,"J'ai déjeuné à casbah istanbul seule et j'ai aimé, les plats étaient bons et généreux, le service et l'accueil rien à dire. Je trouve juste les prix un peu élevés.",5839,Google Maps,Casbah istanbul,2025-07-14T12:14:32.674Z,0,,,,,,,
192365,بصحتك تشهي,259,instagram,amine_la_cantine,2025-12-27T14:45:57.000Z,0,,,,,,,
978799,يرحم والديك وريلي البرودوي راني نعاني معاها,45040,tiktok,@plaquiste_oran,2026-01-02T20:15:30.108638,0,,,,,,,
847732,تحياتي العطرة السي مصطفى الله انورك,69004,tiktok,@cote_oran,2026-01-02T21:57:40.597029,1,,,,,,,
978805,Me miss oran,65332,tiktok,@frono_oran,2026-01-02T21:43:03.272956,0,,,,,,,
192374,grillades mixtes feha 3 mergazett ? EDI ta 2 personne tu es sur ? deux enfant kasdk,58624,tiktok,@la.nouvelle.etoile0,2026-01-02T21:21:01.288297,0,,,,,,,
585592,قدام لكاميرا حتى يولي يسيل كي تروح يعمرلك شويا ويقولك بصحتك,36682,tiktok,@memelkateelkabda,2026-01-02T19:33:59.570119,1,,,,,,,
323453,هذيك الخاتم فيها شك. يدعا الخاتم الروحاني والعيادو بالله,9523,Facebook,,2025-12-03T05:39:12.000Z,0,,,,,,,
847742,كون رحت خارج العاصمة رانا ڨاع قاعدين فارغين شغل نجيبو معاك قاع لا خدمة لا زدمة خويا .,16130,tiktok,@mardoum,2026-01-02T18:08:04.662564,0,,,,,,,
323455,"venez à Metz et Nancy vous allez devenir très riche woullah, venez ouvrir des resto comme chez vous woullah nous ont n'en a marre OK",26278,tiktok,@lovers_grill,2026-01-02T18:34:55.204675,1,,,,,,,
454531,كليت عندكم نورمال وزيد كونتيتي قليله بزاف,48120,tiktok,@rahmani_food,2026-01-02T20:34:24.680598,0,,,,,,,
978823,وين ب ظبط,67704,tiktok,@kartaj_oran,2026-01-02T21:53:12.911398,0,,,,,,,
585613,"renseigner vous sur la provenance de la viande, car monsieur parle de chahada. après ce qu'on a vue à la Mecque, abattage au nom de l'Algérie.",26216,tiktok,@don_sido_,2026-01-02T18:34:37.142483,0,,,,,,,
192398,ههههههههه لالا ناس ملاح انت لعزيز الغالي,2003,instagram,the____bakery,2025-03-05T21:18:25.000Z,0,,,,,,,
978834,لبنة راهي تبان الله يبارك يعطيكم الصحة  [APPRECIATION],34976,tiktok,@sinai,2026-01-02T19:28:02.656658,0,,,,,,,
585628,on peut voir votre menu ? Mettez le sur le profil !,15386,tiktok,@fouka.marine,2026-01-02T18:07:33.991890,4,,,,,,,
192413,وفقكم الله [APPRECIATION],31334,tiktok,@fritecorner,2026-01-02T19:11:06.469326,3,,,,,,,
978846,بوفون تاع ايطاليا هذا,17946,tiktok,@casabelladraria,2026-01-02T18:14:49.589633,0,,,,,,,
978852,تهبل ماشاء لله,34142,tiktok,@taylot,2026-01-02T19:23:33.774785,0,,,,,,,
847781,quantité de nourriture généreuse. bon service trop de bruit de la télé (plusieurs tv diffusant un match de foot qui cause un malaise) prix trop élevés (7000da pour deux personnes sans dessert) pas de stationnement disponible.,7171,Google Maps,Restaurant À Petit Feu,2025-01-15T16:54:05.019Z,0,,,,,,,
323502,مشاء الله ،اللهةيبارك,35732,tiktok,@sinai,2026-01-02T19:28:24.503548,0,,,,,,,
585652,Prix et qualité le seul bémol c'est que en livraison il ne mai jamais les bons sausse,8842,Google Maps,American Burger Factory,2017-12-11T14:55:25.592Z,0,,,,,,,
978873,quel rond point svp,65794,tiktok,@restaurant.el.rit,2026-01-02T21:45:57.676238,1,,,,,,,
454591,My favorite place and my favorite food. I like it,61174,tiktok,@la.criee,2026-01-02T21:24:42.236948,2,,,,,,,
454597,"classe ! à franchiser mon frère, ça va exploser",45366,tiktok,@budz,2026-01-02T20:15:56.664393,1,,,,,,,
192454,الجزائري   [APPRECIATION],24044,tiktok,@spotter.dz,2026-01-02T18:27:25.831020,1,,,,,,,
716744,Win exct ?,47780,tiktok,@favelas_burgers,2026-01-02T20:33:09.111827,0,,,,,,,
323529,Machi f Oran khouti,69788,tiktok,@chtibo_oran,2026-01-02T21:58:33.935699,0,,,,,,,
454612,"Désolée avec tout mon respect au autre restaurant y’a pas mieux que el walima est numéro 1 restaurant gastronomique, après en deuxième position el hajaa [APPRECIATION] [RECOMMENDATION]",59724,tiktok,@maestro_dz13,2026-01-02T21:21:40.561724,0,,,,,,,
847830,"Nice burgers, specially the fish burger",8291,Google Maps,American Burger Factory,2024-07-30T17:18:05.575Z,0,,,,,,,
192474,كاين توصيل لعين البيضاء,24336,tiktok,@raclitta,2026-01-02T18:28:19.451934,0,,,,,,,
323552,ils ont toujours pas eu d'autorisation,37606,tiktok,@kfc,2026-01-02T19:39:17.543562,31,,,,,,,
323557,لويل دو لايف ماهوش حاضر فوق الطابلة,57498,tiktok,@_le216_,2026-01-02T21:17:24.640351,0,,,,,,,
454636,اين المقر,64812,tiktok,@msiiirdaa13,2026-01-02T21:35:54.428354,0,,,,,,,
192496,واش المعني تع كيفسي تجاره ولا واش,38550,tiktok,@kfc,2026-01-02T19:39:40.329713,0,,,,,,,
323571,بصحتكم بصح هذا فمتناول نيمار,21526,tiktok,@triple_,2026-01-02T18:22:12.076112,0,,,,,,,
192500,لخطرش الحاجة لي تضر دايما أجي بنينة و الحاجة الصحية ماشي بنينة بزاف بصح تحافضلك على صحتك,41584,tiktok,@street_food,2026-01-02T19:57:47.041887,1,,,,,,,
585722,يصلح فيهم غير الاوسكار وamerican snacks مشو مطعم snacks,60828,tiktok,@maestro_dz13,2026-01-02T21:23:30.471857,8,,,,,,,
847871,خسارة المحل ليس بوهران,44490,tiktok,@dzforestrestaurants,2026-01-02T20:11:54.829325,0,,,,,,,
454658,"Franchement, super bonne surprise Le service est top, les serveurs sont souriants et rapides. La bouffe était vraiment bonne, bien servie et avec du goût. L’endroit est propre et l’ambiance agréable. J’y retournerai sans hésiter !",7402,Google Maps,American Burger Factory,2025-05-22T10:54:09.674Z,0,,,,,,,
192515,Super expérience les pizza étaient délicieuses rien a dire endroit propre et chaleureux peut être le temps d'attente etait un peut trop long mais ça valait la peine pout cette pizza,4568,Google Maps,هشام كوك بيتزا,2023-12-12T07:57:15.846Z,0,,,,,,,
585735,c'est quoi l’objectif,60104,tiktok,@the_throne_annaba,2026-01-02T21:22:28.361426,0,,,,,,,
716839,شباتي تاع اليوم لي بعثتاها لسيدي ابراهيم غولة خلاه  [APPRECIATION],51694,tiktok,@mfood.plus,2026-01-02T21:01:25.250796,1,,,,,,,
454699,والله غير مليحة قعدة تاع 5,43748,tiktok,@dzforestrestaurants,2026-01-02T20:11:27.904473,78,,,,,,,
716847,Je recommande ce restaurant jadore Et surtt la serveuse chaima un bout de sucre,7325,Google Maps,American Burger Factory,2025-05-22T19:05:44.743Z,0,,,,,,,
192571,Meilleur fi Oran whd les plats ou accueil et tt  [APPRECIATION],14158,tiktok,@les_jumelles,2026-01-02T18:01:20.508936,5,,,,,,,
847937,تحيا كروفات بالمقرونة,13588,Facebook,Restaurant San Benito,2025-12-30T12:05:19.000Z,0,,,,,,,
716867,Adell Lkhiwani علاه انا كتبت حاجة على السعر او نوعية او حاجة اخرى ؟؟؟ انا هاذو ما نعرفهم ما والو انا راني على السيد لي طايح super حنين على اخوتنا في غزة هاذو ناس خدمتهم و مصدر رزقهم هذا المطعم و شوف السيد واش راه حاط فالتعليق تاعه جاته عيب و مكانش انسانية اذا ناس ربي رازقهم بمطعم انا هاذي لي ناكتلي راسي ( ما لقيتش كيفاش نعبر ),12824,Facebook,Restaurant San Benito,2025-10-13T20:20:56.000Z,0,,,,,,,
585798,klit andh whed lbnoun machallh,66508,tiktok,@barbecue_restaurant,2026-01-02T21:50:22.615712,0,,,,,,,
979019,البلدي  [APPRECIATION],59742,tiktok,@maestro_dz13,2026-01-02T21:21:41.229200,0,,,,,,,
979022,الله يبارك خاوتي ربي عاونكم  [APPRECIATION],45886,tiktok,@ifood_31,2026-01-02T20:18:09.131444,0,,,,,,,
979024,magnifique bravo meilleurs vœux [APPRECIATION],1205,instagram,le_carre_restaurantalg,2026-01-01T18:58:24.000Z,1,,,,,,,
847963,Y’a du vin  ?,68172,tiktok,@le_petit_chalet,2026-01-02T21:54:52.782629,1,,,,,,,
323682,انا تقولهالي الا اذا معجبتهاش ماكله وتقولي كون شريناهم زوج كيلو لحم ميش خير,21114,tiktok,@triple_,2026-01-02T18:22:01.861507,3,,,,,,,
847976,فدار نضافة100%100 وزيت نقي,41862,tiktok,@street_food,2026-01-02T19:57:52.698761,0,,,,,,,
323699,في المريخ,54670,tiktok,@mr._brik,2026-01-02T21:11:19.594961,2,,,,,,,
323709,البنة عند ڨوسطو وبس  حتى الضيق و الغاشي نصبرو معاكم ربي يعينكم ويفتحلكم أبواب الرزق [APPRECIATION],49668,tiktok,@gosto_fast_food,2026-01-02T20:41:40.144229,1,,,,,,,
847998,وين بلاصا,39696,tiktok,@benko.games,2026-01-02T19:43:06.957355,0,,,,,,,
716926,Pourquoi uniquement kouba,9851,Facebook,"  Sultan Restaurants


",2025-10-30T19:49:18.000Z,1,,,,,,,
585875,دير ليفريزو,30958,tiktok,@roi_du_fajitas,2026-01-02T19:08:43.362452,0,,,,,,,
454814,من عنابة بصح مكنتش نسنا فيه يحل مكلاه تزيد منعندك,50950,tiktok,@broaster_chiken,2026-01-02T20:59:47.306553,114,,,,,,,
716969,رجل# نتعشاو اهنا,18110,tiktok,@casabelladraria,2026-01-02T18:14:53.728499,1,,,,,,,
454826,"Très bel endroit avec une belle ambiance, le gros plus est de pouvoir voir les cuisiniers préparer les plats au rez-de chaussée, prix plutôt abordables, bon accueil, leurs gratins sont très bons, leur pizza n'est pas la meilleure de toutes celles que j'ai gouté mais reste très bonne, je recommande",7901,Google Maps,Restaurant À Petit Feu,2023-05-20T12:21:12.873Z,1,,,,,,,
848043,Abde Lkrim انا نخدم ثمة قريب ليهم دخلت مرة واحدة من ثم والله ما دا دخلت، السومة تبيع الفيستة وما نخرجش من عندهم غالي جدا,9593,Facebook,"  Restaurant elassil








",2025-12-25T23:12:02.000Z,0,,,,,,,
585901,c ou exacte en Algérie cette restaurant,28128,tiktok,@amine.lacantine,2026-01-02T18:45:39.645125,0,,,,,,,
192700,On a pour notre argent,2850,Google Maps,HichamCook Grill House,2022-11-25T21:50:01.836Z,0,,,,,,,
454849,Avant Oran c’était Oran la class les ancient es les anciennes,64484,tiktok,@cintra,2026-01-02T21:34:51.788212,2,,,,,,,
323779,سلام وين باب حسن,33602,tiktok,@restaurant_gizay,2026-01-02T19:22:47.063818,0,,,,,,,
848070,"La pire souffrance de ma vie. 2 consultations , injections de primperan et plein de médicaments aucune amélioration , aux urgences intraveineuses de spasfon et autre médicament. Tout suite à un plat de poulet qui était mouillé et pas cuit je suis sortie avec plein de vertige et ce succèdent des nausées vomissements verdâtres et amères , une souffrance j amais connue ds les pires gargotier je déconseille pire journée de ma vie verdict du médecin intoxication alimentaire ربي وكيلهم",6089,Google Maps,Casbah istanbul,2024-02-09T10:27:46.831Z,1,,,,,,,
585927,رحت ليها خطرة مزدش وليت خرجلنا ڨرلو,8869,Facebook,Restaurant Casa Bella - Draria,2025-12-06T20:27:17.000Z,113,,,,,,,
585926,Mohamed Solo,10565,Facebook,Dz Forest Restaura,2025-10-25T21:45:39.000Z,0,,,,,,,
979142,مشاء الله وين جي خويا حسان,11792,Facebook,Restaurant San Benito,2025-10-03T13:58:55.000Z,0,,,,,,,
192712,الماكلة بززززاف بنينة ، كليت عندو شحال من مرة و شحال من سندويتش و تاكوس و بيرغر، ماشي خسارة قع دراهم، بصح يطولو للأسف، تبقى تستنى بززززاف، و الحاجة العيانة تاني، الحس بزاف الداخل شغول قهوة ، بصح لازم تصبر باه تتمتع . بالتوفيق,8188,Google Maps,American Burger Factory,2025-01-05T17:46:20.147Z,0,,,,,,,
979174,المسكين غيل يشوف ويتنهد الله يبارك,10204,Facebook,"  Restaurant elassil








",2025-12-18T13:10:40.000Z,0,,,,,,,
848116,Adresse exacte svp,25760,tiktok,@ofennec.officiel,2026-01-02T18:34:11.048564,0,,,,,,,
979189,يمييييي نطل عليه كل صباح مين نلقاه حال الدروج مايشفاش على الخطوة تيعي نجري نجيب من عندو وحتى ولادي يموتو عليه وراجلي مدمن عليه الميلفاي تيعو,53044,tiktok,@patisserie_annaba,2026-01-02T21:04:21.547831,1,,,,,,,
717058,Excellente cuisine propre et le service rapide Une bonne équipe surtout Mounir le serveur il a fait de notre expérience un moment unique avec son sourire sa bonne humeur,7023,Google Maps,American Burger said hamdine,2025-05-22T22:52:25.418Z,0,,,,,,,
585994,weneta rak tharache,38932,tiktok,@kfc,2026-01-02T19:40:00.958220,0,,,,,,,
717072,"C’est très petit, il aurait dû investir sur autre chose",45146,tiktok,@budz,2026-01-02T20:15:51.006863,4,,,,,,,
454934,الحومة,32596,tiktok,@seven.times,2026-01-02T19:17:41.334089,1,,,,,,,
192792,Restaurant que je recommande top qualité dans tout les domaines,7150,Google Maps,Restaurant À Petit Feu,2025-03-02T10:59:44.893Z,0,,,,,,,
192794,عجبني صحن [APPRECIATION],72308,tiktok,@pont_hydra,2026-01-02T22:13:20.298214,1,,,,,,,
979228,قداه توصلو لبلاد,50194,tiktok,@king_food23,2026-01-02T20:58:43.891424,0,,,,,,,
586015,Restaurant à éviter très attention entre les serveurs et le personnel au début tout est beau tout est beau sourire et à la fin c’est une arnaque,14066,tiktok,@le_dauphin_restaurant,2026-01-02T18:00:55.718276,0,,,,,,,
717097,plus jamais nakol 3andhom la fois passée l9it cha3ra f le sandwich 9albi khraj,40572,tiktok,@woodchickendz,2026-01-02T19:45:54.069214,4,,,,,,,
979247,500الف ناكل 20قطار تاع بيتزا عند سنكوشي,44056,tiktok,@dzforestrestaurants,2026-01-02T20:11:36.764947,0,,,,,,,
848177,صبحان الله على تعليقات مسموما أنا وحدة من زبائن رايس والله ثم والله إلى سيد محمد رايس يتهلة 25الف تكل وتشبع,12542,Facebook,Restaurant Rais,2025-10-12T21:52:22.000Z,1,,,,,,,
454969,الماكلة صفر بصح المعاملة روعة,18098,tiktok,@casabelladraria,2026-01-02T18:14:52.859752,0,,,,,,,
979273,مشاء الله أخي,30350,tiktok,@ledouzebeo,2026-01-02T18:56:51.251290,1,,,,,,,
717132,Kanou ykhdmou bien mais à partir juillet welou ghi ychklou,46624,tiktok,@oumanger.oran,2026-01-02T20:23:54.132883,0,,,,,,,
192848,"delicious right. But its crowded n we have to queue. N one of the waiter is so rude, n he make us wait for more then 30 min just to order. He really ruined our day. All the clients come n order eat n go n we still watching.",8712,Google Maps,American Burger Factory,2021-07-06T21:26:48.311Z,2,,,,,,,
323922,"Bonne cuisine, Service à la hauteur, prix abordable. Restaurant trop petit, dommage.",6440,Google Maps,Casbah Istanbul,2018-11-07T07:43:51.396Z,0,,,,,,,
192854,أعوذ بالله من الشيطان الرجيم. من همزه ونفخه ونفثه. أعوذ بالله من شر ما خلق من الانس( أمثال هؤلاء الأشخاص الذين يحتفلون ويتبعون خطوات الشيطان أعوذ بالله منه) . وكفى. الحمد لله اننا لا نتبع طريقكم لاننا عندما ندفن تحت الارض في حفرة متر في مرتين . هناك في ذلك الوقت . اسئلوا وليكم الشيطان ( أعوذ بالله منه) أن ينقض روحكم. التي خلقها جل جلاله وفضلكم عن الكثير ولكن أكثركم لا يعلم هذه النعمة . لا حول ولا قوة إلا بالله العلي العظيم.,2071,instagram,triple.r.restaurant,2024-11-02T20:52:28.000Z,1,,,,,,,
586071,ديجي سانك تحسب هو لي قاعد يدوّر فالكرة الارضية و لا هو لي يساريي الاكسجين لا حول ولا قوة إلا بالله,1224,instagram,le_carre_restaurantalg,2025-06-06T10:35:03.000Z,7,,,,,,,
192863,vous avez un serveur trop gentil et drôle et très serviable son service client est impeccable ( il est brun et porte des lunettes) thanks to him pour toutes les fois où il nous a servi,33548,tiktok,@leonard_restauran,2026-01-02T19:21:39.607236,2,,,,,,,
979303,التعليقات غريبة وين راكم عايشين سعر معقول مائدة تع 5 افراد الله يهدي,10102,Facebook,Dz Forest Restaura,2025-10-13T06:52:34.000Z,1,,,,,,,
455017,la sauce verte c'est quoi [BOUFFE],73504,tiktok,@pont_hydra,2026-01-02T22:13:57.016214,0,,,,,,,
323946,La meilleure chose c'est le service excellent les plats ça va mais incomparable a celui de Ben aknoun,6261,Google Maps,Casbah istanbul,2022-02-13T12:57:25.726Z,0,,,,,,,
979307,waww c trés classe belbaraka 3likom . et pour la premiére fois ya quelqu'un li3etaha kareha hedik libelassa. zedite un plus lannaba bekol Sarah bravooooo,61336,tiktok,@la.criee,2026-01-02T21:24:48.197703,2,,,,,,,
455020,روني في بلكور,42792,tiktok,@pizza_carre,2026-01-02T20:00:30.285010,0,,,,,,,
717174,صحن ملوخية ب 90 الف صغير و90 الف غالى ياسر,9013,Facebook,Restaurant Tabarka Annaba,2026-01-01T09:15:48.000Z,0,,,,,,,
848252,bsahtek ça a l'air tellement ça donne envie  [APPRECIATION],31204,tiktok,@taylor,2026-01-02T19:10:50.805820,0,,,,,,,
455037,les filles win nel9a les assiettes haka cheban,23592,tiktok,@jomane,2026-01-02T18:26:24.553410,1,,,,,,,
586108,"Magnifique Lahibarek mais dommage pour le nom . Vous auriez pu mettre un nom qui reflète la kabylie. un nom berbère ou kabyle mais Nutella je valide pas franchement, se que vous avez fait est merveilleux a  mais le nom je valide pas . Desolée  [APPRECIATION]",1548,instagram,"nutellahouse15_
",2025-04-06T19:33:14.000Z,6,,,,,,,
192896,تحيا ببوش [APPRECIATION],73676,tiktok,@pont_hydra,2026-01-02T22:14:01.029702,0,,,,,,,
586119,j'adore leur cuisine,64712,tiktok,@msiiirdaa13,2026-01-02T21:35:48.703994,1,,,,,,,
979336,يا حبيبنا لزم تحشم شويا خاوتها الفلسطنيين راهم إموتو بي التجويع,12372,Facebook,Restaurant San Benito,2025-10-13T20:30:06.000Z,0,,,,,,,
323977,Ca donne envie.,11774,Facebook,Restaurant San Benito,2025-07-27T13:50:48.000Z,0,,,,,,,
323979,"Très déçue par cette expérience. J’ai commandé un simple sandwich et il a fallu 1h15 juste pour la préparation, sans même compter la livraison. Le service est extrêmement lent et mal organisé. De plus, l’endroit n’est pas du tout adapté aux familles. Ambiance très mixte, manque d’intimité et aucun encadrement. Je ne recommande absolument pas si vous êtes en famille. Franchement, il y a bien mieux ailleurs pour ce prix et avec un service plus professionnel.",6832,Google Maps,American Burger Factory,2025-07-24T22:19:58.510Z,0,,,,,,,
323992,ماما يا ماما مزال نجي درك؟,30128,tiktok,@bigmamaconstantine,2026-01-02T18:55:20.577346,0,,,,,,,
979354,très magnifiques restaurants machallah  [APPRECIATION],60796,tiktok,@seraidi.live.z,2026-01-02T21:22:59.233287,0,,,,,,,
979362,Ou ça monsieur,12353,Facebook,Restaurant San Benito,2025-10-13T22:03:47.000Z,0,,,,,,,
979367,كلش مليح بصح انا نحب مشاوي فوؤور,9227,Facebook,Restaurant Tabarka Annaba,2025-12-23T19:13:34.000Z,0,,,,,,,
717227,10/10 déjà essayé en famille  [APPRECIATION],21284,tiktok,@triple_,2026-01-02T18:22:04.495479,7,,,,,,,
586166,والله العظيم في حالة و زيد التشناف صراحة رحت و ندمت,52752,tiktok,@uncles_burger_dz,2026-01-02T21:03:41.467073,0,,,,,,,
455099,افضل طاكوس كليتو في حياتي,8750,Google Maps,American Burger Factory,2020-08-12T19:41:37.819Z,0,,,,,,,
848315,Vive PAPADÜM  [APPRECIATION],72042,tiktok,@taste_of_india,2026-01-02T22:12:27.682727,1,,,,,,,
192958,"-_- apparemment tous les restau se trouve a dely brahim , pour les gens eli ma3andhomch tomobil. vive fast food",33162,tiktok,@new_yorkais,2026-01-02T19:20:36.126420,0,,,,,,,
455102,ça a un goût de quoi ?,73370,tiktok,@pont_hydra,2026-01-02T22:13:53.360548,0,,,,,,,
848320,بكري,56472,tiktok,@nacer.fast.food,2026-01-02T21:14:57.264651,0,,,,,,,
455104,Ça donne vraiment envie  [APPRECIATION],2115,instagram,triple.r.restaurant,2025-07-29T17:22:14.000Z,1,,,,,,,
324034,الموهيم السوما في متناول مبابي (عن تجربة),68696,tiktok,@cote_oran,2026-01-02T21:57:31.022415,1,,,,,,,
848329,اسعار في متناول محرز,56228,tiktok,@the_chef_house_23,2026-01-02T21:14:35.405731,0,,,,,,,
979403,L’étoile pour laisser un commentaire excessivement chère on a pris entrecôte et filet de poulet plus 2 jus a 6750da deux personnes الراي التالف j’aurai du aller manger du poisson chi3a w cheb3a mieux plus une vue sur mère la dernière fois je fréquente ce genre de restaurant ni vue ni qualité juste le titre.,6023,Google Maps,Casbah istanbul,2024-12-19T13:47:47.303Z,0,,,,,,,
586190,فندق البريد هل يقع هنا,20444,tiktok,@labelladalger16,2026-01-02T18:19:36.965718,0,,,,,,,
455121,c'est quoi cette pubvous avez fait une pub sans dire où ce situe le resto ça sert a rien,21944,tiktok,@maison_sardoudi,2026-01-02T18:22:36.412455,0,,,,,,,
586197,صراحة بزاف روطار هردتوها بي تأخر,3893,Google Maps,L’Alchimiste Pâtisserie,2023-12-31T14:48:44.045Z,0,,,,,,,
192987,غير انت لي علابالك,30240,tiktok,@rombalfood,2026-01-02T18:56:32.308174,0,,,,,,,
979419,جهان كبرتي الله يبارك ربي يقدرك والله يعاونك,13703,Facebook,Restaurant San Benito,2025-12-26T10:33:34.000Z,0,,,,,,,
324060,Entraînement T3 3 mois bch hdret hka,12928,Facebook,Restaurant San Benito,2025-10-13T11:44:15.000Z,1,,,,,,,
586247,Une bonne cuisine comme à la maison.  [APPRECIATION],14240,tiktok,@les_jumelles,2026-01-02T18:01:22.580394,1,,,,,,,
324110,نكموندي قرعة موخيطو وخلاص,863,instagram,hichamcookgrill,2025-11-16T00:11:57.000Z,8,,,,,,,
979474,راك عمرتها دفال غير نتا,47458,tiktok,@street_food,2026-01-02T20:31:33.634760,1,,,,,,,
324115,وين نطلب,17206,tiktok,@casa_burger1,2026-01-02T18:11:30.283733,0,,,,,,,
717337,"la pizza est juste jolie sur le plan visuel mais sans aucun goût. nous avons commandés une pizza avec poulet, les morceaux de poulet se comptent par les doigts. nous étions vraiment très déçus.",4796,Google Maps,Hicham cook pizza pasta,2022-10-22T11:48:31.192Z,0,,,,,,,
848424,4 fromage,51940,tiktok,@rays_annaba,2026-01-02T21:02:49.867674,0,,,,,,,
979508,"Pour résumer, c'est assez moyens je ne sais pas si c'est le fait qu'on soit parti un jour férié ! Mais cela ne justifie pas tout, pizza très moyenne. Le service est bon.",4841,Google Maps,Hicham cook pizza pasta,2022-05-03T09:20:44.074Z,2,,,,,,,
193078,"Ma ville natale, ma chanson préférée et mes souvenirs  [APPRECIATION]",60422,tiktok,@seraidi.live.z,2026-01-02T21:22:50.507317,0,,,,,,,
979515,tres chere mais ca veau le pris tout est fraie [APPRECIATION],17944,tiktok,@casabelladraria,2026-01-02T18:14:49.421953,0,,,,,,,
979517,le rôti de veau d'Espagne ?,36814,tiktok,@restaurant.madala,2026-01-02T19:34:39.326081,1,,,,,,,
717377,وين في الجي,34062,tiktok,@taylot,2026-01-02T19:23:32.084479,1,,,,,,,
979531,Bisaha ou raha de la d'une marocaine,68930,tiktok,@cote_oran,2026-01-02T21:57:37.998483,2,,,,,,,
586320,معدى اليوم,24866,tiktok,@woodgrill_dz,2026-01-02T18:31:56.328151,0,,,,,,,
193104,"La bouffe n'est pas extraordinaire. Le service est très lent, par contre les serveurs sont souriants et accueillants. Une pizza viande à 750 da c'est un peu chère, je n'ai pas aimé aussi le fromage utilisé où le semblant de fromage utilisé. J'espère qu'ils amélioreront leur service et bouffe surtout.",4861,Google Maps,Hicham cook pizza pasta,2021-12-01T22:17:50.260Z,0,,,,,,,
324181,Dommage c’est loin vous avez des prix intéressants,33500,tiktok,@ambiancefood,2026-01-02T19:21:17.323030,0,,,,,,,
193111,أخينا بولحية مريول,11227,Facebook,Restaurant Casa Bella - Draria,2025-08-10T16:59:28.000Z,0,,,,,,,
979546,500 الف نكري غواصة نتعشى في جزر المالديف,9835,Facebook,Dz Forest Restaura,2025-10-12T21:41:47.000Z,27,,,,,,,
979550,نقو رواحكم. قبل ما تبعو الماكلة. راح تمرضو عباد الله,13019,Facebook,Restaurant San Benito,2025-10-13T05:21:50.000Z,1,,,,,,,
586334,"Cheap , good portions and tasty, can't ask more!",8678,Google Maps,American Burger Factory,2021-10-07T19:57:32.433Z,1,,,,,,,
586340,Klit 3ndou f alger c’etait pas ouf,34134,tiktok,@taylot,2026-01-02T19:23:33.774771,0,,,,,,,
586343,اياا والدراهم. 2ملاين!,13649,Facebook,Restaurant San Benito,2025-12-28T06:20:37.000Z,0,,,,,,,
193137,قلشيني فالفراش واه,13732,Facebook,Restaurant San Benito,2025-12-30T15:13:47.000Z,0,,,,,,,
193145,chwi de 94 mais c ou exactement,25282,tiktok,@lovers_grill,2026-01-02T18:33:41.990875,1,,,,,,,
979580,كي ماجيتش ليوم. صرا هذا,36460,tiktok,@seven.times,2026-01-02T19:31:35.133543,208,,,,,,,
455297,زدنا في العلم يا غالية,72364,tiktok,@pont_hydra,2026-01-02T22:13:21.460813,2,,,,,,,
324226,روحي ليه اليوم وقيلاا,51180,tiktok,@broaster_chiken,2026-01-02T20:59:53.610359,0,,,,,,,
979589,La critique est constructive c’est vrai deux tensions. Sur le téléphone les serveurs j’ai commander un thé et un sablée j’ai eu le sablée mais le thé il c’est pas il manque quelque chose ? Non il y avait un anniversaire a l intérieur de la salle tout les serveurs sont parti applaudir danser et les youyou pas du tout pro pour au final me facturer des choses que j’ai pas pris et a la caisse la dame n’a pas accepter la critique.,62782,tiktok,@allechante,2026-01-02T21:30:57.321134,8,,,,,,,
455310,عجبتني كايافسي,38228,tiktok,@kfc,2026-01-02T19:39:29.612975,0,,,,,,,
717458,وشحال توصيل لعين الباردة,50130,tiktok,@king_food23,2026-01-02T20:58:43.195033,1,,,,,,,
455314,Mais où ouer la boisson t'a oublié l'eau et un peu de Isis pour laver le bon goût,12312,Facebook,Restaurant San Benito,2025-10-14T21:20:07.000Z,0,,,,,,,
848534,"Je recommande fortement cet endroit ! Allez y en famille en groupe d'amis en couples ou voir même seuls. Le décor est à la hauteur du nom un diner on sen rend compte dès quonmontr la dernière marche des escaliers. Question nourriture c'est excellent burger frites et sandwichs tout est fait maison et les commandes sont très vite servies, pour les pizze nous n'avons pas encore essayé ! Les serveurs sont disponibles et aimables du moins celui que l'on a eu c'est rare et c'est à souligner. Une dernière chose lez week end il y a beaucoup de monde donc prévoyez une attente en bas mais ne vous en faites pas c'est organisé et un serveur s'en charge Top à essayer dépaysement garanti quoi que beaucoup trop de gamins qui pleurent ça donne mal à la tête à force",5025,Google Maps,Hicham cook pizza pasta,2018-09-14T20:42:09.196Z,2,,,,,,,
979624,Bon prix,37204,tiktok,@restaurant.madala,2026-01-02T19:34:47.407441,1,,,,,,,
717489,salle Des fête !,23788,tiktok,@leonard_restauran,2026-01-02T18:27:03.640687,1,,,,,,,
717492,Je suis marocain  et j'aime mastapha et la ville d'oran. je soutien ce restaurant algerien  de tous mon  [APPRECIATION],69470,tiktok,@cote_oran,2026-01-02T21:57:58.741483,2,,,,,,,
324277,What is the name of this song?,68224,tiktok,@le_petit_chalet,2026-01-02T21:54:56.019930,1,,,,,,,
193206,شحال توصل كاليتوس,40320,tiktok,@woodchickendz,2026-01-02T19:45:45.311800,0,,,,,,,
455355,500 تلف ندخل. معاك. شريك نورمال شك تهدر خويا,44562,tiktok,@dzforestrestaurants,2026-01-02T20:11:56.278217,0,,,,,,,
979646,"c'est une façon de cuisiner un rôti dans pas mal de régions dans le monde avec des appellations différentes ; chez les orientaux cela s'appelle"" ELMADFOUNE"". 123 VIVA L'ALGÉRIE",26088,tiktok,@ofennec.officiel,2026-01-02T18:34:18.580002,0,,,,,,,
193218,"j'ai déjà mangé la bas, 1 tuerie  [APPRECIATION]",20546,tiktok,@labelladalger16,2026-01-02T18:19:38.979220,0,,,,,,,
324292,مالحقناش على السردين . والله ما حق عليكم,10058,Facebook,"  Restaurant elassil








",2025-12-28T21:32:31.000Z,0,,,,,,,
586443,الدينار الجزائري يتكركر,44534,tiktok,@dzforestrestaurants,2026-01-02T20:11:55.715730,0,,,,,,,
979671,وكنجو نكلو شحم,12638,Facebook,Restaurant Rais,2025-10-13T10:34:11.000Z,0,,,,,,,
586463,سومة لوز,9510,Facebook,Dz Forest Restaura,2025-10-26T14:30:47.000Z,1,,,,,,,
193252,وزوج فاخيطاس,43436,tiktok,@cassecroute_dz,2026-01-02T20:09:05.572162,0,,,,,,,
586471,Zadma l’intoxication direct,46870,tiktok,@oumanger.oran,2026-01-02T20:23:59.415367,0,,,,,,,
979688,نطالب من اخواننا الجزائرين مقاطعة مطاعم الرذيلة,57792,tiktok,@_le216_,2026-01-02T21:17:32.193162,1,,,,,,,
193273,تكول هنا تسلك مزينا تاع دولة افريقيا,28226,tiktok,@amine.lacantine,2026-01-02T18:45:42.585822,0,,,,,,,
455420,"J'ai récemment eu le plaisir de dîner dans ce restaurant exceptionnel, et je dois dire que l'expérience a dépassé toutes mes attentes. Dès notre arrivée, nous avons été impressionnés par la facilité de stationnement grâce à un parking spacieux et bien organisé, un vrai plus pour un établissement de ce calibre. Le service était irréprochable, avec un personnel attentif, courtois et toujours prêt à répondre à nos moindres besoins. Chaque plat était un délice pour les papilles, préparé avec des ingrédients frais et de haute qualité. Sauf que les salades des fruits étaient plein des ananas et préparer avec jus - ROUIBA- malheureusement était pas bon des tt. La présentation des plats était soignée, ajoutant une touche de sophistication à notre repas. L'ambiance du restaurant était à la fois chaleureuse et élégante, parfaite pour une soirée en couple ou un dîner entre amis. En résumé, ce restaurant mérite chaque centime dépensé. De l'accueil au dessert, tout était parfait. Je recommande vivement cet établissement à tous ceux qui cherchent une expérience culinaire mémorable et à la hauteur de leurs attentes.",2482,Google Maps,HichamCook Grill House,2024-06-13T16:08:23.349Z,2,,,,,,,
717565,حشمو يا مجرمين ناس ماراهيش تاكلها بيع بصح متصورش ربي وكيلكم,13002,Facebook,Restaurant San Benito,2025-10-13T02:27:22.000Z,0,,,,,,,
979712,حومتي,36302,tiktok,@chiken_street_bbz,2026-01-02T19:29:39.698103,0,,,,,,,
848642,وين ولقداه,56848,tiktok,@papillons827,2026-01-02T21:16:41.193374,0,,,,,,,
979716,SVP YA PAS UN MOYEN POUR FAIRE UNE RÉSERVATION PAR TÉLÉPHONE ?,2824,Google Maps,HichamCook Grill House,2022-12-29T15:33:47.742Z,1,,,,,,,
324360,الحالة سيئة لا انصح بها ليست كما تؤا في وسا ئل التواصل الاجتماعي .,4026,Google Maps,هشام كوك بيتزا,2025-08-24T21:50:59.692Z,0,,,,,,,
455449,صراحة ذبااست الوحيد لي نشري عليه الفاست فود. مذابيكم برك تزيدو تحسنو جودة الاكل اكثر و اكثر,8401,Google Maps,American Burger Factory,2024-02-27T14:58:32.902Z,2,,,,,,,
324382,كايافصي,37646,tiktok,@kfc,2026-01-02T19:39:18.570373,177,,,,,,,
979743,كامل عنابة ماشاء الله في الطياب صراحة,59396,tiktok,@maestro_dz13,2026-01-02T21:21:31.491751,0,,,,,,,
848671,"Bon accueil, repas de qualité, très copieux (vous pouvez prévoir un plat pour deux personnes) , très bon goût, service très rapide malgré l heure de pointe. Notre adresse préférée a Ben-Aknoun.",5688,Google Maps,Casbah Istanbul القصبة اسطنبول,2022-03-22T06:22:11.664Z,0,,,,,,,
455456,وين هذا الخير,11680,Facebook,Restaurant San Benito,2025-07-27T18:45:18.000Z,0,,,,,,,
848674,بطريقة,57442,tiktok,@_le216_,2026-01-02T21:17:22.899569,0,,,,,,,
324391,على قداه يحل,61948,tiktok,@le_nordik,2026-01-02T21:27:28.564076,0,,,,,,,
979764,I loved the part where you mentioned the name and the address  [APPRECIATION],22530,tiktok,@le_perchoir,2026-01-02T18:25:07.753376,2,,,,,,,
717630,الله يبارك وماشاء الله عليك ربي يحفظك ويسعدك ويوفقك ويبارك بعمرك يارب العالمين آمين,41224,tiktok,@street_food,2026-01-02T19:55:39.555349,1,,,,,,,
979786,si seulement je pouvais ainsi réaliser mon rêve avant de disparaitre,14352,tiktok,@les_jumelles,2026-01-02T18:01:25.734771,0,,,,,,,
193354,انا كيروح لشاف اامعقودا وسردين مع جوا فلفل حار,39970,tiktok,@streetburger02,2026-01-02T19:44:04.635650,0,,,,,,,
586573,"Hicham Cook Pizza is one of the best pizza shops in Algiers, Algeria hands down. The staff are so friendly and welcoming. They use high-quality fresh ingredients to make their pizzas. Thank you Hichem Cook Pizza for providing a fresh meal during my stay in the beautiful capital city of Algiers, Algeria.",4115,Google Maps,هشام كوك بيتزا,2025-02-03T23:00:23.024Z,0,,,,,,,
848725,De plus en plus cher; pour des petites portions,6102,Google Maps,Casbah Istanbul,2023-06-20T19:57:40.914Z,0,,,,,,,
455515,Il faut bien préciser qu'un seul plat coute 1500 DA,11599,Facebook,Restaurant San Benito,2025-08-01T17:21:34.000Z,2,,,,,,,
717660,ربي يباركلك في رزقك,44236,tiktok,@dzforestrestaurants,2026-01-02T20:11:42.516993,0,,,,,,,
324451,يادري تسربيو الديفان و الا خاطي ؟,11245,Facebook,Restaurant Casa Bella - Draria,2025-07-26T21:25:59.000Z,1,,,,,,,
848747,الحوت يدوّخ تلحق لاكاس تولي تخلص بلا ماتفيق,12381,Facebook,Restaurant San Benito,2025-10-14T07:56:14.000Z,0,,,,,,,
324480,ta mère a raison et tu devrais l'écouter plus souvent,21532,tiktok,@triple_,2026-01-02T18:22:12.076117,0,,,,,,,
455555,مرحبا بيك في تيزي وزو لاربعاء وسيف اية فواد,29980,tiktok,@chiken_street_bbz,2026-01-02T18:53:31.920620,0,,,,,,,
193416,مشالله. مشالله,11297,Facebook,Restaurant Casa Bella - Draria,2025-07-28T13:54:38.000Z,0,,,,,,,
717708,في هاذي شكلتيها,44844,tiktok,@oumanger.oran,2026-01-02T20:14:35.137543,0,,,,,,,
717712,بصحتك خويا ومرحبا بيك فالمغرب بلد الطواجن و الاصالة,68754,tiktok,@cote_oran,2026-01-02T21:57:33.645092,4,,,,,,,
979859,ديما نفوت يجي بالي غالي خلاص اني جاية,33430,tiktok,@ambiancefood,2026-01-02T19:21:15.650060,2,,,,,,,
717721,لكبدة تاعو فالعالمية  [APPRECIATION],55104,tiktok,@panera_41,2026-01-02T21:12:51.917607,0,,,,,,,
848798,Ils sont tellement gentils  [APPRECIATION],1691,instagram,restaurant.cezam,2025-04-07T15:39:38.000Z,2,,,,,,,
324513,هنا سيتم طهيك على كل الجوانب,2307,Google Maps,HichamCook Grill House,2025-09-16T16:15:41.927Z,0,,,,,,,
324514,Win extrême stpl,20862,tiktok,@sultan,2026-01-02T18:21:22.579162,0,,,,,,,
979873,اسطورة,1414,instagram,megapizza.boussouf,2025-11-26T19:15:32.000Z,2,,,,,,,
717734,مليح البيض يكون نص نص خير,54610,tiktok,@mr._brik,2026-01-02T21:11:17.625820,26,,,,,,,
324522,Bravo bonne continuation et réussite inchallah,25332,tiktok,@lovers_grill,2026-01-02T18:33:43.549968,0,,,,,,,
455598,6000 dinnard je mange du merlan a 5 personne et tout cqui vas avec,43368,tiktok,@street_food,2026-01-02T20:08:14.475979,0,,,,,,,
979892,على بلنا بلي راهو كارتة البهى وقلة الدفاى,58272,tiktok,@vilageneige_annaba,2026-01-02T21:19:49.301148,0,,,,,,,
848823,la bouffe 000000000,65572,tiktok,@maisonsept_oran,2026-01-02T21:43:54.720732,0,,,,,,,
717766,"Used to be my favourite fast food restaurant. Well organised and a good terrace, but the food was bellow average.",7670,Google Maps,American Burger Factory,2025-05-05T06:20:29.292Z,0,,,,,,,
455626,وين فاتحين,43432,tiktok,@cassecroute_dz,2026-01-02T20:09:05.572158,0,,,,,,,
717771,"Un restaurant digne de ce nom ne bloque pas les trottoirs et ne transforme pas l’espace public en obstacle pour les passants et les familles. Aujourd’hui, dans le quartier de Casbah, à gauche comme à droite, beaucoup d’établissements se disent restaurants alors qu’ils n’en ont ni le niveau ni la culture. Ce sont des endroits tenus par des gens qui ne connaissent même pas le vrai goût de la cuisine, ni le respect du client, ni les règles élémentaires d’un vrai service. Un vrai restaurant, ce n’est pas seulement des tables et des chaises, c’est avant tout le respect, la qualité et le professionnalisme.",11268,Facebook,Restaurant Casa Bella - Draria,2025-07-27T08:16:25.000Z,1,,,,,,,
324561,C’est quoi le nom de la terrasse stp ?,34472,tiktok,@restaurantmonegasque,2026-01-02T19:24:00.438939,0,,,,,,,
979921,Trop d attente à cheraga Dommage manque d organisation,5562,Google Maps,قصبة اسطنبول,2022-08-05T20:33:16.289Z,0,,,,,,,
979926,لي ما عندوش الاورو معليش 150 دولار,11900,Facebook,Restaurant San Benito,2025-10-13T18:09:03.000Z,0,,,,,,,
586727,الله يبارك ماكلۃ تشهي ديفو تاع بعد برك,43404,tiktok,@cassecroute_dz,2026-01-02T20:09:01.833568,1,,,,,,,
717804,نصلي العشا ونرقد,66050,tiktok,@restaurant_mani,2026-01-02T21:47:12.759937,4,,,,,,,
717805,mashallah un endroit respectueux avec des prix très raisonnables,57056,tiktok,@sultan_corniche,2026-01-02T21:16:58.742216,1,,,,,,,
455663,150 يتسمي مليون و نص كتروح العندو جنابك ينحيملك,11514,Facebook,Restaurant San Benito,2025-07-28T03:08:58.000Z,0,,,,,,,
586753,"We had pasta with shrimp and seafood, It tasted amazing, we had also two pizzas that i would rate 7/10, may be because i already had the pasta. the parking lot was available, the reception was great.",3994,Google Maps,هشام كوك بيتزا,2025-11-18T14:28:54.744Z,0,,,,,,,
586754,كليتها في جيجل,125,instagram,amine_la_cantine,2025-12-24T14:33:45.000Z,1,,,,,,,
848902,حكيلي على سومة ومنبعد ساهل,67084,tiktok,@bladi_oran,2026-01-02T21:51:35.898463,0,,,,,,,
586768,Chapuis  pas chapi [APPRECIATION],56320,tiktok,@the_chef_house_23,2026-01-02T21:14:39.906298,0,,,,,,,
455701,Franchement. Bravo. Un endroit qui nous rend fiers pour enmener nos amies. Très propre et tout est bien. Professionnel. Cest un véritable plaisir. Je reviendrai avec plaisir . [APPRECIATION],1164,instagram,L’ENTRACTE,2025-01-31T19:46:57.000Z,6,,,,,,,
586796,pourquoi tu ne dis pas Bismillah,72538,tiktok,@pont_hydra,2026-01-02T22:13:24.695664,0,,,,,,,
980014,قوقولي وين المحل قدقد وكيفاه نروحلو من لافاك الزيانية,480,instagram,"brother.ts
",2024-10-26T15:23:18.000Z,0,,,,,,,
455727,والله يا خويا كل مانهبط من المهجر نجي عندك  استقبال بنة ربي يوفقكم انشالله شهادة من غريب  [APPRECIATION] [INQUIRY],9008,Facebook,Restaurant Tabarka Annaba,2025-12-23T18:08:12.000Z,0,,,,,,,
980017,C sur Alger ?,72038,tiktok,@taste_of_india,2026-01-02T22:12:27.682722,1,,,,,,,
848954,ca a l'aire d'être très bon,50248,tiktok,@chapati_team,2026-01-02T20:59:01.076968,1,,,,,,,
193597,Les hommes de plus de 30 ans qu’ils vont là-bas je vous vois comme des princesses ou des,63048,tiktok,@allechante,2026-01-02T21:31:03.370956,0,,,,,,,
455741,كون دارو restaurant à volonté yji top,50850,tiktok,@broaster_chiken,2026-01-02T20:59:46.444058,1,,,,,,,
848982,النظام تعمد فعل هذا الامر,38816,tiktok,@kfc,2026-01-02T19:39:55.022957,0,,,,,,,
848996,عواه متحلوش في عنابة ؟؟؟,43428,tiktok,@cassecroute_dz,2026-01-02T20:09:05.572153,1,,,,,,,
980072,Le DJ est top,23770,tiktok,@leonard_restauran,2026-01-02T18:27:02.784718,0,,,,,,,
455794,بوزريعة؟؟؟,10013,Facebook,"  Sultan Restaurants


",2025-12-01T21:46:44.000Z,0,,,,,,,
455795,Je recomande (le seul point négative lorsque j etait c est que notre commande a pris du temps pour arriver) pour le gout je donne 5/5 sur tous les plats,7844,Google Maps,Restaurant À Petit Feu,2023-07-24T17:01:20.870Z,0,,,,,,,
455800,10/10 it is approved,34072,tiktok,@taylot,2026-01-02T19:23:32.084492,0,,,,,,,
849017,Tayeb Yahiaoui ههههههه عيب عليك هدا القصف,12852,Facebook,Restaurant San Benito,2025-10-13T00:25:54.000Z,0,,,,,,,
586872,متوفر ماتريال فاست فود لي محتاج يبعثلي,53416,tiktok,@piadzo_food23,2026-01-02T21:07:13.112002,0,,,,,,,
586877,"j adore, meilleur endroit pour des burgers, service agréable et accueil chaleureux franchement je recommande à 100%",7080,Google Maps,American Burger said hamdine,2025-04-22T15:12:28.420Z,0,,,,,,,
980102,"Depuis mon arrivée à mon départ j’ai n’ai eu que de bonne impression, à commencer par le stationnement . l’accueil agréable de tout le monde et de monsieur HICHEM en personne , et là je parle que de l’entrée en suite à table j’ai eu une agréable surprise car le choix n’a rien a envier à un grand resto gastronomique parisien , les poisson et les viande sont à profusion et à un prix imbattable . Et pour couronner le tout la viande ce laisse découper avec un simple couteau à beurre, Je donne un 5/5 à défaut de pouvoir mettre plus d’étoiles",2527,Google Maps,HichamCook Grill House,2024-04-24T19:19:26.736Z,7,,,,,,,
717961,Un bon bof vu le prix j'avais cru manger une bonne cuisine gastronomique du genre bluffant mais c'était pas le cas c'était propre bien présenté avec un bon service mais sans plus goût normal on peut manger pareil et beaucoup moins cher je comprend pas le hype vraiment perso je n'y reviendrai jamais,2775,Google Maps,HichamCook Grill House,2023-02-22T19:45:25.629Z,0,,,,,,,
455819,Pas faux je valide à cent pour cent  bonne continuation  [APPRECIATION],1559,instagram,"nutellahouse15_
",2025-03-24T18:02:51.000Z,3,,,,,,,
717975,belle journée wlh [APPRECIATION],27160,tiktok,@ambiance_telemcen,2026-01-02T18:41:21.610678,1,,,,,,,
324761,3awdou halouh l'ancien le nouveau se trouve a côté de la salle des fêtes hamza,32620,tiktok,@seven.times,2026-01-02T19:17:46.224029,4,,,,,,,
849049,Bsahtkom mes frères  [APPRECIATION],37620,tiktok,@kfc,2026-01-02T19:39:17.543576,78,,,,,,,
455835,ماهي بنبنا ما والو القعدة برك لمليحة،,56232,tiktok,@the_chef_house_23,2026-01-02T21:14:35.405735,0,,,,,,,
980134,طيف طيف يالطيف عنابة غلبت سطيف,54724,tiktok,@mr._brik,2026-01-02T21:11:21.546226,0,,,,,,,
193711,puzza a 1400 c'est un peu exagéré,24518,tiktok,@opium,2026-01-02T18:29:41.221382,1,,,,,,,
849087,Bel endroit. Tres bien accueilit mais on a patienté un peu avant de nous trouver une table. Le service à été long pour ma table La commande était: 1- Un wok crevette : c'etait tout simplement tres bon j'ai adoré. 2- Un poulet cordon bleu: aussi tres bon mais le poulet un peu sec par contre. accompagnement riz epissé en forme de brique panné pas vraimen fameux. 1- un gratin poulet tout a fait simple et ordinaire. Avec une bouteille d'eau minerale j'ai deboursé 3800 da. Un tout petit peu cher mais c'est bon a decouvrir au moin une fois.,7591,Google Maps,Restaurant À Petit Feu,2024-02-20T07:09:00.016Z,1,,,,,,,
324800,اك بعيد دوماج,29352,tiktok,@elcuatro_burgers,2026-01-02T18:49:38.698057,0,,,,,,,
849090,أكل جميل ونظافة وكل شي جميل,5882,Google Maps,Casbah Istanbul,2025-08-12T11:22:24.633Z,0,,,,,,,
455891,"Salam, dewara c'est de l'estomac et non pas les trips merci",36050,tiktok,@sinai,2026-01-02T19:28:33.477097,0,,,,,,,
455892,البوجغللو ياااه,73080,tiktok,@pont_hydra,2026-01-02T22:13:46.579034,0,,,,,,,
849111,سعر مناسب اذا كانت القعدة مليحة في المطعم,43902,tiktok,@dzforestrestaurants,2026-01-02T20:11:32.869760,0,,,,,,,
324824,"3numeros pour la réservation mais aucun ne fonctionne, pourtant on vient de trrrrrres loin",2895,Google Maps,HichamCook Grill House,2022-06-01T22:46:43.725Z,1,,,,,,,
849114,لاعبها سلفي,11081,Facebook,Restaurant Casa Bella - Draria,2025-10-04T21:57:42.000Z,0,,,,,,,
324826,منافين في زوج قولي شكون صاحبك نقولك شكون انت,8958,Facebook,Restaurant Casa Bella - Draria,2025-12-07T14:45:26.000Z,6,,,,,,,
586971,Natalie Natalie rani dayrah fles commentaires,12412,Facebook,Restaurant Rais,2025-10-13T10:37:43.000Z,0,,,,,,,
455901,الميرلن ناحتلو اشوك اقلعتو املا مرلن انتاع الواد,12017,Facebook,Restaurant San Benito,2025-10-29T22:23:42.000Z,0,,,,,,,
980202,KFC c saoudien sa été racheter,38940,tiktok,@kfc,2026-01-02T19:40:00.958239,0,,,,,,,
980205,Selemeli 3ela amine les hommes,13715,Facebook,Restaurant San Benito,2025-12-29T13:42:20.000Z,0,,,,,,,
586994,Un riche menu et un goût surprenant,5456,Google Maps,قصبة اسطنبول,2023-08-26T14:54:39.576Z,0,,,,,,,
849140,Bon courage vraiment c’est des bons prix par rapport à les autres restaurants,37514,tiktok,@restaurant.madala,2026-01-02T19:34:56.280211,0,,,,,,,
849148,سعر معقول واصل,44002,tiktok,@dzforestrestaurants,2026-01-02T20:11:34.553648,1,,,,,,,
324862,دنيا لمن تضحك.,57872,tiktok,@_le216_,2026-01-02T21:17:33.996955,0,,,,,,,
980227,il y a les rognons,35680,tiktok,@sinai,2026-01-02T19:28:22.645655,0,,,,,,,
587023,"""I absolutely love this place! The food is always fresh and full of flavor, and the atmosphere is cozy and welcoming. The staff are friendly and attentive, making every visit a great experience. Highly recommend it to anyone looking for a memorable meal! """,7068,Google Maps,American Burger said hamdine,2025-05-09T20:36:21.289Z,0,,,,,,,
849175,C’est combien le menu?,32906,tiktok,@sinai,2026-01-02T19:18:29.605399,1,,,,,,,
193816,mais ton restaurant est vide c'est très famille ? ta tout mangé ?,21564,tiktok,@triple_,2026-01-02T18:22:13.020132,0,,,,,,,
193817,En face le consulat du Maroc front de mer wahran,14470,tiktok,@les_jumelles,2026-01-02T18:01:29.001308,2,,,,,,,
980250,بصحتكم مي فزاد,28026,tiktok,@amine.lacantine,2026-01-02T18:45:36.156429,1,,,,,,,
849205,ههههههه هادشي كنسميوه غير كسكروطات ماشي شي حااااجة,35630,tiktok,@sinai,2026-01-02T19:28:18.081576,0,,,,,,,
849206,من سمح لهم بفتح مثل هذه المطاعم هذا هو السؤال الأهم,38224,tiktok,@kfc,2026-01-02T19:39:29.612972,0,,,,,,,
587062,بصكو يكون ضاربك ريح تكل تعاود مش كما دار تشبع من ريحة,42308,tiktok,@street_food,2026-01-02T19:58:04.457367,0,,,,,,,
718137,ماكاش بوجغللو بى العربية ؟؟؟,73564,tiktok,@pont_hydra,2026-01-02T22:13:57.935756,0,,,,,,,
193852,تكون جيعان برك برا,42290,tiktok,@street_food,2026-01-02T19:58:04.457352,0,,,,,,,
980289,gacemi تخرجي مالسبيطار برك اكي معروضة هنا [APPRECIATION],61350,tiktok,@la.criee,2026-01-02T21:24:49.035287,0,,,,,,,
587079,ديما نوكل عندو روعة ماكلة نضيفة و متشبعش,55276,tiktok,@askim_food,2026-01-02T21:13:26.529159,0,,,,,,,
849225,Kayen had resto f’oran,40318,tiktok,@woodchickendz,2026-01-02T19:45:45.311799,0,,,,,,,
849227,صاحب المطعم باين يسافر بزاف الفكرة من L&N مي مينيو هاذا خير برافو,18444,tiktok,@helena,2026-01-02T18:16:11.981823,2,,,,,,,
587098,"Restaurant familial , bon acceuil personnel respectueux Les plats sont bons avec des portion généreuse , la viande était tendre et savoureuse rien a dire , les accompagnements etaient mangeable sans plus, mais on y trouve son compte (bon rapport qualité- prix) Gros point positif pour le pain fait maison et tres bon .",2320,Google Maps,HichamCook Grill House,2025-08-23T20:07:19.897Z,0,,,,,,,
456027,وين المحل ؟,12606,Facebook,Restaurant Rais,2025-10-13T18:56:21.000Z,0,,,,,,,
456031,الله يبارك ماشاء الله عليك نسيبي,30812,tiktok,@salimel9obtan,2026-01-02T19:08:20.809263,2,,,,,,,
324966,كل,9683,Facebook,Restaurant Tabarka Annaba,2025-12-31T04:11:11.000Z,0,,,,,,,
849262,هادي هيا الحريره فالقرعة كنا نضربه بيها المثل للقهويين فالبحر [APPRECIATION],65224,tiktok,@restaurant_marisco,2026-01-02T21:40:10.172036,0,,,,,,,
587119,"Long waiting for delivery, that was confirmed multiple times and never been served, amateur staff and no one could solve the problem, result no delivery no meal for costumers. Never ever will order food from you again.",7095,Google Maps,American Burger Factory,2025-07-02T22:15:20.587Z,0,,,,,,,
980335,قمنا برحلة لمدة أكثر من أسبوع و أكلنا في مطاعم كثيرة، هذا أفضل مطعم أكلنا عنده من كل النواحي. . أنصح بالأكل عنده,2321,Google Maps,HichamCook Grill House,2025-08-22T23:58:23.409Z,0,,,,,,,
980342,قتلتنا بلمشوي,19436,tiktok,@helena,2026-01-02T18:16:42.933033,0,,,,,,,
456055,ناس لي تحكي على شعرة في ماكلة حبيت نقولكم تصرا في أرقى العائلات و أفخم المطاعم .,58066,tiktok,@vilageneige_annaba,2026-01-02T21:19:43.333773,8,,,,,,,
718202,مرض ديركت خاوتي نصيحة نقصو السكر والله مافيه حتي فايدة,490,instagram,"brother.ts
",2024-10-12T09:47:17.000Z,4,,,,,,,
587133,شعال السعر تاعو,12555,Facebook,Restaurant Rais,2025-10-13T16:36:18.000Z,0,,,,,,,
587140,"Kheireddine Hacinebey bonjour monsieur, de 11h a 23:00. Vous êtes les bienvenus",9469,Facebook,"Restaurant La Napolitana









",2023-10-14T11:46:47.000Z,1,,,,,,,
456071,Kherraz Mohamed exactement parce que tous les gens ne sont pas de la région exemple anciens orannais et quelques citoyens ne mangent pas à la PÊCHERIE D’ORAN il ya des oranais qui ne sont pas descendus à la PÊCHERIE depuis 25 35 ans ils ont bouder le lieux alors que l’arnaque existe toujours et la mauvaise qualité du poisson a disparue tous sont nouveaux dans les lieux saalem roule roule,11421,Facebook,Restaurant San Benito,2025-08-20T11:25:38.000Z,2,,,,,,,
324999,صباردو معا هداك شعر لصفر,12920,Facebook,Restaurant San Benito,2025-10-13T22:56:54.000Z,0,,,,,,,
587147,c'est ça en Algérie qu'on il ya quelqu'un connue c'est connue bonde de lecheur,1225,instagram,le_carre_restaurantalg,2025-06-12T12:46:20.000Z,2,,,,,,,
849303,Un vrai ou un faux encore ?,38312,tiktok,@kfc,2026-01-02T19:39:31.574379,0,,,,,,,
325025,اني ريجيم بعدوني,28082,tiktok,@amine.lacantine,2026-01-02T18:45:37.877607,1,,,,,,,
325033,Bshtou  w bn courage [APPRECIATION],50700,tiktok,@quick_bite,2026-01-02T20:59:27.394565,1,,,,,,,
325044,احببت هذا المطعم كثيرا وخاصة الأكل لذيذ جدا ونظافة خمس نجوم  اما بنسبة لشاف هشام فهو انسان لطيف ومتواضع وامهر طباخ انصح بالمطعم ستأكل اجمل وألذ طعام في حياتك,2585,Google Maps,HichamCook Grill House,2023-12-25T11:50:30.512Z,1,,,,,,,
718272,و ماعين نغسلوهم و لا حتي لغدوة من ذاك,938,instagram,hichamcookgrill,2025-08-12T16:06:11.000Z,0,,,,,,,
587200,De Barcelone a américain Saïd hamdine,6970,Google Maps,American Burger said hamdine,2025-06-23T23:00:28.712Z,0,,,,,,,
849344,مكان وين,24394,tiktok,@differencefood,2026-01-02T18:29:19.390495,1,,,,,,,
718278,Mohamed Solo جاجا خمسين الف؟ اخي اخرج من 2015 رانا في 2025,10502,Facebook,Dz Forest Restaura,2025-10-14T23:32:38.000Z,0,,,,,,,
325066,كاين توصيل لداموس؟,40424,tiktok,@woodchickendz,2026-01-02T19:45:50.018489,1,,,,,,,
980454,Parfait et bon courage,6968,Google Maps,American Burger said hamdine,2025-06-24T22:01:03.110Z,0,,,,,,,
456173,même en,40496,tiktok,@woodchickendz,2026-01-02T19:45:52.434566,1,,,,,,,
587248,Bravo mon frère. Bon continuation.  [APPRECIATION],45456,tiktok,@budz,2026-01-02T20:15:58.944584,0,,,,,,,
325117,كي نوصلو لسنة 2050 نوضوني معاكم,11266,Facebook,Restaurant Casa Bella - Draria,2025-07-27T17:19:07.000Z,0,,,,,,,
456191,Qu'est ce quil fait ici abdeka,39792,tiktok,@le77tizi,2026-01-02T19:43:45.704080,0,,,,,,,
325140,"C'est trop loin de chez moi dommage, mais je viendrai sûr si D'ieu veut quand je descends sur Paris",35026,tiktok,@sinai,2026-01-02T19:28:03.488683,0,,,,,,,
587288,afficher les prix au moins pour avoir une aidé,17958,tiktok,@casabelladraria,2026-01-02T18:14:50.295688,0,,,,,,,
849436,مغمومة بزاف,32198,tiktok,@entracte,2026-01-02T19:14:36.058798,1,,,,,,,
587295,تسما كي مارحتش صب ثلج,36648,tiktok,@seven.times,2026-01-02T19:31:39.472180,1,,,,,,,
587297,franchement c'est des prix raisonnable,36892,tiktok,@restaurant.madala,2026-01-02T19:34:41.092629,2,,,,,,,
194083,Suna Sussu خليتو يضرب فيه وخرجت من النهار هداك مدخلتش عندو ومنزيدش ندخل عندو بإذن الله,10908,Facebook,Restaurant Casa Bella - Draria,2025-08-27T19:58:00.000Z,1,,,,,,,
456235,je confirme j'ai déjà manger à ce restaurant plusieurs fois franchement c'est bôn et plus avec des grandes quantités,26100,tiktok,@ofennec.officiel,2026-01-02T18:34:18.580019,1,,,,,,,
587312,شعال البلا هدا,49052,tiktok,@chicks_nook,2026-01-02T20:40:07.206279,11,,,,,,,
194097,ارابيسك افضل مطعم في وهران السوريين الله يبارك,66574,tiktok,@bakhcis_oran,2026-01-02T21:50:40.600976,26,,,,,,,
325177,تاع باطل مكانش,13835,Facebook,Restaurant San Benito,2026-01-01T09:07:25.000Z,0,,,,,,,
587328,هاذو وين نلحقهم انا تقلشي وزيدي تقلشي,13174,Facebook,Restaurant San Benito,2025-10-12T22:39:14.000Z,0,,,,,,,
325193,لي حبت تدخل دراهم من بيت وبالهاتف فقط تبعثلي والله ماتندم راس مال صغير يدير ملاين,19170,tiktok,@helena,2026-01-02T18:16:29.502795,0,,,,,,,
980560,pas mal celui de Pasteur. le service est impeccable  [APPRECIATION],34138,tiktok,@taylot,2026-01-02T19:23:33.774778,1,,,,,,,
325203,كليت عندك فالجلفة روعة خاصة لمشوي,62246,tiktok,@hamidhamid806,2026-01-02T21:29:12.264882,1,,,,,,,
980567,سيدك واه,13485,Facebook,Restaurant San Benito,2025-12-29T16:13:20.000Z,0,,,,,,,
587358,Aujourd’hui j’ai eu une mésaventure dans ce restaurant j’ai pris une table avec une amie j’ai rencontré un de mes amis au hasard j’étais abasourdi de la pars du staff du restaurant en m’insultant et me disant que j’étais sur la black list et on m’a demandé de passer à la caisse et de ne plus revenir . J’étais étonnée par ce geste de mal traitance quand je me suis renseneiller il c’est t’avérer que se lieu est un lieu de deboche les membres de restaurant on me voyenz discuter avc mon ami croyaient que j’étais entraine de traiter vc lui ça se voit que ce restaurant est mal famille et mal fréquenté,1775,instagram,seven_times_la_villa,2025-04-05T20:53:05.000Z,3,,,,,,,
325221,محتوى في القمة,20366,tiktok,@labelladalger16,2026-01-02T18:19:35.299517,1,,,,,,,
718440,كريم بنزيمة عضو بارز في العصابة حمزة مون بيبي في الابتزاز بالصور العارية لعورات الفنانين و المشاهير و كبار الشخصيات و والوزراء و القضاة التي يلتقطها الامير فزاع من دبي بواسطة القمر الصناعي التجسسي  الذي يمتلكه مليارات تدفع للعصابة لكي تستر الصور العارية لعورات الضحايا نفس الشيء الذي تفعله دنيا بطمة مع الضحايا اللهم أهلك الظالمين بظلمهم,2130,instagram,wonder_food.s,2025-06-23T16:22:59.000Z,1,,,,,,,
194156,Mohamed Solo من هاذا المنبر نقولك تشريلك الشعر مرقاز زبل راهو ب120وجاجه تع 50الف يعطوهالك مجيفه مشي حتا مذبوحه ياو خافو ربي ياوسمك,10503,Facebook,Dz Forest Restaura,2025-10-15T11:30:09.000Z,0,,,,,,,
587374,J’ai envie de venir de Lille juste pour goûter  [BOUFFE],35048,tiktok,@sinai,2026-01-02T19:28:03.488720,0,,,,,,,
194162,وين بلاصة خويا,41184,tiktok,@streetfood2279,2026-01-02T19:55:22.714599,0,,,,,,,
980600,"la dernière fois ki rohtelha kanoun les travaux, plasa Chaba bzf",70230,tiktok,@le_petit_chalet,2026-01-02T22:00:16.570491,2,,,,,,,
587400,شحال للمترة تاع المرقاز,12578,Facebook,Restaurant Rais,2025-10-13T15:29:40.000Z,5,,,,,,,
325257,الله يبارك على حساب عدد المطارڨ راهم يبانو 90 بصح وضح اذا كاينة الكبدة ولا لحم غنمي,10626,Facebook,Dz Forest Restaura,2025-10-13T15:47:02.000Z,0,,,,,,,
456332,"Tres bon restaurant turque , la bouffe est delicieuse , tous ce qu’on a essayé etait tres bon, il n y a pas bcp de tables ( les weekends vous allez certainnement attendre votre tour a l’entrée) mais a part ça je trouve le personnel acceuillant service pas tres long, les prix: c’est un peu cher mais le gout est tres tres bon , je donne une note de 9, 5/10 ,",6420,Google Maps,Casbah Istanbul,2019-03-26T22:27:05.421Z,2,,,,,,,
194203,"c'est vrai, des qu'il commence par Bismillah machallah, il faut fuire",29772,tiktok,@easy.cheesy,2026-01-02T18:52:02.828336,2,,,,,,,
980637,Service long . Problème de langue très désagréable . Le goût n'y était pas vraiment.,6387,Google Maps,Casbah Istanbul,2019-09-03T17:20:57.200Z,1,,,,,,,
587423,نجي و منلقاهش بنين,28956,tiktok,@snacky_time_kouba,2026-01-02T18:47:53.129834,0,,,,,,,
587429,"Bonne cuisine, personnel très chaleureux !",7487,Google Maps,Restaurant À Petit Feu,2024-05-21T16:40:23.909Z,1,,,,,,,
194224,حمد لله امتنعت على اكل الشارع,12689,Facebook,Restaurant Rais,2025-10-12T23:42:08.000Z,0,,,,,,,
718515,"très bon restaurant indien , le meilleur sur Alger",3343,Google Maps,تاج محل بن عكنون,2017-03-15T08:48:45.429Z,1,,,,,,,
325304,أسمحلي غير بدل إسم البروفيل ، ربي يغفرلك,9434,Facebook,Restaurant Casa Bella - Draria,2025-12-07T17:37:16.000Z,0,,,,,,,
849593,c. est ou svp,15332,tiktok,@fouka.marine,2026-01-02T18:07:32.483976,1,,,,,,,
849594,نورمالمو نشوف محرز والدوسري واشرف حكيمي هوما لي طالعين,10817,Facebook,Restaurant Casa Bella - Draria,2025-08-03T21:31:24.000Z,4,,,,,,,
849595,Disrespectful Try to change ur service nd the waiter … 0 treatment unfortunately,5050,Google Maps,Casbah Istanbul القصبة اسطنبول,2025-12-26T19:38:23.278Z,0,,,,,,,
194240,قلبي الصغير ىا يتحمل علاااااه علاااه حرام علوكم  [APPRECIATION],381,instagram,"brother.ts
",2024-05-30T14:52:55.000Z,0,,,,,,,
456399,c'est cher,24892,tiktok,@woodgrill_dz,2026-01-02T18:32:01.234941,0,,,,,,,
325328,بصحتكم وربي يحفظلك الوالدة,21188,tiktok,@triple_,2026-01-02T18:22:03.688384,0,,,,,,,
718547,Décembre inch الله,34012,tiktok,@leguidemichemiche,2026-01-02T19:23:14.775057,1,,,,,,,
194260,كاين في باتنة,52156,tiktok,@uncles_burger_dz,2026-01-02T21:03:26.444459,0,,,,,,,
980694,في ششار ولاية خنشلة 500الف عند دراجي تاكل زوج طوابل,43964,tiktok,@dzforestrestaurants,2026-01-02T20:11:34.194201,0,,,,,,,
194266,الخدمات السياحية و الفندقية و المطاعم في الجزائر هي الاسوء في العالم,58226,tiktok,@vilageneige_annaba,2026-01-02T21:19:48.374308,1,,,,,,,
456411,"Je suis partie hier, et j'étais vraiment déçu, la qualité et le goût en baisse et les prix zadou, dommage, et ça sera la dernière fois chez eux.",8503,Google Maps,American Burger Factory,2023-06-03T20:21:30.930Z,1,,,,,,,
849629,"Très mauvaise expérience, non seulement les prix ont augmenté d'une façon illogique, de plus les serveurs sont super désagréables, au moment où on mangeait les serveurs nettoyaient la poussière, pour nous pousser à quitter les lieux au plus vite. , Et la cerise sur le gâteau quand on a demandé le dessert limite on nous a chassé, en refusant de nous servir, on dirait on avait demandé une charité, casbah Istanbul honte à vous! , On remettra plus les pieds chez vous !",5618,Google Maps,Casbah Istanbul القصبة اسطنبول,2023-02-11T09:59:37.780Z,8,,,,,,,
587488,Les européens divisent la note c’est 15 alors diviser sur 15 en alors ça devient moins cher,17874,tiktok,@casabelladraria,2026-01-02T18:14:47.931991,0,,,,,,,
325347,tozzzzz c'est devenu de la merde oui,26212,tiktok,@don_sido_,2026-01-02T18:34:37.142478,1,,,,,,,
194284,"If you need a funny place where you can receive your friends or family, I think this will be ok for this. Dishes are amazing, tasty as expected for this kind of food. Waiters was always disponible in despite of barrier of language tried to give their best. ——————————————————————— Excellent lieu convivial Excellent Service Excellente nourriture I will come back surely",5580,Google Maps,قصبة اسطنبول,2022-02-15T16:41:07.441Z,1,,,,,,,
849645,la livraison est comprise dans le prix des plats et vs faites croire batal. mekech menha. yesema entouma tkhalso l'essence men3andkoum? ! ? ! ?,48096,tiktok,@rahmani_food,2026-01-02T20:34:23.891620,0,,,,,,,
194288,ماشاء الله عنابة ولايتي التي زدت فيها وتررعت فيها. اشتقت اليكي.,60226,tiktok,@seraidi.live.z,2026-01-02T21:22:46.343126,5,,,,,,,
718580,"It is a nice restaurant where Turkish foods are served. The waiters are very caring and kind. The prices are a bit expensive, but it's nice to find such turkish foods in Algeria.",5676,Google Maps,Casbah Istanbul القصبة اسطنبول,2022-05-28T21:40:36.717Z,0,,,,,,,
194294,Les Oranais c'est des Marocains,69590,tiktok,@cote_oran,2026-01-02T21:58:03.252599,0,,,,,,,
980737,"Very good, professional and prestigious restaurant for special people for special events.",4346,Google Maps,هشام كوك بيتزا,2024-05-14T14:44:56.749Z,0,,,,,,,
194308,"cvau akid lotfi ou fi yesmin 2, boulevar des lion y'en a 2",45136,tiktok,@budz,2026-01-02T20:15:51.006843,1,,,,,,,
587525,دار زيت جديد ونظافة اما برا فيها شويا فيطامينات زيادة,41776,tiktok,@street_food,2026-01-02T19:57:50.970777,1,,,,,,,
194311,حاجة هايل هايل قمة بصح ما نقدر ش نجازف باين غالي,19226,tiktok,@helena,2026-01-02T18:16:32.748092,0,,,,,,,
587534,راني خايف نجي ناكل ومنشبعش نزيد ناكلك,13495,Facebook,Restaurant San Benito,2025-12-30T18:41:11.000Z,0,,,,,,,
456462,"Très agréable, je recommande vivement  [APPRECIATION]",2548,Google Maps,HichamCook Grill House,2024-03-01T13:54:53.613Z,0,,,,,,,
194343,تحضيرة جبنية مضرة بالصحة,52736,tiktok,@uncles_burger_dz,2026-01-02T21:03:41.467052,0,,,,,,,
849703,C pas bon du tout et c trop chére,5076,Google Maps,Casbah Istanbul القصبة اسطنبول,2025-10-18T18:52:33.534Z,0,,,,,,,
194351,Le service est bon Tapenade d'olives 0/10 Kebba 8/10 Pidé fromage 0/10 (le fromage est de mauvaise qualité) Doner 4/10 Iskender 1/10 Prix chers,5048,Google Maps,قصبة اسطنبول,2025-10-16T21:42:21.449Z,0,,,,,,,
194359,الروتين بقداه مكانش فلموني؟,52132,tiktok,@uncles_burger_dz,2026-01-02T21:03:25.013479,1,,,,,,,
980794,والله غير اخطيكم خطا رحنا لعندو كليناه والله مايسو اللحم شمينڨوم,24960,tiktok,@woodgrill_dz,2026-01-02T18:32:03.111914,1,,,,,,,
456511,والله كليت عندو كنا في 7 أشخاص والماكلة مكان والو وزيد غالي never again,20736,tiktok,@labelladalger16,2026-01-02T18:19:43.848828,0,,,,,,,
980802,اشهار بطريقة كلاسيكية  [APPRECIATION],27642,tiktok,@thala,2026-01-02T18:44:58.021168,0,,,,,,,
194372,Vraiment sans Plus,28964,tiktok,@snacky_time_kouba,2026-01-02T18:47:53.129842,0,,,,,,,
194375,"c'était le plat préféré de ma soeur  kanat tmout alih, , , Allah yarhmak yal 3ziza",72414,tiktok,@pont_hydra,2026-01-02T22:13:22.193275,2,,,,,,,
456522,C'est moi même donc je dois m'offrir des sushis d'accord je vais prendre rdv avec moi même à bientôt,1960,instagram,sushigardendz,2025-01-01T18:55:50.000Z,1,,,,,,,
194379,slm ou se trouve ce resto exactement ?,34944,tiktok,@sinai,2026-01-02T19:28:01.420367,1,,,,,,,
718668,وين جاي هذا ؟,299,instagram,"brother.ts
",2026-01-02T02:21:34.000Z,0,,,,,,,
718671,ست اشهر تع قرايا فالمعهد فوتتها غير محاجب من عندك الله يبارك معاملة وبنة ونظافة wish you the best of luck [APPRECIATION],49894,tiktok,@m7ajeb,2026-01-02T20:44:29.461578,5,,,,,,,
325458,نتي هياا لخير او ما الماكلة ملينا منها,13364,Facebook,Restaurant San Benito,2025-12-24T10:54:50.000Z,1,,,,,,,
194392,Nayel Zebiri بكري كان معاه التونسي وضرك ماشي بالتيثر فرق,8971,Facebook,Restaurant Tabarka Annaba,2025-12-24T09:32:40.000Z,0,,,,,,,
194401,ont viendra InchaAllah en famille. vraiment ça a l'air délicieux Bravos à très vite ! [APPRECIATION],34862,tiktok,@sinai,2026-01-02T19:27:59.300955,1,,,,,,,
456553,ما شاااء اللله [APPRECIATION],67460,tiktok,@bladi_oran,2026-01-02T21:51:47.464295,0,,,,,,,
456554,c ou exact ?,63968,tiktok,@restauranttrattoriaoran,2026-01-02T21:34:06.668663,2,,,,,,,
587637,"Ma famille et moi avons trop aimé manger chez vous , très bon et propre Allah yberak  [APPRECIATION]",26692,tiktok,@labelladalger16,2026-01-02T18:37:04.993540,1,,,,,,,
849785,هذا مطعم بلايلي وجماعته زيد معهم وردة شرلو منتي وجماعتها وزيد معهم جماعة هذي مليون في خاطر صاحبي طيارة,19168,tiktok,@helena,2026-01-02T18:16:29.502794,0,,,,,,,
849786,madirch la livraison l cefos ?,42982,tiktok,@minoufood1,2026-01-02T20:01:57.821413,1,,,,,,,
456581,Poutine très bonne mais le burger avec un fromage fassssssseeeed et une sauce fromagère infecte……,7516,Google Maps,American Burger said hamdine,2024-03-01T03:47:35.147Z,0,,,,,,,
980871,لالا انا ماما تحب تروح تتعشا برا يا لوكان تاكل شلاضا ههههه,21512,tiktok,@triple_,2026-01-02T18:22:11.176244,1,,,,,,,
587675,je vous fais quelques corrections. méchoui et non mechAoui m'hamar et non mAhmar . c'est la moindre des choses.,14444,tiktok,@les_jumelles,2026-01-02T18:01:27.863764,0,,,,,,,
587684,je passerai demain inshallah ça l'air trop bon  [BOUFFE],26074,tiktok,@ofennec.officiel,2026-01-02T18:34:17.677648,2,,,,,,,
587686,c ou svp je Vien jeudi ou vendredi Léonard c mon préféré qui se trouve au carrefour,23746,tiktok,@leonard_restauran,2026-01-02T18:26:57.764661,1,,,,,,,
456620,Hamid Le Grand وليد لحرام كلب طحان نهار تموت تعرف لكان راك قدامي نشبعك وروح تشكي لشكور ختك ن مك رجال متقدرلهومش يدربولك تر. ة,10144,Facebook,Dz Forest Restaura,2025-10-13T13:45:23.000Z,0,,,,,,,
849844,Tros bon,7588,Google Maps,American Burger Factory,2025-05-17T10:07:35.042Z,0,,,,,,,
194498,Tajines oranais miam  oran ma ville natale wahran El zina cuisine variée [BOUFFE],68610,tiktok,@cote_oran,2026-01-02T21:57:26.802407,52,,,,,,,
587722,بصحتك اخي,58436,tiktok,@la.nouvelle.etoile0,2026-01-02T21:20:57.061382,0,,,,,,,
980939,Best service  [RECOMMENDATION],6693,Google Maps,American Burger Factory,2025-09-04T13:06:03.708Z,0,,,,,,,
587733,Un restaurant calm et bien,7354,Google Maps,Restaurant À Petit Feu,2024-07-29T17:04:26.891Z,0,,,,,,,
718810,"Amazing la bouffe était magnifique personnel et serveurs à l’écoute, merci pour l’accueil et votre professionnalisme",2652,Google Maps,HichamCook Grill House,2023-09-02T20:39:58.382Z,0,,,,,,,
194523,je vois pas de terrasse,62698,tiktok,@allechante,2026-01-02T21:30:54.860447,1,,,,,,,
325602,مكينش بحال طياب مغربي و طواجن البنة [APPRECIATION],68942,tiktok,@cote_oran,2026-01-02T21:57:37.998524,2,,,,,,,
849893,مشاء الله والله يبارك الله يدومها نعمة,66812,tiktok,@bladi_oran,2026-01-02T21:51:21.249717,1,,,,,,,
849902,من بعد الصباغة تاع شعرك وتحسبيها عليا في السعر,13225,Facebook,Restaurant San Benito,2025-10-13T18:25:21.000Z,0,,,,,,,
456693,حطونا وين بلاصة و لادراس,57512,tiktok,@_le216_,2026-01-02T21:17:25.498458,1,,,,,,,
980984,علاه بعاد علينا,17202,tiktok,@casa_burger1,2026-01-02T18:11:30.275177,0,,,,,,,
325630,Burger plastic,34360,tiktok,@taylot,2026-01-02T19:23:38.797963,1,,,,,,,
194559,Hummm Allahoumabarek pour les avoir goûté elles sont magnifiques. Il y en a 2 que je n'ai pas encore testé j'ai hâte in cha Allah,1120,instagram,jardina.coffee,2025-08-13T12:43:28.000Z,2,,,,,,,
849926,غالي يامواطن,16318,tiktok,@mardoum,2026-01-02T18:08:09.723271,0,,,,,,,
849928,le meilleur climat au monde machallah  [APPRECIATION],60202,tiktok,@seraidi.live.z,2026-01-02T21:22:45.454093,1,,,,,,,
718858,très très cher à fuir,13894,tiktok,@le_dauphin_restaurant,2026-01-02T18:00:51.463400,6,,,,,,,
981008,الاسعار مبالغ فيها جدا,9685,Facebook,Restaurant Tabarka Annaba,2025-12-23T21:53:23.000Z,0,,,,,,,
587808,"Très bonnes pizzas le service est au top les serveurs assurent un très bon service, l'accueil et la gestion du restaurant machaa Allah , on reviendra nchallah.",4296,Google Maps,هشام كوك بيتزا,2024-07-05T21:59:35.032Z,1,,,,,,,
981026,الفرسان لوعدة بغابة بن مراد برج الكيفان وهذا هو الموقع https://maps. app. goo. gl/TJSKoH1ae6Mn7c9f9? g_st=ac,9073,Facebook,Dz Forest Restaura,2025-10-16T17:51:26.000Z,4,,,,,,,
325667,Oui,28066,tiktok,@amine.lacantine,2026-01-02T18:45:37.877587,0,,,,,,,
849956,نسيت صح هو ملفوف,44184,tiktok,@dzforestrestaurants,2026-01-02T20:11:40.511669,0,,,,,,,
718895,Suite à vos conseils j’ai commandé ce midi…benaaa merci,34026,tiktok,@taylot,2026-01-02T19:23:28.957322,0,,,,,,,
587840,Trop cuits ET SEC PAS BON,10416,Facebook,"  Restaurant elassil








",2025-12-29T09:58:14.000Z,0,,,,,,,
718917,j'aime trop la décoration bravo  [APPRECIATION],61250,tiktok,@la.criee,2026-01-02T21:24:46.512344,0,,,,,,,
849989,مبابي,13862,Facebook,Restaurant San Benito,2025-12-29T21:11:26.000Z,0,,,,,,,
849993,Jolie etablissement je confirme,64162,tiktok,@lepalace1,2026-01-02T21:34:27.783836,0,,,,,,,
456781,السبع و ماياكلوش,12463,Facebook,Restaurant Rais,2025-10-13T20:00:13.000Z,2,,,,,,,
850007,واش من بلاصة,52830,tiktok,@patisserie_annaba,2026-01-02T21:04:15.964244,0,,,,,,,
850010,20 euro chatakdab sahbi France 7 euro roh tal3ab fi marseille 5 euro,46294,tiktok,@damisoran31,2026-01-02T20:21:57.960179,2,,,,,,,
718938,كان باقيلي غي دورة ونجي عندك كي شفت التعليقات كملت طريقي,11373,Facebook,Restaurant San Benito,2025-07-27T18:49:21.000Z,21,,,,,,,
456797,bravo Monsieur. pour le mot marrakchiya. nourriture. vive l Algérie. on est correct. bonjour les 58 wilayas,68774,tiktok,@cote_oran,2026-01-02T21:57:33.645116,1,,,,,,,
456802,restaurant l'atelier en ville ( La Fabrique),22186,tiktok,@maison_sardoudi,2026-01-02T18:22:41.177380,0,,,,,,,
456804,دلالي لي ربي يرزقك خويا بالحلال,49714,tiktok,@gosto_fast_food,2026-01-02T20:41:43.663208,1,,,,,,,
850025,"Je suis extrêmement déçue de notre expérience chez Hichem cook, nous avons mangé il y’a trois jours et toute la famille y compris ma fille de 8 ans à souffert et souffre encore d’une intoxication alimentaire, la viande était infecte et avait une odeur bizarre. Je cherchais un endroit propre pour éviter ce genre d’incident mais malheureusement c’était tout le contraire restaurant à fuir je vous le déconseille fortement. Tellement dommage qu’on ne puisse pas mettre 0 car même 1 étoile est déjà trop.",2343,Google Maps,HichamCook Grill House,2025-06-20T23:08:24.056Z,0,,,,,,,
456821,Trop bien c'est à côté de chez moi  [APPRECIATION],34884,tiktok,@sinai,2026-01-02T19:27:59.300981,1,,,,,,,
587902,Vu la d'évaluation du Dinard ça doit coûter aussi cher qu'une voiture,33682,tiktok,@restaurant_gizay,2026-01-02T19:22:48.188040,1,,,,,,,
587906,ماكلة بنينة نقية و ماشي غالية راهو يدي في حقو مافهمتش علاش طايحين عليه والله غير ماشاء الله,2712,Google Maps,HichamCook Grill House,2023-06-01T17:06:17.131Z,0,,,,,,,
850054,Good point : Food and service quality Bad point : Music too loud (disturbing and mismatching with the restaurant standards). The lady at the cashier couldn’t even apologize for the inconvenience. She put everything on my shoulders! Not recommended if you need a quite and pleasant restaurant.,5758,Google Maps,Casbah Istanbul القصبة اسطنبول,2021-05-21T13:27:24.567Z,0,,,,,,,
587911,Nouveau concept Super déco Prix raisonnable Le seul bémol est service lent sinon j'adore leurs pizza Ps : il avait un hamburger avec des oignons caramélisées mais il n'est plus disponible,4852,Google Maps,Hicham cook pizza pasta,2022-02-12T10:14:15.650Z,0,,,,,,,
456840,Sofiane Rab بركا ماخرط رحنا عندو ماشاء الله معاملة نقا ماكلة بنينة,8924,Facebook,Restaurant Casa Bella - Draria,2025-12-07T09:01:16.000Z,2,,,,,,,
456844,win exact a ain allah svp,34424,tiktok,@restaurantmonegasque,2026-01-02T19:23:57.508764,1,,,,,,,
194702,قول والله يلا راك فيها منجيش,66150,tiktok,@restaurant_mani,2026-01-02T21:47:16.832853,0,,,,,,,
587923,تجربة عادية مقارنة بالسعر الغالي جدا .,3151,Google Maps,تاج محل بن عكنون,2022-09-05T13:15:00.516Z,1,,,,,,,
850074,المرة الجاية حطلها عند الباب فطروطوار شهية طيبة [RECOMMENDATION],57382,tiktok,@_le216_,2026-01-02T21:17:21.327088,1,,,,,,,
587933,c'est ou,24672,tiktok,@laturquoisehotel,2026-01-02T18:30:26.774701,0,,,,,,,
850078,"Bonne cuisine, plats délicieux et bien présentés. On y mange confortablement dans un cadre agréable. Serveurs attentionnés et professionnels. la qualité vaut le prix qui est dans la moyenne.",4598,Google Maps,Hicham cook pizza pasta,2025-12-24T18:17:40.315Z,0,,,,,,,
850079,Tïtøù Aidoudi لحاج راك كبير,9970,Facebook,Dz Forest Restaura,2025-10-13T00:08:46.000Z,1,,,,,,,
719010,win svp l adresse exactement,47994,tiktok,@rahmani_food,2026-01-02T20:34:21.487338,0,,,,,,,
325796,J’aime trop le design comme c’est un endroit classe ma sœur a rentré avec ma copine les amies gallulhoum vous êtes sérieuses dkhaltou tem les gens parlent pour parler,64474,tiktok,@cintra,2026-01-02T21:34:50.968397,1,,,,,,,
456868,ils ont une variété intéressante de plats mais ce que j'ai aimée le plus c'est l'accueil et leur patience comme je suis difficile à satisfaire.,56254,tiktok,@the_chef_house_23,2026-01-02T21:14:35.421486,0,,,,,,,
719021,بصحتك وصح رمضانك,27692,tiktok,@thala,2026-01-02T18:45:01.884471,0,,,,,,,
719024,Ïmäd 𝚋 𝚍 𝚎 𝚕 𝚊𝚣𝚒𝚣  أيا عزيز اتبرعنا ب عشا هنا,26992,tiktok,@seven.times,2026-01-02T18:39:18.554074,0,,,,,,,
194753,حطلنا بلاصه نيشان خويا حفظك [APPRECIATION],65274,tiktok,@vibe.bistrot,2026-01-02T21:42:45.680599,1,,,,,,,
194755,بنننننة [APPRECIATION],22724,tiktok,@le_perchoir,2026-01-02T18:25:11.319701,0,,,,,,,
850117,"prix, لمن استطاع اليه سبيلا",67760,tiktok,@kartaj_oran,2026-01-02T21:53:16.692253,0,,,,,,,
194762,C où exactement ? Au akid ?,45072,tiktok,@budz,2026-01-02T20:15:44.592924,3,,,,,,,
325836,magnifique café ! je passerai vous rendre visite très prochainement  [APPRECIATION],71642,tiktok,@jardina.coffee,2026-01-02T22:09:37.584078,1,,,,,,,
981199,الحاجة سيرايدي [APPRECIATION],59170,tiktok,@maestro_dz13,2026-01-02T21:21:25.577617,0,,,,,,,
850131,يقبلو نخلصو بكارت الشيفا؟,18264,tiktok,@helena,2026-01-02T18:16:08.811094,124,,,,,,,
456917,Actuellement oui il fait partie des meilleurs,52920,tiktok,@patisserie_annaba,2026-01-02T21:04:18.324382,1,,,,,,,
456918,غالي  وعلاه 600,55298,tiktok,@askim_food,2026-01-02T21:13:27.857014,0,,,,,,,
325852,هو مشاء الله والثمن يعلم الله,67022,tiktok,@bladi_oran,2026-01-02T21:51:32.679029,0,,,,,,,
194780,Lili Lili نقلك غير حاج معفون,12480,Facebook,Restaurant Rais,2025-10-12T22:30:27.000Z,0,,,,,,,
456930,Nji  j’espère Tkoun bnina [APPRECIATION],28418,tiktok,@restaurant.primo,2026-01-02T18:46:23.351276,4,,,,,,,
456940,Excellent je vous le conseille,8376,Google Maps,American Burger Factory,2024-04-21T19:38:29.261Z,0,,,,,,,
588012,We took pasta fruit de mer it was realy good and a pizza poulet c était aussi bon avec des grands morceaux de poulet bien épices vraiment a essayer. Pour le service c’était impeccable très sympa rapide à la disposition du client vraiment pour l’ambiance je crois qu’il mis pas de musique y’avait un match est ça m’a déranger mais bon .,4328,Google Maps,هشام كوك بيتزا,2024-05-31T23:56:59.894Z,0,,,,,,,
456950,Meilleure cuisine indienne en Algérie.,3095,Google Maps,تاج محل بن عكنون,2023-12-16T08:08:06.275Z,0,,,,,,,
588023,روح وين حبيت خويا و طيب واش قدرت و كون وين جات بصح ولا مكليتش في عزازقة ما درت والو و راك خارج التغطية,1041,instagram,hotspot_dz,2024-11-14T12:26:27.000Z,0,,,,,,,
588028,شكرن علا اتوصل,2505,Google Maps,HichamCook Grill House,2024-05-13T12:18:21.467Z,1,,,,,,,
325889,service zéro roht avc une copine Bach nrayah f une table de 4 personnes 9ali non alors que yavait personne f restaurant et quand tu réclames le responsable ganit il s'en fout,20656,tiktok,@labelladalger16,2026-01-02T18:19:42.046327,1,,,,,,,
194821,elles très salle j'ai manger déjà l'ABA pour moi si 3/ 10 dans toutes les côté,71954,tiktok,@fidelia,2026-01-02T22:11:54.147129,1,,,,,,,
981257,أين اللسلطات [COMPLAINT],38334,tiktok,@kfc,2026-01-02T19:39:33.331567,0,,,,,,,
588043,نزوروكم انشاء الله  [APPRECIATION],68640,tiktok,@cote_oran,2026-01-02T21:57:29.321274,8,,,,,,,
456971,ولد عم البانوزو,53334,tiktok,@piadzo_food23,2026-01-02T21:07:11.411489,0,,,,,,,
325908,"Salut ! J’ai testée le bœuf de casbah Istanbul Ben Aknoun, c’était absolument délicieux ! Tendre, savoureux et parfaitement cuit. Pour le prix de plat c 1950 da , le goût était trop bon , l’endroit est propre , le personnel très sympathique et la qualité de poulet était au rendez-vous. Une excellente adresse à retenir !",5162,Google Maps,Casbah Istanbul القصبة اسطنبول,2025-04-15T17:40:25.430Z,0,,,,,,,
981269,بصحتك الحاج. أما طلع شويا بروتين [APPRECIATION],11412,Facebook,Restaurant San Benito,2025-08-17T00:11:49.000Z,4,,,,,,,
719140,مفيه حتى ذوق سبحان الله. البرغر ولا طاكوس,7571,Google Maps,American Burger Factory,2025-05-17T21:18:47.864Z,0,,,,,,,
850222,هدا فلول كان يبيعو ب 150 وزاد فيه ولا 200 بصح بنين يهبل,53238,tiktok,@aminakai09,2026-01-02T21:06:38.063209,12,,,,,,,
981296,Jamais déçu. Par contre la quantité a beaucoup diminué,6300,Google Maps,Casbah Istanbul,2021-11-04T19:27:02.490Z,4,,,,,,,
194874,خليل رحماني اللهيهديك انت اناني الله يهديك انت اناني,9890,Facebook,Dz Forest Restaura,2025-10-13T09:44:08.000Z,0,,,,,,,
719164,هادي في فوكة ؟,15180,tiktok,@fouka.marine,2026-01-02T18:07:26.128069,1,,,,,,,
194877,ياودي والله وتسبغ وجهك بالعسل الحر ماعندكش ذرة قبول,11365,Facebook,Restaurant Casa Bella - Draria,2025-09-02T10:25:26.000Z,0,,,,,,,
325950,الصحن تاع ربعة من الناس و الكمية تاع نص عبد,9538,Facebook,Restaurant Tabarka Annaba,2025-12-24T21:26:02.000Z,0,,,,,,,
325952,"Non professionnel, on était un groupe de 6 personnes respectueuses. Après avoir attendu 1 heure dehors. ils nous disent qu’on ne peut pas vous accueillir à l’étage c’est familial et vous êtes que des jeunes. Les 6 personnes sont venues de l étranger pour visiter Alger et passer des moments avec les anciens amis et collègues mais on était choqués par ce geste.",4527,Google Maps,هشام كوك بيتزا,2023-12-24T18:54:52.425Z,4,,,,,,,
981313,Rien à voir avec la vraie salade César,61134,tiktok,@roofttop_anaba,2026-01-02T21:24:28.393693,0,,,,,,,
719175,ياخويا راني نعيط منحكمش,30030,tiktok,@pizza_carie_touati_,2026-01-02T18:54:33.948561,0,,,,,,,
588104,و حنا علاه انعميت علينا يا سي عباس بيبي برك نكون عندك,16308,tiktok,@mardoum,2026-01-02T18:08:09.723264,0,,,,,,,
588112,يا اخي قولنا السومة,9951,Facebook,"  Restaurant elassil








",2025-12-26T10:35:38.000Z,0,,,,,,,
981328,و الله ما يصلح و ضيق و حاجة ما بنينة و السخانة و هادا لاسق في هادا,19838,tiktok,@sultan,2026-01-02T18:17:23.351390,0,,,,,,,
850260,الاكل والجلسة والمعاملة جيدة جدا شكرا على حسن للاستقبال,2503,Google Maps,HichamCook Grill House,2024-05-13T13:07:43.402Z,0,,,,,,,
588121,هادو كامل ب100 تالف و400 تاعمن,44578,tiktok,@dzforestrestaurants,2026-01-02T20:11:59.457728,0,,,,,,,
326002,Hiba Bou طيحلو بيماه و ميقولش السعر,10660,Facebook,"  Restaurant elassil








",2025-12-18T20:56:19.000Z,0,,,,,,,
981364,كي شفت الكوكا 200دينار لي هي في حنوت 100دينار تفهم كلش,61014,tiktok,@roofttop_anaba,2026-01-02T21:24:23.414479,29,,,,,,,
981366,c'est le père à mourir moons?,69688,tiktok,@cote_oran,2026-01-02T21:58:06.780002,0,,,,,,,
981367,البها و قلة الدفا,56436,tiktok,@the_chef_house_23,2026-01-02T21:14:42.198996,0,,,,,,,
850295,Et les boissons,40438,tiktok,@woodchickendz,2026-01-02T19:45:50.906966,0,,,,,,,
326010,"Very good food we ordered pizza and burgers both were delicious, and also very good service the staff is so nice would recommend it to anyone.",4649,Google Maps,Hicham cook pizza pasta,2025-07-26T22:32:39.188Z,0,,,,,,,
457088,Tu t’es trompé de sauce rak ghalat,40224,tiktok,@streetburger02,2026-01-02T19:44:10.396899,0,,,,,,,
457095,"si les sujets sur l'Algérie te passionnent, n'hésite pas à venir sur ma chaîne et à t'abonner [APPRECIATION]",64678,tiktok,@citoyennedumondedz,2026-01-02T21:35:18.906382,0,,,,,,,
719241,عيب عليكم ديرو فيديو تاع ماكلة كاين بزاف لراهم فقراء حاصلين في كراء والغاز والكهرباء حتى الخضرة بسيف يشروها.,9834,Facebook,Dz Forest Restaura,2025-10-13T00:13:41.000Z,11,,,,,,,
719243,Très belle endroit très bon service très chaleureux idéale pour familles ou couples menus turques tres délicieux avec un prix abordable je le conseille à tous moi personnellement j v souvent c un lieu qui mérite une publicité bravo a toute l'équipe de casbah Istanbul TOP,6409,Google Maps,Casbah Istanbul,2019-05-16T02:37:23.054Z,2,,,,,,,
850321,لابيشري كاين لاموات لي حداكم ولا تاع سيد الهواري و طَفِي.,13728,Facebook,Restaurant San Benito,2025-12-30T19:25:16.000Z,0,,,,,,,
981395,Des prix très raisonnable,37042,tiktok,@restaurant.madala,2026-01-02T19:34:43.348815,1,,,,,,,
981399,شاف فريد ربي يحفظك,62268,tiktok,@hamidhamid806,2026-01-02T21:29:12.264898,1,,,,,,,
457112,مع رانا نتناقشو مستوى لا اله الا الله  [COMPLAINT],16624,tiktok,@user5834669559361,2026-01-02T18:10:42.541756,1,,,,,,,
850329,والله ما ارتحتلك عندك هالة سامة,10807,Facebook,Restaurant Casa Bella - Draria,2025-08-17T12:11:06.000Z,0,,,,,,,
981402,شوفي مع سليماني و لا محرز,13707,Facebook,Restaurant San Benito,2025-12-29T22:38:04.000Z,0,,,,,,,
194970,مخصكمش خدام,24372,tiktok,@raclitta,2026-01-02T18:28:24.667467,0,,,,,,,
719262,خليل رحماني اتقي الله ڨالوا سعر معقول انت شهرية انتعك قداه فيق مع روحك,10652,Facebook,Dz Forest Restaura,2025-10-13T17:38:42.000Z,1,,,,,,,
719264,Cher et ça se dégrade de plus en plus. Dommage. Et ne vous faites jamais livrer : délai à la Air Algérie et emballage lamentable. Mise à jour septembre 2023 : je remercie American burger pour la terrible intoxication de ce jour. Obligé d’aller aux urgences médicales ! Attention  Danger,8458,Google Maps,American Burger Factory,2023-09-28T20:54:24.076Z,5,,,,,,,
194982,"Donne-nous tes recommandations alors, où aller à Alger!",34586,tiktok,@opium,2026-01-02T19:24:18.527937,2,,,,,,,
326055,لكرام الي داخل لقطايف إسمها قشطة  [APPRECIATION],27462,tiktok,@thala,2026-01-02T18:44:44.642206,2,,,,,,,
850352,يموووت على الكذب.,11682,Facebook,Restaurant San Benito,2025-07-27T21:51:59.000Z,0,,,,,,,
457137,بوراك ب 500 دج كليت عندكم مرة حلفت على الماكلة في كامل المطاعم الجزائرية ،كليت والله ما شبعت ولا ستبنيت الماكلة خلصت 9000 دج,10388,Facebook,Restaurant Casa Bella - Draria,2025-12-07T10:56:29.000Z,3,,,,,,,
588210,"Beaucoup moins gouteux qu'à ses débuts! Double Burger quelconque, par contre les prix s'envolent",8450,Google Maps,American Burger Factory,2023-11-02T12:42:37.497Z,0,,,,,,,
326066,توصيل لنيجر كاين ؟,31580,tiktok,@woodgrill_dz,2026-01-02T19:13:55.381422,1,,,,,,,
981428,روووووعة بنة ميش نورمال,52734,tiktok,@uncles_burger_dz,2026-01-02T21:03:41.467039,0,,,,,,,
981437,السومة تاع واحد قانع ربي يوفقكم,31326,tiktok,@fritecorner,2026-01-02T19:11:06.469319,1,,,,,,,
981441,toooopo foro [APPRECIATION],69022,tiktok,@cote_oran,2026-01-02T21:57:40.623092,1,,,,,,,
981446,Sincèrement hygiène le service l équipe à la hauteur je recommande l endroit préféré pour moi et mes enfants bravo bonne continuation,9461,Facebook,,2025-10-21T21:18:42.000Z,0,,,,,,,
719306,ليالي حلب الأصل,59538,tiktok,@maestro_dz13,2026-01-02T21:21:35.867896,0,,,,,,,
195029,سلام عليكم فران نخدم خبز سوري ومعجنات سورية,33720,tiktok,@restaurant_gizay,2026-01-02T19:22:48.808805,0,,,,,,,
326104,ما نقولو ouverture نقولو inauguration,51512,tiktok,@broaster_chiken,2026-01-02T21:00:00.620399,1,,,,,,,
195045,C’est trop bon  [APPRECIATION],3590,Google Maps,Laurel Restaurant,2025-11-20T13:24:34.082Z,0,,,,,,,
981478,فدار زيت جديد و كلش نقي بصح برا زيت تاع كاميو والوسخ يزيدو بنة,42242,tiktok,@street_food,2026-01-02T19:58:03.681379,0,,,,,,,
326117,اعيف ماكلة كليتها و غالية و تعيف تعيف لا أنصح بيها جل المواطنين و شكرا,6719,Google Maps,American Burger Factory,2025-09-01T14:36:46.351Z,0,,,,,,,
457196,You are very beautiful,63980,tiktok,@restauranttrattoriaoran,2026-01-02T21:34:06.668671,0,,,,,,,
850426,لبارح كنت تما,37904,tiktok,@kfc,2026-01-02T19:39:23.690799,2,,,,,,,
