comment_id,ai_out_of_scope,ai_food,ai_service,ai_place,ai_delivery,ai_price,ai_treatment
51660,False,None,None,None,None,None,None
2983,False,None,None,None,None,None,None
13253,False,None,None,None,None,None,None
70270,False,None,None,None,None,None,None
41442,False,None,None,None,None,None,None
71342,False,None,None,None,None,None,None
59032,False,None,None,None,None,None,None
13529,False,None,None,None,None,None,None
70702,False,None,None,None,None,None,None
643,False,None,None,None,None,None,None
13324,False,None,None,None,None,None,None
43286,False,None,None,None,None,None,None
2621,False,None,None,None,None,None,None
44548,False,None,None,None,None,None,None
3378,False,None,None,None,None,None,None
15780,False,None,None,None,None,None,None
58124,False,None,None,None,None,None,None
14198,False,None,None,None,None,None,None
10151,False,None,None,None,None,None,None
69070,False,None,None,None,None,None,None
59388,False,None,None,None,None,None,None
49710,False,None,None,None,None,None,None
31842,False,None,None,None,None,None,None
21002,False,None,None,None,None,None,None
25548,False,None,None,None,None,None,None
9610,False,None,None,None,None,None,None
12796,False,None,None,None,None,None,None
46886,False,None,None,None,None,None,None
67708,False,None,None,None,None,None,None
10612,False,None,None,None,None,None,None
18266,False,None,None,None,None,None,None
41704,False,None,None,None,None,None,None
9876,False,None,None,None,None,None,None
44962,False,None,None,None,None,None,None
8927,False,None,None,None,None,None,None
13906,False,None,None,None,None,None,None
59982,False,None,None,None,None,None,None
39364,False,None,None,None,None,None,None
7243,False,None,None,None,None,None,None
2067,False,None,None,None,None,None,None
11211,False,None,None,None,None,None,None
13946,False,None,None,None,None,None,None
52288,False,None,None,None,None,None,None
54638,False,None,None,None,None,None,None
22692,False,None,None,None,None,None,None
51,False,None,None,None,None,None,None
10347,False,None,None,None,None,None,None
59706,False,None,None,None,None,None,None
10081,False,None,None,None,None,None,None
57588,False,None,None,None,None,None,None
1314,False,None,None,None,None,None,None
2086,False,None,None,None,None,None,None
53900,False,None,None,None,None,None,None
16978,False,None,None,None,None,None,None
34466,False,None,None,None,None,None,None
44622,False,None,None,None,None,None,None
62052,False,None,None,None,None,None,None
42526,False,None,None,None,None,None,None
61956,False,None,None,None,None,None,None
13393,False,None,None,None,None,None,None
46958,False,None,None,None,None,None,None
53112,False,None,None,None,None,None,None
34958,False,None,None,None,None,None,None
31088,False,None,None,None,None,None,None
21782,False,None,None,None,None,None,None
57902,False,None,None,None,None,None,None
43772,False,None,None,None,None,None,None
38808,False,None,None,None,None,None,None
33980,False,None,None,None,None,None,None
18130,False,None,None,None,None,None,None
18144,False,None,None,None,None,None,None
2002,False,None,None,None,None,None,None
59108,False,None,None,None,None,None,None
58698,False,None,None,None,None,None,None
6058,False,None,None,None,None,None,None
2227,False,None,None,None,None,None,None
42346,False,None,None,None,None,None,None
41746,False,None,None,None,None,None,None
50904,False,None,None,None,None,None,None
12314,False,None,None,None,None,None,None
16612,False,None,None,None,None,None,None
16772,False,None,None,None,None,None,None
32178,False,None,None,None,None,None,None
15182,False,None,None,None,None,None,None
38148,False,None,None,None,None,None,None
31308,False,None,None,None,None,None,None
25686,False,None,None,None,None,None,None
45488,False,None,None,None,None,None,None
1080,False,None,None,None,None,None,None
10485,False,None,None,None,None,None,None
12651,False,None,None,None,None,None,None
69456,False,None,None,None,None,None,None
10998,False,None,None,None,None,None,None
8729,False,None,None,None,None,None,None
45780,False,None,None,None,None,None,None
65656,False,None,None,None,None,None,None
28930,False,None,None,None,None,None,None
63,False,None,None,None,None,None,None
41782,False,None,None,None,None,None,None
65784,False,None,None,None,None,None,None
7980,False,None,None,None,None,None,None
44214,False,None,None,None,None,None,None
5079,False,None,None,None,None,None,None
39150,False,None,None,None,None,None,None
13384,False,None,None,None,None,None,None
66156,False,None,None,None,None,None,None
10282,False,None,None,None,None,None,None
30866,False,None,None,None,None,None,None
38782,False,None,None,None,None,None,None
60858,False,None,None,None,None,None,None
17024,False,None,None,None,None,None,None
66194,False,None,None,None,None,None,None
25834,False,None,None,None,None,None,None
55880,False,None,None,None,None,None,None
8532,False,None,None,None,None,None,None
9130,False,None,None,None,None,None,None
45466,False,None,None,None,None,None,None
64298,False,None,None,None,None,None,None
2147,False,None,None,None,None,None,None
69472,False,None,None,None,None,None,None
4999,False,None,None,None,None,None,None
28508,False,None,None,None,None,None,None
22030,False,None,None,None,None,None,None
11878,False,None,None,None,None,None,None
16238,False,None,None,None,None,None,None
38120,False,None,None,None,None,None,None
11612,False,None,None,None,None,None,None
19934,False,None,None,None,None,None,None
292,False,None,None,None,None,None,None
55140,False,None,None,None,None,None,None
38382,False,None,None,None,None,None,None
6571,False,None,None,None,None,None,None
26710,False,None,None,None,None,None,None
20848,False,None,None,None,None,None,None
1983,False,None,None,None,None,None,None
33166,False,None,None,None,None,None,None
46448,False,None,None,None,None,None,None
10245,False,None,None,None,None,None,None
10486,False,None,None,None,None,None,None
6666,False,None,None,None,None,None,None
63648,False,None,None,None,None,None,None
60164,False,None,None,None,None,None,None
47080,False,None,None,None,None,None,None
31508,False,None,None,None,None,None,None
14794,False,None,None,None,None,None,None
10859,False,None,None,None,None,None,None
54364,False,None,None,None,None,None,None
1287,False,None,None,None,None,None,None
44586,False,None,None,None,None,None,None
9083,False,None,None,None,None,None,None
35182,False,None,None,None,None,None,None
2675,False,None,None,None,None,None,None
73464,False,None,None,None,None,None,None
12654,False,None,None,None,None,None,None
25888,False,None,None,None,None,None,None
48384,False,None,None,None,None,None,None
42336,False,None,None,None,None,None,None
7803,False,None,None,None,None,None,None
63264,False,None,None,None,None,None,None
49964,False,None,None,None,None,None,None
1881,False,None,None,None,None,None,None
32630,False,None,None,None,None,None,None
53754,False,None,None,None,None,None,None
29534,False,None,None,None,None,None,None
17138,False,None,None,None,None,None,None
65104,False,None,None,None,None,None,None
4003,False,None,None,None,None,None,None
61608,False,None,None,None,None,None,None
55860,False,None,None,None,None,None,None
28770,False,None,None,None,None,None,None
15336,False,None,None,None,None,None,None
3427,False,None,None,None,None,None,None
26112,False,None,None,None,None,None,None
12784,False,None,None,None,None,None,None
49054,False,None,None,None,None,None,None
67342,False,None,None,None,None,None,None
53810,False,None,None,None,None,None,None
65742,False,None,None,None,None,None,None
13515,False,None,None,None,None,None,None
11722,False,None,None,None,None,None,None
16110,False,None,None,None,None,None,None
2864,False,None,None,None,None,None,None
49952,False,None,None,None,None,None,None
54714,False,None,None,None,None,None,None
10036,False,None,None,None,None,None,None
57824,False,None,None,None,None,None,None
71498,False,None,None,None,None,None,None
942,False,None,None,None,None,None,None
42780,False,None,None,None,None,None,None
37098,False,None,None,None,None,None,None
11374,False,None,None,None,None,None,None
12984,False,None,None,None,None,None,None
530,False,None,None,None,None,None,None
44022,False,None,None,None,None,None,None
66568,False,None,None,None,None,None,None
55816,False,None,None,None,None,None,None
49190,False,None,None,None,None,None,None
57054,False,None,None,None,None,None,None
13236,False,None,None,None,None,None,None
5561,False,None,None,None,None,None,None
4573,False,appreciation,appreciation,appreciation,None,None,appreciation
9323,False,None,None,None,None,None,None
11478,False,None,None,None,None,None,None
71122,False,None,None,None,None,None,None
5476,False,None,None,None,None,None,None
5856,False,appreciation,appreciation,appreciation,None,None,appreciation
64000,False,None,None,None,None,None,None
31418,False,None,None,None,None,None,None
69846,False,None,None,None,None,None,None
71212,False,None,None,appreciation,None,None,None
3219,False,appreciation,appreciation,appreciation,None,None,appreciation
2373,False,appreciation,appreciation,appreciation,None,None,appreciation
9066,False,None,None,None,None,None,None
62058,False,None,None,None,None,None,None
51706,False,None,None,None,None,None,None
47946,False,None,None,None,None,None,None
49688,False,None,None,None,None,None,None
34428,False,None,None,None,None,None,None
68498,False,None,None,None,None,None,None
7426,False,appreciation,appreciation,appreciation,None,None,appreciation
63712,False,appreciation,appreciation,appreciation,None,None,appreciation
5853,False,None,None,None,None,None,None
27932,False,None,None,None,None,None,None
7754,False,appreciation,appreciation,appreciation,None,None,appreciation
27572,False,None,None,None,None,None,None
42452,False,None,None,None,None,None,None
4504,False,None,None,None,None,None,None
8880,False,None,None,None,None,None,None
5950,False,appreciation,appreciation,appreciation,None,None,appreciation
34736,False,None,None,None,None,None,None
4408,False,appreciation,appreciation,appreciation,None,None,appreciation
20770,False,None,None,None,None,None,None
6504,False,None,None,None,None,None,None
57576,False,None,None,None,None,None,None
20792,False,None,None,None,None,None,None
48426,False,None,None,None,None,None,None
10783,False,None,None,None,None,None,None
38938,False,None,None,None,None,None,None
7130,False,appreciation,appreciation,appreciation,None,None,appreciation
44666,False,None,None,None,None,None,None
36224,False,None,None,None,None,None,None
23800,False,None,None,None,None,None,None
63096,False,None,None,None,None,None,None
552,False,None,None,None,None,None,None
5374,False,appreciation,appreciation,appreciation,None,None,appreciation
965,False,None,None,appreciation,None,None,None
19186,False,appreciation,appreciation,appreciation,None,None,appreciation
7180,False,appreciation,appreciation,appreciation,None,None,appreciation
3338,False,None,None,None,None,None,None
41994,False,None,None,None,None,None,None
25418,False,None,None,None,None,None,None
6068,False,appreciation,appreciation,appreciation,None,None,appreciation
11936,False,None,None,None,None,None,None
52122,False,None,None,None,None,None,None
5128,False,appreciation,appreciation,appreciation,None,None,appreciation
64640,False,None,None,None,None,None,None
64806,False,appreciation,appreciation,appreciation,None,None,appreciation
60088,False,appreciation,None,appreciation,None,None,None
1127,False,appreciation,appreciation,appreciation,None,None,appreciation
8377,False,appreciation,appreciation,appreciation,None,None,appreciation
6225,False,appreciation,appreciation,appreciation,None,None,appreciation
61420,False,None,None,None,None,None,None
7829,False,None,None,None,None,None,None
37732,False,None,None,None,None,None,None
64414,False,None,None,None,None,None,None
5674,False,appreciation,appreciation,appreciation,None,None,appreciation
58686,False,None,None,None,None,None,None
11620,False,None,None,None,None,None,None
4432,False,None,None,None,None,None,None
25016,False,None,None,None,None,None,None
7257,False,appreciation,appreciation,appreciation,None,None,appreciation
73152,False,None,None,None,None,None,None
7283,False,appreciation,appreciation,appreciation,None,None,appreciation
35632,False,None,None,None,None,None,None
73046,False,None,None,None,None,None,None
63124,False,None,None,None,None,None,None
13852,False,None,None,None,None,None,None
39824,False,None,None,None,None,None,None
8360,False,appreciation,None,appreciation,None,None,None
11997,False,None,None,None,None,None,None
8935,False,None,None,None,None,None,None
17492,False,None,None,None,None,None,None
40212,False,None,None,None,None,None,None
9633,False,None,None,None,None,None,None
3697,False,appreciation,appreciation,appreciation,None,None,appreciation
3067,False,None,None,None,None,None,None
21740,False,None,None,None,None,None,None
838,False,None,None,None,None,None,None
73288,False,None,None,None,None,None,None
4109,False,None,None,None,None,None,None
194,False,None,None,None,None,None,None
9735,False,None,None,None,None,None,None
179,False,None,None,None,None,None,None
16196,False,None,None,None,None,None,None
36236,False,None,None,appreciation,None,None,None
45424,False,appreciation,appreciation,appreciation,None,None,appreciation
70318,False,appreciation,appreciation,appreciation,None,None,appreciation
8161,False,None,None,None,None,None,None
189,False,None,None,None,None,None,None
5318,False,None,None,None,None,None,None
10599,False,None,None,None,None,None,None
9319,False,None,None,None,None,None,None
10951,False,appreciation,None,appreciation,None,None,None
54762,False,None,None,None,None,None,None
20786,False,None,None,None,None,None,None
8794,False,None,None,None,None,None,None
8543,False,appreciation,appreciation,appreciation,None,None,appreciation
777,False,appreciation,appreciation,appreciation,None,None,appreciation
52360,False,None,None,None,None,None,None
2166,False,appreciation,appreciation,appreciation,None,None,appreciation
5929,False,appreciation,appreciation,appreciation,None,None,appreciation
15646,False,None,None,None,None,None,None
40662,False,None,None,None,None,None,None
11205,False,None,None,None,None,None,None
31410,False,None,None,None,None,None,None
5457,False,appreciation,appreciation,appreciation,None,None,appreciation
9376,False,None,None,None,None,None,None
10137,False,None,None,None,None,None,None
31000,False,None,None,None,None,None,None
63188,False,None,None,None,None,None,None
48468,False,None,None,None,None,None,None
2292,False,None,None,None,None,None,None
11369,False,None,None,None,None,None,None
25354,False,None,None,None,None,None,None
37194,False,None,None,None,None,None,None
18298,False,None,None,None,None,None,None
20780,False,None,None,None,None,None,None
17044,False,None,None,None,None,None,None
1784,False,None,None,None,None,None,None
41610,False,None,None,None,None,None,None
58706,False,None,None,None,None,None,None
17496,False,None,None,None,None,None,None
60432,False,None,None,None,None,None,None
29718,False,None,None,None,None,None,None
65170,False,None,None,None,None,None,None
17704,False,None,None,None,None,None,None
69468,False,None,None,None,None,None,None
222,False,None,None,None,None,None,None
5504,False,appreciation,appreciation,appreciation,None,None,appreciation
12187,False,appreciation,appreciation,appreciation,None,None,appreciation
64150,False,None,None,None,None,None,None
5624,False,appreciation,appreciation,appreciation,None,None,appreciation
39694,False,None,None,None,None,None,None
13674,False,None,None,None,None,None,None
38864,False,None,None,None,None,None,None
35248,False,None,None,None,None,None,None
9574,False,None,None,None,None,None,None
22538,False,None,None,None,None,None,None
5607,False,appreciation,appreciation,appreciation,None,None,appreciation
6721,False,appreciation,appreciation,appreciation,None,None,appreciation
7575,False,appreciation,appreciation,appreciation,None,None,appreciation
2951,False,appreciation,appreciation,appreciation,None,None,appreciation
71520,False,None,None,None,None,None,None
2577,False,appreciation,appreciation,appreciation,None,None,appreciation
12810,False,None,None,None,None,None,None
36062,False,None,None,None,None,None,None
11738,False,None,None,None,None,None,None
5652,False,appreciation,appreciation,appreciation,None,None,appreciation
56894,False,None,None,None,None,None,None
20398,False,None,None,None,None,None,None
68254,False,None,None,None,None,None,None
5858,False,appreciation,None,appreciation,None,None,None
34712,False,None,None,None,None,None,None
57042,False,None,None,None,None,None,None
10471,False,None,None,None,None,None,None
8025,False,appreciation,appreciation,appreciation,None,None,appreciation
860,False,None,None,None,None,None,None
12094,False,None,None,None,None,None,None
37638,False,appreciation,None,appreciation,None,None,None
3228,False,appreciation,None,appreciation,None,None,None
8616,False,None,None,None,None,None,None
68236,False,None,None,None,None,None,None
2889,False,appreciation,appreciation,appreciation,None,None,appreciation
10379,False,None,None,None,None,None,None
70562,False,None,None,None,None,None,None
57858,False,None,None,None,None,None,None
28586,False,None,None,None,None,None,None
58858,False,None,None,None,None,None,None
9925,False,None,None,None,None,None,None
63272,False,None,None,None,None,None,None
44172,False,None,None,None,None,None,None
6349,False,None,None,None,None,None,None
42894,False,None,None,None,None,None,None
58136,False,None,None,None,None,None,None
8010,False,None,None,None,None,None,None
9940,False,None,None,None,None,None,None
72530,False,None,None,None,None,None,None
62658,False,None,None,None,None,None,None
70758,False,None,None,None,None,None,None
64718,False,None,None,appreciation,None,None,None
7127,False,appreciation,appreciation,appreciation,None,None,appreciation
31574,False,None,None,None,None,None,None
36148,False,None,None,None,None,None,None
62756,False,appreciation,None,appreciation,None,None,None
10643,False,None,None,None,None,None,None
4064,False,appreciation,appreciation,appreciation,None,None,appreciation
62286,False,None,None,None,None,None,None
30612,False,None,None,None,None,None,None
8969,False,None,None,None,None,None,None
63552,False,None,None,None,None,None,None
16198,False,None,None,None,None,None,None
18374,False,None,None,None,None,None,None
64726,False,appreciation,appreciation,appreciation,None,None,appreciation
59156,False,None,None,None,None,None,None
60238,False,None,None,None,None,None,None
38552,False,appreciation,appreciation,appreciation,None,None,appreciation
31554,False,None,None,None,None,None,None
5355,False,None,None,None,None,None,None
20404,False,appreciation,appreciation,appreciation,None,None,appreciation
5805,False,appreciation,appreciation,appreciation,None,None,appreciation
39886,False,None,None,None,None,None,None
2678,False,appreciation,appreciation,appreciation,None,None,appreciation
66648,False,None,None,None,None,None,None
1170,False,appreciation,appreciation,appreciation,None,None,appreciation
16168,False,None,None,None,None,None,None
6027,False,appreciation,appreciation,appreciation,None,None,appreciation
10286,False,None,None,None,None,None,None
44644,False,None,None,None,None,None,None
72926,False,appreciation,appreciation,appreciation,None,None,appreciation
29282,False,None,None,None,None,None,None
30994,False,None,None,None,None,None,None
38822,False,None,None,None,None,None,None
13394,False,None,None,None,None,None,None
1271,False,None,None,None,None,None,None
7239,False,appreciation,appreciation,appreciation,None,None,appreciation
7929,False,appreciation,appreciation,appreciation,None,None,appreciation
11340,False,None,None,None,None,None,None
22646,False,None,None,None,None,None,None
6550,False,None,None,None,None,None,None
2736,False,None,None,None,None,None,None
49180,False,None,None,None,None,None,None
34994,False,appreciation,appreciation,appreciation,None,None,appreciation
71942,False,None,None,appreciation,None,None,None
11107,False,appreciation,appreciation,appreciation,None,None,None
61200,False,None,None,None,None,None,None
68614,False,None,None,None,None,None,None
4197,False,appreciation,appreciation,appreciation,None,None,appreciation
55878,False,None,None,None,None,None,None
56418,False,None,None,None,None,None,None
5280,False,appreciation,appreciation,appreciation,None,None,appreciation
10441,False,None,None,None,None,None,None
4518,False,None,None,None,None,None,None
10265,False,None,None,None,None,None,None
5689,False,appreciation,appreciation,appreciation,None,None,appreciation
37598,False,None,None,None,None,None,None
5924,False,appreciation,appreciation,appreciation,None,None,appreciation
60234,False,None,None,None,None,None,None
21652,False,None,None,None,None,None,None
67364,False,None,None,None,None,None,None
9551,False,None,None,None,None,None,None
50884,False,None,None,None,None,None,None
48126,False,None,None,None,None,None,None
315,False,None,None,None,None,None,None
38416,False,None,None,None,None,None,None
44674,False,None,None,None,None,None,None
52364,False,None,None,None,None,None,None
8424,False,None,None,None,None,None,None
60006,False,None,None,None,None,None,None
1958,False,None,None,None,None,None,None
63040,False,None,None,None,None,None,None
53114,False,None,None,None,None,None,None
13075,False,None,None,None,None,None,None
4817,False,None,None,None,None,None,None
31896,False,None,None,None,None,None,None
39762,False,None,None,None,None,None,None
13849,False,None,None,None,None,None,None
57376,False,None,None,None,None,None,None
9677,False,None,None,None,None,None,None
47682,False,None,None,None,None,None,None
29844,False,None,None,None,None,None,None
56230,False,None,None,None,None,None,None
7723,False,None,None,None,None,None,None
4299,False,appreciation,appreciation,appreciation,None,None,appreciation
29828,False,None,None,None,None,None,None
8307,False,appreciation,appreciation,appreciation,None,None,appreciation
41526,False,None,None,None,None,None,None
15244,False,None,None,None,None,None,None
72270,False,None,None,None,None,None,None
69142,False,None,None,None,None,None,None
28058,False,None,None,None,None,None,None
2759,False,appreciation,appreciation,appreciation,None,None,appreciation
741,False,None,None,None,None,None,None
16618,False,None,None,None,None,None,None
10129,False,None,None,None,None,None,None
77,False,None,None,None,None,None,None
4049,False,appreciation,None,appreciation,None,None,None
29390,False,None,None,None,None,None,None
2935,False,None,None,None,None,None,None
14324,False,None,None,None,None,None,None
8447,False,appreciation,appreciation,appreciation,None,None,appreciation
9684,False,None,None,None,None,None,None
734,False,appreciation,appreciation,appreciation,None,None,appreciation
13192,False,None,None,None,None,None,None
9689,False,None,None,None,None,None,None
72352,False,None,None,None,None,None,None
18784,False,None,None,None,None,None,None
10765,False,None,None,None,None,None,None
72300,False,None,None,None,None,None,None
7267,False,None,None,appreciation,None,None,None
1923,False,None,None,None,None,None,None
11492,False,None,None,None,None,None,None
4521,False,appreciation,appreciation,appreciation,None,None,appreciation
8593,False,None,None,None,None,None,None
59192,False,None,None,None,None,None,None
9742,False,None,None,None,None,None,None
3127,False,appreciation,appreciation,appreciation,None,None,appreciation
15612,False,None,None,None,None,None,None
2785,False,appreciation,appreciation,appreciation,None,None,appreciation
15796,False,None,None,None,None,None,None
49832,False,None,None,None,None,None,None
12979,False,None,None,None,None,None,None
46314,False,appreciation,appreciation,appreciation,None,None,None
544,False,None,None,None,None,None,None
8553,False,None,None,None,None,None,None
47722,False,None,None,None,None,None,None
36848,False,None,None,None,None,None,None
53022,False,None,None,appreciation,None,None,None
70106,False,None,None,None,None,None,None
11746,False,None,None,None,None,None,None
17578,False,None,None,None,None,None,None
14878,False,None,None,None,None,None,None
33690,False,None,None,None,None,None,None
15290,False,None,None,None,None,None,None
1117,False,None,None,None,None,None,None
44118,False,None,None,None,None,None,None
9987,False,None,None,appreciation,None,None,None
13129,False,None,None,None,None,None,None
27606,False,None,None,None,None,None,None
37308,False,None,None,None,None,None,None
33350,False,None,None,None,None,None,None
3956,False,appreciation,appreciation,appreciation,None,None,appreciation
59136,False,None,None,None,None,None,None
12011,False,None,None,None,None,None,None
28000,False,None,None,None,None,None,None
36944,False,None,None,None,None,None,None
43680,False,None,None,None,None,None,None
44128,False,None,None,None,None,None,None
41784,False,None,None,None,None,None,None
19826,False,None,None,None,None,None,None
8989,False,None,None,None,None,None,None
65870,False,None,None,None,None,None,None
49550,False,None,None,None,None,None,None
7059,False,None,None,None,None,None,None
15528,False,None,None,None,None,None,None
61942,False,None,None,None,None,None,None
34394,False,None,None,None,None,None,None
1322,False,None,None,None,None,None,None
37624,False,None,None,None,None,None,None
67152,False,None,None,None,None,None,None
49034,False,None,None,None,None,None,None
56002,False,None,None,None,None,None,None
4002,False,appreciation,None,appreciation,None,None,None
4740,False,appreciation,appreciation,appreciation,None,None,appreciation
67788,False,None,None,None,None,None,None
10492,False,None,None,None,None,None,None
38144,False,None,None,None,None,None,None
21994,False,appreciation,appreciation,appreciation,None,None,appreciation
7710,False,appreciation,appreciation,appreciation,None,None,appreciation
63606,False,None,None,None,None,None,None
16696,False,None,None,None,None,None,None
64352,False,None,None,None,None,None,None
8805,False,appreciation,appreciation,appreciation,None,None,appreciation
35662,False,None,None,None,None,None,None
602,False,None,None,None,None,None,None
20718,False,None,None,None,None,None,None
66552,False,None,None,None,None,None,None
56440,False,None,None,None,None,None,None
68660,False,None,None,None,None,None,None
10192,False,None,None,None,None,None,None
9657,False,None,None,None,None,None,None
41842,False,None,None,None,None,None,None
3644,False,appreciation,appreciation,appreciation,None,None,appreciation
6619,False,None,None,appreciation,None,None,None
38662,False,None,None,None,None,None,None
2729,False,appreciation,appreciation,appreciation,None,None,appreciation
2865,False,appreciation,appreciation,appreciation,None,None,appreciation
15172,False,None,None,None,None,None,None
70690,False,None,None,None,None,None,None
38774,False,appreciation,appreciation,appreciation,None,None,appreciation
47790,False,None,None,None,None,None,None
38380,False,None,None,None,None,None,None
44074,False,None,None,None,None,None,None
21836,False,None,None,None,None,None,None
27522,False,None,None,None,None,None,None
2727,False,appreciation,appreciation,appreciation,None,None,appreciation
98,False,None,None,None,None,None,None
45506,False,None,None,None,None,None,None
58050,False,appreciation,appreciation,appreciation,None,None,appreciation
39928,False,appreciation,appreciation,appreciation,None,None,None
34746,False,None,None,None,None,None,None
3573,False,appreciation,appreciation,appreciation,None,None,appreciation
824,False,None,None,None,None,None,None
2780,False,None,None,None,None,None,None
7967,False,None,None,None,None,None,None
18638,False,None,None,None,None,None,None
49376,False,None,None,None,None,None,None
7608,False,appreciation,appreciation,appreciation,None,None,appreciation
7128,False,appreciation,appreciation,appreciation,None,None,appreciation
5873,False,None,None,None,None,None,None
21756,False,appreciation,appreciation,appreciation,None,None,appreciation
58632,False,None,None,None,None,None,None
16216,False,None,None,None,None,None,None
8223,False,appreciation,appreciation,appreciation,None,None,appreciation
12838,False,None,None,None,None,None,None
38996,False,None,None,None,None,None,None
10041,False,None,None,None,None,None,None
22672,False,None,None,None,None,None,None
35766,False,None,None,None,None,None,None
22638,False,None,None,None,None,None,None
7415,False,appreciation,appreciation,appreciation,None,None,appreciation
33632,False,None,None,None,None,None,None
4860,False,appreciation,appreciation,appreciation,None,None,appreciation
53766,False,None,None,None,None,None,None
11793,False,None,None,None,None,None,None
54790,False,None,None,None,None,None,None
6277,False,appreciation,appreciation,appreciation,None,None,appreciation
35622,False,None,None,None,None,None,None
4382,False,None,None,None,None,None,None
56852,False,None,None,None,None,None,None
60352,False,None,None,None,None,None,None
11361,False,None,None,None,None,None,None
8427,False,appreciation,appreciation,appreciation,None,None,appreciation
45788,False,None,None,None,None,None,None
18640,False,None,None,None,None,None,None
12987,False,None,None,None,None,None,None
53920,False,None,None,None,None,None,None
12238,False,None,None,None,None,None,None
39676,False,None,None,None,None,None,None
44480,False,None,None,None,None,None,None
8919,False,None,None,None,None,None,None
73626,False,None,None,None,None,None,None
38914,False,None,None,None,None,None,None
48388,False,None,None,None,None,None,None
42488,False,None,None,None,None,None,None
60362,False,None,None,None,None,None,None
12500,False,None,None,None,None,None,None
59268,False,None,None,None,None,None,None
10624,False,None,None,None,None,None,None
9427,False,appreciation,appreciation,appreciation,None,None,appreciation
44926,False,None,None,None,None,None,None
12789,False,None,None,None,None,None,None
9833,False,None,None,None,None,None,None
26756,False,None,None,None,None,None,None
11058,False,None,None,None,None,None,None
4583,False,appreciation,appreciation,appreciation,None,None,appreciation
24404,False,None,None,None,None,None,None
6451,False,appreciation,appreciation,appreciation,None,None,appreciation
11562,False,None,None,None,None,None,None
5394,False,appreciation,appreciation,appreciation,None,None,appreciation
3245,False,None,None,None,None,None,None
1089,False,None,None,None,None,None,None
58106,False,None,None,None,None,None,None
3939,False,None,None,None,None,None,None
6346,False,None,None,None,None,None,None
8952,False,None,None,None,None,None,None
25026,False,None,None,None,None,None,None
70356,False,None,None,None,None,None,None
35704,False,None,None,None,None,None,None
10094,False,None,None,None,None,None,None
1402,False,None,None,appreciation,None,None,None
43654,False,None,None,None,None,None,None
41904,False,None,None,None,None,None,None
56558,False,None,None,None,None,None,None
4559,False,appreciation,appreciation,appreciation,None,None,appreciation
7135,False,appreciation,appreciation,appreciation,None,None,appreciation
1832,False,None,None,None,None,None,None
37542,False,None,None,appreciation,None,None,None
4980,False,None,None,None,None,None,None
19990,False,None,None,None,None,None,None
27734,False,None,None,None,None,None,None
72704,False,None,None,None,None,None,None
13525,False,None,None,None,None,None,None
50894,False,None,None,None,None,None,None
48752,False,None,None,None,None,None,None
10813,False,None,None,None,None,None,None
66314,False,None,None,None,None,None,None
18432,False,None,None,None,None,None,None
5968,False,appreciation,appreciation,appreciation,None,None,appreciation
18252,False,appreciation,appreciation,appreciation,None,None,appreciation
44332,False,None,None,appreciation,None,None,None
69490,False,None,None,None,None,None,None
16206,False,None,None,None,None,None,None
11088,False,None,None,None,None,None,None
5832,False,appreciation,appreciation,appreciation,None,None,appreciation
35594,False,appreciation,appreciation,appreciation,None,None,appreciation
2659,False,None,None,None,None,None,None
18292,False,None,None,None,None,None,None
28094,False,None,None,None,None,None,None
12326,False,None,None,None,None,None,None
13589,False,None,None,None,None,None,None
11821,False,None,None,None,None,None,None
67490,False,None,None,None,None,None,None
4924,False,appreciation,appreciation,appreciation,None,None,appreciation
10573,False,None,None,None,None,None,None
24976,False,None,None,None,None,None,None
36162,False,None,None,None,None,None,None
37146,False,None,None,None,None,None,None
62672,False,None,None,appreciation,None,None,None
3705,False,appreciation,appreciation,appreciation,None,None,appreciation
41614,False,None,None,None,None,None,None
6076,False,appreciation,appreciation,appreciation,None,None,appreciation
33638,False,None,None,None,None,None,None
71680,False,None,None,None,None,None,None
4718,False,appreciation,appreciation,appreciation,None,None,appreciation
34872,False,None,None,None,None,None,None
43236,False,None,None,None,None,None,None
63906,False,None,None,None,None,None,None
19988,False,None,None,None,None,None,None
42520,False,None,None,None,None,None,None
38840,False,None,None,None,None,None,None
3240,False,None,None,None,None,None,None
16128,False,None,None,None,None,None,None
60850,False,None,None,None,None,None,None
1861,False,None,None,None,None,None,None
11041,False,None,None,None,None,None,None
22312,False,None,None,None,None,None,None
4383,False,None,None,None,None,None,None
4823,False,appreciation,appreciation,appreciation,None,None,appreciation
11220,False,None,None,None,None,None,None
31706,False,None,None,None,None,None,None
4443,False,None,None,appreciation,None,None,None
12080,False,None,None,None,None,None,None
7636,False,appreciation,appreciation,appreciation,None,None,appreciation
7882,False,appreciation,appreciation,appreciation,None,None,appreciation
13488,False,None,None,None,None,None,None
2217,False,appreciation,appreciation,appreciation,None,None,appreciation
68726,False,None,None,None,None,None,None
21776,False,None,None,None,None,None,None
13730,False,None,None,None,None,None,None
41974,False,None,None,None,None,None,None
9483,False,None,None,None,None,None,None
31450,False,None,None,None,None,None,None
9315,False,None,None,None,None,None,None
55842,False,None,None,None,None,None,None
21678,False,None,None,None,None,None,None
61626,False,None,None,None,None,None,None
73624,False,None,None,None,None,None,None
6393,False,None,None,None,None,None,None
37512,False,appreciation,appreciation,appreciation,None,None,appreciation
59030,False,None,None,None,None,None,None
20186,False,None,None,None,None,None,None
8415,False,appreciation,appreciation,appreciation,None,None,appreciation
26708,False,None,None,None,None,None,None
5868,False,None,None,None,None,None,None
17808,False,None,None,None,None,None,None
38780,False,None,None,None,None,None,None
9418,False,None,None,None,None,None,None
30360,False,None,None,None,None,None,None
42236,False,None,None,None,None,None,None
50048,False,None,None,None,None,None,None
73316,False,None,None,None,None,None,None
32224,False,None,None,None,None,None,None
3503,False,None,None,None,None,None,None
262,False,None,None,None,None,None,None
29238,False,None,None,None,None,None,None
44608,False,None,None,None,None,None,None
11960,False,appreciation,appreciation,appreciation,None,None,appreciation
14836,False,None,None,None,None,None,None
57936,False,None,None,None,None,None,None
5870,False,appreciation,appreciation,appreciation,None,None,appreciation
41214,False,None,None,None,None,None,None
37024,False,None,None,None,None,None,None
9816,False,None,None,None,None,None,None
17008,False,None,None,None,None,None,None
41580,False,None,None,None,None,None,None
8567,False,appreciation,appreciation,appreciation,None,None,appreciation
14060,False,appreciation,appreciation,appreciation,None,None,appreciation
31604,False,None,None,None,None,None,None
44912,False,None,None,None,None,None,None
45446,False,None,None,None,None,None,None
44528,False,None,None,appreciation,None,None,None
14314,False,None,None,None,None,None,None
28150,False,None,None,None,None,None,None
58968,False,None,None,None,None,None,None
41820,False,None,None,None,None,None,None
7843,False,appreciation,appreciation,appreciation,None,None,appreciation
58986,False,None,None,None,None,None,None
4584,False,None,None,None,None,None,None
5874,False,appreciation,appreciation,appreciation,None,None,appreciation
8046,False,appreciation,appreciation,appreciation,None,None,appreciation
4426,False,None,None,None,None,None,None
11003,False,None,None,None,None,None,None
31678,False,None,None,None,None,None,None
38410,False,None,None,None,None,None,None
62534,False,None,None,None,None,None,None
56286,False,None,None,None,None,None,None
9494,False,None,None,None,None,None,None
71258,False,None,None,None,None,None,None
65276,False,None,None,None,None,None,None
20450,False,None,None,None,None,None,None
4421,False,appreciation,appreciation,appreciation,None,None,appreciation
4102,False,appreciation,appreciation,appreciation,None,None,appreciation
3026,False,None,None,None,None,None,None
5067,False,appreciation,appreciation,appreciation,None,None,appreciation
6704,False,None,None,None,None,None,None
7535,False,appreciation,appreciation,appreciation,None,None,appreciation
37554,False,None,None,None,None,None,None
40468,False,None,None,None,None,None,None
71536,False,None,None,None,None,None,None
8296,False,appreciation,appreciation,appreciation,None,None,appreciation
63100,False,None,None,None,None,None,None
48794,False,None,None,None,None,None,None
62552,False,None,None,None,None,None,None
11726,False,None,None,None,None,None,None
8758,False,None,None,None,None,None,None
11913,False,None,None,None,None,None,None
18272,False,None,None,None,None,None,None
17456,False,appreciation,appreciation,appreciation,None,None,appreciation
27774,False,None,None,None,None,None,None
10751,False,None,None,appreciation,None,None,None
35130,False,None,None,None,None,None,None
66100,False,None,None,None,None,None,None
27490,False,appreciation,appreciation,appreciation,None,None,appreciation
13512,False,None,None,None,None,None,None
10551,False,None,None,None,None,None,None
6365,False,appreciation,appreciation,appreciation,None,None,appreciation
6272,False,appreciation,None,appreciation,None,None,None
37254,False,None,None,None,None,None,None
21642,False,None,None,None,None,None,None
41686,False,None,None,None,None,None,None
46866,False,None,None,None,None,None,None
7492,False,appreciation,appreciation,appreciation,None,None,appreciation
3043,False,None,None,None,None,None,None
67286,False,None,None,None,None,None,None
44028,False,None,None,None,None,None,None
10246,False,None,None,None,None,None,None
57452,False,None,None,None,None,None,None
47358,False,None,None,None,None,None,None
46158,False,None,None,None,None,None,None
50346,False,None,None,None,None,None,None
5694,False,None,None,None,None,None,None
4513,False,appreciation,appreciation,appreciation,None,None,appreciation
36910,False,None,None,None,None,None,None
6978,False,None,None,appreciation,None,None,None
72272,False,None,None,None,None,None,None
7052,False,appreciation,None,appreciation,None,None,None
49046,False,None,None,None,None,None,None
3917,False,appreciation,appreciation,appreciation,None,None,appreciation
45304,False,None,None,None,None,None,None
8637,False,appreciation,appreciation,appreciation,None,None,appreciation
2468,False,appreciation,appreciation,appreciation,None,None,appreciation
28668,False,None,None,None,None,None,None
47362,False,None,None,None,None,None,None
27894,False,None,None,None,None,None,None
3620,False,appreciation,appreciation,appreciation,None,None,appreciation
34344,False,None,None,None,None,None,None
27682,False,None,None,None,None,None,None
21724,False,None,None,None,None,None,None
65058,False,None,None,None,None,None,None
5668,False,None,None,appreciation,None,None,None
70570,False,None,None,None,None,None,None
56568,False,None,None,None,None,None,None
52324,False,None,None,None,None,None,None
41684,False,None,None,None,None,None,None
5136,False,appreciation,appreciation,appreciation,None,None,appreciation
4603,False,None,None,None,None,None,None
20790,False,None,None,None,None,None,None
5220,False,appreciation,appreciation,appreciation,None,None,appreciation
71158,False,None,None,None,None,None,None
23376,False,None,None,None,None,None,None
11092,False,None,None,None,None,None,None
61164,False,appreciation,appreciation,appreciation,None,None,appreciation
533,False,None,None,None,None,None,None
43984,False,None,None,None,None,None,None
6106,False,appreciation,appreciation,appreciation,None,None,appreciation
17184,False,None,None,None,None,None,None
42674,False,None,None,None,None,None,None
6399,False,appreciation,appreciation,appreciation,None,None,appreciation
34728,False,appreciation,appreciation,appreciation,None,None,appreciation
45246,False,None,None,None,None,None,None
19530,False,None,None,None,None,None,None
64638,False,appreciation,appreciation,appreciation,None,None,appreciation
8627,False,None,None,appreciation,None,None,None
20534,False,None,None,None,None,None,None
6914,False,appreciation,appreciation,appreciation,None,None,appreciation
36114,False,None,None,None,None,None,None
17450,False,None,None,None,None,None,None
46932,False,None,None,None,None,None,None
7778,False,None,None,appreciation,None,None,None
55920,False,None,None,None,None,None,None
34726,False,None,None,None,None,None,None
48970,False,None,None,None,None,None,None
43388,False,None,None,None,None,None,None
56820,False,None,None,None,None,None,None
22618,False,None,None,None,None,None,None
7033,False,None,None,None,None,None,None
6810,False,appreciation,appreciation,appreciation,None,None,appreciation
6014,False,None,None,None,None,None,None
4315,False,appreciation,None,appreciation,None,None,None
37224,False,None,None,None,None,None,None
69482,False,None,None,appreciation,None,None,None
73164,False,None,None,None,None,None,None
66600,False,None,None,None,None,None,None
70876,False,None,None,None,None,None,None
8871,False,None,None,None,None,None,None
25644,False,None,None,None,None,None,None
13424,False,None,None,None,None,None,None
44010,False,None,None,None,None,None,None
35750,False,None,None,None,None,None,None
43258,False,None,None,None,None,None,None
42498,False,None,None,None,None,None,None
7992,False,appreciation,appreciation,appreciation,None,None,appreciation
29370,False,None,None,None,None,None,None
67488,False,None,None,None,None,None,None
36468,False,None,None,None,None,None,None
8863,False,None,None,appreciation,None,None,None
57204,False,None,None,None,None,None,None
36710,False,None,None,None,None,None,None
22022,False,None,None,None,None,None,None
7627,False,appreciation,appreciation,appreciation,None,None,appreciation
8610,False,appreciation,appreciation,appreciation,None,None,appreciation
62226,False,None,None,None,None,None,None
7783,False,appreciation,appreciation,appreciation,None,None,appreciation
63088,False,appreciation,None,appreciation,None,None,None
8801,False,None,None,None,None,None,None
11959,False,None,None,None,None,None,None
37112,False,appreciation,None,appreciation,None,None,None
3507,False,None,None,None,None,None,None
48076,False,None,None,None,None,None,None
50234,False,None,None,None,None,None,None
38826,False,None,None,None,None,None,None
55896,False,None,None,None,None,None,None
24004,False,None,None,None,None,None,None
8181,False,appreciation,appreciation,appreciation,None,None,None
1072,False,appreciation,appreciation,appreciation,None,None,appreciation
1528,False,None,None,None,None,None,None
14328,False,None,None,None,None,None,None
4280,False,appreciation,appreciation,appreciation,None,None,appreciation
69536,False,None,None,None,None,None,None
4038,False,appreciation,appreciation,appreciation,None,None,appreciation
12679,False,None,None,None,None,None,None
35738,False,None,None,None,None,None,None
5062,False,None,None,None,None,None,None
64350,False,None,None,None,None,None,None
67350,False,None,None,None,None,None,None
26550,False,None,None,None,None,None,None
57336,False,None,None,None,None,None,None
40942,False,None,None,None,None,None,None
21768,False,appreciation,appreciation,appreciation,None,None,appreciation
66860,False,None,None,None,None,None,None
72612,False,None,None,None,None,None,None
5643,False,appreciation,appreciation,appreciation,None,None,appreciation
61378,False,None,None,None,None,None,None
66584,False,None,None,None,None,None,None
632,False,None,None,None,None,None,None
53178,False,None,None,None,None,None,None
11545,False,None,None,None,None,None,None
36924,False,None,None,None,None,None,None
42582,False,None,None,None,None,None,None
4842,False,appreciation,appreciation,appreciation,None,None,appreciation
1734,False,None,None,None,None,None,None
12998,False,None,None,None,None,None,None
19600,False,None,None,None,None,None,None
17632,False,None,None,None,None,None,None
43208,False,None,None,None,None,None,None
377,False,None,None,None,None,None,None
13457,False,None,None,None,None,None,None
60280,False,None,None,None,None,None,None
5811,False,appreciation,None,appreciation,None,None,None
60324,False,None,None,None,None,None,None
4363,False,None,None,None,None,None,None
21784,False,None,None,None,None,None,None
31442,False,appreciation,appreciation,appreciation,None,None,appreciation
22766,False,appreciation,appreciation,appreciation,None,None,appreciation
58314,False,None,None,None,None,None,None
7848,False,appreciation,appreciation,appreciation,None,None,appreciation
27492,False,None,None,None,None,None,None
24574,False,None,None,None,None,None,None
6096,False,None,None,None,None,None,None
18590,False,None,None,None,None,None,None
30630,False,None,None,None,None,None,None
33798,False,None,None,None,None,None,None
3388,False,appreciation,appreciation,appreciation,None,None,appreciation
54588,False,appreciation,appreciation,appreciation,None,None,appreciation
43442,False,None,None,None,None,None,None
508,False,None,None,None,None,None,None
41942,False,None,None,None,None,None,None
5555,False,appreciation,appreciation,appreciation,None,None,appreciation
41848,False,None,None,None,None,None,None
37502,False,None,None,None,None,None,None
31854,False,None,None,None,None,None,None
2151,False,None,None,None,None,None,None
42442,False,None,None,None,None,None,None
73728,False,None,None,None,None,None,None
66834,False,None,None,None,None,None,None
29932,False,None,None,None,None,None,None
3428,False,appreciation,appreciation,appreciation,None,None,appreciation
56220,False,None,None,None,None,None,None
21534,False,None,None,None,None,None,None
37130,False,None,None,None,None,None,None
14532,False,None,None,None,None,None,None
52356,False,None,None,None,None,None,None
22218,False,None,None,None,None,None,None
72428,False,None,None,None,None,None,None
55040,False,None,None,None,None,None,None
10415,False,None,None,None,None,None,None
17080,False,None,None,None,None,None,None
1871,False,None,None,None,None,None,None
5230,False,appreciation,None,appreciation,None,None,None
44076,False,None,None,None,None,None,None
18666,False,None,None,None,None,None,None
7043,False,appreciation,appreciation,appreciation,None,None,appreciation
24598,False,None,None,None,None,None,None
64370,False,appreciation,appreciation,appreciation,None,None,appreciation
20184,False,None,None,None,None,None,None
51734,False,None,None,None,None,None,None
58680,False,None,None,None,None,None,None
33696,False,None,None,None,None,None,None
37696,False,None,None,None,None,None,None
4187,False,None,None,None,None,None,None
2764,False,appreciation,appreciation,appreciation,None,None,appreciation
51954,False,None,None,None,None,None,None
4078,False,appreciation,appreciation,appreciation,None,None,appreciation
72178,False,None,None,None,None,None,None
3961,False,appreciation,appreciation,appreciation,None,None,appreciation
5726,False,appreciation,appreciation,appreciation,None,None,appreciation
7193,False,appreciation,None,appreciation,None,None,None
13131,False,None,None,None,None,None,None
44518,False,appreciation,appreciation,appreciation,None,None,appreciation
9578,False,None,None,None,None,None,None
35512,False,appreciation,appreciation,appreciation,None,None,appreciation
4650,False,None,None,appreciation,None,None,None
35252,False,None,None,None,None,None,None
1226,False,appreciation,appreciation,appreciation,None,None,appreciation
37,False,None,None,None,None,None,None
3780,False,None,None,None,None,None,None
35896,False,appreciation,appreciation,appreciation,None,None,appreciation
3545,False,appreciation,appreciation,appreciation,None,None,appreciation
3256,False,None,None,None,None,None,None
67538,False,None,None,None,None,None,None
7671,False,appreciation,appreciation,appreciation,None,None,appreciation
5413,False,None,None,None,None,None,None
25012,False,None,None,None,None,None,None
29256,False,None,None,None,None,None,None
10068,False,None,None,None,None,None,None
4554,False,appreciation,appreciation,appreciation,None,None,appreciation
14182,False,None,None,None,None,None,None
36324,False,None,None,None,None,None,None
6821,False,appreciation,appreciation,appreciation,None,None,appreciation
3716,False,appreciation,appreciation,appreciation,None,None,appreciation
59390,False,None,None,None,None,None,None
8024,False,None,None,None,None,None,None
8191,False,None,None,None,None,None,None
5003,False,None,None,None,None,None,None
2855,False,None,None,None,None,None,None
201,False,None,None,None,None,None,None
5536,False,None,None,None,None,None,None
7346,False,None,None,None,None,None,None
3323,False,None,None,None,None,None,None
19474,False,None,None,None,None,None,None
38650,False,None,None,None,None,None,None
42746,False,None,None,None,None,None,None
10893,False,None,None,None,None,None,None
62530,False,None,None,None,None,None,None
55620,False,None,None,None,None,None,None
6063,False,appreciation,appreciation,appreciation,None,None,appreciation
49384,False,None,None,None,None,None,None
11426,False,None,None,None,None,None,None
7987,False,appreciation,appreciation,appreciation,None,None,appreciation
5133,False,appreciation,appreciation,appreciation,None,None,appreciation
39108,False,None,None,None,None,None,None
4238,False,None,None,None,None,None,None
73478,False,None,None,None,None,None,None
3251,False,appreciation,appreciation,appreciation,None,None,appreciation
12518,False,None,None,None,None,None,None
2750,False,appreciation,None,appreciation,None,None,None
55288,False,None,None,None,None,None,None
28926,False,None,None,None,None,None,None
73030,False,None,None,None,None,None,None
16654,False,None,None,None,None,None,None
46060,False,None,None,None,None,None,None
42070,False,None,None,None,None,None,None
3736,False,appreciation,appreciation,appreciation,None,None,appreciation
57846,False,None,None,None,None,None,None
12858,False,None,None,None,None,None,None
30390,False,None,None,None,None,None,None
6824,False,appreciation,appreciation,appreciation,None,None,appreciation
27518,False,None,None,None,None,None,None
31796,False,None,None,None,None,None,None
20708,False,None,None,None,None,None,None
13532,False,None,None,None,None,None,None
4957,False,appreciation,appreciation,appreciation,None,None,appreciation
67238,False,None,None,None,None,None,None
3687,False,appreciation,appreciation,appreciation,None,None,appreciation
852,False,appreciation,appreciation,appreciation,None,None,appreciation
52116,False,None,None,None,None,None,None
58872,False,None,None,None,None,None,None
10955,False,None,None,None,None,None,None
25700,False,appreciation,appreciation,appreciation,None,None,appreciation
42320,False,None,None,appreciation,None,None,None
65608,False,None,None,None,None,None,None
5458,False,appreciation,appreciation,appreciation,None,None,appreciation
59732,False,None,None,None,None,None,None
4923,False,None,None,None,None,None,None
12299,False,None,None,None,None,None,None
37010,False,None,None,None,None,None,None
7035,False,appreciation,appreciation,appreciation,None,None,appreciation
67702,False,None,None,None,None,None,None
13702,False,None,None,None,None,None,None
68204,False,None,None,None,None,None,None
4332,False,appreciation,appreciation,appreciation,None,None,appreciation
9832,False,None,None,None,None,None,None
6601,False,None,None,None,None,None,None
52842,False,None,None,None,None,None,None
56158,False,None,None,None,None,None,None
15626,False,None,None,None,None,None,None
27206,False,None,None,None,None,None,None
57940,False,None,None,None,None,None,None
71742,False,None,None,None,None,None,None
24010,False,None,None,None,None,None,None
524,False,None,None,None,None,None,None
21946,False,appreciation,None,appreciation,None,None,None
61514,False,None,None,None,None,None,None
72254,False,None,None,None,None,None,None
8825,False,appreciation,appreciation,appreciation,None,None,appreciation
35724,False,None,None,None,None,None,None
2013,False,None,None,None,None,None,None
16150,False,None,None,None,None,None,None
5295,False,None,None,None,None,None,None
27626,False,None,None,None,None,None,None
47626,False,None,None,None,None,None,None
6054,False,appreciation,appreciation,appreciation,None,None,appreciation
43570,False,None,None,None,None,None,None
9901,False,None,None,None,None,None,None
12953,False,None,None,None,None,None,None
51628,False,None,None,None,None,None,None
7004,False,appreciation,appreciation,appreciation,None,None,appreciation
8461,False,appreciation,appreciation,appreciation,None,None,appreciation
6828,False,None,None,None,None,None,None
41836,False,None,None,None,None,None,None
12512,False,None,None,None,None,None,None
70872,False,None,None,None,None,None,None
67750,False,None,None,None,None,None,None
2994,False,appreciation,None,appreciation,None,None,None
42552,False,None,None,None,None,None,None
14660,False,None,None,None,None,None,None
8165,False,None,None,appreciation,None,None,None
50094,False,None,None,None,None,None,None
4240,False,appreciation,appreciation,appreciation,None,None,appreciation
12727,False,None,None,None,None,None,None
6994,False,appreciation,appreciation,appreciation,None,None,appreciation
20924,False,None,None,None,None,None,None
63436,False,None,None,None,None,None,None
68854,False,None,None,None,None,None,None
19886,False,None,None,None,None,None,None
31080,False,None,None,None,None,None,None
3681,False,None,None,None,None,None,None
9384,False,appreciation,appreciation,appreciation,None,None,appreciation
10662,False,None,None,None,None,None,None
32862,False,None,None,None,None,None,None
50040,False,None,None,None,None,None,None
3694,False,None,None,None,None,None,None
8483,False,appreciation,appreciation,appreciation,None,None,appreciation
2504,False,None,None,None,None,None,None
7062,False,appreciation,appreciation,appreciation,None,None,appreciation
18694,False,None,None,None,None,None,None
11519,False,None,None,None,None,None,None
72676,False,None,None,None,None,None,None
6041,False,appreciation,appreciation,appreciation,None,None,appreciation
17152,False,None,None,None,None,None,None
9169,False,None,None,None,None,None,None
8238,False,appreciation,appreciation,appreciation,None,None,appreciation
3858,False,appreciation,appreciation,appreciation,None,None,appreciation
51506,False,None,None,None,None,None,None
47738,False,None,None,None,None,None,None
4829,False,None,None,None,None,None,None
52248,False,None,None,None,None,None,None
29300,False,None,None,None,None,None,None
39588,False,None,None,None,None,None,None
5157,False,appreciation,appreciation,appreciation,None,None,appreciation
20046,False,None,None,None,None,None,None
9084,False,None,None,None,None,None,None
42390,False,None,None,None,None,None,None
53364,False,appreciation,appreciation,appreciation,None,None,appreciation
13406,False,None,None,None,None,None,None
910,False,None,None,None,None,None,None
31622,False,None,None,None,None,None,None
73684,False,None,None,None,None,None,None
22622,False,None,None,None,None,None,None
61218,False,None,None,None,None,None,None
9416,False,None,None,None,None,None,None
9252,False,None,None,None,None,None,None
56414,False,None,None,None,None,None,None
35030,False,None,None,None,None,None,None
20362,False,appreciation,appreciation,appreciation,None,None,appreciation
73100,False,None,None,None,None,None,None
6741,False,appreciation,appreciation,appreciation,None,None,appreciation
25208,False,None,None,None,None,None,None
4595,False,None,None,None,None,None,None
6228,False,None,None,None,None,None,None
4105,False,appreciation,appreciation,appreciation,None,None,None
39580,False,None,None,None,None,None,None
28030,False,None,None,None,None,None,None
1652,False,None,None,None,None,None,None
10949,False,None,None,None,None,None,None
12440,False,None,None,None,None,None,None
68494,False,None,None,None,None,None,None
34024,False,None,None,None,None,None,None
4027,False,None,None,None,None,None,None
7893,False,None,None,None,None,None,None
39418,False,None,None,None,None,None,None
1786,False,None,None,None,None,None,None
19016,False,None,None,None,None,None,None
42404,False,None,None,None,None,None,None
26704,False,None,None,None,None,None,None
36998,False,None,None,None,None,None,None
58822,False,None,None,None,None,None,None
57026,False,None,None,None,None,None,None
11557,False,None,None,None,None,None,None
5622,False,appreciation,appreciation,appreciation,None,None,appreciation
34400,False,None,None,None,None,None,None
38860,False,None,None,None,None,None,None
3235,False,appreciation,appreciation,appreciation,None,None,appreciation
4065,False,appreciation,appreciation,appreciation,None,None,appreciation
71644,False,None,None,None,None,None,None
22806,False,None,None,None,None,None,None
24278,False,None,None,None,None,None,None
5851,False,appreciation,appreciation,appreciation,None,None,appreciation
42530,False,None,None,None,None,None,None
5857,False,appreciation,appreciation,appreciation,None,None,appreciation
30770,False,None,None,None,None,None,None
6075,False,appreciation,appreciation,appreciation,None,None,appreciation
3279,False,appreciation,appreciation,appreciation,None,None,appreciation
5369,False,None,None,None,None,None,None
66836,False,None,None,None,None,None,None
9072,False,None,None,None,None,None,None
10781,False,None,None,None,None,None,None
12857,False,None,None,None,None,None,None
59300,False,None,None,None,None,None,None
6599,False,None,None,None,None,None,None
6755,False,None,None,None,None,None,None
50880,False,None,None,None,None,None,None
1547,False,appreciation,appreciation,appreciation,None,None,appreciation
7842,False,appreciation,appreciation,appreciation,None,None,appreciation
38970,False,None,None,None,None,None,None
2580,False,appreciation,appreciation,appreciation,None,None,appreciation
8117,False,None,None,None,None,None,None
67352,False,None,None,None,None,None,None
21742,False,None,None,None,None,None,None
68984,False,None,None,None,None,None,None
5541,False,None,None,None,None,None,None
48974,False,None,None,None,None,None,None
65828,False,None,None,None,None,None,None
69640,False,appreciation,None,appreciation,None,None,None
44792,False,None,None,None,None,None,None
21654,False,None,None,None,None,None,None
9985,False,None,None,None,None,None,None
12718,False,None,None,None,None,None,None
2820,False,appreciation,appreciation,appreciation,None,None,appreciation
5365,False,appreciation,appreciation,appreciation,None,None,appreciation
3380,False,None,None,None,None,None,None
46722,False,None,None,None,None,None,None
42384,False,None,None,None,None,None,None
6497,False,appreciation,appreciation,appreciation,None,None,appreciation
28648,False,None,None,None,None,None,None
8130,False,None,None,None,None,None,None
8658,False,None,None,None,None,None,None
4713,False,appreciation,appreciation,appreciation,None,None,appreciation
5452,False,appreciation,None,appreciation,None,None,None
4487,False,appreciation,appreciation,appreciation,None,None,appreciation
9783,False,None,None,None,None,None,None
30926,False,None,None,None,None,None,None
59650,False,None,None,None,None,None,None
6744,False,None,None,appreciation,None,None,None
63542,False,None,None,None,None,None,None
13672,False,None,None,None,None,None,None
57190,False,None,None,None,None,None,None
7172,False,appreciation,appreciation,appreciation,None,None,appreciation
8607,False,None,None,None,None,None,None
6457,False,appreciation,appreciation,appreciation,None,None,None
52934,False,None,None,None,None,None,None
3508,False,None,None,None,None,None,None
417,False,None,None,None,None,None,None
61026,False,None,None,None,None,None,None
57318,False,None,None,None,None,None,None
60228,False,None,None,None,None,None,None
1613,False,appreciation,None,appreciation,None,None,None
3559,False,None,None,None,None,None,None
10962,False,None,None,None,None,None,None
36934,False,None,None,appreciation,None,None,None
6212,False,None,None,None,None,None,None
388,False,None,None,None,None,None,None
56672,False,None,None,None,None,None,None
62420,False,None,None,None,None,None,None
6969,False,appreciation,appreciation,appreciation,None,None,appreciation
36180,False,None,None,None,None,None,None
12504,False,None,None,None,None,None,None
11869,False,None,None,None,None,None,None
8524,False,None,None,appreciation,None,None,None
46938,False,None,None,None,None,None,None
7376,False,appreciation,appreciation,appreciation,None,None,appreciation
38310,False,None,None,None,None,None,None
1979,False,None,None,None,None,None,None
4373,False,None,None,appreciation,None,None,None
4131,False,appreciation,appreciation,appreciation,None,None,appreciation
38800,False,None,None,None,None,None,None
16708,False,None,None,None,None,None,None
54262,False,None,None,None,None,None,None
66566,False,None,None,None,None,None,None
3449,False,None,None,None,None,None,None
63714,False,None,None,None,None,None,None
37936,False,None,None,appreciation,None,None,None
13449,False,None,None,None,None,None,None
69006,False,None,None,None,None,None,None
18140,False,None,None,None,None,None,None
67366,False,None,None,None,None,None,None
38974,False,appreciation,appreciation,appreciation,None,None,appreciation
46304,False,None,None,None,None,None,None
47972,False,None,None,None,None,None,None
45174,False,None,None,None,None,None,None
69052,False,None,None,None,None,None,None
5178,False,None,None,None,None,None,None
12079,False,None,None,None,None,None,None
46436,False,None,None,None,None,None,None
52162,False,None,None,None,None,None,None
6777,False,appreciation,appreciation,appreciation,None,None,appreciation
10591,False,None,None,None,None,None,None
28622,False,None,None,None,None,None,None
73292,False,None,None,None,None,None,None
40034,False,None,None,None,None,None,None
2849,False,appreciation,None,appreciation,None,None,None
24262,False,appreciation,appreciation,appreciation,None,None,appreciation
3707,False,appreciation,appreciation,appreciation,None,None,appreciation
6079,False,appreciation,appreciation,appreciation,None,None,appreciation
6660,False,appreciation,appreciation,appreciation,None,None,appreciation
43746,False,None,None,None,None,None,None
59980,False,None,None,None,None,None,None
13310,False,None,None,None,None,None,None
5073,False,appreciation,appreciation,appreciation,None,None,appreciation
38966,False,None,None,None,None,None,None
36156,False,appreciation,appreciation,appreciation,None,None,appreciation
57934,False,None,None,None,None,None,None
7253,False,appreciation,appreciation,appreciation,None,None,appreciation
10483,False,None,None,None,None,None,None
250,False,None,None,None,None,None,None
10886,False,None,None,None,None,None,None
8111,False,appreciation,appreciation,appreciation,None,None,appreciation
6021,False,appreciation,appreciation,appreciation,None,None,appreciation
40434,False,None,None,None,None,None,None
33428,False,None,None,None,None,None,None
60752,False,appreciation,appreciation,appreciation,None,None,appreciation
10569,False,None,None,appreciation,None,None,None
5022,False,None,None,None,None,None,None
19884,False,None,None,None,None,None,None
25818,False,None,None,None,None,None,None
625,False,appreciation,appreciation,appreciation,None,None,appreciation
53700,False,None,None,None,None,None,None
10891,False,None,None,None,None,None,None
42944,False,appreciation,appreciation,appreciation,None,None,appreciation
20716,False,None,None,None,None,None,None
51878,False,None,None,None,None,None,None
2284,False,appreciation,None,appreciation,None,None,None
11833,False,None,None,None,None,None,None
33134,False,None,None,None,None,None,None
43946,False,None,None,None,None,None,None
16952,False,appreciation,appreciation,appreciation,None,None,appreciation
7477,False,appreciation,appreciation,appreciation,None,None,appreciation
14246,False,None,None,None,None,None,None
1071,False,None,None,None,None,None,None
33746,False,None,None,None,None,None,None
42046,False,None,None,None,None,None,None
68668,False,None,None,None,None,None,None
25712,False,None,None,None,None,None,None
3701,False,appreciation,appreciation,appreciation,None,None,appreciation
2703,False,appreciation,None,appreciation,None,None,None
4681,False,None,None,None,None,None,None
41918,False,None,None,None,None,None,None
18480,False,None,None,None,None,None,None
4077,False,None,None,None,None,None,None
4610,False,appreciation,appreciation,appreciation,None,None,appreciation
58966,False,None,None,None,None,None,None
321,False,None,None,None,None,None,None
5084,False,appreciation,appreciation,appreciation,None,None,appreciation
30882,False,None,None,None,None,None,None
16100,False,None,None,None,None,None,None
13653,False,None,None,None,None,None,None
1886,False,appreciation,None,appreciation,None,None,None
29714,False,None,None,None,None,None,None
45068,False,None,None,None,None,None,None
14114,False,None,None,None,None,None,None
10713,False,appreciation,None,appreciation,None,None,None
30594,False,appreciation,appreciation,appreciation,None,None,appreciation
19196,False,None,None,None,None,None,None
10423,False,None,None,None,None,None,None
69488,False,None,None,None,None,None,None
1650,False,None,None,appreciation,None,None,None
5813,False,appreciation,appreciation,appreciation,None,None,appreciation
35328,False,None,None,None,None,None,None
9586,False,None,None,None,None,None,None
1028,False,None,None,None,None,None,None
60224,False,None,None,None,None,None,None
46058,False,None,None,None,None,None,None
32826,False,None,None,None,None,None,None
12505,False,None,None,None,None,None,None
8214,False,appreciation,None,appreciation,None,None,None
16998,False,None,None,None,None,None,None
55844,False,None,None,None,None,None,None
58804,False,None,None,None,None,None,None
5376,False,appreciation,appreciation,appreciation,None,None,appreciation
22088,False,None,None,None,None,None,None
61190,False,None,None,None,None,None,None
6161,False,appreciation,appreciation,appreciation,None,None,appreciation
48272,False,None,None,None,None,None,None
52192,False,None,None,None,None,None,None
67958,False,None,None,None,None,None,None
7003,False,appreciation,appreciation,appreciation,None,None,appreciation
9791,False,None,None,None,None,None,None
48876,False,appreciation,None,appreciation,None,None,None
52818,False,None,None,None,None,None,None
6333,False,appreciation,appreciation,appreciation,None,None,appreciation
59658,False,None,None,None,None,None,None
1241,False,appreciation,appreciation,appreciation,None,None,appreciation
1312,False,None,None,None,None,None,None
17158,False,None,None,None,None,None,None
54656,False,None,None,None,None,None,None
10152,False,None,None,None,None,None,None
22548,False,None,None,None,None,None,None
21336,False,None,None,None,None,None,None
12438,False,None,None,None,None,None,None
55852,False,None,None,None,None,None,None
6250,False,None,None,None,None,None,None
9820,False,None,None,None,None,None,None
323,False,appreciation,None,appreciation,None,None,None
20380,False,None,None,None,None,None,None
68914,False,None,None,None,None,None,None
12849,False,None,None,None,None,None,None
13206,False,None,None,None,None,None,None
23258,False,appreciation,appreciation,appreciation,None,None,None
3904,False,None,None,None,None,None,None
116,False,None,None,None,None,None,None
6514,False,appreciation,appreciation,appreciation,None,None,appreciation
36968,False,None,None,None,None,None,None
7160,False,appreciation,appreciation,appreciation,None,None,appreciation
2783,False,appreciation,appreciation,appreciation,None,None,appreciation
63894,False,None,None,None,None,None,None
6220,False,appreciation,appreciation,appreciation,None,None,appreciation
38726,False,None,None,None,None,None,None
9853,False,None,None,None,None,None,None
1603,False,appreciation,appreciation,appreciation,None,None,appreciation
5506,False,appreciation,appreciation,appreciation,None,None,appreciation
8956,False,None,None,None,None,None,None
7027,False,appreciation,appreciation,appreciation,None,None,appreciation
16242,False,None,None,None,None,None,None
4422,False,appreciation,appreciation,appreciation,None,None,appreciation
31200,False,None,None,None,None,None,None
1926,False,None,None,None,None,None,None
11362,False,None,None,None,None,None,None
4715,False,None,None,None,None,None,None
59182,False,None,None,None,None,None,None
5517,False,appreciation,appreciation,appreciation,None,None,appreciation
60906,False,None,None,None,None,None,None
43966,False,None,None,None,None,None,None
41688,False,None,None,None,None,None,None
37550,False,None,None,None,None,None,None
27318,False,None,None,None,None,None,None
6822,False,appreciation,appreciation,appreciation,None,None,appreciation
2892,False,appreciation,appreciation,appreciation,None,None,appreciation
27988,False,None,None,None,None,None,None
66728,False,None,None,None,None,None,None
28690,False,None,None,None,None,None,None
6584,False,None,None,None,None,None,None
921,False,None,None,None,None,None,None
53906,False,None,None,None,None,None,None
8757,False,appreciation,appreciation,appreciation,None,None,appreciation
50908,False,None,None,None,None,None,None
40186,False,None,None,None,None,None,None
12046,False,None,None,None,None,None,None
68644,False,None,None,None,None,None,None
4070,False,appreciation,None,appreciation,None,None,None
45114,False,None,None,None,None,None,None
27104,False,None,None,None,None,None,None
28906,False,None,None,None,None,None,None
11085,False,None,None,None,None,None,None
13020,False,None,None,None,None,None,None
42340,False,None,None,None,None,None,None
2029,False,appreciation,appreciation,appreciation,None,None,appreciation
3933,False,appreciation,appreciation,appreciation,None,None,appreciation
26098,False,None,None,appreciation,None,None,None
5469,False,appreciation,appreciation,appreciation,None,None,appreciation
10312,False,None,None,None,None,None,None
18106,False,appreciation,None,appreciation,None,None,None
40270,False,None,None,None,None,None,None
27700,False,None,None,None,None,None,None
33406,False,None,None,None,None,None,None
19922,False,None,None,None,None,None,None
7726,False,appreciation,appreciation,appreciation,None,None,appreciation
15584,False,None,None,None,None,None,None
1963,False,appreciation,appreciation,appreciation,None,None,appreciation
73032,False,None,None,None,None,None,None
3276,False,None,None,None,None,None,None
3042,False,appreciation,appreciation,appreciation,None,None,appreciation
45164,False,None,None,None,None,None,None
2907,False,None,None,None,None,None,None
24846,False,None,None,None,None,None,None
71174,False,None,None,None,None,None,None
8094,False,None,None,None,None,None,None
5719,False,None,None,None,None,None,None
2633,False,None,None,None,None,None,None
11629,False,None,None,None,None,None,None
9590,False,None,None,None,None,None,None
8259,False,appreciation,appreciation,appreciation,None,None,appreciation
12325,False,None,None,None,None,None,None
58250,False,None,None,None,None,None,None
6648,False,None,None,None,None,None,None
58748,False,None,None,None,None,None,None
12962,False,None,None,None,None,None,None
53422,False,None,None,None,None,None,None
58080,False,None,None,None,None,None,None
72694,False,None,None,None,None,None,None
3978,False,appreciation,appreciation,appreciation,None,None,appreciation
16724,False,None,None,None,None,None,None
9430,False,None,None,None,None,None,None
5140,False,appreciation,appreciation,appreciation,None,None,appreciation
7799,False,appreciation,appreciation,appreciation,None,None,appreciation
70648,False,None,None,None,None,None,None
5615,False,None,None,None,None,None,None
3146,False,appreciation,None,appreciation,None,None,None
27508,False,appreciation,appreciation,appreciation,None,None,appreciation
1573,False,None,None,None,None,None,None
6147,False,appreciation,appreciation,appreciation,None,None,appreciation
44600,False,None,None,None,None,None,None
56304,False,None,None,None,None,None,None
8954,False,None,None,None,None,None,None
41190,False,None,None,None,None,None,None
42884,False,None,None,None,None,None,None
1280,False,None,None,None,None,None,None
59196,False,None,None,None,None,None,None
13740,False,None,None,None,None,None,None
55234,False,None,None,None,None,None,None
63448,False,None,None,None,None,None,None
13095,False,None,None,None,None,None,None
5653,False,appreciation,appreciation,appreciation,None,None,appreciation
53574,False,None,None,None,None,None,None
3015,False,None,None,None,None,None,None
57346,False,None,None,None,None,None,None
63978,False,None,None,None,None,None,None
19114,False,None,None,None,None,None,None
21738,False,None,None,None,None,None,None
72504,False,None,None,appreciation,None,None,None
49568,False,None,None,None,None,None,None
36888,False,None,None,None,None,None,None
10385,False,None,None,None,None,None,None
24630,False,appreciation,appreciation,appreciation,None,None,appreciation
34784,False,None,None,None,None,None,None
49932,False,None,None,None,None,None,None
32618,False,None,None,None,None,None,None
19508,False,None,None,None,None,None,None
30064,False,None,None,None,None,None,None
7234,False,appreciation,appreciation,appreciation,None,None,appreciation
31524,False,None,None,None,None,None,None
11837,False,None,None,None,None,None,None
11532,False,None,None,None,None,None,None
61234,False,None,None,None,None,None,None
11649,False,None,None,None,None,None,None
72124,False,None,None,None,None,None,None
8244,False,appreciation,appreciation,appreciation,None,None,appreciation
14270,False,None,None,None,None,None,None
33346,False,None,None,None,None,None,None
48270,False,None,None,None,None,None,None
27536,False,appreciation,appreciation,appreciation,None,None,appreciation
8551,False,None,None,None,None,None,None
4569,False,None,None,None,None,None,None
19870,False,None,None,None,None,None,None
5907,False,appreciation,appreciation,appreciation,None,None,appreciation
53934,False,None,None,None,None,None,None
12041,False,None,None,None,None,None,None
30602,False,None,None,None,None,None,None
57158,False,None,None,None,None,None,None
8698,False,appreciation,None,appreciation,None,None,None
64808,False,None,None,None,None,None,None
13549,False,None,None,None,None,None,None
10935,False,None,None,None,None,None,None
17818,False,None,None,None,None,None,None
11069,False,None,None,None,None,None,None
3848,False,None,None,appreciation,None,None,None
1419,False,None,None,None,None,None,None
13692,False,None,None,None,None,None,None
24980,False,None,None,None,None,None,None
31918,False,None,None,None,None,None,None
43740,False,appreciation,appreciation,appreciation,None,None,appreciation
32910,False,None,None,None,None,None,None
6309,False,appreciation,appreciation,appreciation,None,None,appreciation
6187,False,None,None,appreciation,None,None,None
13175,False,None,None,None,None,None,None
5447,False,appreciation,appreciation,appreciation,None,None,appreciation
38464,False,None,None,None,None,None,None
2966,False,appreciation,appreciation,appreciation,None,None,appreciation
6248,False,None,None,None,None,None,None
4128,False,appreciation,appreciation,appreciation,None,None,appreciation
8655,False,None,None,None,None,None,None
18342,False,None,None,None,None,None,None
2169,False,None,None,None,None,None,None
33116,False,None,None,appreciation,None,None,None
2383,False,appreciation,appreciation,appreciation,None,None,appreciation
59014,False,None,None,None,None,None,None
40274,False,None,None,None,None,None,None
43032,False,None,None,None,None,None,None
4625,False,appreciation,appreciation,appreciation,None,None,appreciation
10118,False,None,None,None,None,None,None
45274,False,None,None,None,None,None,None
35808,False,None,None,None,None,None,None
62334,False,None,None,None,None,None,None
36784,False,None,None,None,None,None,None
73056,False,None,None,None,None,None,None
41664,False,None,None,None,None,None,None
5659,False,appreciation,appreciation,appreciation,None,None,appreciation
6314,False,None,None,None,None,None,None
5975,False,None,None,None,None,None,None
32886,False,None,None,None,None,None,None
2989,False,appreciation,appreciation,appreciation,None,None,appreciation
38944,False,appreciation,None,appreciation,None,None,None
18484,False,None,None,None,None,None,None
43586,False,None,None,None,None,None,None
606,False,None,None,appreciation,None,None,None
13009,False,None,None,None,None,None,None
25746,False,None,None,None,None,None,None
3730,False,appreciation,appreciation,appreciation,None,None,appreciation
33502,False,None,None,None,None,None,None
72484,False,None,None,None,None,None,None
45504,False,appreciation,appreciation,appreciation,None,None,appreciation
59594,False,appreciation,appreciation,appreciation,None,None,appreciation
40084,False,None,None,None,None,None,None
13593,False,None,None,None,None,None,None
73018,False,None,None,appreciation,None,None,None
13127,False,None,None,None,None,None,None
16642,False,None,None,None,None,None,None
57390,False,None,None,None,None,None,None
5840,False,None,None,None,None,None,None
5734,False,appreciation,appreciation,appreciation,None,None,appreciation
15704,False,None,None,None,None,None,None
27582,False,appreciation,None,appreciation,None,None,None
14820,False,None,None,None,None,None,None
5859,False,None,None,None,None,None,None
12619,False,None,None,None,None,None,None
5065,False,appreciation,appreciation,appreciation,None,None,appreciation
39426,False,None,None,None,None,None,None
2272,False,None,None,None,None,None,None
2629,False,appreciation,appreciation,appreciation,None,None,appreciation
67906,False,None,None,None,None,None,None
40498,False,None,None,None,None,None,None
48338,False,None,None,None,None,None,None
62494,False,None,None,None,None,None,None
64008,False,None,None,None,None,None,None
2095,False,None,None,None,None,None,None
67374,False,None,None,None,None,None,None
3125,False,None,None,None,None,None,None
17488,False,None,None,None,None,None,None
48608,False,None,None,None,None,None,None
5869,False,appreciation,appreciation,appreciation,None,None,appreciation
6531,False,appreciation,appreciation,appreciation,None,None,appreciation
5662,False,None,None,None,None,None,None
57144,False,None,None,None,None,None,None
1222,False,None,None,None,None,None,None
56880,False,None,None,None,None,None,None
71162,False,None,None,None,None,None,None
63844,False,None,None,None,None,None,None
2998,False,appreciation,appreciation,appreciation,None,None,appreciation
7164,False,None,None,None,None,None,None
62160,False,None,None,None,None,None,None
47544,False,None,None,None,None,None,None
7505,False,appreciation,appreciation,appreciation,None,None,appreciation
5096,False,None,None,None,None,None,None
6953,False,None,None,None,None,None,None
19522,False,None,None,None,None,None,None
52832,False,None,None,None,None,None,None
14666,False,None,None,None,None,None,None
7644,False,appreciation,appreciation,appreciation,None,None,appreciation
32288,False,None,None,None,None,None,None
25824,False,None,None,None,None,None,None
711,False,None,None,appreciation,None,None,None
19510,False,None,None,None,None,None,None
22046,False,appreciation,None,appreciation,None,None,None
38886,False,None,None,None,None,None,None
11443,False,None,None,None,None,None,None
7649,False,None,None,None,None,None,None
22524,False,None,None,None,None,None,None
36526,False,None,None,None,None,None,None
8776,False,None,None,None,None,None,None
2570,False,appreciation,appreciation,appreciation,None,None,appreciation
7714,False,None,None,appreciation,None,None,None
42400,False,None,None,None,None,None,None
3116,False,appreciation,appreciation,appreciation,None,None,appreciation
25638,False,appreciation,appreciation,appreciation,None,None,appreciation
30428,False,None,None,None,None,None,None
47832,False,None,None,None,None,None,None
12363,False,None,None,None,None,None,None
60426,False,None,None,None,None,None,None
10409,False,None,None,None,None,None,None
4909,False,appreciation,appreciation,appreciation,None,None,appreciation
45226,False,None,None,None,None,None,None
62240,False,None,None,None,None,None,None
44634,False,None,None,None,None,None,None
2992,False,None,None,None,None,None,None
7383,False,None,None,None,None,None,None
50056,False,None,None,None,None,None,None
5655,False,appreciation,appreciation,appreciation,None,None,appreciation
1494,False,None,None,None,None,None,None
61222,False,None,None,None,None,None,None
62278,False,None,None,None,None,None,None
15580,False,None,None,None,None,None,None
11216,False,None,None,None,None,None,None
2985,False,appreciation,appreciation,appreciation,None,None,appreciation
911,False,None,None,None,None,None,None
45732,False,appreciation,appreciation,appreciation,None,None,appreciation
41858,False,None,None,None,None,None,None
51612,False,None,None,None,None,None,None
73634,False,None,None,None,None,None,None
6481,False,appreciation,appreciation,appreciation,None,None,appreciation
4688,False,appreciation,appreciation,appreciation,None,None,appreciation
73398,False,None,None,None,None,None,None
39522,False,None,None,None,None,None,None
10452,False,None,None,None,None,None,None
25316,False,None,None,None,None,None,None
55886,False,None,None,None,None,None,None
13379,False,None,None,None,None,None,None
35942,False,None,None,None,None,None,None
8943,False,None,None,None,None,None,None
8402,False,None,None,None,None,None,None
19862,False,None,None,None,None,None,None
40962,False,None,None,None,None,None,None
64882,False,None,None,None,None,None,None
9209,False,appreciation,appreciation,appreciation,None,None,appreciation
71682,False,None,None,None,None,None,None
11880,False,None,None,None,None,None,None
58860,False,None,None,None,None,None,None
6572,False,appreciation,None,appreciation,None,None,None
26696,False,None,None,None,None,None,None
5930,False,appreciation,appreciation,appreciation,None,None,appreciation
52254,False,None,None,None,None,None,None
11954,False,appreciation,appreciation,appreciation,None,None,appreciation
45854,False,None,None,None,None,None,None
50304,False,None,None,None,None,None,None
27690,False,None,None,None,None,None,None
13220,False,None,None,None,None,None,None
8691,False,None,None,None,None,None,None
27594,False,None,None,None,None,None,None
41000,False,None,None,None,None,None,None
8690,False,appreciation,appreciation,appreciation,None,None,appreciation
5207,False,appreciation,appreciation,appreciation,None,None,appreciation
13922,False,appreciation,appreciation,appreciation,None,None,appreciation
11632,False,None,None,None,None,None,None
2436,False,appreciation,appreciation,appreciation,None,None,appreciation
18602,False,None,None,None,None,None,None
35530,False,None,None,None,None,None,None
7011,False,appreciation,appreciation,appreciation,None,None,appreciation
32304,False,None,None,None,None,None,None
59606,False,None,None,None,None,None,None
5598,False,appreciation,appreciation,appreciation,None,None,appreciation
72628,False,None,None,None,None,None,None
22682,False,None,None,None,None,None,None
4247,False,appreciation,appreciation,appreciation,None,None,appreciation
25342,False,None,None,None,None,None,None
43942,False,None,None,None,None,None,None
10258,False,None,None,None,None,None,None
11526,False,None,None,None,None,None,None
10651,False,appreciation,None,appreciation,None,None,None
6779,False,appreciation,appreciation,appreciation,None,None,appreciation
12972,False,None,None,None,None,None,None
36514,False,None,None,None,None,None,None
1298,False,None,None,None,None,None,None
19464,False,None,None,None,None,None,None
13142,False,None,None,None,None,None,None
66112,False,None,None,None,None,None,None
36782,False,None,None,None,None,None,None
50052,False,None,None,None,None,None,None
41596,False,None,None,None,None,None,None
73228,False,None,None,None,None,None,None
36406,False,None,None,None,None,None,None
68800,False,appreciation,None,appreciation,None,None,None
13295,False,None,None,None,None,None,None
61788,False,None,None,None,None,None,None
51652,False,None,None,None,None,None,None
2031,False,None,None,None,None,None,None
6643,False,appreciation,appreciation,appreciation,None,None,appreciation
57188,False,None,None,None,None,None,None
10426,False,None,None,None,None,None,None
8283,False,appreciation,appreciation,appreciation,None,None,None
70252,False,appreciation,appreciation,appreciation,None,None,appreciation
37784,False,None,None,None,None,None,None
59932,False,None,None,None,None,None,None
1619,False,appreciation,None,appreciation,None,None,None
45496,False,appreciation,appreciation,appreciation,None,None,appreciation
67498,False,None,None,None,None,None,None
13037,False,None,None,None,None,None,None
42474,False,None,None,None,None,None,None
66640,False,None,None,None,None,None,None
5030,False,None,None,None,None,None,None
71482,False,None,None,None,None,None,None
43556,False,None,None,None,None,None,None
51498,False,appreciation,appreciation,appreciation,None,None,appreciation
11909,False,None,None,None,None,None,None
4800,False,None,None,None,None,None,None
61264,False,None,None,appreciation,None,None,None
19360,False,None,None,None,None,None,None
63926,False,None,None,None,None,None,None
41262,False,None,None,None,None,None,None
59806,False,None,None,None,None,None,None
38040,False,None,None,None,None,None,None
13514,False,None,None,None,None,None,None
34000,False,None,None,None,None,None,None
10059,False,None,None,None,None,None,None
9270,False,None,None,None,None,None,None
22496,False,None,None,None,None,None,None
41260,False,None,None,None,None,None,None
16348,False,None,None,None,None,None,None
3574,False,appreciation,appreciation,appreciation,None,None,appreciation
3871,False,None,None,None,None,None,None
71152,False,None,None,None,None,None,None
37894,False,None,None,None,None,None,None
17642,False,None,None,None,None,None,None
21660,False,None,None,None,None,None,None
19230,False,appreciation,None,appreciation,None,None,None
68922,False,None,None,None,None,None,None
43940,False,None,None,appreciation,None,None,None
11122,False,None,None,None,None,None,None
12869,False,None,None,None,None,None,None
28232,False,None,None,None,None,None,None
53488,False,None,None,None,None,None,None
21762,False,None,None,None,None,None,None
57794,False,None,None,None,None,None,None
12387,False,None,None,None,None,None,None
64392,False,None,None,None,None,None,None
48998,False,None,None,None,None,None,None
62320,False,None,None,None,None,None,None
72698,False,None,None,None,None,None,None
23828,False,appreciation,appreciation,appreciation,None,None,appreciation
57202,False,None,None,None,None,None,None
73790,False,None,None,None,None,None,None
55862,False,None,None,None,None,None,None
61668,False,None,None,None,None,None,None
13233,False,None,None,None,None,None,None
69032,False,None,None,None,None,None,None
23332,False,None,None,None,None,None,None
132,False,None,None,None,None,None,None
33938,False,None,None,None,None,None,None
36894,False,None,None,None,None,None,None
66698,False,None,None,None,None,None,None
27776,False,None,None,None,None,None,None
57160,False,None,None,None,None,None,None
68248,False,appreciation,appreciation,appreciation,None,None,appreciation
68722,False,None,None,None,None,None,None
875,False,None,None,None,None,None,None
2687,False,appreciation,appreciation,appreciation,None,None,appreciation
11689,False,None,None,None,None,None,None
58612,False,None,None,None,None,None,None
3810,False,None,None,None,None,None,None
31610,False,None,None,None,None,None,None
40022,False,None,None,None,None,None,None
8857,False,appreciation,None,appreciation,None,None,None
25172,False,None,None,None,None,None,None
67422,False,None,None,None,None,None,None
12563,False,None,None,None,None,None,None
45348,False,None,None,None,None,None,None
26304,False,None,None,None,None,None,None
19850,False,None,None,None,None,None,None
2683,False,None,None,None,None,None,None
52696,False,appreciation,None,appreciation,None,None,None
5519,False,appreciation,appreciation,appreciation,None,None,appreciation
14448,False,None,None,None,None,None,None
8051,False,None,None,appreciation,None,None,None
60322,False,None,None,None,None,None,None
16452,False,None,None,None,None,None,None
8308,False,appreciation,appreciation,appreciation,None,None,appreciation
35556,False,appreciation,appreciation,appreciation,None,None,appreciation
29214,False,None,None,None,None,None,None
1970,False,None,None,None,None,None,None
35794,False,None,None,None,None,None,None
11476,False,None,None,None,None,None,None
10800,False,None,None,None,None,None,None
6547,False,appreciation,appreciation,appreciation,None,None,appreciation
62050,False,None,None,None,None,None,None
61362,False,None,None,None,None,None,None
41048,False,None,None,None,None,None,None
6007,False,appreciation,appreciation,appreciation,None,None,appreciation
3432,False,None,None,None,None,None,None
13652,False,None,None,None,None,None,None
50928,False,None,None,None,None,None,None
363,False,None,None,None,None,None,None
59642,False,None,None,None,None,None,None
12673,False,None,None,None,None,None,None
8726,False,appreciation,appreciation,appreciation,None,None,appreciation
9769,False,None,None,None,None,None,None
71180,False,None,None,None,None,None,None
61832,False,None,None,None,None,None,None
8002,False,appreciation,appreciation,appreciation,None,None,appreciation
31680,False,None,None,None,None,None,None
151,False,None,None,None,None,None,None
54824,False,None,None,None,None,None,None
12322,False,None,None,None,None,None,None
55656,False,None,None,None,None,None,None
6592,False,appreciation,appreciation,appreciation,None,None,appreciation
4840,False,None,None,appreciation,None,None,None
8717,False,appreciation,None,appreciation,None,None,None
44944,False,None,None,None,None,None,None
41812,False,None,None,None,None,None,None
59000,False,None,None,None,None,None,None
969,False,None,None,None,None,None,None
39446,False,None,None,None,None,None,None
4917,False,None,None,None,None,None,None
58276,False,None,None,None,None,None,None
62678,False,None,None,None,None,None,None
64706,False,None,None,None,None,None,None
44566,False,None,None,None,None,None,None
10010,False,None,None,None,None,None,None
1730,False,None,None,None,None,None,None
39000,False,None,None,None,None,None,None
6568,False,appreciation,appreciation,appreciation,None,None,appreciation
6288,False,None,None,None,None,None,None
73712,False,None,None,None,None,None,None
39578,False,None,None,None,None,None,None
3183,False,None,None,None,None,None,None
7790,False,None,None,None,None,None,None
13087,False,None,None,None,None,None,None
8099,False,None,None,None,None,None,None
982,False,None,None,None,None,None,None
13395,False,None,None,None,None,None,None
36174,False,None,None,None,None,None,None
41754,False,None,None,None,None,None,None
33118,False,None,None,None,None,None,None
20328,False,None,None,None,None,None,None
5741,False,None,None,None,None,None,None
70998,False,None,None,None,None,None,None
65496,False,None,None,appreciation,None,None,None
6416,False,None,None,None,None,None,None
5293,False,None,None,None,None,None,None
3011,False,None,None,None,None,None,None
64524,False,None,None,None,None,None,None
15486,False,None,None,None,None,None,None
4206,False,None,None,None,None,None,None
58262,False,None,None,None,None,None,None
55782,False,None,None,None,None,None,None
12742,False,None,None,None,None,None,None
63172,False,None,None,None,None,None,None
37188,False,None,None,None,None,None,None
13817,False,None,None,None,None,None,None
65012,False,None,None,None,None,None,None
49030,False,appreciation,appreciation,appreciation,None,None,appreciation
66106,False,None,None,None,None,None,None
5904,False,None,None,None,None,None,None
12933,False,None,None,None,None,None,None
64964,False,None,None,None,None,None,None
70112,False,appreciation,None,appreciation,None,None,None
2363,False,None,None,None,None,None,None
45,False,appreciation,None,appreciation,None,None,None
44902,False,appreciation,None,appreciation,None,None,None
2790,False,appreciation,appreciation,appreciation,None,None,appreciation
42448,False,None,None,None,None,None,None
10073,False,None,None,None,None,None,None
22208,False,None,None,None,None,None,None
10358,False,None,None,None,None,None,None
44794,False,None,None,None,None,None,None
2944,False,appreciation,appreciation,appreciation,None,None,appreciation
30322,False,None,None,None,None,None,None
6816,False,appreciation,appreciation,appreciation,None,None,appreciation
21222,False,None,None,None,None,None,None
24446,False,None,None,None,None,None,None
67228,False,None,None,None,None,None,None
72320,False,None,None,None,None,None,None
45422,False,None,None,None,None,None,None
11323,False,None,None,None,None,None,None
10642,False,None,None,None,None,None,None
56404,False,None,None,None,None,None,None
1560,False,None,None,None,None,None,None
43916,False,None,None,None,None,None,None
12038,False,None,None,None,None,None,None
42218,False,None,None,None,None,None,None
34126,False,None,None,None,None,None,None
8763,False,appreciation,appreciation,appreciation,None,None,appreciation
48670,False,None,None,None,None,None,None
61386,False,None,None,None,None,None,None
2663,False,None,None,appreciation,None,None,None
2396,False,None,None,None,None,None,None
6687,False,appreciation,appreciation,appreciation,None,None,appreciation
4679,False,appreciation,appreciation,appreciation,None,None,appreciation
72034,False,None,None,None,None,None,None
817,False,None,None,None,None,None,None
72298,False,None,None,None,None,None,None
12349,False,None,None,None,None,None,None
9773,False,None,None,None,None,None,None
62416,False,None,None,None,None,None,None
9746,False,None,None,appreciation,None,None,None
7877,False,appreciation,appreciation,appreciation,None,None,appreciation
65928,False,None,None,None,None,None,None
30314,False,None,None,None,None,None,None
71140,False,appreciation,appreciation,appreciation,None,None,appreciation
58394,False,None,None,None,None,None,None
3608,False,appreciation,appreciation,appreciation,None,None,appreciation
56604,False,None,None,None,None,None,None
6805,False,appreciation,appreciation,appreciation,None,None,appreciation
3456,False,appreciation,appreciation,appreciation,None,None,appreciation
57766,False,None,None,None,None,None,None
33434,False,None,None,None,None,None,None
13260,False,None,None,None,None,None,None
72128,False,None,None,None,None,None,None
68200,False,None,None,None,None,None,None
17738,False,appreciation,appreciation,appreciation,None,None,appreciation
41894,False,None,None,None,None,None,None
69084,False,None,None,None,None,None,None
42788,False,None,None,None,None,None,None
12028,False,None,None,None,None,None,None
4847,False,appreciation,appreciation,appreciation,None,None,appreciation
70556,False,appreciation,appreciation,appreciation,None,None,appreciation
18370,False,None,None,None,None,None,None
59012,False,None,None,None,None,None,None
11061,False,None,None,None,None,None,None
26564,False,None,None,None,None,None,None
45324,False,appreciation,None,appreciation,None,None,None
49398,False,None,None,None,None,None,None
17718,False,None,None,None,None,None,None
19200,False,None,None,None,None,None,None
3652,False,appreciation,appreciation,appreciation,None,None,appreciation
7224,False,appreciation,None,appreciation,None,None,None
46950,False,None,None,None,None,None,None
3474,False,appreciation,appreciation,appreciation,None,None,appreciation
16262,False,None,None,None,None,None,None
5364,False,appreciation,appreciation,appreciation,None,None,appreciation
19454,False,appreciation,None,appreciation,None,None,None
52796,False,None,None,None,None,None,None
22436,False,None,None,None,None,None,None
3655,False,appreciation,appreciation,appreciation,None,None,appreciation
55398,False,None,None,None,None,None,None
8791,False,None,None,None,None,None,None
4193,False,None,None,appreciation,None,None,None
17460,False,None,None,None,None,None,None
7638,False,appreciation,appreciation,appreciation,None,None,appreciation
48330,False,None,None,None,None,None,None
12856,False,None,None,None,None,None,None
13511,False,None,None,None,None,None,None
18184,False,None,None,None,None,None,None
54530,False,None,None,None,None,None,None
36298,False,None,None,None,None,None,None
55132,False,None,None,None,None,None,None
9393,False,None,None,None,None,None,None
7506,False,appreciation,appreciation,appreciation,None,None,appreciation
48292,False,None,None,None,None,None,None
6252,False,appreciation,appreciation,appreciation,None,None,appreciation
29620,False,None,None,None,None,None,None
16214,False,None,None,None,None,None,None
68874,False,None,None,None,None,None,None
20014,False,None,None,None,None,None,None
42912,False,None,None,None,None,None,None
51592,False,None,None,None,None,None,None
73788,False,None,None,None,None,None,None
53822,False,None,None,None,None,None,None
48024,False,None,None,None,None,None,None
825,False,appreciation,None,appreciation,None,None,None
17652,False,None,None,None,None,None,None
4663,False,appreciation,appreciation,appreciation,None,None,appreciation
67630,False,None,None,None,None,None,None
73220,False,None,None,appreciation,None,None,None
6419,False,None,None,None,None,None,None
16202,False,None,None,None,None,None,None
52060,False,appreciation,None,appreciation,None,None,None
12671,False,None,None,None,None,None,None
55740,False,None,None,None,None,None,None
59100,False,None,None,None,None,None,None
63700,False,None,None,None,None,None,None
31790,False,None,None,None,None,None,None
6224,False,appreciation,appreciation,appreciation,None,None,appreciation
21638,False,None,None,None,None,None,None
5765,False,appreciation,appreciation,appreciation,None,None,appreciation
26134,False,None,None,None,None,None,None
2229,False,None,None,None,None,None,None
73070,False,None,None,None,None,None,None
14280,False,None,None,None,None,None,None
26222,False,None,None,None,None,None,None
33554,False,None,None,None,None,None,None
11592,False,None,None,None,None,None,None
65912,False,None,None,None,None,None,None
27072,False,None,None,None,None,None,None
51884,False,None,None,None,None,None,None
3386,False,appreciation,appreciation,appreciation,None,None,appreciation
6146,False,appreciation,appreciation,appreciation,None,None,appreciation
29636,False,None,None,None,None,None,None
56920,False,None,None,None,None,None,None
11184,False,None,None,None,None,None,None
1657,False,appreciation,None,appreciation,None,None,None
18644,False,None,None,None,None,None,None
62540,False,None,None,None,None,None,None
64302,False,None,None,appreciation,None,None,None
69658,False,None,None,None,None,None,None
60880,False,None,None,None,None,None,None
41786,False,None,None,None,None,None,None
73604,False,None,None,None,None,None,None
73274,False,None,None,None,None,None,None
54684,False,None,None,None,None,None,None
10002,False,None,None,None,None,None,None
3515,False,None,None,None,None,None,None
35552,False,None,None,None,None,None,None
42038,False,None,None,None,None,None,None
60190,False,None,None,appreciation,None,None,None
26880,False,None,None,None,None,None,None
53776,False,None,None,None,None,None,None
46480,False,None,None,None,None,None,None
26856,False,None,None,None,None,None,None
6579,False,None,None,None,None,None,None
2773,False,appreciation,None,appreciation,None,None,None
13013,False,None,None,None,None,None,None
9191,False,appreciation,appreciation,appreciation,None,None,appreciation
3065,False,appreciation,appreciation,appreciation,None,None,appreciation
11048,False,None,None,None,None,None,None
10769,False,None,None,appreciation,None,None,None
7391,False,appreciation,appreciation,appreciation,None,None,appreciation
1357,False,None,None,None,None,None,None
73068,False,None,None,None,None,None,None
29962,False,appreciation,appreciation,appreciation,None,None,appreciation
18424,False,None,None,None,None,None,None
26506,False,None,None,appreciation,None,None,None
16354,False,None,None,None,None,None,None
5485,False,appreciation,appreciation,appreciation,None,None,appreciation
63044,False,None,None,None,None,None,None
40230,False,None,None,None,None,None,None
69720,False,None,None,None,None,None,None
24018,False,None,None,None,None,None,None
26860,False,None,None,None,None,None,None
15288,False,None,None,None,None,None,None
667,False,appreciation,None,appreciation,None,None,None
8502,False,None,None,None,None,None,None
5056,False,appreciation,appreciation,appreciation,None,None,appreciation
22670,False,None,None,None,None,None,None
930,False,None,None,None,None,None,None
5587,False,appreciation,appreciation,appreciation,None,None,appreciation
42786,False,None,None,None,None,None,None
16338,False,None,None,None,None,None,None
6189,False,None,None,None,None,None,None
10179,False,None,None,None,None,None,None
64332,False,None,None,None,None,None,None
11963,False,None,None,None,None,None,None
13242,False,None,None,None,None,None,None
10917,False,None,None,None,None,None,None
69186,False,None,None,None,None,None,None
14664,False,None,None,None,None,None,None
15702,False,None,None,None,None,None,None
34348,False,None,None,None,None,None,None
70146,False,None,None,None,None,None,None
3748,False,appreciation,appreciation,appreciation,None,None,appreciation
48594,False,None,None,None,None,None,None
63846,False,None,None,None,None,None,None
8715,False,appreciation,appreciation,appreciation,None,None,appreciation
55346,False,None,None,None,None,None,None
71186,False,appreciation,appreciation,appreciation,None,None,appreciation
5696,False,appreciation,appreciation,appreciation,None,None,appreciation
17936,False,None,None,None,None,None,None
4819,False,appreciation,appreciation,appreciation,None,None,appreciation
33026,False,None,None,None,None,None,None
57334,False,appreciation,appreciation,appreciation,None,None,appreciation
37560,False,None,None,None,None,None,None
33674,False,None,None,None,None,None,None
67518,False,None,None,None,None,None,None
48038,False,None,None,None,None,None,None
5750,False,appreciation,appreciation,appreciation,None,None,appreciation
70280,False,None,None,None,None,None,None
12777,False,None,None,None,None,None,None
19258,False,appreciation,None,appreciation,None,None,None
7664,False,None,None,None,None,None,None
72438,False,None,None,None,None,None,None
60290,False,None,None,None,None,None,None
62418,False,None,None,None,None,None,None
11224,False,None,None,None,None,None,None
61554,False,None,None,None,None,None,None
32980,False,None,None,None,None,None,None
11948,False,None,None,None,None,None,None
9238,False,None,None,None,None,None,None
21934,False,appreciation,None,appreciation,None,None,None
46566,False,None,None,None,None,None,None
8914,False,appreciation,appreciation,appreciation,None,None,appreciation
42080,False,None,None,None,None,None,None
45512,False,appreciation,appreciation,appreciation,None,None,appreciation
53108,False,None,None,None,None,None,None
42536,False,None,None,None,None,None,None
6301,False,appreciation,appreciation,appreciation,None,None,appreciation
758,False,None,None,None,None,None,None
61206,False,None,None,None,None,None,None
51038,False,None,None,None,None,None,None
43776,False,None,None,None,None,None,None
10622,False,None,None,None,None,None,None
12320,False,None,None,None,None,None,None
49452,False,None,None,appreciation,None,None,None
58278,False,None,None,None,None,None,None
10943,False,None,None,None,None,None,None
6645,False,appreciation,appreciation,appreciation,None,None,appreciation
17550,False,None,None,None,None,None,None
8650,False,appreciation,appreciation,appreciation,None,None,appreciation
3332,False,appreciation,appreciation,appreciation,None,None,appreciation
31152,False,None,None,None,None,None,None
42380,False,None,None,None,None,None,None
49102,False,None,None,None,None,None,None
73776,False,None,None,None,None,None,None
37568,False,None,None,None,None,None,None
4104,False,appreciation,appreciation,appreciation,None,None,appreciation
6642,False,appreciation,appreciation,appreciation,None,None,appreciation
29254,False,None,None,None,None,None,None
14712,False,None,None,None,None,None,None
55144,False,None,None,None,None,None,None
13237,False,None,None,None,None,None,None
37094,False,None,None,None,None,None,None
443,False,None,None,None,None,None,None
69748,False,None,None,None,None,None,None
68924,False,None,None,None,None,None,None
12160,False,None,None,None,None,None,None
32194,False,None,None,None,None,None,None
23720,False,appreciation,appreciation,appreciation,None,None,appreciation
6143,False,appreciation,appreciation,appreciation,None,None,appreciation
3905,False,appreciation,appreciation,appreciation,None,None,appreciation
28974,False,None,None,appreciation,None,None,None
26700,False,None,None,None,None,None,None
25392,False,None,None,None,None,None,None
61508,False,None,None,None,None,None,None
23960,False,None,None,None,None,None,None
51874,False,None,None,None,None,None,None
33124,False,None,None,None,None,None,None
17586,False,None,None,None,None,None,None
1853,False,None,None,None,None,None,None
4721,False,None,None,None,None,None,None
13609,False,None,None,None,None,None,None
47986,False,None,None,None,None,None,None
12820,False,None,None,None,None,None,None
28888,False,None,None,None,None,None,None
69450,False,None,None,None,None,None,None
13753,False,None,None,None,None,None,None
7896,False,appreciation,appreciation,appreciation,None,None,appreciation
16376,False,None,None,None,None,None,None
29592,False,None,None,None,None,None,None
5151,False,appreciation,appreciation,appreciation,None,None,appreciation
51598,False,None,None,None,None,None,None
54554,False,None,None,None,None,None,None
10128,False,None,None,None,None,None,None
40454,False,None,None,None,None,None,None
38206,False,None,None,None,None,None,None
16650,False,None,None,None,None,None,None
3711,False,None,None,appreciation,None,None,None
5931,False,appreciation,appreciation,appreciation,None,None,appreciation
5559,False,appreciation,appreciation,appreciation,None,None,appreciation
20592,False,None,None,None,None,None,None
47726,False,None,None,None,None,None,None
7472,False,appreciation,appreciation,appreciation,None,None,appreciation
66596,False,None,None,None,None,None,None
43890,False,None,None,None,None,None,None
59906,False,appreciation,appreciation,appreciation,None,None,appreciation
8154,False,None,None,None,None,None,None
1808,False,appreciation,appreciation,appreciation,None,None,appreciation
47788,False,None,None,None,None,None,None
34368,False,None,None,None,None,None,None
58340,False,None,None,None,None,None,None
28590,False,None,None,None,None,None,None
17444,False,None,None,None,None,None,None
40698,False,None,None,None,None,None,None
34648,False,appreciation,None,appreciation,None,None,None
12503,False,None,None,None,None,None,None
31616,False,None,None,None,None,None,None
33476,False,None,None,None,None,None,None
6972,False,appreciation,appreciation,appreciation,None,None,appreciation
36182,False,None,None,None,None,None,None
38830,False,None,None,None,None,None,None
9176,False,None,None,None,None,None,None
8645,False,appreciation,appreciation,appreciation,None,None,appreciation
18552,False,None,None,None,None,None,None
28818,False,None,None,None,None,None,None
18554,False,None,None,None,None,None,None
30032,False,None,None,None,None,None,None
10362,False,appreciation,appreciation,appreciation,None,None,appreciation
26566,False,None,None,None,None,None,None
39496,False,None,None,None,None,None,None
9273,False,None,None,None,None,None,None
10667,False,None,None,None,None,None,None
20542,False,None,None,None,None,None,None
7157,False,appreciation,appreciation,appreciation,None,None,appreciation
62144,False,None,None,None,None,None,None
6156,False,appreciation,None,appreciation,None,None,None
42414,False,None,None,None,None,None,None
58978,False,None,None,None,None,None,None
12373,False,None,None,None,None,None,None
15010,False,None,None,None,None,None,None
500,False,None,None,None,None,None,None
4928,False,None,None,None,None,None,None
13528,False,None,None,None,None,None,None
11328,False,None,None,None,None,None,None
38146,False,None,None,appreciation,None,None,None
33748,False,None,None,None,None,None,None
73660,False,None,None,None,None,None,None
5113,False,appreciation,appreciation,appreciation,None,None,appreciation
70182,False,None,None,None,None,None,None
32616,False,None,None,None,None,None,None
4045,False,appreciation,appreciation,appreciation,None,None,appreciation
2986,False,appreciation,appreciation,appreciation,None,None,appreciation
13524,False,None,None,None,None,None,None
49456,False,None,None,None,None,None,None
1209,False,None,None,None,None,None,None
11018,False,None,None,None,None,None,None
60034,False,appreciation,None,appreciation,None,None,None
5860,False,appreciation,appreciation,appreciation,None,None,appreciation
39032,False,None,None,None,None,None,None
13737,False,None,None,None,None,None,None
1210,False,None,None,None,None,None,None
22684,False,None,None,None,None,None,None
35742,False,None,None,None,None,None,None
43284,False,None,None,None,None,None,None
7310,False,None,None,None,None,None,None
58102,False,None,None,None,None,None,None
20768,False,None,None,None,None,None,None
21306,False,appreciation,None,appreciation,None,None,None
7386,False,appreciation,appreciation,appreciation,None,None,appreciation
34108,False,None,None,None,None,None,None
45056,False,appreciation,appreciation,appreciation,None,None,appreciation
4927,False,appreciation,appreciation,appreciation,None,None,appreciation
52310,False,None,None,None,None,None,None
2437,False,appreciation,appreciation,appreciation,None,None,appreciation
7496,False,None,None,None,None,None,None
10728,False,None,None,None,None,None,None
4548,False,None,None,None,None,None,None
30806,False,None,None,None,None,None,None
16272,False,None,None,None,None,None,None
14218,False,None,None,None,None,None,None
12652,False,None,None,None,None,None,None
67048,False,None,None,None,None,None,None
3024,False,appreciation,appreciation,appreciation,None,None,appreciation
57606,False,None,None,None,None,None,None
4824,False,appreciation,appreciation,appreciation,None,None,appreciation
51764,False,None,None,None,None,None,None
50100,False,None,None,None,None,None,None
43430,False,None,None,None,None,None,None
7914,False,appreciation,appreciation,appreciation,None,None,appreciation
27344,False,None,None,None,None,None,None
72670,False,None,None,None,None,None,None
12025,False,None,None,None,None,None,None
63892,False,None,None,None,None,None,None
72508,False,None,None,None,None,None,None
8006,False,appreciation,None,appreciation,None,None,None
14340,False,None,None,None,None,None,None
63612,False,None,None,None,None,None,None
4000,False,appreciation,appreciation,appreciation,None,None,appreciation
40068,False,None,None,None,None,None,None
41632,False,None,None,None,None,None,None
294,False,None,None,None,None,None,None
48832,False,appreciation,None,appreciation,None,None,None
61186,False,None,None,None,None,None,None
41872,False,None,None,None,None,None,None
7888,False,appreciation,appreciation,appreciation,None,None,appreciation
38582,False,None,None,None,None,None,None
8878,False,None,None,None,None,None,None
12596,False,None,None,None,None,None,None
48774,False,None,None,None,None,None,None
27356,False,appreciation,appreciation,appreciation,None,None,appreciation
33950,False,None,None,None,None,None,None
24510,False,appreciation,appreciation,appreciation,None,None,appreciation
41,False,None,None,None,None,None,None
14962,False,None,None,None,None,None,None
3157,False,appreciation,appreciation,appreciation,None,None,appreciation
13000,False,None,None,None,None,None,None
8013,False,None,None,appreciation,None,None,None
4614,False,None,None,appreciation,None,None,None
9321,False,None,None,None,None,None,None
11313,False,None,None,None,None,None,None
19208,False,None,None,None,None,None,None
40062,False,None,None,None,None,None,None
61340,False,None,None,None,None,None,None
8381,False,appreciation,None,appreciation,None,None,None
9154,False,None,None,None,None,None,None
3865,False,appreciation,appreciation,appreciation,None,None,appreciation
19340,False,None,None,None,None,None,None
7456,False,appreciation,appreciation,appreciation,None,None,None
53800,False,None,None,None,None,None,None
8116,False,appreciation,None,appreciation,None,None,None
37018,False,None,None,None,None,None,None
34918,False,None,None,None,None,None,None
71112,False,None,None,None,None,None,None
7427,False,None,None,None,None,None,None
72472,False,None,None,None,None,None,None
47550,False,None,None,None,None,None,None
34814,False,None,None,appreciation,None,None,None
5225,False,appreciation,appreciation,appreciation,None,None,appreciation
8206,False,appreciation,appreciation,appreciation,None,None,appreciation
5592,False,appreciation,appreciation,appreciation,None,None,appreciation
11575,False,None,None,None,None,None,None
48290,False,appreciation,appreciation,appreciation,None,None,appreciation
5922,False,appreciation,appreciation,appreciation,None,None,appreciation
13746,False,None,None,None,None,None,None
1238,False,None,None,None,None,None,None
12294,False,None,None,None,None,None,None
33494,False,None,None,None,None,None,None
52278,False,None,None,None,None,None,None
5348,False,appreciation,appreciation,appreciation,None,None,appreciation
38702,False,None,None,None,None,None,None
10202,False,None,None,None,None,None,None
1119,False,None,None,None,None,None,None
73414,False,appreciation,appreciation,appreciation,None,None,appreciation
41226,False,None,None,None,None,None,None
12149,False,None,None,None,None,None,None
46258,False,None,None,None,None,None,None
247,False,None,None,None,None,None,None
33784,False,None,None,None,None,None,None
72340,False,None,None,None,None,None,None
2072,False,None,None,None,None,None,None
12710,False,None,None,None,None,None,None
12324,False,appreciation,appreciation,appreciation,None,None,None
10025,False,None,None,None,None,None,None
3913,False,appreciation,appreciation,appreciation,None,None,appreciation
59126,False,None,None,None,None,None,None
3906,False,None,None,appreciation,None,None,None
59310,False,None,None,None,None,None,None
7090,False,appreciation,appreciation,appreciation,None,None,appreciation
6138,False,appreciation,appreciation,appreciation,None,None,appreciation
40466,False,None,None,None,None,None,None
30380,False,None,None,None,None,None,None
69508,False,None,None,None,None,None,None
4083,False,None,None,appreciation,None,None,None
19172,False,None,None,None,None,None,None
71928,False,None,None,None,None,None,None
49534,False,None,None,None,None,None,None
7837,False,None,None,None,None,None,None
13855,False,None,None,None,None,None,None
59794,False,None,None,None,None,None,None
4872,False,appreciation,appreciation,appreciation,None,None,appreciation
66674,False,None,None,None,None,None,None
38278,False,None,None,None,None,None,None
6793,False,appreciation,appreciation,appreciation,None,None,appreciation
13563,False,None,None,None,None,None,None
3446,False,None,None,None,None,None,None
13257,False,None,None,None,None,None,None
44142,False,None,None,None,None,None,None
424,False,None,None,None,None,None,None
7751,False,None,None,None,None,None,None
24,False,appreciation,appreciation,appreciation,None,None,appreciation
16288,False,None,None,None,None,None,None
970,False,None,None,None,None,None,None
1097,False,None,None,None,None,None,None
12961,False,None,None,None,None,None,None
13561,False,None,None,None,None,None,None
7178,False,appreciation,None,appreciation,None,None,None
58386,False,None,None,None,None,None,None
11135,False,None,None,None,None,None,None
68822,False,None,None,None,None,None,None
2804,False,appreciation,appreciation,appreciation,None,None,appreciation
5026,False,appreciation,appreciation,appreciation,None,None,appreciation
53430,False,None,None,None,None,None,None
61216,False,None,None,None,None,None,None
36282,False,None,None,None,None,None,None
3328,False,None,None,None,None,None,None
42808,False,None,None,None,None,None,None
13006,False,None,None,None,None,None,None
14302,False,None,None,None,None,None,None
60314,False,None,None,None,None,None,None
72526,False,None,None,None,None,None,None
13747,False,None,None,None,None,None,None
73440,False,None,None,None,None,None,None
187,False,None,None,None,None,None,None
39834,False,None,None,None,None,None,None
7996,False,appreciation,appreciation,appreciation,None,None,appreciation
11192,False,None,None,None,None,None,None
7460,False,appreciation,appreciation,appreciation,None,None,None
52728,False,None,None,None,None,None,None
73762,False,None,None,None,None,None,None
31406,False,None,None,None,None,None,None
3495,False,appreciation,appreciation,appreciation,None,None,appreciation
57426,False,None,None,None,None,None,None
5252,False,None,None,None,None,None,None
26864,False,None,None,None,None,None,None
6778,False,appreciation,appreciation,appreciation,None,None,appreciation
72590,False,appreciation,appreciation,appreciation,None,None,appreciation
6249,False,appreciation,appreciation,appreciation,None,None,appreciation
2818,False,None,None,None,None,None,None
37702,False,None,None,None,None,None,None
34398,False,appreciation,appreciation,appreciation,None,None,appreciation
65808,False,None,None,None,None,None,None
5569,False,None,None,None,None,None,None
45082,False,None,None,None,None,None,None
34370,False,None,None,None,None,None,None
36160,False,None,None,None,None,None,None
39162,False,None,None,None,None,None,None
66090,False,None,None,None,None,None,None
37952,False,None,None,None,None,None,None
43034,False,None,None,None,None,None,None
10333,False,None,None,None,None,None,None
27668,False,None,None,None,None,None,None
6482,False,appreciation,appreciation,appreciation,None,None,appreciation
8333,False,None,None,None,None,None,None
28098,False,None,None,None,None,None,None
9079,False,None,None,None,None,None,None
5493,False,None,None,None,None,None,None
10860,False,None,None,None,None,None,None
44654,False,None,None,None,None,None,None
7018,False,appreciation,appreciation,appreciation,None,None,appreciation
35840,False,None,None,None,None,None,None
46358,False,None,None,None,None,None,None
4903,False,None,None,None,None,None,None
5964,False,appreciation,appreciation,appreciation,None,None,appreciation
471,False,None,None,None,None,None,None
15762,False,None,None,None,None,None,None
5794,False,appreciation,appreciation,appreciation,None,None,appreciation
29852,False,None,None,None,None,None,None
8873,False,None,None,None,None,None,None
6663,False,None,None,appreciation,None,None,None
52814,False,None,None,None,None,None,None
2602,False,appreciation,appreciation,appreciation,None,None,appreciation
42772,False,None,None,None,None,None,None
10165,False,None,None,None,None,None,None
20872,False,None,None,None,None,None,None
7809,False,None,None,None,None,None,None
4367,False,appreciation,appreciation,appreciation,None,None,appreciation
31504,False,None,None,None,None,None,None
38752,False,None,None,None,None,None,None
72502,False,None,None,None,None,None,None
42542,False,None,None,None,None,None,None
24878,False,None,None,None,None,None,None
12178,False,appreciation,appreciation,appreciation,None,None,appreciation
32930,False,None,None,None,None,None,None
40338,False,None,None,None,None,None,None
62574,False,None,None,None,None,None,None
60260,False,None,None,None,None,None,None
18090,False,None,None,None,None,None,None
9739,False,None,None,None,None,None,None
4995,False,None,None,None,None,None,None
72226,False,None,None,None,None,None,None
3642,False,appreciation,appreciation,appreciation,None,None,appreciation
10130,False,None,None,None,None,None,None
31844,False,None,None,None,None,None,None
35798,False,None,None,None,None,None,None
62518,False,appreciation,appreciation,appreciation,None,None,appreciation
29372,False,None,None,None,None,None,None
19324,False,None,None,None,None,None,None
47342,False,None,None,None,None,None,None
18534,False,None,None,None,None,None,None
5075,False,appreciation,appreciation,appreciation,None,None,appreciation
6581,False,None,None,None,None,None,None
4777,False,appreciation,appreciation,appreciation,None,None,appreciation
2766,False,None,None,None,None,None,None
2326,False,appreciation,appreciation,appreciation,None,None,appreciation
6310,False,appreciation,appreciation,appreciation,None,None,appreciation
16374,False,None,None,None,None,None,None
67754,False,None,None,None,None,None,None
13332,False,None,None,None,None,None,None
26866,False,None,None,None,None,None,None
49002,False,None,None,None,None,None,None
31198,False,None,None,None,None,None,None
14406,False,None,None,None,None,None,None
7616,False,None,None,appreciation,None,None,None
8038,False,appreciation,appreciation,appreciation,None,None,appreciation
40064,False,None,None,None,None,None,None
24378,False,None,None,None,None,None,None
49484,False,None,None,None,None,None,None
63420,False,None,None,appreciation,None,None,None
221,False,None,None,None,None,None,None
42752,False,None,None,None,None,None,None
69112,False,None,None,None,None,None,None
31220,False,None,None,None,None,None,None
13128,False,None,None,None,None,None,None
3631,False,None,None,None,None,None,None
10251,False,None,None,None,None,None,None
13828,False,None,None,None,None,None,None
47472,False,None,None,None,None,None,None
57860,False,None,None,None,None,None,None
5637,False,appreciation,appreciation,appreciation,None,None,appreciation
6325,False,appreciation,appreciation,appreciation,None,None,appreciation
36874,False,None,None,None,None,None,None
47584,False,None,None,None,None,None,None
44324,False,None,None,None,None,None,None
31196,False,None,None,None,None,None,None
10309,False,None,None,None,None,None,None
53788,False,None,None,None,None,None,None
11152,False,None,None,None,None,None,None
45346,False,None,None,None,None,None,None
31704,False,None,None,None,None,None,None
72422,False,None,None,None,None,None,None
63432,False,None,None,None,None,None,None
16154,False,None,None,None,None,None,None
4321,False,None,None,None,None,None,None
12779,False,None,None,None,None,None,None
50932,False,None,None,None,None,None,None
7675,False,appreciation,appreciation,appreciation,None,None,appreciation
5571,False,None,None,None,None,None,None
52234,False,None,None,None,None,None,None
12914,False,None,None,None,None,None,None
12911,False,None,None,None,None,None,None
70566,False,appreciation,appreciation,appreciation,None,None,appreciation
7215,False,appreciation,appreciation,appreciation,None,None,appreciation
12768,False,None,None,None,None,None,None
5034,False,appreciation,None,appreciation,None,None,None
5807,False,None,None,None,None,None,None
15792,False,None,None,None,None,None,None
1299,False,appreciation,appreciation,appreciation,None,None,appreciation
69832,False,None,None,None,None,None,None
2446,False,appreciation,appreciation,appreciation,None,None,appreciation
47470,False,None,None,None,None,None,None
41278,False,None,None,None,None,None,None
29242,False,None,None,None,None,None,None
49652,False,None,None,None,None,None,None
16602,False,None,None,None,None,None,None
10175,False,None,None,None,None,None,None
8809,False,appreciation,appreciation,appreciation,None,None,appreciation
11890,False,None,None,None,None,None,None
2774,False,appreciation,appreciation,appreciation,None,None,appreciation
46302,False,appreciation,None,appreciation,None,None,None
23804,False,None,None,None,None,None,None
6241,False,None,None,appreciation,None,None,None
3218,False,appreciation,None,appreciation,None,None,None
17798,False,appreciation,appreciation,appreciation,None,None,appreciation
13306,False,None,None,None,None,None,None
65060,False,None,None,None,None,None,None
11597,False,None,None,None,None,None,None
73340,False,None,None,None,None,None,None
169,False,None,None,None,None,None,None
7909,False,None,None,None,None,None,None
4329,False,appreciation,appreciation,appreciation,None,None,appreciation
55720,False,None,None,None,None,None,None
23946,False,appreciation,appreciation,appreciation,None,None,appreciation
4835,False,appreciation,appreciation,appreciation,None,None,appreciation
3636,False,appreciation,appreciation,appreciation,None,None,appreciation
63860,False,None,None,None,None,None,None
68890,False,None,None,None,None,None,None
5898,False,appreciation,appreciation,appreciation,None,None,appreciation
25380,False,appreciation,appreciation,appreciation,None,None,appreciation
10775,False,None,None,None,None,None,None
58236,False,None,None,None,None,None,None
53028,False,None,None,None,None,None,None
52626,False,None,None,None,None,None,None
2380,False,None,None,None,None,None,None
11862,False,None,None,None,None,None,None
6749,False,None,None,None,None,None,None
4867,False,None,None,None,None,None,None
16208,False,None,None,None,None,None,None
57396,False,None,None,None,None,None,None
33792,False,None,None,None,None,None,None
2045,False,None,None,None,None,None,None
53054,False,None,None,None,None,None,None
45066,False,appreciation,appreciation,appreciation,None,None,appreciation
2795,False,None,None,None,None,None,None
7830,False,appreciation,appreciation,appreciation,None,None,appreciation
5130,False,appreciation,appreciation,appreciation,None,None,appreciation
2455,False,appreciation,appreciation,appreciation,None,None,appreciation
3063,False,None,None,None,None,None,None
23832,False,appreciation,appreciation,appreciation,None,None,appreciation
6590,False,None,None,None,None,None,None
6837,False,appreciation,appreciation,appreciation,None,None,None
3162,False,appreciation,appreciation,appreciation,None,None,appreciation
61232,False,None,None,None,None,None,None
38008,False,None,None,None,None,None,None
55644,False,None,None,None,None,None,None
12970,False,None,None,None,None,None,None
28096,False,None,None,None,None,None,None
73796,False,None,None,None,None,None,None
48598,False,None,None,None,None,None,None
9979,False,None,None,None,None,None,None
21246,False,None,None,None,None,None,None
73320,False,None,None,None,None,None,None
59138,False,None,None,None,None,None,None
7132,False,None,None,None,None,None,None
16728,False,None,None,None,None,None,None
32460,False,None,None,None,None,None,None
10871,False,None,None,None,None,None,None
15530,False,None,None,None,None,None,None
1432,False,None,None,None,None,None,None
7700,False,appreciation,appreciation,appreciation,None,None,appreciation
1107,False,None,None,None,None,None,None
4170,False,None,None,None,None,None,None
72954,False,None,None,None,None,None,None
60082,False,None,None,None,None,None,None
58640,False,appreciation,appreciation,appreciation,None,None,appreciation
10572,False,None,None,None,None,None,None
73656,False,None,None,None,None,None,None
25660,False,None,None,appreciation,None,None,None
72200,False,None,None,None,None,None,None
20012,False,None,None,None,None,None,None
60152,False,None,None,None,None,None,None
17658,False,None,None,None,None,None,None
63522,False,None,None,None,None,None,None
1418,False,None,None,None,None,None,None
72350,False,None,None,None,None,None,None
39562,False,appreciation,appreciation,appreciation,None,None,appreciation
8421,False,appreciation,appreciation,appreciation,None,None,appreciation
16162,False,None,None,None,None,None,None
18390,False,None,None,None,None,None,None
7271,False,appreciation,appreciation,appreciation,None,None,appreciation
5331,False,appreciation,appreciation,appreciation,None,None,appreciation
25432,False,appreciation,appreciation,appreciation,None,None,appreciation
6117,False,appreciation,appreciation,appreciation,None,None,appreciation
61394,False,None,None,None,None,None,None
30084,False,None,None,None,None,None,None
52012,False,None,None,None,None,None,None
43770,False,None,None,None,None,None,None
20332,False,None,None,None,None,None,None
49366,False,None,None,None,None,None,None
7244,False,appreciation,None,appreciation,None,None,None
8724,False,None,None,None,None,None,None
57548,False,None,None,None,None,None,None
11675,False,None,None,None,None,None,None
29188,False,None,None,None,None,None,None
31330,False,None,None,None,None,None,None
3971,False,appreciation,appreciation,appreciation,None,None,appreciation
3347,False,None,None,None,None,None,None
22018,False,None,None,None,None,None,None
9848,False,None,None,None,None,None,None
45160,False,None,None,None,None,None,None
13397,False,None,None,None,None,None,None
45090,False,appreciation,appreciation,appreciation,None,None,appreciation
1818,False,None,None,None,None,None,None
3135,False,appreciation,appreciation,appreciation,None,None,appreciation
10332,False,None,None,None,None,None,None
2956,False,appreciation,appreciation,appreciation,None,None,appreciation
6101,False,appreciation,appreciation,appreciation,None,None,appreciation
21126,False,None,None,None,None,None,None
7738,False,appreciation,appreciation,appreciation,None,None,None
67258,False,None,None,None,None,None,None
33454,False,None,None,None,None,None,None
63026,False,None,None,None,None,None,None
11754,False,None,None,None,None,None,None
25764,False,appreciation,appreciation,appreciation,None,None,appreciation
23990,False,None,None,None,None,None,None
48122,False,None,None,None,None,None,None
71914,False,None,None,None,None,None,None
61778,False,None,None,None,None,None,None
16810,False,None,None,None,None,None,None
58842,False,None,None,None,None,None,None
5332,False,None,None,appreciation,None,None,None
59818,False,None,None,appreciation,None,None,None
9986,False,None,None,None,None,None,None
5892,False,appreciation,appreciation,appreciation,None,None,appreciation
54522,False,None,None,None,None,None,None
5560,False,appreciation,None,appreciation,None,None,None
73246,False,None,None,None,None,None,None
38546,False,None,None,None,None,None,None
10429,False,None,None,None,None,None,None
31668,False,None,None,None,None,None,None
33976,False,None,None,None,None,None,None
73804,False,None,None,None,None,None,None
5340,False,appreciation,None,appreciation,None,None,None
65662,False,None,None,None,None,None,None
69484,False,appreciation,appreciation,appreciation,None,None,appreciation
36190,False,appreciation,appreciation,appreciation,None,None,appreciation
40706,False,None,None,None,None,None,None
71972,False,None,None,None,None,None,None
44254,False,None,None,None,None,None,None
3857,False,appreciation,appreciation,appreciation,None,None,appreciation
57024,False,appreciation,appreciation,appreciation,None,None,appreciation
43960,False,None,None,None,None,None,None
56616,False,None,None,None,None,None,None
26144,False,None,None,appreciation,None,None,None
73618,False,None,None,None,None,None,None
57308,False,None,None,None,None,None,None
60222,False,None,None,None,None,None,None
13896,False,None,None,None,None,None,None
3197,False,None,None,None,None,None,None
5502,False,appreciation,appreciation,appreciation,None,None,appreciation
16294,False,None,None,None,None,None,None
29614,False,None,None,None,None,None,None
8316,False,None,None,None,None,None,None
8136,False,appreciation,appreciation,appreciation,None,None,appreciation
9658,False,appreciation,appreciation,appreciation,None,None,appreciation
6901,False,appreciation,appreciation,appreciation,None,None,appreciation
14462,False,appreciation,appreciation,appreciation,None,None,appreciation
5825,False,appreciation,appreciation,appreciation,None,None,appreciation
44494,False,None,None,None,None,None,None
10931,False,None,None,None,None,None,None
35008,False,appreciation,appreciation,appreciation,None,None,appreciation
11299,False,None,None,None,None,None,None
29682,False,None,None,None,None,None,None
12901,False,None,None,None,None,None,None
19394,False,None,None,None,None,None,None
63136,False,None,None,None,None,None,None
72316,False,None,None,None,None,None,None
13003,False,None,None,None,None,None,None
6589,False,appreciation,appreciation,appreciation,None,None,appreciation
72400,False,None,None,None,None,None,None
33042,False,None,None,None,None,None,None
3327,False,None,None,None,None,None,None
51960,False,None,None,None,None,None,None
14260,False,None,None,None,None,None,None
72536,False,None,None,None,None,None,None
68652,False,None,None,None,None,None,None
5714,False,appreciation,appreciation,appreciation,None,None,appreciation
21072,False,None,None,None,None,None,None
56580,False,None,None,None,None,None,None
11608,False,None,None,None,None,None,None
9622,False,None,None,None,None,None,None
42466,False,None,None,None,None,None,None
14228,False,None,None,None,None,None,None
4264,False,appreciation,appreciation,appreciation,None,None,appreciation
70946,False,None,None,None,None,None,None
3402,False,appreciation,appreciation,appreciation,None,None,appreciation
41588,False,None,None,None,None,None,None
1294,False,None,None,None,None,None,None
8357,False,appreciation,None,appreciation,None,None,None
6011,False,appreciation,appreciation,appreciation,None,None,appreciation
72208,False,appreciation,appreciation,appreciation,None,None,appreciation
13615,False,None,None,None,None,None,None
27938,False,None,None,None,None,None,None
1669,False,None,None,None,None,None,None
19588,False,None,None,None,None,None,None
62694,False,None,None,None,None,None,None
36534,False,None,None,None,None,None,None
11388,False,None,None,None,None,None,None
4080,False,appreciation,appreciation,appreciation,None,None,appreciation
44928,False,None,None,None,None,None,None
10773,False,None,None,None,None,None,None
7949,False,None,None,appreciation,None,None,None
37942,False,None,None,None,None,None,None
8856,False,appreciation,appreciation,appreciation,None,None,appreciation
7774,False,appreciation,appreciation,appreciation,None,None,appreciation
18286,False,None,None,None,None,None,None
15192,False,None,None,None,None,None,None
18146,False,None,None,None,None,None,None
21804,False,appreciation,appreciation,appreciation,None,None,appreciation
9977,False,None,None,None,None,None,None
38610,False,None,None,None,None,None,None
29424,False,None,None,None,None,None,None
42720,False,None,None,None,None,None,None
4501,False,None,None,None,None,None,None
53786,False,None,None,None,None,None,None
22264,False,None,None,None,None,None,None
45048,False,None,None,None,None,None,None
6210,False,appreciation,appreciation,appreciation,None,None,appreciation
52252,False,None,None,None,None,None,None
3374,False,appreciation,appreciation,appreciation,None,None,appreciation
85,False,None,None,None,None,None,None
22220,False,None,None,None,None,None,None
5900,False,appreciation,appreciation,appreciation,None,None,appreciation
58946,False,None,None,None,None,None,None
10583,False,None,None,None,None,None,None
16660,False,None,None,None,None,None,None
61874,False,None,None,None,None,None,None
33140,False,None,None,None,None,None,None
8681,False,None,None,None,None,None,None
33396,False,None,None,None,None,None,None
73326,False,None,None,None,None,None,None
2454,False,appreciation,appreciation,appreciation,None,None,appreciation
7824,False,None,None,None,None,None,None
24666,False,None,None,None,None,None,None
56412,False,None,None,None,None,None,None
2702,False,None,None,None,None,None,None
36634,False,None,None,None,None,None,None
4793,False,appreciation,appreciation,appreciation,None,None,appreciation
6839,False,appreciation,appreciation,appreciation,None,None,appreciation
38216,False,None,None,None,None,None,None
13548,False,None,None,None,None,None,None
30698,False,None,None,None,None,None,None
14478,False,appreciation,appreciation,appreciation,None,None,appreciation
6875,False,appreciation,appreciation,appreciation,None,None,appreciation
55102,False,None,None,None,None,None,None
29380,False,None,None,None,None,None,None
6211,False,appreciation,appreciation,appreciation,None,None,appreciation
4511,False,appreciation,appreciation,appreciation,None,None,appreciation
2063,False,None,None,None,None,None,None
13014,False,None,None,None,None,None,None
37164,False,None,None,None,None,None,None
70188,False,None,None,None,None,None,None
42104,False,None,None,None,None,None,None
29340,False,None,None,None,None,None,None
56272,False,None,None,None,None,None,None
55950,False,None,None,None,None,None,None
64002,False,appreciation,appreciation,appreciation,None,None,appreciation
1875,False,None,None,None,None,None,None
66874,False,None,None,None,None,None,None
52352,False,None,None,None,None,None,None
63546,False,None,None,None,None,None,None
41500,False,None,None,None,None,None,None
10163,False,None,None,None,None,None,None
547,False,None,None,None,None,None,None
72546,False,appreciation,appreciation,appreciation,None,None,appreciation
2459,False,appreciation,appreciation,appreciation,None,None,appreciation
4966,False,None,None,None,None,None,None
24454,False,None,None,None,None,None,None
11927,False,None,None,None,None,None,None
36952,False,None,None,None,None,None,None
26790,False,None,None,None,None,None,None
7601,False,appreciation,appreciation,appreciation,None,None,appreciation
5311,False,None,None,None,None,None,None
7268,False,appreciation,appreciation,appreciation,None,None,appreciation
27562,False,None,None,None,None,None,None
12431,False,None,None,None,None,None,None
14354,False,None,None,None,None,None,None
784,False,None,None,None,None,None,None
11694,False,appreciation,appreciation,appreciation,None,None,appreciation
69462,False,appreciation,appreciation,appreciation,None,None,appreciation
10029,False,None,None,None,None,None,None
27110,False,None,None,None,None,None,None
9828,False,None,None,None,None,None,None
6235,False,None,None,None,None,None,None
32860,False,None,None,None,None,None,None
51748,False,None,None,None,None,None,None
44024,False,None,None,None,None,None,None
8624,False,appreciation,appreciation,appreciation,None,None,appreciation
40372,False,None,None,None,None,None,None
9446,False,None,None,None,None,None,None
2860,False,appreciation,appreciation,appreciation,None,None,appreciation
23718,False,None,None,None,None,None,None
19210,False,None,None,None,None,None,None
36994,False,None,None,None,None,None,None
52190,False,None,None,None,None,None,None
12399,False,None,None,None,None,None,None
8098,False,appreciation,appreciation,appreciation,None,None,appreciation
5639,False,appreciation,appreciation,appreciation,None,None,appreciation
23296,False,None,None,None,None,None,None
4638,False,appreciation,appreciation,appreciation,None,None,appreciation
8300,False,None,None,None,None,None,None
8836,False,None,None,None,None,None,None
597,False,None,None,None,None,None,None
6312,False,appreciation,appreciation,appreciation,None,None,appreciation
52804,False,None,None,None,None,None,None
26746,False,None,None,None,None,None,None
4567,False,None,None,None,None,None,None
25664,False,appreciation,appreciation,appreciation,None,None,appreciation
28158,False,None,None,None,None,None,None
4833,False,appreciation,None,appreciation,None,None,None
28826,False,None,None,None,None,None,None
20348,False,appreciation,appreciation,appreciation,None,None,appreciation
8588,False,appreciation,appreciation,appreciation,None,None,appreciation
11198,False,None,None,None,None,None,None
4067,False,appreciation,None,appreciation,None,None,None
5891,False,appreciation,appreciation,appreciation,None,None,appreciation
10982,False,None,None,None,None,None,None
8281,False,appreciation,appreciation,appreciation,None,None,appreciation
65484,False,None,None,None,None,None,None
65872,False,appreciation,None,appreciation,None,None,None
67552,False,None,None,None,None,None,None
10507,False,None,None,None,None,None,None
11813,False,None,None,None,None,None,None
2718,False,appreciation,appreciation,appreciation,None,None,appreciation
46884,False,None,None,None,None,None,None
68908,False,None,None,None,None,None,None
10743,False,None,None,None,None,None,None
3482,False,None,None,None,None,None,None
7421,False,appreciation,appreciation,appreciation,None,None,appreciation
42534,False,None,None,None,None,None,None
56890,False,None,None,None,None,None,None
28796,False,None,None,None,None,None,None
6240,False,None,None,None,None,None,None
18670,False,None,None,None,None,None,None
29212,False,None,None,None,None,None,None
53072,False,None,None,None,None,None,None
1013,False,appreciation,appreciation,appreciation,None,None,appreciation
57404,False,None,None,None,None,None,None
36900,False,None,None,None,None,None,None
61498,False,None,None,None,None,None,None
14816,False,appreciation,appreciation,appreciation,None,None,appreciation
37814,False,None,None,None,None,None,None
73738,False,None,None,None,None,None,None
6869,False,appreciation,appreciation,appreciation,None,None,appreciation
40980,False,None,None,None,None,None,None
11469,False,None,None,None,None,None,None
47126,False,None,None,None,None,None,None
73654,False,appreciation,appreciation,appreciation,None,None,appreciation
53702,False,None,None,None,None,None,None
39890,False,None,None,None,None,None,None
6439,False,appreciation,None,appreciation,None,None,None
37546,False,None,None,None,None,None,None
16276,False,None,None,None,None,None,None
50084,False,None,None,None,None,None,None
795,False,None,None,None,None,None,None
12985,False,None,None,None,None,None,None
64142,False,None,None,None,None,None,None
2533,False,None,None,appreciation,None,None,None
3755,False,appreciation,appreciation,appreciation,None,None,appreciation
11891,False,None,None,None,None,None,None
630,False,None,None,None,None,None,None
44606,False,None,None,None,None,None,None
64154,False,None,None,None,None,None,None
72666,False,None,None,None,None,None,None
64014,False,appreciation,None,appreciation,None,None,None
4719,False,appreciation,appreciation,appreciation,None,None,appreciation
36140,False,None,None,appreciation,None,None,None
1789,False,None,None,None,None,None,None
47288,False,None,None,None,None,None,None
53478,False,None,None,None,None,None,None
4626,False,None,None,None,None,None,None
36868,False,None,None,None,None,None,None
11507,False,None,None,None,None,None,None
66376,False,appreciation,appreciation,appreciation,None,None,appreciation
35514,False,None,None,None,None,None,None
12734,False,None,None,None,None,None,None
26158,False,None,None,None,None,None,None
15218,False,None,None,None,None,None,None
12871,False,None,None,None,None,None,None
43110,False,None,None,None,None,None,None
3734,False,appreciation,appreciation,appreciation,None,None,appreciation
26286,False,appreciation,appreciation,appreciation,None,None,appreciation
147,False,None,None,None,None,None,None
4797,False,appreciation,appreciation,appreciation,None,None,appreciation
43938,False,None,None,None,None,None,None
68782,False,None,None,None,None,None,None
20692,False,None,None,None,None,None,None
6338,False,None,None,None,None,None,None
55312,False,None,None,None,None,None,None
13168,False,None,None,None,None,None,None
16350,False,None,None,None,None,None,None
39686,False,None,None,None,None,None,None
49082,False,None,None,None,None,None,None
42228,False,None,None,None,None,None,None
4073,False,appreciation,appreciation,appreciation,None,None,appreciation
36530,False,None,None,None,None,None,None
25286,False,None,None,None,None,None,None
7503,False,appreciation,appreciation,appreciation,None,None,appreciation
12999,False,None,None,None,None,None,None
21800,False,appreciation,appreciation,appreciation,None,None,appreciation
2744,False,None,None,appreciation,None,None,None
13455,False,None,None,None,None,None,None
9229,False,None,None,None,None,None,None
1590,False,None,None,None,None,None,None
44144,False,None,None,None,None,None,None
72060,False,None,None,None,None,None,None
10153,False,None,None,None,None,None,None
34916,False,None,None,None,None,None,None
27090,False,None,None,None,None,None,None
62578,False,None,None,None,None,None,None
50936,False,appreciation,appreciation,appreciation,None,None,appreciation
7483,False,None,None,None,None,None,None
8858,False,appreciation,appreciation,appreciation,None,None,appreciation
45038,False,None,None,None,None,None,None
1122,False,None,None,None,None,None,None
61050,False,None,None,None,None,None,None
6794,False,appreciation,appreciation,appreciation,None,None,appreciation
2710,False,None,None,None,None,None,None
11363,False,None,None,None,None,None,None
17470,False,None,None,None,None,None,None
5528,False,appreciation,appreciation,appreciation,None,None,appreciation
58294,False,None,None,None,None,None,None
36332,False,None,None,None,None,None,None
12085,False,None,None,None,None,None,None
341,False,None,None,None,None,None,None
44170,False,None,None,None,None,None,None
13712,False,None,None,None,None,None,None
68174,False,None,None,None,None,None,None
62570,False,None,None,None,None,None,None
6702,False,appreciation,appreciation,appreciation,None,None,appreciation
5796,False,appreciation,appreciation,appreciation,None,None,appreciation
16076,False,None,None,None,None,None,None
1813,False,None,None,None,None,None,None
8222,False,appreciation,appreciation,appreciation,None,None,appreciation
13073,False,None,None,None,None,None,None
36638,False,None,None,None,None,None,None
47974,False,None,None,None,None,None,None
4834,False,appreciation,appreciation,appreciation,None,None,appreciation
20702,False,appreciation,None,appreciation,None,None,None
11570,False,None,None,None,None,None,None
1998,False,None,None,appreciation,None,None,None
12380,False,None,None,None,None,None,None
56456,False,None,None,None,None,None,None
55200,False,None,None,None,None,None,None
9029,False,appreciation,appreciation,appreciation,None,None,appreciation
4118,False,appreciation,appreciation,appreciation,None,None,appreciation
4337,False,appreciation,appreciation,appreciation,None,None,appreciation
7188,False,appreciation,appreciation,appreciation,None,None,appreciation
9525,False,None,None,None,None,None,None
3278,False,None,None,None,None,None,None
7370,False,appreciation,appreciation,appreciation,None,None,appreciation
9211,False,appreciation,appreciation,appreciation,None,None,appreciation
60958,False,None,None,None,None,None,None
64322,False,None,None,None,None,None,None
4196,False,appreciation,appreciation,appreciation,None,None,appreciation
3795,False,appreciation,appreciation,appreciation,None,None,appreciation
37508,False,appreciation,None,appreciation,None,None,None
72326,False,None,None,None,None,None,None
619,False,appreciation,appreciation,appreciation,None,None,appreciation
58346,False,None,None,None,None,None,None
2467,False,appreciation,appreciation,appreciation,None,None,appreciation
2536,False,appreciation,appreciation,appreciation,None,None,appreciation
51530,False,None,None,None,None,None,None
10717,False,None,None,None,None,None,None
67274,False,None,None,None,None,None,None
27200,False,None,None,None,None,None,None
12233,False,None,None,None,None,None,None
50974,False,None,None,None,None,None,None
30538,False,None,None,None,None,None,None
57922,False,None,None,None,None,None,None
6686,False,appreciation,appreciation,appreciation,None,None,appreciation
45100,False,None,None,None,None,None,None
45828,False,appreciation,None,appreciation,None,None,None
7555,False,appreciation,None,appreciation,None,None,None
58874,False,None,None,None,None,None,None
38438,False,None,None,None,None,None,None
30124,False,None,None,None,None,None,None
38880,False,None,None,None,None,None,None
52926,False,None,None,None,None,None,None
8061,False,appreciation,appreciation,appreciation,None,None,appreciation
62608,False,None,None,None,None,None,None
9309,False,None,None,None,None,None,None
32956,False,None,None,None,None,None,None
18182,False,None,None,None,None,None,None
40416,False,None,None,None,None,None,None
58132,False,appreciation,appreciation,appreciation,None,None,appreciation
9873,False,None,None,None,None,None,None
41602,False,None,None,None,None,None,None
52890,False,None,None,None,None,None,None
73542,False,None,None,None,None,None,None
12628,False,None,None,None,None,None,None
420,False,None,None,None,None,None,None
3530,False,appreciation,appreciation,appreciation,None,None,appreciation
1544,False,None,None,None,None,None,None
7533,False,None,None,appreciation,None,None,None
69690,False,None,None,None,None,None,None
36340,False,None,None,None,None,None,None
1447,False,None,None,None,None,None,None
60258,False,None,None,None,None,None,None
65804,False,None,None,None,None,None,None
53704,False,None,None,None,None,None,None
8048,False,None,None,None,None,None,None
18468,False,None,None,None,None,None,None
13462,False,None,None,None,None,None,None
670,False,None,None,None,None,None,None
2542,False,None,None,None,None,None,None
12368,False,None,None,None,None,None,None
68636,False,None,None,None,None,None,None
35132,False,None,None,None,None,None,None
4837,False,appreciation,appreciation,appreciation,None,None,appreciation
54798,False,appreciation,None,appreciation,None,None,None
30326,False,None,None,None,None,None,None
59038,False,None,None,None,None,None,None
11920,False,None,None,None,None,None,None
26766,False,appreciation,appreciation,appreciation,None,None,appreciation
1702,False,appreciation,None,appreciation,None,None,None
56214,False,None,None,None,None,None,None
40004,False,None,None,None,None,None,None
73524,False,None,None,None,None,None,None
36962,False,None,None,None,None,None,None
37150,False,None,None,None,None,None,None
17724,False,None,None,None,None,None,None
13833,False,None,None,None,None,None,None
4828,False,appreciation,appreciation,appreciation,None,None,appreciation
62056,False,None,None,None,None,None,None
3223,False,None,None,None,None,None,None
21608,False,None,None,None,None,None,None
13555,False,None,None,None,None,None,None
18260,False,None,None,None,None,None,None
11803,False,None,None,None,None,None,None
6659,False,None,None,None,None,None,None
10016,False,None,None,None,None,None,None
9113,False,None,None,None,None,None,None
26578,False,None,None,None,None,None,None
7444,False,appreciation,None,appreciation,None,None,None
26548,False,None,None,None,None,None,None
8625,False,appreciation,appreciation,appreciation,None,None,appreciation
13916,False,None,None,None,None,None,None
9373,False,None,None,None,None,None,None
60772,False,None,None,None,None,None,None
7030,False,appreciation,appreciation,appreciation,None,None,appreciation
7541,False,appreciation,appreciation,appreciation,None,None,appreciation
9844,False,None,None,appreciation,None,None,None
42302,False,None,None,None,None,None,None
30112,False,None,None,None,None,None,None
71592,False,appreciation,appreciation,appreciation,None,None,appreciation
5467,False,None,None,None,None,None,None
20480,False,None,None,None,None,None,None
17140,False,None,None,None,None,None,None
2481,False,None,None,None,None,None,None
48078,False,None,None,None,None,None,None
22552,False,appreciation,appreciation,appreciation,None,None,appreciation
73766,False,None,None,None,None,None,None
27742,False,None,None,None,None,None,None
3405,False,appreciation,appreciation,appreciation,None,None,appreciation
30170,False,None,None,None,None,None,None
40966,False,None,None,None,None,None,None
234,False,None,None,None,None,None,None
71022,False,None,None,None,None,None,None
38992,False,None,None,None,None,None,None
1887,False,appreciation,None,appreciation,None,None,None
62248,False,None,None,None,None,None,None
73120,False,None,None,None,None,None,None
1261,False,None,None,None,None,None,None
10568,False,None,None,None,None,None,None
25338,False,appreciation,appreciation,appreciation,None,None,appreciation
9627,False,None,None,appreciation,None,None,None
17326,False,None,None,None,None,None,None
11897,False,None,None,None,None,None,None
50340,False,None,None,None,None,None,None
12310,False,None,None,None,None,None,None
56710,False,None,None,None,None,None,None
40514,False,None,None,None,None,None,None
20190,False,None,None,None,None,None,None
67480,False,None,None,None,None,None,None
11511,False,None,None,None,None,None,None
73590,False,None,None,None,None,None,None
8592,False,appreciation,appreciation,appreciation,None,None,appreciation
10926,False,None,None,None,None,None,None
57306,False,None,None,None,None,None,None
18322,False,None,None,None,None,None,None
29240,False,None,None,None,None,None,None
7707,False,appreciation,appreciation,appreciation,None,None,appreciation
2000,False,None,None,appreciation,None,None,None
7274,False,appreciation,None,appreciation,None,None,None
6260,False,appreciation,appreciation,appreciation,None,None,appreciation
21790,False,appreciation,appreciation,appreciation,None,None,appreciation
6918,False,None,None,None,None,None,None
799,False,None,None,None,None,None,None
617,False,None,None,None,None,None,None
12716,False,None,None,None,None,None,None
31822,False,None,None,None,None,None,None
30596,False,None,None,None,None,None,None
13706,False,None,None,None,None,None,None
36736,False,appreciation,None,appreciation,None,None,None
14894,False,appreciation,appreciation,appreciation,None,None,appreciation
20998,False,None,None,None,None,None,None
60318,False,None,None,None,None,None,None
2763,False,appreciation,appreciation,appreciation,None,None,appreciation
6105,False,None,None,appreciation,None,None,None
22736,False,None,None,None,None,None,None
5460,False,appreciation,appreciation,appreciation,None,None,appreciation
2283,False,appreciation,appreciation,appreciation,None,None,appreciation
7416,False,appreciation,appreciation,appreciation,None,None,appreciation
13599,False,None,None,None,None,None,None
4181,False,None,None,None,None,None,None
24664,False,None,None,None,None,None,None
16698,False,None,None,None,None,None,None
63952,False,None,None,appreciation,None,None,None
21760,False,None,None,None,None,None,None
7659,False,None,None,None,None,None,None
58248,False,None,None,None,None,None,None
42524,False,None,None,None,None,None,None
13034,False,None,None,None,None,None,None
21718,False,None,None,None,None,None,None
45112,False,None,None,None,None,None,None
52894,False,None,None,None,None,None,None
58958,False,None,None,None,None,None,None
50948,False,None,None,None,None,None,None
4283,False,None,None,None,None,None,None
14174,False,None,None,None,None,None,None
382,False,None,None,None,None,None,None
6251,False,appreciation,appreciation,appreciation,None,None,appreciation
53162,False,None,None,None,None,None,None
12658,False,None,None,None,None,None,None
1050,False,appreciation,appreciation,appreciation,None,None,appreciation
58310,False,None,None,None,None,None,None
6205,False,None,None,None,None,None,None
5004,False,appreciation,appreciation,appreciation,None,None,appreciation
13722,False,None,None,None,None,None,None
66992,False,None,None,None,None,None,None
46500,False,None,None,None,None,None,None
12983,False,None,None,None,None,None,None
56510,False,None,None,None,None,None,None
38712,False,None,None,None,None,None,None
5385,False,None,None,None,None,None,None
8413,False,appreciation,appreciation,appreciation,None,None,None
31836,False,None,None,None,None,None,None
49118,False,appreciation,appreciation,appreciation,None,None,appreciation
12408,False,None,None,None,None,None,None
51508,False,None,None,None,None,None,None
4736,False,None,None,None,None,None,None
22770,False,None,None,None,None,None,None
8204,False,appreciation,None,appreciation,None,None,None
44828,False,None,None,None,None,None,None
43884,False,None,None,None,None,None,None
26256,False,None,None,None,None,None,None
26432,False,None,None,None,None,None,None
37768,False,None,None,None,None,None,None
43904,False,None,None,None,None,None,None
4965,False,None,None,None,None,None,None
4916,False,appreciation,appreciation,appreciation,None,None,appreciation
58636,False,None,None,None,None,None,None
45156,False,None,None,None,None,None,None
26086,False,appreciation,appreciation,appreciation,None,None,appreciation
13430,False,None,None,None,None,None,None
21516,False,None,None,None,None,None,None
53812,False,None,None,None,None,None,None
2388,False,None,None,None,None,None,None
10753,False,None,None,None,None,None,None
9521,False,None,None,None,None,None,None
4507,False,appreciation,appreciation,appreciation,None,None,appreciation
4699,False,appreciation,appreciation,appreciation,None,None,appreciation
65862,False,None,None,None,None,None,None
8082,False,appreciation,appreciation,appreciation,None,None,appreciation
57032,False,appreciation,appreciation,appreciation,None,None,appreciation
9913,False,None,None,None,None,None,None
55784,False,None,None,None,None,None,None
50842,False,None,None,None,None,None,None
26308,False,None,None,None,None,None,None
4145,False,None,None,None,None,None,None
6720,False,appreciation,appreciation,appreciation,None,None,appreciation
72358,False,None,None,None,None,None,None
41546,False,None,None,None,None,None,None
8472,False,None,None,None,None,None,None
68604,False,None,None,None,None,None,None
47950,False,None,None,None,None,None,None
20264,False,None,None,appreciation,None,None,None
8208,False,None,None,None,None,None,None
35068,False,None,None,None,None,None,None
68408,False,None,None,None,None,None,None
65184,False,None,None,None,None,None,None
1233,False,None,None,None,None,None,None
41748,False,None,None,None,None,None,None
7997,False,appreciation,appreciation,appreciation,None,None,appreciation
31356,False,None,None,None,None,None,None
10923,False,None,None,None,None,None,None
5841,False,None,None,None,None,None,None
71528,False,None,None,None,None,None,None
57342,False,None,None,None,None,None,None
48312,False,None,None,None,None,None,None
68940,False,None,None,None,None,None,None
17834,False,None,None,None,None,None,None
59150,False,None,None,None,None,None,None
35136,False,appreciation,appreciation,appreciation,None,None,appreciation
67450,False,None,None,None,None,None,None
1661,False,None,None,None,None,None,None
9713,False,None,None,None,None,None,None
40596,False,appreciation,appreciation,appreciation,None,None,appreciation
12385,False,None,None,None,None,None,None
8906,False,None,None,None,None,None,None
1293,False,None,None,appreciation,None,None,None
25188,False,None,None,None,None,None,None
9007,False,None,None,None,None,None,None
64518,False,None,None,None,None,None,None
55706,False,None,None,None,None,None,None
42184,False,None,None,None,None,None,None
2923,False,None,None,None,None,None,None
1502,False,None,None,None,None,None,None
12144,False,None,None,None,None,None,None
42830,False,None,None,None,None,None,None
11751,False,None,None,None,None,None,None
21084,False,None,None,None,None,None,None
53706,False,None,None,None,None,None,None
20504,False,None,None,None,None,None,None
32832,False,appreciation,appreciation,appreciation,None,None,appreciation
13581,False,None,None,None,None,None,None
30586,False,None,None,None,None,None,None
8282,False,appreciation,appreciation,appreciation,None,None,appreciation
5619,False,None,None,None,None,None,None
22160,False,None,None,None,None,None,None
21612,False,None,None,appreciation,None,None,None
19138,False,None,None,None,None,None,None
64950,False,None,None,None,None,None,None
28008,False,None,None,None,None,None,None
1968,False,None,None,None,None,None,None
42510,False,None,None,None,None,None,None
6472,False,None,None,None,None,None,None
49192,False,None,None,None,None,None,None
3602,False,appreciation,appreciation,appreciation,None,None,appreciation
53948,False,None,None,None,None,None,None
33316,False,None,None,None,None,None,None
15274,False,None,None,None,None,None,None
25198,False,None,None,None,None,None,None
9410,False,None,None,None,None,None,None
57044,False,None,None,None,None,None,None
29708,False,None,None,None,None,None,None
60744,False,None,None,None,None,None,None
3646,False,appreciation,appreciation,appreciation,None,None,appreciation
24886,False,None,None,None,None,None,None
28874,False,None,None,None,None,None,None
49942,False,None,None,None,None,None,None
43688,False,None,None,None,None,None,None
65130,False,None,None,None,None,None,None
10326,False,None,None,None,None,None,None
8428,False,appreciation,appreciation,appreciation,None,None,appreciation
522,False,appreciation,appreciation,appreciation,None,None,None
44470,False,appreciation,appreciation,appreciation,None,None,appreciation
13729,False,None,None,None,None,None,None
7452,False,appreciation,appreciation,appreciation,None,None,appreciation
3055,False,appreciation,appreciation,appreciation,None,None,appreciation
4480,False,None,None,None,None,None,None
73044,False,None,None,None,None,None,None
10553,False,None,None,None,None,None,None
39698,False,None,None,None,None,None,None
4561,False,None,None,None,None,None,None
9276,False,None,None,None,None,None,None
5687,False,None,None,None,None,None,None
9673,False,None,None,None,None,None,None
61202,False,None,None,None,None,None,None
53614,False,None,None,None,None,None,None
61268,False,None,None,None,None,None,None
7931,False,appreciation,appreciation,appreciation,None,None,appreciation
66370,False,None,None,None,None,None,None
25138,False,appreciation,None,appreciation,None,None,None
32172,False,None,None,None,None,None,None
72136,False,None,None,None,None,None,None
11267,False,None,None,None,None,None,None
33426,False,None,None,None,None,None,None
30860,False,None,None,None,None,None,None
4440,False,None,None,None,None,None,None
11404,False,None,None,None,None,None,None
3221,False,appreciation,None,appreciation,None,None,None
4528,False,None,None,None,None,None,None
5221,False,appreciation,appreciation,appreciation,None,None,appreciation
4472,False,appreciation,appreciation,appreciation,None,None,appreciation
9269,False,None,None,None,None,None,None
50874,False,None,None,None,None,None,None
14668,False,None,None,None,None,None,None
1912,False,None,None,None,None,None,None
58834,False,None,None,None,None,None,None
8060,False,None,None,None,None,None,None
23984,False,appreciation,appreciation,appreciation,None,None,appreciation
73368,False,appreciation,appreciation,appreciation,None,None,appreciation
22100,False,None,None,None,None,None,None
61786,False,appreciation,appreciation,appreciation,None,None,appreciation
7806,False,appreciation,appreciation,appreciation,None,None,appreciation
45134,False,appreciation,appreciation,appreciation,None,None,appreciation
11322,False,None,None,None,None,None,None
34048,False,appreciation,appreciation,appreciation,None,None,appreciation
7089,False,None,None,None,None,None,None
5818,False,None,None,None,None,None,None
33442,False,None,None,None,None,None,None
43962,False,None,None,None,None,None,None
67436,False,None,None,None,None,None,None
48342,False,None,None,None,None,None,None
20686,False,None,None,None,None,None,None
30086,False,None,None,None,None,None,None
39042,False,None,None,None,None,None,None
39088,False,None,None,None,None,None,None
40462,False,None,None,None,None,None,None
54488,False,None,None,None,None,None,None
2666,False,None,None,None,None,None,None
13752,False,None,None,None,None,None,None
9163,False,None,None,appreciation,None,None,None
10046,False,None,None,appreciation,None,None,None
73380,False,None,None,None,None,None,None
6608,False,appreciation,None,appreciation,None,None,None
10522,False,None,None,None,None,None,None
3031,False,None,None,None,None,None,None
32226,False,None,None,None,None,None,None
66094,False,None,None,None,None,None,None
48044,False,None,None,None,None,None,None
19148,False,None,None,None,None,None,None
55332,False,None,None,None,None,None,None
9021,False,None,None,None,None,None,None
9635,False,None,None,None,None,None,None
8581,False,appreciation,appreciation,appreciation,None,None,appreciation
6633,False,appreciation,appreciation,appreciation,None,None,appreciation
25762,False,appreciation,appreciation,appreciation,None,None,appreciation
5663,False,None,None,None,None,None,None
6613,False,appreciation,appreciation,appreciation,None,None,appreciation
2142,False,None,None,None,None,None,None
5760,False,appreciation,appreciation,appreciation,None,None,appreciation
7642,False,None,None,None,None,None,None
3898,False,None,None,None,None,None,None
5509,False,None,None,None,None,None,None
37074,False,None,None,None,None,None,None
2311,False,None,None,None,None,None,None
42332,False,None,None,None,None,None,None
20674,False,None,None,None,None,None,None
32872,False,None,None,None,None,None,None
5596,False,None,None,None,None,None,None
4806,False,None,None,None,None,None,None
25794,False,appreciation,appreciation,appreciation,None,None,appreciation
10505,False,None,None,None,None,None,None
63534,False,None,None,None,None,None,None
2603,False,appreciation,appreciation,appreciation,None,None,appreciation
9400,False,None,None,None,None,None,None
9216,False,None,None,None,None,None,None
20734,False,None,None,None,None,None,None
35894,False,appreciation,None,appreciation,None,None,None
10896,False,None,None,None,None,None,None
23436,False,None,None,None,None,None,None
9638,False,None,None,None,None,None,None
13261,False,None,None,None,None,None,None
637,False,None,None,None,None,None,None
923,False,None,None,None,None,None,None
9295,False,None,None,None,None,None,None
20588,False,None,None,None,None,None,None
71722,False,None,None,None,None,None,None
8338,False,None,None,appreciation,None,None,None
6535,False,appreciation,appreciation,appreciation,None,None,appreciation
6172,False,appreciation,appreciation,appreciation,None,None,appreciation
82,False,None,None,None,None,None,None
4179,False,appreciation,appreciation,appreciation,None,None,appreciation
7316,False,appreciation,appreciation,appreciation,None,None,appreciation
64342,False,None,None,None,None,None,None
58914,False,None,None,None,None,None,None
21982,False,appreciation,appreciation,appreciation,None,None,appreciation
20076,False,None,None,None,None,None,None
35562,False,appreciation,appreciation,appreciation,None,None,appreciation
1380,False,None,None,None,None,None,None
28676,False,None,None,None,None,None,None
40380,False,None,None,None,None,None,None
68638,False,None,None,None,None,None,None
12316,False,appreciation,None,appreciation,None,None,None
15708,False,None,None,None,None,None,None
34632,False,None,None,None,None,None,None
34076,False,None,None,None,None,None,None
33710,False,None,None,None,None,None,None
30984,False,None,None,None,None,None,None
58956,False,None,None,None,None,None,None
43838,False,None,None,None,None,None,None
5984,False,appreciation,appreciation,appreciation,None,None,appreciation
13559,False,None,None,None,None,None,None
47456,False,None,None,None,None,None,None
19844,False,None,None,None,None,None,None
9860,False,None,None,appreciation,None,None,None
720,False,None,None,None,None,None,None
10218,False,None,None,None,None,None,None
47596,False,None,None,None,None,None,None
842,False,None,None,None,None,None,None
11119,False,None,None,None,None,None,None
39602,False,None,None,None,None,None,None
3317,False,None,None,None,None,None,None
69654,False,appreciation,None,appreciation,None,None,None
4884,False,appreciation,appreciation,appreciation,None,None,appreciation
11180,False,None,None,None,None,None,None
12760,False,None,None,None,None,None,None
56760,False,None,None,None,None,None,None
42862,False,None,None,None,None,None,None
49132,False,None,None,None,None,None,None
1371,False,None,None,appreciation,None,None,None
59290,False,None,None,None,None,None,None
30950,False,None,None,None,None,None,None
3337,False,appreciation,appreciation,appreciation,None,None,appreciation
3946,False,None,None,None,None,None,None
810,False,None,None,None,None,None,None
6944,False,None,None,None,None,None,None
20308,False,None,None,None,None,None,None
41884,False,None,None,None,None,None,None
9910,False,None,None,None,None,None,None
16108,False,None,None,None,None,None,None
44140,False,None,None,None,None,None,None
61606,False,None,None,None,None,None,None
17602,False,None,None,None,None,None,None
53926,False,None,None,None,None,None,None
44226,False,None,None,None,None,None,None
66702,False,None,None,None,None,None,None
37886,False,None,None,None,None,None,None
53606,False,None,None,None,None,None,None
4313,False,None,None,None,None,None,None
45556,False,None,None,None,None,None,None
72626,False,None,None,None,None,None,None
10048,False,None,None,None,None,None,None
42732,False,None,None,None,None,None,None
34966,False,None,None,None,None,None,None
10096,False,None,None,None,None,None,None
35826,False,None,None,None,None,None,None
3622,False,None,None,appreciation,None,None,None
13354,False,None,None,None,None,None,None
65266,False,None,None,None,None,None,None
63720,False,None,None,None,None,None,None
6881,False,appreciation,appreciation,appreciation,None,None,appreciation
67904,False,None,None,None,None,None,None
17462,False,appreciation,appreciation,appreciation,None,None,appreciation
21980,False,None,None,None,None,None,None
22476,False,None,None,None,None,None,None
4129,False,appreciation,None,appreciation,None,None,None
13578,False,None,None,None,None,None,None
19904,False,None,None,None,None,None,None
68550,False,None,None,None,None,None,None
1797,False,None,None,None,None,None,None
43714,False,None,None,None,None,None,None
34982,False,None,None,None,None,None,None
44804,False,None,None,None,None,None,None
27972,False,None,None,None,None,None,None
53406,False,None,None,None,None,None,None
21234,False,None,None,None,None,None,None
61380,False,None,None,None,None,None,None
12328,False,None,None,None,None,None,None
47380,False,None,None,None,None,None,None
58370,False,None,None,None,None,None,None
45484,False,appreciation,appreciation,appreciation,None,None,appreciation
11804,False,appreciation,None,appreciation,None,None,None
4866,False,None,None,None,None,None,None
37200,False,None,None,None,None,None,None
2357,False,appreciation,appreciation,appreciation,None,None,None
8575,False,None,None,None,None,None,None
6386,False,appreciation,appreciation,appreciation,None,None,appreciation
69080,False,None,None,None,None,None,None
56008,False,None,None,appreciation,None,None,None
1896,False,None,None,None,None,None,None
11120,False,None,None,None,None,None,None
9554,False,None,None,None,None,None,None
18616,False,None,None,None,None,None,None
20684,False,None,None,None,None,None,None
66102,False,None,None,None,None,None,None
6786,False,None,None,None,None,None,None
38198,False,None,None,appreciation,None,None,None
62636,False,None,None,None,None,None,None
48592,False,None,None,None,None,None,None
4570,False,appreciation,appreciation,appreciation,None,None,appreciation
5814,False,appreciation,appreciation,appreciation,None,None,appreciation
11979,False,None,None,None,None,None,None
47720,False,None,None,None,None,None,None
687,False,None,None,None,None,None,None
13879,False,None,None,None,None,None,None
12170,False,None,None,None,None,None,None
12344,False,None,None,None,None,None,None
13012,False,None,None,None,None,None,None
1982,False,None,None,None,None,None,None
3789,False,appreciation,appreciation,appreciation,None,None,appreciation
72554,False,None,None,None,None,None,None
58626,False,None,None,None,None,None,None
5629,False,appreciation,appreciation,appreciation,None,None,appreciation
32370,False,None,None,None,None,None,None
3413,False,None,None,None,None,None,None
5234,False,appreciation,appreciation,appreciation,None,None,appreciation
71500,False,appreciation,None,appreciation,None,None,None
55096,False,None,None,None,None,None,None
32996,False,appreciation,appreciation,appreciation,None,None,appreciation
42196,False,None,None,None,None,None,None
6151,False,appreciation,appreciation,appreciation,None,None,appreciation
42014,False,None,None,None,None,None,None
63396,False,None,None,None,None,None,None
18968,False,None,None,None,None,None,None
29702,False,None,None,None,None,None,None
9129,False,None,None,None,None,None,None
67096,False,None,None,None,None,None,None
55724,False,None,None,None,None,None,None
40378,False,None,None,None,None,None,None
5281,False,appreciation,appreciation,appreciation,None,None,appreciation
39704,False,None,None,None,None,None,None
10825,False,None,None,None,None,None,None
39738,False,None,None,None,None,None,None
72702,False,None,None,None,None,None,None
4214,False,appreciation,None,appreciation,None,None,None
9285,False,None,None,None,None,None,None
436,False,None,None,None,None,None,None
12156,False,None,None,None,None,None,None
8730,False,appreciation,appreciation,appreciation,None,None,appreciation
27706,False,None,None,None,None,None,None
44522,False,None,None,None,None,None,None
37662,False,None,None,None,None,None,None
3110,False,appreciation,appreciation,appreciation,None,None,appreciation
13400,False,None,None,None,None,None,None
69514,False,None,None,None,None,None,None
41680,False,None,None,None,None,None,None
4454,False,None,None,None,None,None,None
57220,False,None,None,None,None,None,None
123,False,None,None,None,None,None,None
7998,False,None,None,None,None,None,None
6740,False,appreciation,appreciation,appreciation,None,None,appreciation
10858,False,None,None,None,None,None,None
11983,False,None,None,None,None,None,None
35858,False,appreciation,appreciation,appreciation,None,None,appreciation
8582,False,appreciation,appreciation,appreciation,None,None,appreciation
2964,False,None,None,None,None,None,None
43682,False,None,None,None,None,None,None
4462,False,appreciation,appreciation,appreciation,None,None,appreciation
5384,False,None,None,appreciation,None,None,None
27448,False,None,None,None,None,None,None
10294,False,None,None,None,None,None,None
3731,False,appreciation,appreciation,appreciation,None,None,appreciation
6930,False,appreciation,appreciation,appreciation,None,None,appreciation
40108,False,None,None,None,None,None,None
45896,False,None,None,None,None,None,None
39622,False,None,None,None,None,None,None
71720,False,None,None,None,None,None,None
6148,False,appreciation,appreciation,appreciation,None,None,appreciation
12903,False,None,None,None,None,None,None
58,False,None,None,appreciation,None,None,None
4727,False,None,None,None,None,None,None
20688,False,None,None,None,None,None,None
12604,False,None,None,None,None,None,None
12057,False,None,None,None,None,None,None
34426,False,None,None,None,None,None,None
43140,False,None,None,None,None,None,None
16396,False,None,None,None,None,None,None
72664,False,None,None,None,None,None,None
5391,False,appreciation,appreciation,appreciation,None,None,appreciation
26792,False,None,None,None,None,None,None
603,False,None,None,None,None,None,None
9637,False,None,None,None,None,None,None
52882,False,None,None,None,None,None,None
65042,False,None,None,None,None,None,None
33620,False,appreciation,appreciation,appreciation,None,None,appreciation
5326,False,None,None,None,None,None,None
12707,False,None,None,None,None,None,None
19504,False,None,None,None,None,None,None
13936,False,None,None,None,None,None,None
25430,False,None,None,None,None,None,None
1952,False,None,None,None,None,None,None
25790,False,None,None,None,None,None,None
64618,False,None,None,None,None,None,None
21272,False,None,None,None,None,None,None
7153,False,appreciation,appreciation,appreciation,None,None,appreciation
53024,False,None,None,None,None,None,None
5781,False,appreciation,appreciation,appreciation,None,None,appreciation
20878,False,None,None,None,None,None,None
12977,False,None,None,None,None,None,None
6400,False,None,None,appreciation,None,None,None
59194,False,None,None,None,None,None,None
17480,False,None,None,None,None,None,None
8278,False,appreciation,appreciation,appreciation,None,None,appreciation
26150,False,appreciation,appreciation,appreciation,None,None,appreciation
12721,False,None,None,None,None,None,None
2742,False,appreciation,appreciation,appreciation,None,None,appreciation
52308,False,None,None,None,None,None,None
19562,False,None,None,None,None,None,None
1014,False,None,None,None,None,None,None
35134,False,None,None,None,None,None,None
66002,False,None,None,None,None,None,None
41254,False,None,None,None,None,None,None
10948,False,None,None,None,None,None,None
66696,False,None,None,None,None,None,None
800,False,None,None,None,None,None,None
38608,False,None,None,None,None,None,None
1568,False,None,None,None,None,None,None
68194,False,None,None,None,None,None,None
24282,False,None,None,None,None,None,None
1370,False,None,None,appreciation,None,None,None
42826,False,None,None,None,None,None,None
13311,False,None,None,None,None,None,None
8542,False,None,None,None,None,None,None
4385,False,None,None,None,None,None,None
37120,False,None,None,None,None,None,None
26818,False,None,None,None,None,None,None
2563,False,appreciation,appreciation,appreciation,None,None,appreciation
38420,False,None,None,None,None,None,None
6600,False,appreciation,appreciation,appreciation,None,None,appreciation
48892,False,None,None,None,None,None,None
6605,False,appreciation,appreciation,appreciation,None,None,appreciation
39366,False,None,None,None,None,None,None
39064,False,None,None,None,None,None,None
3597,False,appreciation,appreciation,appreciation,None,None,appreciation
412,False,None,None,None,None,None,None
35,False,None,None,None,None,None,None
54374,False,None,None,None,None,None,None
71228,False,None,None,None,None,None,None
10780,False,None,None,None,None,None,None
7755,False,appreciation,appreciation,appreciation,None,None,appreciation
3505,False,None,None,None,None,None,None
11063,False,None,None,None,None,None,None
7297,False,appreciation,appreciation,appreciation,None,None,appreciation
41176,False,None,None,None,None,None,None
59998,False,None,None,None,None,None,None
13416,False,None,None,None,None,None,None
61756,False,None,None,None,None,None,None
65468,False,appreciation,appreciation,appreciation,None,None,appreciation
70152,False,None,None,None,None,None,None
6299,False,appreciation,appreciation,appreciation,None,None,appreciation
46280,False,None,None,None,None,None,None
38820,False,None,None,None,None,None,None
13654,False,None,None,None,None,None,None
9964,False,None,None,None,None,None,None
37868,False,None,None,None,None,None,None
7580,False,None,None,None,None,None,None
12302,False,None,None,None,None,None,None
58878,False,None,None,None,None,None,None
13249,False,None,None,None,None,None,None
10241,False,None,None,None,None,None,None
72470,False,None,None,None,None,None,None
70686,False,None,None,None,None,None,None
5949,False,appreciation,appreciation,appreciation,None,None,appreciation
36476,False,None,None,None,None,None,None
61900,False,None,None,None,None,None,None
13665,False,None,None,None,None,None,None
40422,False,None,None,None,None,None,None
11842,False,None,None,None,None,None,None
18712,False,None,None,None,None,None,None
4822,False,appreciation,appreciation,appreciation,None,None,appreciation
19516,False,None,None,None,None,None,None
60012,False,None,None,None,None,None,None
12644,False,None,None,None,None,None,None
5591,False,appreciation,appreciation,appreciation,None,None,appreciation
46612,False,None,None,appreciation,None,None,None
71662,False,appreciation,appreciation,appreciation,None,None,appreciation
43242,False,None,None,None,None,None,None
4121,False,appreciation,appreciation,appreciation,None,None,appreciation
33160,False,appreciation,None,appreciation,None,None,None
58186,False,None,None,None,None,None,None
6876,False,appreciation,appreciation,appreciation,None,None,None
7476,False,appreciation,None,appreciation,None,None,None
20252,False,appreciation,None,appreciation,None,None,None
9542,False,None,None,None,None,None,None
38020,False,None,None,None,None,None,None
9041,False,None,None,None,None,None,None
14130,False,None,None,None,None,None,None
53664,False,None,None,None,None,None,None
60722,False,None,None,None,None,None,None
71968,False,None,None,None,None,None,None
2185,False,None,None,None,None,None,None
13118,False,None,None,None,None,None,None
71128,False,None,None,None,None,None,None
4651,False,appreciation,appreciation,appreciation,None,None,appreciation
5895,False,appreciation,appreciation,appreciation,None,None,appreciation
5951,False,appreciation,appreciation,appreciation,None,None,appreciation
2049,False,None,None,None,None,None,None
7182,False,appreciation,appreciation,appreciation,None,None,appreciation
8030,False,appreciation,appreciation,appreciation,None,None,appreciation
28016,False,None,None,None,None,None,None
17016,False,None,None,None,None,None,None
47536,False,None,None,None,None,None,None
71254,False,None,None,None,None,None,None
71542,False,None,None,None,None,None,None
17012,False,None,None,None,None,None,None
4148,False,appreciation,appreciation,appreciation,None,None,appreciation
20004,False,None,None,None,None,None,None
47304,False,None,None,None,None,None,None
62638,False,None,None,None,None,None,None
7304,False,appreciation,appreciation,appreciation,None,None,appreciation
16398,False,None,None,None,None,None,None
5339,False,appreciation,appreciation,appreciation,None,None,appreciation
68812,False,None,None,None,None,None,None
33972,False,None,None,None,None,None,None
3139,False,None,None,None,None,None,None
31102,False,None,None,None,None,None,None
6486,False,appreciation,appreciation,appreciation,None,None,appreciation
5472,False,appreciation,appreciation,appreciation,None,None,appreciation
10384,False,None,None,None,None,None,None
42750,False,None,None,None,None,None,None
70208,False,None,None,None,None,None,None
49740,False,None,None,None,None,None,None
1738,False,None,None,None,None,None,None
18752,False,None,None,None,None,None,None
37928,False,None,None,None,None,None,None
50980,False,None,None,None,None,None,None
15576,False,appreciation,None,appreciation,None,None,None
10554,False,None,None,None,None,None,None
42118,False,None,None,None,None,None,None
5479,False,appreciation,appreciation,appreciation,None,None,appreciation
7722,False,appreciation,appreciation,appreciation,None,None,appreciation
7847,False,appreciation,appreciation,appreciation,None,None,appreciation
58616,False,appreciation,None,appreciation,None,None,None
11695,False,None,None,None,None,None,None
21764,False,None,None,None,None,None,None
4911,False,appreciation,None,appreciation,None,None,None
7046,False,None,None,None,None,None,None
34162,False,None,None,None,None,None,None
64160,False,None,None,None,None,None,None
26878,False,None,None,None,None,None,None
28802,False,None,None,None,None,None,None
73572,False,None,None,None,None,None,None
7138,False,appreciation,appreciation,appreciation,None,None,appreciation
45308,False,appreciation,appreciation,appreciation,None,None,appreciation
3623,False,appreciation,appreciation,appreciation,None,None,appreciation
27756,False,None,None,None,None,None,None
6846,False,appreciation,appreciation,appreciation,None,None,appreciation
64400,False,None,None,None,None,None,None
5023,False,appreciation,appreciation,appreciation,None,None,appreciation
5072,False,appreciation,appreciation,appreciation,None,None,appreciation
7155,False,None,None,None,None,None,None
6442,False,None,None,appreciation,None,None,None
6049,False,appreciation,appreciation,appreciation,None,None,appreciation
57600,False,None,None,None,None,None,None
46276,False,None,None,None,None,None,None
1495,False,None,None,None,None,None,None
8304,False,None,None,None,None,None,None
31212,False,None,None,None,None,None,None
29694,False,None,None,None,None,None,None
69024,False,None,None,None,None,None,None
21100,False,None,None,None,None,None,None
22578,False,None,None,None,None,None,None
33180,False,appreciation,appreciation,appreciation,None,None,appreciation
57568,False,None,None,None,None,None,None
13333,False,None,None,None,None,None,None
33254,False,None,None,None,None,None,None
43524,False,None,None,None,None,None,None
49116,False,None,None,None,None,None,None
24634,False,None,None,None,None,None,None
56830,False,None,None,None,None,None,None
62046,False,None,None,None,None,None,None
36320,False,None,None,None,None,None,None
63122,False,None,None,None,None,None,None
31148,False,None,None,None,None,None,None
22350,False,None,None,None,None,None,None
16798,False,appreciation,None,appreciation,None,None,None
64846,False,None,None,None,None,None,None
6904,False,None,None,appreciation,None,None,None
25004,False,None,None,None,None,None,None
10314,False,None,None,None,None,None,None
45342,False,None,None,None,None,None,None
12960,False,None,None,None,None,None,None
11946,False,None,None,None,None,None,None
21766,False,None,None,None,None,None,None
43796,False,None,None,None,None,None,None
61790,False,None,None,None,None,None,None
42398,False,None,None,None,None,None,None
13064,False,None,None,None,None,None,None
2695,False,None,None,None,None,None,None
2058,False,None,None,None,None,None,None
56326,False,None,None,None,None,None,None
55212,False,None,None,None,None,None,None
6629,False,appreciation,appreciation,appreciation,None,None,appreciation
1770,False,None,None,None,None,None,None
7613,False,appreciation,appreciation,appreciation,None,None,appreciation
59158,False,None,None,None,None,None,None
61136,False,None,None,None,None,None,None
6438,False,None,None,None,None,None,None
12182,False,None,None,None,None,None,None
49044,False,None,None,None,None,None,None
1019,False,None,None,None,None,None,None
7330,False,appreciation,appreciation,appreciation,None,None,appreciation
12583,False,None,None,None,None,None,None
31578,False,None,None,None,None,None,None
52860,False,None,None,None,None,None,None
12875,False,None,None,None,None,None,None
33236,False,None,None,None,None,None,None
10316,False,None,None,None,None,None,None
67044,False,appreciation,appreciation,appreciation,None,None,appreciation
18326,False,None,None,None,None,None,None
49062,False,None,None,None,None,None,None
4735,False,None,None,None,None,None,None
73112,False,None,None,None,None,None,None
64158,False,None,None,None,None,None,None
38930,False,None,None,None,None,None,None
45724,False,None,None,appreciation,None,None,None
11165,False,None,None,None,None,None,None
3721,False,appreciation,appreciation,appreciation,None,None,appreciation
38500,False,None,None,None,None,None,None
12481,False,None,None,None,None,None,None
13138,False,None,None,None,None,None,None
22090,False,None,None,None,None,None,None
17072,False,None,None,None,None,None,None
3261,False,None,None,None,None,None,None
58326,False,None,None,None,None,None,None
34140,False,None,None,None,None,None,None
6897,False,appreciation,appreciation,appreciation,None,None,appreciation
19220,False,None,None,None,None,None,None
35064,False,None,None,None,None,None,None
68588,False,None,None,None,None,None,None
6073,False,None,None,None,None,None,None
9644,False,None,None,appreciation,None,None,None
8689,False,None,None,None,None,None,None
9864,False,None,None,None,None,None,None
73490,False,None,None,None,None,None,None
55648,False,None,None,None,None,None,None
2180,False,appreciation,None,appreciation,None,None,None
7422,False,None,None,None,None,None,None
3598,False,None,None,None,None,None,None
9949,False,None,None,None,None,None,None
71026,False,None,None,None,None,None,None
16310,False,None,None,None,None,None,None
38868,False,None,None,None,None,None,None
5147,False,appreciation,appreciation,appreciation,None,None,appreciation
4733,False,None,None,appreciation,None,None,None
6479,False,appreciation,appreciation,appreciation,None,None,appreciation
470,False,None,None,None,None,None,None
44814,False,None,None,None,None,None,None
6715,False,None,None,None,None,None,None
13803,False,None,None,None,None,None,None
68836,False,None,None,None,None,None,None
61650,False,None,None,None,None,None,None
8802,False,appreciation,appreciation,appreciation,None,None,appreciation
48588,False,None,None,None,None,None,None
3947,False,appreciation,appreciation,appreciation,None,None,appreciation
5774,False,None,None,None,None,None,None
34832,False,appreciation,appreciation,appreciation,None,None,appreciation
50134,False,None,None,None,None,None,None
57562,False,None,None,None,None,None,None
61154,False,None,None,None,None,None,None
17870,False,None,None,None,None,None,None
73482,False,None,None,None,None,None,None
4312,False,None,None,None,None,None,None
567,False,appreciation,appreciation,appreciation,None,None,appreciation
22262,False,None,None,None,None,None,None
72656,False,None,None,None,None,None,None
10792,False,None,None,None,None,None,None
626,False,None,None,None,None,None,None
50706,False,None,None,None,None,None,None
6464,False,None,None,None,None,None,None
70218,False,None,None,None,None,None,None
32878,False,appreciation,appreciation,appreciation,None,None,appreciation
65076,False,None,None,None,None,None,None
30386,False,None,None,None,None,None,None
4869,False,None,None,None,None,None,None
53612,False,None,None,None,None,None,None
71410,False,None,None,None,None,None,None
832,False,None,None,None,None,None,None
26594,False,None,None,None,None,None,None
64056,False,None,None,None,None,None,None
27514,False,None,None,None,None,None,None
61644,False,None,None,None,None,None,None
1693,False,appreciation,None,appreciation,None,None,None
41222,False,None,None,None,None,None,None
801,False,None,None,appreciation,None,None,None
12163,False,None,None,None,None,None,None
996,False,None,None,None,None,None,None
7965,False,appreciation,appreciation,appreciation,None,None,appreciation
3097,False,None,None,None,None,None,None
16070,False,None,None,None,None,None,None
3743,False,None,None,appreciation,None,None,None
37770,False,None,None,None,None,None,None
27712,False,None,None,None,None,None,None
66306,False,None,None,None,None,None,None
32174,False,None,None,None,None,None,None
25280,False,None,None,None,None,None,None
23578,False,None,None,None,None,None,None
37762,False,None,None,None,None,None,None
2926,False,None,None,None,None,None,None
21976,False,appreciation,appreciation,appreciation,None,None,appreciation
7728,False,appreciation,appreciation,appreciation,None,None,appreciation
36708,False,None,None,None,None,None,None
4789,False,appreciation,appreciation,appreciation,None,None,appreciation
42040,False,None,None,None,None,None,None
5693,False,appreciation,appreciation,appreciation,None,None,appreciation
1134,False,None,None,None,None,None,None
36786,False,None,None,None,None,None,None
14424,False,None,None,None,None,None,None
11238,False,None,None,None,None,None,None
8332,False,appreciation,appreciation,appreciation,None,None,appreciation
67748,False,None,None,None,None,None,None
1250,False,None,None,None,None,None,None
69156,False,None,None,None,None,None,None
9487,False,None,None,appreciation,None,None,None
47374,False,None,None,None,None,None,None
31564,False,None,None,None,None,None,None
12809,False,appreciation,appreciation,appreciation,None,None,appreciation
5169,False,appreciation,appreciation,appreciation,None,None,appreciation
2133,False,None,None,None,None,None,None
4007,False,appreciation,None,appreciation,None,None,None
50104,False,None,None,None,None,None,None
35018,False,None,None,None,None,None,None
43600,False,None,None,None,None,None,None
4752,False,None,None,appreciation,None,None,None
63686,False,appreciation,appreciation,appreciation,None,None,appreciation
3827,False,appreciation,appreciation,appreciation,None,None,appreciation
7223,False,None,None,None,None,None,None
5263,False,None,None,None,None,None,None
29350,False,None,None,None,None,None,None
35154,False,None,None,None,None,None,None
5973,False,appreciation,appreciation,appreciation,None,None,appreciation
10686,False,None,None,None,None,None,None
7648,False,appreciation,appreciation,appreciation,None,None,appreciation
7716,False,appreciation,appreciation,appreciation,None,None,appreciation
64030,False,appreciation,None,appreciation,None,None,None
12217,False,None,None,None,None,None,None
32666,False,None,None,appreciation,None,None,None
7606,False,None,None,None,None,None,None
20060,False,None,None,None,None,None,None
37740,False,None,None,None,None,None,None
73678,False,None,None,None,None,None,None
57460,False,None,None,None,None,None,None
6334,False,appreciation,appreciation,appreciation,None,None,appreciation
35584,False,None,None,None,None,None,None
3600,False,appreciation,appreciation,appreciation,None,None,appreciation
13322,False,None,None,None,None,None,None
43854,False,None,None,None,None,None,None
56266,False,None,None,None,None,None,None
59162,False,None,None,None,None,None,None
7927,False,appreciation,appreciation,appreciation,None,None,appreciation
72286,False,None,None,appreciation,None,None,None
4204,False,None,None,None,None,None,None
3364,False,appreciation,appreciation,appreciation,None,None,appreciation
28870,False,None,None,None,None,None,None
13077,False,None,None,None,None,None,None
13007,False,None,None,None,None,None,None
28170,False,None,None,None,None,None,None
6733,False,appreciation,appreciation,appreciation,None,None,appreciation
64976,False,None,None,None,None,None,None
5304,False,appreciation,appreciation,appreciation,None,None,appreciation
61594,False,None,None,None,None,None,None
34434,False,None,None,None,None,None,None
60728,False,appreciation,appreciation,appreciation,None,None,appreciation
65726,False,None,None,None,None,None,None
26168,False,appreciation,None,appreciation,None,None,None
13112,False,None,None,None,None,None,None
9495,False,None,None,None,None,None,None
689,False,None,None,None,None,None,None
10018,False,None,None,None,None,None,None
67500,False,None,None,None,None,None,None
7705,False,appreciation,appreciation,appreciation,None,None,appreciation
27656,False,None,None,None,None,None,None
2535,False,appreciation,appreciation,appreciation,None,None,appreciation
40602,False,appreciation,appreciation,appreciation,None,None,appreciation
2735,False,None,None,None,None,None,None
181,False,None,None,None,None,None,None
24252,False,None,None,None,None,None,None
7637,False,None,None,None,None,None,None
41550,False,None,None,None,None,None,None
42778,False,None,None,None,None,None,None
4255,False,appreciation,appreciation,appreciation,None,None,appreciation
3798,False,appreciation,appreciation,appreciation,None,None,appreciation
8302,False,None,None,None,None,None,None
60784,False,None,None,None,None,None,None
14226,False,None,None,None,None,None,None
6195,False,appreciation,appreciation,appreciation,None,None,appreciation
31608,False,None,None,None,None,None,None
10721,False,None,None,None,None,None,None
6667,False,appreciation,appreciation,appreciation,None,None,appreciation
70278,False,None,None,None,None,None,None
63090,False,None,None,None,None,None,None
31634,False,None,None,None,None,None,None
69650,False,None,None,None,None,None,None
10174,False,None,None,None,None,None,None
16792,False,None,None,None,None,None,None
42688,False,None,None,None,None,None,None
58366,False,None,None,None,None,None,None
10109,False,None,None,None,None,None,None
62714,False,None,None,None,None,None,None
45102,False,None,None,None,None,None,None
28136,False,None,None,None,None,None,None
8557,False,appreciation,appreciation,appreciation,None,None,appreciation
5462,False,None,None,None,None,None,None
43908,False,None,None,None,None,None,None
36,False,None,None,None,None,None,None
11006,False,None,None,None,None,None,None
3962,False,appreciation,appreciation,appreciation,None,None,appreciation
10930,False,None,None,None,None,None,None
7353,False,appreciation,appreciation,appreciation,None,None,appreciation
51692,False,None,None,None,None,None,None
45412,False,None,None,appreciation,None,None,None
18688,False,None,None,None,None,None,None
48634,False,None,None,None,None,None,None
750,False,None,None,None,None,None,None
1317,False,None,None,None,None,None,None
4294,False,appreciation,appreciation,appreciation,None,None,appreciation
32170,False,None,None,None,None,None,None
71114,False,appreciation,None,appreciation,None,None,None
26306,False,None,None,None,None,None,None
72284,False,None,None,None,None,None,None
45284,False,appreciation,None,appreciation,None,None,None
4119,False,appreciation,appreciation,appreciation,None,None,appreciation
12515,False,None,None,None,None,None,None
8314,False,appreciation,appreciation,appreciation,None,None,appreciation
49066,False,None,None,None,None,None,None
6977,False,None,None,None,None,None,None
41764,False,None,None,None,None,None,None
770,False,None,None,None,None,None,None
13362,False,None,None,None,None,None,None
59918,False,None,None,None,None,None,None
62734,False,None,None,None,None,None,None
7179,False,None,None,None,None,None,None
71618,False,None,None,appreciation,None,None,None
387,False,None,None,None,None,None,None
31548,False,None,None,None,None,None,None
9702,False,None,None,None,None,None,None
13313,False,None,None,None,None,None,None
11031,False,None,None,None,None,None,None
34910,False,None,None,None,None,None,None
31092,False,None,None,None,None,None,None
10249,False,None,None,None,None,None,None
39918,False,None,None,None,None,None,None
49650,False,None,None,None,None,None,None
34980,False,None,None,None,None,None,None
437,False,None,None,None,None,None,None
51770,False,None,None,None,None,None,None
11214,False,None,None,None,None,None,None
72678,False,None,None,None,None,None,None
25628,False,None,None,None,None,None,None
9748,False,None,None,None,None,None,None
37020,False,None,None,None,None,None,None
42866,False,None,None,None,None,None,None
4335,False,None,None,None,None,None,None
27556,False,None,None,None,None,None,None
6493,False,appreciation,appreciation,appreciation,None,None,appreciation
4788,False,appreciation,appreciation,appreciation,None,None,appreciation
19354,False,None,None,None,None,None,None
6384,False,appreciation,appreciation,appreciation,None,None,appreciation
45200,False,None,None,None,None,None,None
5080,False,appreciation,None,appreciation,None,None,None
42208,False,None,None,None,None,None,None
19430,False,None,None,None,None,None,None
51976,False,None,None,None,None,None,None
9145,False,None,None,None,None,None,None
13418,False,None,None,None,None,None,None
8457,False,None,None,None,None,None,None
31358,False,None,None,None,None,None,None
7883,False,appreciation,appreciation,appreciation,None,None,appreciation
2583,False,appreciation,None,appreciation,None,None,None
8235,False,None,None,None,None,None,None
61516,False,None,None,None,None,None,None
58464,False,None,None,None,None,None,None
18520,False,None,None,None,None,None,None
16796,False,None,None,None,None,None,None
11212,False,None,None,None,None,None,None
2319,False,appreciation,appreciation,appreciation,None,None,appreciation
23918,False,None,None,None,None,None,None
42110,False,None,None,None,None,None,None
54674,False,None,None,None,None,None,None
5191,False,appreciation,appreciation,appreciation,None,None,appreciation
18718,False,None,None,None,None,None,None
34786,False,appreciation,appreciation,appreciation,None,None,appreciation
63698,False,appreciation,appreciation,appreciation,None,None,appreciation
48688,False,None,None,None,None,None,None
2854,False,appreciation,appreciation,appreciation,None,None,appreciation
21978,False,appreciation,appreciation,appreciation,None,None,appreciation
11827,False,None,None,None,None,None,None
25572,False,None,None,None,None,None,None
4152,False,None,None,None,None,None,None
58382,False,None,None,None,None,None,None
8266,False,None,None,appreciation,None,None,None
44178,False,None,None,None,None,None,None
40276,False,None,None,None,None,None,None
9936,False,None,None,None,None,None,None
5768,False,appreciation,appreciation,appreciation,None,None,appreciation
27338,False,appreciation,appreciation,appreciation,None,None,appreciation
13047,False,None,None,None,None,None,None
1606,False,None,None,None,None,None,None
13641,False,None,None,None,None,None,None
13297,False,None,None,None,None,None,None
12645,False,None,None,None,None,None,None
27340,False,None,None,None,None,None,None
24280,False,None,None,None,None,None,None
20926,False,None,None,None,None,None,None
19456,False,appreciation,appreciation,appreciation,None,None,appreciation
26498,False,None,None,None,None,None,None
7684,False,appreciation,appreciation,appreciation,None,None,appreciation
27676,False,None,None,None,None,None,None
34748,False,None,None,None,None,None,None
6268,False,appreciation,appreciation,appreciation,None,None,appreciation
30370,False,None,None,None,None,None,None
30260,False,appreciation,None,appreciation,None,None,None
69072,False,None,None,None,None,None,None
2761,False,appreciation,appreciation,appreciation,None,None,appreciation
93,False,None,None,None,None,None,None
5279,False,appreciation,appreciation,appreciation,None,None,appreciation
3938,False,None,None,None,None,None,None
874,False,None,None,None,None,None,None
11943,False,None,None,None,None,None,None
11387,False,None,None,None,None,None,None
426,False,None,None,None,None,None,None
2737,False,appreciation,appreciation,appreciation,None,None,appreciation
7717,False,appreciation,None,appreciation,None,None,None
10716,False,None,None,None,None,None,None
13290,False,None,None,None,None,None,None
55352,False,None,None,None,None,None,None
13434,False,None,None,None,None,None,None
25304,False,None,None,None,None,None,None
39856,False,None,None,None,None,None,None
24782,False,None,None,None,None,None,None
2365,False,appreciation,appreciation,appreciation,None,None,appreciation
56248,False,None,None,None,None,None,None
1288,False,None,None,None,None,None,None
8066,False,appreciation,appreciation,appreciation,None,None,appreciation
3986,False,None,None,None,None,None,None
11040,False,None,None,None,None,None,None
17880,False,None,None,None,None,None,None
35186,False,None,None,None,None,None,None
3982,False,appreciation,appreciation,appreciation,None,None,appreciation
6401,False,appreciation,appreciation,appreciation,None,None,appreciation
12332,False,None,None,None,None,None,None
43782,False,None,None,None,None,None,None
59846,False,None,None,None,None,None,None
7563,False,appreciation,appreciation,appreciation,None,None,appreciation
33012,False,None,None,None,None,None,None
12775,False,None,None,None,None,None,None
27936,False,None,None,None,None,None,None
23458,False,None,None,None,None,None,None
37034,False,appreciation,appreciation,appreciation,None,None,appreciation
23994,False,None,None,None,None,None,None
2280,False,None,None,None,None,None,None
49954,False,None,None,None,None,None,None
44180,False,None,None,None,None,None,None
17604,False,appreciation,None,appreciation,None,None,None
33630,False,None,None,None,None,None,None
53890,False,None,None,None,None,None,None
58180,False,None,None,None,None,None,None
62722,False,None,None,None,None,None,None
69762,False,None,None,None,None,None,None
50012,False,None,None,None,None,None,None
9135,False,appreciation,None,appreciation,None,None,None
4633,False,appreciation,None,appreciation,None,None,None
7662,False,appreciation,appreciation,appreciation,None,None,appreciation
25852,False,None,None,None,None,None,None
71194,False,None,None,None,None,None,None
2288,False,appreciation,appreciation,appreciation,None,None,appreciation
39760,False,None,None,None,None,None,None
5699,False,None,None,None,None,None,None
29840,False,None,None,None,None,None,None
10950,False,None,None,None,None,None,None
13853,False,None,None,None,None,None,None
72598,False,None,None,None,None,None,None
57148,False,None,None,None,None,None,None
5138,False,appreciation,appreciation,appreciation,None,None,appreciation
16118,False,None,None,None,None,None,None
58356,False,None,None,None,None,None,None
6022,False,appreciation,appreciation,appreciation,None,None,appreciation
5798,False,appreciation,None,appreciation,None,None,None
10487,False,None,None,None,None,None,None
12214,False,None,None,None,None,None,None
68616,False,None,None,None,None,None,None
4072,False,None,None,None,None,None,None
62706,False,None,None,appreciation,None,None,None
73442,False,None,None,None,None,None,None
474,False,None,None,None,None,None,None
52756,False,None,None,None,None,None,None
31360,False,None,None,None,None,None,None
33658,False,None,None,None,None,None,None
6488,False,appreciation,appreciation,appreciation,None,None,appreciation
60148,False,None,None,None,None,None,None
32884,False,None,None,None,None,None,None
6372,False,None,None,None,None,None,None
31492,False,None,None,None,None,None,None
5198,False,appreciation,appreciation,appreciation,None,None,appreciation
10843,False,None,None,None,None,None,None
10818,False,None,None,None,None,None,None
17020,False,None,None,None,None,None,None
31536,False,None,None,None,None,None,None
4123,False,appreciation,appreciation,appreciation,None,None,appreciation
7233,False,appreciation,appreciation,appreciation,None,None,appreciation
1591,False,None,None,None,None,None,None
9080,False,None,None,None,None,None,None
11083,False,None,None,None,None,None,None
51510,False,None,None,None,None,None,None
7730,False,appreciation,appreciation,appreciation,None,None,None
43420,False,None,None,None,None,None,None
39972,False,None,None,None,None,None,None
11831,False,None,None,None,None,None,None
2568,False,appreciation,appreciation,appreciation,None,None,appreciation
64514,False,None,None,appreciation,None,None,None
5446,False,appreciation,appreciation,appreciation,None,None,appreciation
38982,False,None,None,None,None,None,None
56574,False,None,None,None,None,None,None
37880,False,None,None,None,None,None,None
26808,False,None,None,None,None,None,None
6510,False,appreciation,appreciation,appreciation,None,None,appreciation
54758,False,None,None,None,None,None,None
71012,False,None,None,None,None,None,None
44328,False,None,None,None,None,None,None
16760,False,None,None,None,None,None,None
20262,False,None,None,None,None,None,None
3605,False,appreciation,appreciation,appreciation,None,None,appreciation
7394,False,appreciation,appreciation,appreciation,None,None,appreciation
11598,False,None,None,None,None,None,None
49840,False,None,None,None,None,None,None
10856,False,None,None,None,None,None,None
12062,False,None,None,None,None,None,None
41456,False,None,None,None,None,None,None
9170,False,None,None,None,None,None,None
16644,False,None,None,None,None,None,None
12460,False,None,None,None,None,None,None
11113,False,None,None,None,None,None,None
38264,False,None,None,None,None,None,None
17084,False,None,None,None,None,None,None
64388,False,None,None,None,None,None,None
56860,False,None,None,None,None,None,None
16976,False,None,None,None,None,None,None
241,False,appreciation,appreciation,appreciation,None,None,appreciation
2586,False,appreciation,None,appreciation,None,None,None
64636,False,appreciation,appreciation,appreciation,None,None,appreciation
45132,False,None,None,None,None,None,None
2642,False,appreciation,appreciation,appreciation,None,None,appreciation
7071,False,appreciation,appreciation,appreciation,None,None,appreciation
107,False,appreciation,appreciation,appreciation,None,None,appreciation
7063,False,appreciation,appreciation,appreciation,None,None,appreciation
6098,False,None,None,appreciation,None,None,None
45228,False,None,None,None,None,None,None
56476,False,None,None,None,None,None,None
7940,False,None,None,None,None,None,None
47914,False,None,None,None,None,None,None
10609,False,None,None,None,None,None,None
65004,False,appreciation,None,appreciation,None,None,None
3934,False,appreciation,appreciation,appreciation,None,None,appreciation
52744,False,None,None,None,None,None,None
21710,False,None,None,None,None,None,None
3928,False,appreciation,appreciation,appreciation,None,None,appreciation
25340,False,None,None,None,None,None,None
74,False,appreciation,None,appreciation,None,None,None
10213,False,None,None,None,None,None,None
7447,False,appreciation,appreciation,appreciation,None,None,appreciation
71930,False,None,None,appreciation,None,None,None
10520,False,None,None,None,None,None,None
37080,False,None,None,None,None,None,None
36354,False,None,None,None,None,None,None
48064,False,None,None,None,None,None,None
216,False,None,None,None,None,None,None
36666,False,None,None,None,None,None,None
57914,False,None,None,None,None,None,None
46242,False,None,None,None,None,None,None
12748,False,None,None,None,None,None,None
72586,False,None,None,None,None,None,None
58130,False,None,None,None,None,None,None
3804,False,None,None,None,None,None,None
35542,False,None,None,None,None,None,None
10052,False,None,None,None,None,None,None
73428,False,appreciation,appreciation,appreciation,None,None,appreciation
3677,False,appreciation,appreciation,appreciation,None,None,appreciation
60300,False,None,None,None,None,None,None
11808,False,None,None,None,None,None,None
26314,False,None,None,None,None,None,None
34174,False,None,None,None,None,None,None
7935,False,None,None,None,None,None,None
6043,False,appreciation,appreciation,appreciation,None,None,appreciation
67288,False,None,None,None,None,None,None
9900,False,None,None,None,None,None,None
62448,False,None,None,None,None,None,None
11022,False,None,None,None,None,None,None
51608,False,None,None,None,None,None,None
11463,False,None,None,None,None,None,None
50916,False,None,None,None,None,None,None
25596,False,None,None,None,None,None,None
12418,False,None,None,None,None,None,None
10342,False,None,None,None,None,None,None
9173,False,None,None,None,None,None,None
11591,False,None,None,None,None,None,None
475,False,None,None,None,None,None,None
9743,False,None,None,None,None,None,None
836,False,appreciation,appreciation,appreciation,None,None,appreciation
58744,False,None,None,None,None,None,None
67270,False,None,None,None,None,None,None
9974,False,None,None,None,None,None,None
8192,False,appreciation,appreciation,appreciation,None,None,appreciation
7731,False,None,None,None,None,None,None
64436,False,None,None,None,None,None,None
57778,False,None,None,None,None,None,None
35092,False,None,None,None,None,None,None
50770,False,None,None,None,None,None,None
4984,False,appreciation,appreciation,appreciation,None,None,appreciation
24588,False,None,None,None,None,None,None
51534,False,None,None,None,None,None,None
1446,False,None,None,None,None,None,None
56502,False,None,None,None,None,None,None
70324,False,appreciation,appreciation,appreciation,None,None,appreciation
2628,False,appreciation,None,appreciation,None,None,None
49998,False,None,None,None,None,None,None
56692,False,None,None,None,None,None,None
14920,False,None,None,None,None,None,None
7501,False,None,None,None,None,None,None
68206,False,None,None,None,None,None,None
14348,False,None,None,None,None,None,None
13089,False,None,None,None,None,None,None
43968,False,appreciation,appreciation,appreciation,None,None,appreciation
33120,False,appreciation,None,appreciation,None,None,None
8463,False,appreciation,appreciation,appreciation,None,None,appreciation
36972,False,None,None,None,None,None,None
9516,False,None,None,None,None,None,None
52316,False,None,None,None,None,None,None
20972,False,None,None,None,None,None,None
8875,False,None,None,None,None,None,None
7917,False,appreciation,appreciation,appreciation,None,None,appreciation
4953,False,appreciation,None,appreciation,None,None,None
48014,False,None,None,None,None,None,None
8810,False,None,None,None,None,None,None
37776,False,None,None,None,None,None,None
17948,False,None,None,None,None,None,None
6923,False,appreciation,appreciation,appreciation,None,None,appreciation
55396,False,None,None,None,None,None,None
3176,False,appreciation,appreciation,appreciation,None,None,appreciation
6889,False,appreciation,appreciation,appreciation,None,None,appreciation
7924,False,appreciation,appreciation,appreciation,None,None,appreciation
4311,False,appreciation,appreciation,appreciation,None,None,appreciation
10008,False,None,None,None,None,None,None
69906,False,None,None,None,None,None,None
3486,False,appreciation,appreciation,appreciation,None,None,appreciation
5513,False,appreciation,None,appreciation,None,None,None
43426,False,None,None,None,None,None,None
4921,False,appreciation,appreciation,appreciation,None,None,appreciation
7584,False,None,None,appreciation,None,None,None
63842,False,None,None,None,None,None,None
70984,False,None,None,None,None,None,None
6718,False,None,None,None,None,None,None
1642,False,None,None,None,None,None,None
29366,False,None,None,None,None,None,None
20756,False,None,None,None,None,None,None
6866,False,None,None,appreciation,None,None,None
43022,False,None,None,None,None,None,None
48910,False,None,None,None,None,None,None
4225,False,None,None,None,None,None,None
7593,False,appreciation,appreciation,appreciation,None,None,appreciation
72096,False,None,None,None,None,None,None
58166,False,None,None,None,None,None,None
50018,False,None,None,None,None,None,None
6070,False,appreciation,None,appreciation,None,None,None
62314,False,None,None,None,None,None,None
63092,False,None,None,None,None,None,None
9445,False,None,None,None,None,None,None
2475,False,appreciation,appreciation,appreciation,None,None,appreciation
41242,False,None,None,None,None,None,None
63672,False,appreciation,appreciation,appreciation,None,None,appreciation
13694,False,None,None,None,None,None,None
6498,False,appreciation,appreciation,appreciation,None,None,appreciation
18150,False,None,None,None,None,None,None
7307,False,appreciation,appreciation,appreciation,None,None,appreciation
6963,False,appreciation,appreciation,appreciation,None,None,appreciation
9679,False,None,None,None,None,None,None
48696,False,None,None,None,None,None,None
14758,False,None,None,None,None,None,None
49482,False,None,None,None,None,None,None
66152,False,None,None,None,None,None,None
21970,False,None,None,None,None,None,None
7784,False,appreciation,appreciation,appreciation,None,None,appreciation
38276,False,None,None,None,None,None,None
17076,False,None,None,None,None,None,None
3149,False,None,None,appreciation,None,None,None
57572,False,None,None,None,None,None,None
3040,False,None,None,None,None,None,None
3754,False,appreciation,appreciation,appreciation,None,None,appreciation
12770,False,None,None,None,None,None,None
11925,False,None,None,None,None,None,None
43996,False,None,None,None,None,None,None
10154,False,None,None,None,None,None,None
7463,False,appreciation,appreciation,appreciation,None,None,appreciation
160,False,None,None,None,None,None,None
68370,False,None,None,None,None,None,None
261,False,appreciation,appreciation,appreciation,None,None,appreciation
18430,False,None,None,None,None,None,None
23950,False,None,None,None,None,None,None
44086,False,None,None,appreciation,None,None,None
15714,False,None,None,None,None,None,None
64660,False,None,None,None,None,None,None
41444,False,None,None,None,None,None,None
20980,False,None,None,None,None,None,None
27576,False,None,None,None,None,None,None
39902,False,None,None,None,None,None,None
35770,False,None,None,None,None,None,None
38318,False,None,None,None,None,None,None
5104,False,appreciation,appreciation,appreciation,None,None,appreciation
10883,False,None,None,None,None,None,None
73324,False,appreciation,None,appreciation,None,None,None
31400,False,appreciation,appreciation,appreciation,None,None,appreciation
39410,False,None,None,None,None,None,None
52710,False,None,None,None,None,None,None
44268,False,None,None,None,None,None,None
37836,False,None,None,None,None,None,None
10377,False,None,None,None,None,None,None
18450,False,appreciation,appreciation,appreciation,None,None,appreciation
8668,False,appreciation,None,appreciation,None,None,None
31086,False,None,None,None,None,None,None
68750,False,None,None,None,None,None,None
72092,False,None,None,None,None,None,None
68996,False,None,None,None,None,None,None
67440,False,None,None,None,None,None,None
59060,False,None,None,None,None,None,None
54712,False,None,None,None,None,None,None
5925,False,appreciation,appreciation,appreciation,None,None,appreciation
4117,False,appreciation,appreciation,appreciation,None,None,appreciation
2626,False,appreciation,None,appreciation,None,None,None
57102,False,None,None,None,None,None,None
73374,False,appreciation,None,appreciation,None,None,None
51016,False,None,None,None,None,None,None
23318,False,None,None,None,None,None,None
29812,False,None,None,None,None,None,None
19892,False,None,None,None,None,None,None
70548,False,None,None,None,None,None,None
9386,False,None,None,None,None,None,None
12295,False,None,None,None,None,None,None
49878,False,None,None,None,None,None,None
63054,False,None,None,None,None,None,None
2078,False,None,None,None,None,None,None
30254,False,None,None,None,None,None,None
10836,False,None,None,None,None,None,None
53366,False,None,None,None,None,None,None
13060,False,None,None,None,None,None,None
52946,False,None,None,None,None,None,None
12681,False,None,None,None,None,None,None
72388,False,None,None,None,None,None,None
33598,False,None,None,None,None,None,None
9341,False,None,None,None,None,None,None
14830,False,None,None,None,None,None,None
41508,False,None,None,None,None,None,None
60774,False,appreciation,appreciation,appreciation,None,None,None
721,False,None,None,None,None,None,None
5956,False,appreciation,appreciation,appreciation,None,None,appreciation
5940,False,None,None,None,None,None,None
9837,False,None,None,None,None,None,None
63532,False,None,None,None,None,None,None
27998,False,None,None,None,None,None,None
1902,False,None,None,None,None,None,None
20560,False,None,None,None,None,None,None
2219,False,appreciation,appreciation,appreciation,None,None,appreciation
49936,False,None,None,None,None,None,None
2909,False,appreciation,appreciation,appreciation,None,None,appreciation
38226,False,None,None,None,None,None,None
40252,False,None,None,None,None,None,None
43752,False,None,None,None,None,None,None
49478,False,None,None,None,None,None,None
7195,False,appreciation,appreciation,appreciation,None,None,appreciation
54360,False,None,None,None,None,None,None
44468,False,None,None,None,None,None,None
55752,False,None,None,None,None,None,None
10868,False,None,None,None,None,None,None
2978,False,appreciation,appreciation,appreciation,None,None,appreciation
8064,False,None,None,None,None,None,None
6594,False,None,None,None,None,None,None
66726,False,None,None,None,None,None,None
40256,False,appreciation,appreciation,appreciation,None,None,appreciation
63658,False,appreciation,appreciation,appreciation,None,None,appreciation
5854,False,appreciation,appreciation,appreciation,None,None,appreciation
8955,False,None,None,None,None,None,None
7828,False,appreciation,appreciation,appreciation,None,None,appreciation
6574,False,appreciation,appreciation,appreciation,None,None,appreciation
34822,False,appreciation,appreciation,appreciation,None,None,appreciation
8773,False,None,None,None,None,None,None
9160,False,appreciation,appreciation,appreciation,None,None,appreciation
42348,False,None,None,None,None,None,None
22254,False,None,None,None,None,None,None
45400,False,None,None,None,None,None,None
59360,False,None,None,None,None,None,None
39750,False,appreciation,appreciation,appreciation,None,None,appreciation
50070,False,None,None,None,None,None,None
64628,False,appreciation,None,appreciation,None,None,None
18514,False,None,None,None,None,None,None
5608,False,None,None,None,None,None,None
33518,False,None,None,None,None,None,None
11153,False,None,None,None,None,None,None
8385,False,appreciation,appreciation,appreciation,None,None,appreciation
48896,False,None,None,None,None,None,None
7248,False,appreciation,appreciation,appreciation,None,None,appreciation
5996,False,None,None,appreciation,None,None,None
66430,False,None,None,None,None,None,None
6745,False,appreciation,appreciation,appreciation,None,None,appreciation
58404,False,None,None,None,None,None,None
8666,False,appreciation,appreciation,appreciation,None,None,appreciation
4748,False,None,None,None,None,None,None
11035,False,None,None,appreciation,None,None,None
42910,False,None,None,None,None,None,None
5308,False,appreciation,appreciation,appreciation,None,None,appreciation
73752,False,None,None,None,None,None,None
11622,False,None,None,None,None,None,None
2339,False,appreciation,appreciation,appreciation,None,None,appreciation
61016,False,None,None,None,None,None,None
62048,False,None,None,None,None,None,None
22042,False,appreciation,appreciation,appreciation,None,None,appreciation
16342,False,None,None,None,None,None,None
41698,False,None,None,None,None,None,None
4005,False,appreciation,appreciation,appreciation,None,None,appreciation
20536,False,None,None,None,None,None,None
68448,False,None,None,None,None,None,None
5664,False,appreciation,appreciation,appreciation,None,None,appreciation
19334,False,None,None,None,None,None,None
7981,False,None,None,appreciation,None,None,None
66340,False,None,None,None,None,None,None
67010,False,None,None,None,None,None,None
16774,False,None,None,None,None,None,None
2828,False,appreciation,appreciation,appreciation,None,None,appreciation
49900,False,None,None,None,None,None,None
3669,False,appreciation,appreciation,appreciation,None,None,appreciation
46104,False,None,None,None,None,None,None
37970,False,None,None,None,None,None,None
3752,False,appreciation,None,appreciation,None,None,None
95,False,None,None,None,None,None,None
26206,False,None,None,None,None,None,None
65814,False,None,None,None,None,None,None
126,False,None,None,None,None,None,None
37046,False,None,None,None,None,None,None
1989,False,None,None,None,None,None,None
13510,False,None,None,None,None,None,None
40506,False,None,None,None,None,None,None
21556,False,None,None,None,None,None,None
60898,False,None,None,None,None,None,None
72494,False,appreciation,None,appreciation,None,None,None
49702,False,None,None,None,None,None,None
41924,False,None,None,None,None,None,None
19326,False,None,None,None,None,None,None
6843,False,None,None,None,None,None,None
66316,False,None,None,None,None,None,None
19564,False,None,None,None,None,None,None
5793,False,appreciation,appreciation,appreciation,None,None,appreciation
1201,False,appreciation,appreciation,appreciation,None,None,appreciation
1306,False,None,None,None,None,None,None
58334,False,None,None,None,None,None,None
26190,False,None,None,appreciation,None,None,None
33768,False,None,None,None,None,None,None
20748,False,None,None,None,None,None,None
15690,False,None,None,None,None,None,None
4881,False,appreciation,appreciation,appreciation,None,None,appreciation
67912,False,None,None,None,None,None,None
5981,False,None,None,appreciation,None,None,None
69010,False,None,None,None,None,None,None
8835,False,None,None,None,None,None,None
4656,False,None,None,None,None,None,None
23952,False,None,None,None,None,None,None
213,False,None,None,None,None,None,None
7549,False,None,None,None,None,None,None
31882,False,None,None,None,None,None,None
16098,False,None,None,None,None,None,None
68994,False,None,None,None,None,None,None
42920,False,None,None,None,None,None,None
43698,False,None,None,None,None,None,None
30684,False,None,None,None,None,None,None
27368,False,appreciation,appreciation,appreciation,None,None,appreciation
48810,False,None,None,None,None,None,None
66936,False,None,None,None,None,None,None
46728,False,None,None,None,None,None,None
5309,False,None,None,None,None,None,None
35010,False,None,None,None,None,None,None
18168,False,None,None,None,None,None,None
1454,False,None,None,None,None,None,None
22150,False,appreciation,appreciation,appreciation,None,None,appreciation
73084,False,None,None,None,None,None,None
623,False,appreciation,appreciation,appreciation,None,None,appreciation
33762,False,None,None,None,None,None,None
12706,False,None,None,None,None,None,None
73362,False,appreciation,appreciation,appreciation,None,None,appreciation
11054,False,None,None,None,None,None,None
7702,False,appreciation,appreciation,appreciation,None,None,appreciation
23964,False,None,None,None,None,None,None
61338,False,appreciation,appreciation,appreciation,None,None,appreciation
58696,False,None,None,None,None,None,None
33586,False,None,None,None,None,None,None
72,False,None,None,None,None,None,None
6340,False,None,None,None,None,None,None
21340,False,None,None,None,None,None,None
38140,False,None,None,None,None,None,None
45554,False,appreciation,appreciation,appreciation,None,None,appreciation
60866,False,None,None,None,None,None,None
11060,False,None,None,None,None,None,None
67572,False,None,None,None,None,None,None
64358,False,None,None,None,None,None,None
48754,False,None,None,None,None,None,None
9715,False,None,None,None,None,None,None
14380,False,None,None,None,None,None,None
5187,False,None,None,appreciation,None,None,None
38568,False,None,None,None,None,None,None
30410,False,None,None,None,None,None,None
3454,False,appreciation,appreciation,appreciation,None,None,appreciation
46518,False,None,None,None,None,None,None
63072,False,None,None,None,None,None,None
3462,False,appreciation,appreciation,appreciation,None,None,appreciation
9408,False,None,None,None,None,None,None
73024,False,None,None,None,None,None,None
22558,False,None,None,None,None,None,None
9346,False,None,None,None,None,None,None
9621,False,None,None,None,None,None,None
21974,False,None,None,None,None,None,None
2342,False,appreciation,appreciation,appreciation,None,None,appreciation
44680,False,None,None,None,None,None,None
14416,False,None,None,None,None,None,None
43866,False,None,None,None,None,None,None
22134,False,None,None,None,None,None,None
10067,False,None,None,None,None,None,None
5542,False,appreciation,appreciation,appreciation,None,None,appreciation
10145,False,appreciation,appreciation,appreciation,None,None,appreciation
52680,False,None,None,None,None,None,None
61926,False,None,None,None,None,None,None
29432,False,None,None,None,None,None,None
1177,False,None,None,None,None,None,None
49092,False,None,None,None,None,None,None
39706,False,None,None,None,None,None,None
8115,False,None,None,None,None,None,None
1260,False,None,None,None,None,None,None
23550,False,appreciation,appreciation,appreciation,None,None,appreciation
50102,False,None,None,None,None,None,None
47692,False,None,None,None,None,None,None
62740,False,None,None,None,None,None,None
6100,False,appreciation,appreciation,appreciation,None,None,appreciation
7757,False,appreciation,appreciation,appreciation,None,None,appreciation
44280,False,None,None,None,None,None,None
2403,False,appreciation,appreciation,appreciation,None,None,appreciation
73754,False,None,None,None,None,None,None
21966,False,None,None,None,None,None,None
3059,False,appreciation,appreciation,appreciation,None,None,appreciation
1390,False,appreciation,None,appreciation,None,None,None
44574,False,None,None,None,None,None,None
54500,False,None,None,None,None,None,None
40578,False,None,None,appreciation,None,None,None
41788,False,None,None,None,None,None,None
368,False,None,None,None,None,None,None
27210,False,None,None,None,None,None,None
50836,False,None,None,None,None,None,None
15752,False,None,None,None,None,None,None
73134,False,None,None,None,None,None,None
55384,False,None,None,None,None,None,None
5955,False,None,None,None,None,None,None
48574,False,None,None,None,None,None,None
37824,False,None,None,None,None,None,None
72336,False,appreciation,appreciation,appreciation,None,None,appreciation
10964,False,None,None,None,None,None,None
15540,False,None,None,None,None,None,None
42036,False,None,None,None,None,None,None
6768,False,None,None,None,None,None,None
59164,False,None,None,None,None,None,None
432,False,None,None,None,None,None,None
66558,False,None,None,None,None,None,None
5786,False,None,None,appreciation,None,None,None
31868,False,None,None,None,None,None,None
56290,False,None,None,None,None,None,None
4530,False,appreciation,appreciation,appreciation,None,None,appreciation
73244,False,None,None,None,None,None,None
7889,False,None,None,None,None,None,None
73350,False,None,None,appreciation,None,None,None
35012,False,None,None,None,None,None,None
1313,False,appreciation,appreciation,appreciation,None,None,appreciation
4132,False,appreciation,appreciation,appreciation,None,None,appreciation
12293,False,None,None,None,None,None,None
5208,False,appreciation,appreciation,appreciation,None,None,appreciation
12361,False,None,None,None,None,None,None
3156,False,appreciation,appreciation,appreciation,None,None,appreciation
11427,False,None,None,None,None,None,None
18138,False,None,None,None,None,None,None
31172,False,None,None,None,None,None,None
65064,False,None,None,None,None,None,None
722,False,None,None,None,None,None,None
9263,False,None,None,None,None,None,None
9419,False,None,None,None,None,None,None
3138,False,appreciation,appreciation,appreciation,None,None,appreciation
27538,False,None,None,None,None,None,None
17544,False,None,None,None,None,None,None
47554,False,None,None,None,None,None,None
42222,False,None,None,None,None,None,None
13266,False,None,None,None,None,None,None
64680,False,None,None,None,None,None,None
57496,False,None,None,None,None,None,None
47048,False,None,None,None,None,None,None
16806,False,None,None,None,None,None,None
27852,False,None,None,None,None,None,None
20714,False,None,None,None,None,None,None
27664,False,None,None,None,None,None,None
7327,False,None,None,None,None,None,None
8131,False,None,None,appreciation,None,None,None
13459,False,None,None,None,None,None,None
55828,False,None,None,None,None,None,None
766,False,None,None,None,None,None,None
3737,False,appreciation,appreciation,appreciation,None,None,appreciation
185,False,None,None,None,None,None,None
69776,False,None,None,None,None,None,None
21332,False,None,None,None,None,None,None
59924,False,appreciation,None,appreciation,None,None,None
4900,False,appreciation,appreciation,appreciation,None,None,appreciation
2136,False,None,None,None,None,None,None
4918,False,appreciation,appreciation,appreciation,None,None,appreciation
11474,False,None,None,None,None,None,None
58162,False,None,None,None,None,None,None
8217,False,appreciation,appreciation,appreciation,None,None,appreciation
52080,False,None,None,None,None,None,None
11149,False,None,None,None,None,None,None
59308,False,None,None,None,None,None,None
46710,False,None,None,None,None,None,None
70902,False,None,None,None,None,None,None
39582,False,None,None,None,None,None,None
4344,False,None,None,None,None,None,None
35518,False,appreciation,appreciation,appreciation,None,None,appreciation
66234,False,None,None,None,None,None,None
53850,False,None,None,None,None,None,None
44276,False,None,None,None,None,None,None
3824,False,appreciation,appreciation,appreciation,None,None,appreciation
4525,False,None,None,None,None,None,None
5117,False,appreciation,appreciation,appreciation,None,None,appreciation
65110,False,None,None,None,None,None,None
8965,False,None,None,None,None,None,None
24398,False,None,None,None,None,None,None
11628,False,None,None,None,None,None,None
33692,False,None,None,None,None,None,None
31778,False,None,None,None,None,None,None
38024,False,None,None,None,None,None,None
36482,False,None,None,None,None,None,None
16688,False,None,None,None,None,None,None
6216,False,None,None,None,None,None,None
40014,False,None,None,None,None,None,None
31320,False,None,None,None,None,None,None
47356,False,None,None,None,None,None,None
342,False,None,None,None,None,None,None
44990,False,None,None,None,None,None,None
13824,False,None,None,None,None,None,None
54720,False,None,None,None,None,None,None
7519,False,None,None,None,None,None,None
18344,False,None,None,None,None,None,None
8166,False,None,None,None,None,None,None
3084,False,appreciation,appreciation,appreciation,None,None,appreciation
63910,False,None,None,None,None,None,None
29302,False,None,None,None,None,None,None
2431,False,appreciation,None,appreciation,None,None,None
49040,False,None,None,None,None,None,None
48986,False,None,None,None,None,None,None
6404,False,appreciation,appreciation,appreciation,None,None,appreciation
163,False,None,None,None,None,None,None
69744,False,None,None,appreciation,None,None,None
9885,False,None,None,None,None,None,None
12629,False,None,None,None,None,None,None
5226,False,appreciation,appreciation,appreciation,None,None,appreciation
14356,False,appreciation,appreciation,appreciation,None,None,appreciation
33646,False,None,None,None,None,None,None
48996,False,None,None,None,None,None,None
35316,False,None,None,None,None,None,None
25576,False,appreciation,None,appreciation,None,None,None
7986,False,appreciation,appreciation,appreciation,None,None,appreciation
49358,False,None,None,None,None,None,None
1190,False,None,None,None,None,None,None
4912,False,appreciation,appreciation,appreciation,None,None,appreciation
47936,False,None,None,None,None,None,None
3853,False,appreciation,appreciation,appreciation,None,None,appreciation
60284,False,None,None,None,None,None,None
41792,False,None,None,None,None,None,None
36254,False,None,None,None,None,None,None
16466,False,None,None,None,None,None,None
44032,False,None,None,None,None,None,None
16220,False,None,None,None,None,None,None
72974,False,None,None,None,None,None,None
37290,False,None,None,None,None,None,None
71938,False,appreciation,appreciation,appreciation,None,None,appreciation
385,False,None,None,None,None,None,None
15650,False,None,None,None,None,None,None
48288,False,None,None,None,None,None,None
6467,False,appreciation,appreciation,appreciation,None,None,appreciation
26126,False,None,None,None,None,None,None
8850,False,appreciation,appreciation,appreciation,None,None,appreciation
20430,False,None,None,None,None,None,None
776,False,None,None,None,None,None,None
12846,False,None,None,None,None,None,None
9159,False,None,None,None,None,None,None
3114,False,appreciation,appreciation,appreciation,None,None,appreciation
23606,False,None,None,None,None,None,None
64824,False,None,None,None,None,None,None
10256,False,None,None,None,None,None,None
52880,False,None,None,None,None,None,None
3877,False,None,None,None,None,None,None
5609,False,None,None,None,None,None,None
19264,False,appreciation,appreciation,appreciation,None,None,appreciation
12909,False,None,None,None,None,None,None
7320,False,appreciation,appreciation,appreciation,None,None,appreciation
9347,False,None,None,None,None,None,None
6753,False,None,None,None,None,None,None
19490,False,None,None,None,None,None,None
2873,False,appreciation,appreciation,appreciation,None,None,appreciation
65892,False,None,None,appreciation,None,None,None
2347,False,appreciation,appreciation,appreciation,None,None,appreciation
11611,False,None,None,None,None,None,None
29972,False,None,None,None,None,None,None
11834,False,None,None,None,None,None,None
2605,False,appreciation,appreciation,appreciation,None,None,appreciation
63744,False,None,None,None,None,None,None
28790,False,None,None,None,None,None,None
27400,False,None,None,None,None,None,None
7276,False,appreciation,appreciation,appreciation,None,None,appreciation
52186,False,None,None,None,None,None,None
10193,False,None,None,None,None,None,None
41658,False,None,None,None,None,None,None
68202,False,None,None,None,None,None,None
55966,False,None,None,None,None,None,None
5197,False,appreciation,appreciation,appreciation,None,None,appreciation
64762,False,None,None,appreciation,None,None,None
1479,False,None,None,None,None,None,None
58402,False,None,None,None,None,None,None
7176,False,appreciation,appreciation,appreciation,None,None,appreciation
67052,False,None,None,None,None,None,None
36650,False,None,None,None,None,None,None
34674,False,None,None,None,None,None,None
51574,False,None,None,None,None,None,None
26248,False,appreciation,appreciation,appreciation,None,None,appreciation
8411,False,None,None,appreciation,None,None,None
1143,False,None,None,None,None,None,None
4380,False,appreciation,appreciation,appreciation,None,None,appreciation
36108,False,None,None,None,None,None,None
67764,False,appreciation,appreciation,appreciation,None,None,appreciation
20384,False,appreciation,None,appreciation,None,None,None
13271,False,None,None,None,None,None,None
44094,False,None,None,None,None,None,None
67540,False,None,None,None,None,None,None
12072,False,None,None,None,None,None,None
7293,False,appreciation,appreciation,appreciation,None,None,appreciation
7504,False,appreciation,appreciation,appreciation,None,None,appreciation
45190,False,None,None,appreciation,None,None,None
12735,False,None,None,None,None,None,None
8694,False,appreciation,None,appreciation,None,None,None
28662,False,None,None,None,None,None,None
39632,False,None,None,None,None,None,None
51022,False,None,None,None,None,None,None
12105,False,None,None,None,None,None,None
58990,False,None,None,None,None,None,None
14866,False,None,None,None,None,None,None
58932,False,None,None,None,None,None,None
59224,False,None,None,None,None,None,None
17082,False,None,None,None,None,None,None
9553,False,None,None,None,None,None,None
27066,False,None,None,appreciation,None,None,None
10548,False,None,None,None,None,None,None
73210,False,None,None,None,None,None,None
62548,False,None,None,None,None,None,None
37634,False,None,None,None,None,None,None
5486,False,appreciation,appreciation,appreciation,None,None,appreciation
67532,False,None,None,None,None,None,None
5439,False,appreciation,appreciation,appreciation,None,None,appreciation
753,False,None,None,None,None,None,None
61226,False,None,None,None,None,None,None
12845,False,None,None,None,None,None,None
60212,False,appreciation,appreciation,appreciation,None,None,appreciation
