comment_id,platform,source_name,comment_text,date,likesCount,video_id,video_url,restaurant
7599004542785110792,tiktok,Marwane marwane,كنت ناوي نجيب لافامي و نجو نتعشاو عندك امبعد بدلت رايي قلت نزيد مياتالف و نديهم للعمرة,2026-01-28T13:41:21.081319,171,7598999454317923605,https://www.tiktok.com/@hichamcook/video/7598999454317923605,Hichem Cook
7599013381932204821,tiktok,Yousr Youmna Lak,انت ووصفاتك ماتفوتش بلعسل,2026-01-28T13:41:21.081494,21,7598999454317923605,https://www.tiktok.com/@hichamcook/video/7598999454317923605,Hichem Cook
7600208990375101202,tiktok,اكرم🧑🏻‍🍳,هشام أخي أنا متبعك من زمن و نحب اطباق تاوعك و انت قلي واش رأيك في المحتوى الطبخ لي نقدمو و شكرا ❤️,2026-01-28T13:41:21.081498,0,7598999454317923605,https://www.tiktok.com/@hichamcook/video/7598999454317923605,Hichem Cook
7599298669523043080,tiktok,Assil manar abbassi,انا ملغري كلش نتبعك ما يهمنيش حياتك شخصية انا نتبعك من ايام ليوتوب مين ما كنتش تبان و نص الوصقات طبقتهم جامي خيبتني ربي يوفقك,2026-01-28T13:41:21.081500,37,7598999454317923605,https://www.tiktok.com/@hichamcook/video/7598999454317923605,Hichem Cook
7599432154531545874,tiktok,ÎM ĀN🇩🇿,عجبتني تاع توابل براتيك تهبل,2026-01-28T13:41:21.081502,5,7598999454317923605,https://www.tiktok.com/@hichamcook/video/7598999454317923605,Hichem Cook
7599001343850414869,tiktok,khaira.BH,crème fraîche saha besah fromage. bizarre fi la soupe.,2026-01-28T13:41:21.081504,8,7598999454317923605,https://www.tiktok.com/@hichamcook/video/7598999454317923605,Hichem Cook
7599000272577266448,tiktok,myar ilyan,والله وصفاتك هايلة مكانش وصفة جربتها ومجاتش تقطر بالبنة وبقيت معتمدتها 🥰🥰,2026-01-28T13:41:21.081505,50,7598999454317923605,https://www.tiktok.com/@hichamcook/video/7598999454317923605,Hichem Cook
7600102698931159816,tiktok,sarsouraa,راني درتها جات شابة و عجبتهم,2026-01-28T13:41:21.081517,0,7598999454317923605,https://www.tiktok.com/@hichamcook/video/7598999454317923605,Hichem Cook
7599376975837528854,tiktok,lifegoeson, [sticker],2026-01-28T13:41:21.081519,6,7598999454317923605,https://www.tiktok.com/@hichamcook/video/7598999454317923605,Hichem Cook
7599640854684615441,tiktok,ڹورﭑلۿڊى,دوك نجربه 😍مبصح مكاله فورماج نديره بغيته عادي يكون 😍,2026-01-28T13:41:21.081521,0,7598999454317923605,https://www.tiktok.com/@hichamcook/video/7598999454317923605,Hichem Cook
7599000478756995858,tiktok,❤️Mhamd MM👻,كون زدتلها شوي جاج مرحي,2026-01-28T13:41:21.081522,2,7598999454317923605,https://www.tiktok.com/@hichamcook/video/7598999454317923605,Hichem Cook
7599304375672439559,tiktok,💜 آلَأنِآقُةّ بًبًسِآطِةّ 💜,وصفاتك صح صح بنة رمضاناتي دايما برعاية هشام كوك,2026-01-28T13:41:21.081524,1,7598999454317923605,https://www.tiktok.com/@hichamcook/video/7598999454317923605,Hichem Cook
7600001499200668424,tiktok,Smail zed, [sticker],2026-01-28T13:41:21.081526,1,7598999454317923605,https://www.tiktok.com/@hichamcook/video/7598999454317923605,Hichem Cook
7599271804779528982,tiktok,dalia,جربتها يابنات والله بنة لاتوصف ننصحك تجربوها شكرا شاف هشام كل وصفاتك هايلين صراحة او ناجحين,2026-01-28T13:41:21.081528,6,7598999454317923605,https://www.tiktok.com/@hichamcook/video/7598999454317923605,Hichem Cook
7599300667778319124,tiktok,jzeyriagh,باينة تهبل علبالكم هاك القشور المحروق يسهل الهظم يلين المصارن يساعد عالامتصاص,2026-01-28T13:41:21.081529,1,7598999454317923605,https://www.tiktok.com/@hichamcook/video/7598999454317923605,Hichem Cook
7599070796229608212,tiktok,loli lolita,صراحة وصفاتك ناجحين 🥰وصلت بفضل الله وبفضل ارادتك تستاهل كل خير شاف,2026-01-28T13:41:21.081531,2,7598999454317923605,https://www.tiktok.com/@hichamcook/video/7598999454317923605,Hichem Cook
7599314855883621141,tiktok,thalwith asirem,"je te suivais depuis tes premières vidéos,Jai beaucoup appris merci beaucoup , je veux une recette de rôtis de vous comme se faitt dans les restaurants s'il vous plaît. et merci",2026-01-28T13:41:21.081533,0,7598999454317923605,https://www.tiktok.com/@hichamcook/video/7598999454317923605,Hichem Cook
7599704462265697042,tiktok,Wassid_boutique,,2026-01-28T13:41:21.081535,1,7598999454317923605,https://www.tiktok.com/@hichamcook/video/7598999454317923605,Hichem Cook
7599335453712352018,tiktok,My flavors,,2026-01-28T13:41:21.081538,2,7598999454317923605,https://www.tiktok.com/@hichamcook/video/7598999454317923605,Hichem Cook
7599024377284772630,tiktok,rose blanche,ana mn li bda Hicham ydir les recettes . makech recette ma nejhetlich. w zid siyite fromage dyalou les 2 goûts vraiment benna🌹🌹🌹,2026-01-28T13:41:21.081540,1,7598999454317923605,https://www.tiktok.com/@hichamcook/video/7598999454317923605,Hichem Cook
7599060391725744904,tiktok,🌹,كثرلناةالوصفات كيما تع يوتوب كيما كنت زمان من فضلك,2026-01-28T13:41:23.535483,0,7598999454317923605,https://www.tiktok.com/@hichamcook/video/7598999454317923605,Hichem Cook
7599001120770179860,tiktok,🌸amoúna🌸,ماشاء الله تشهي 🤍,2026-01-28T13:41:23.535501,0,7598999454317923605,https://www.tiktok.com/@hichamcook/video/7598999454317923605,Hichem Cook
7599648007650329365,tiktok,Hadjer Bhll,الجبن تاعك مكانش في جيجل ياريت توفرهولنا وشكرا,2026-01-28T13:41:23.535503,0,7598999454317923605,https://www.tiktok.com/@hichamcook/video/7598999454317923605,Hichem Cook
7599656889060393748,tiktok,Maria Sirine,شربة تركية الاصل 100/100👌,2026-01-28T13:41:23.535505,2,7598999454317923605,https://www.tiktok.com/@hichamcook/video/7598999454317923605,Hichem Cook
7599015634798986017,tiktok,lili li,ديرلنا سوب تاع قرعة,2026-01-28T13:41:23.535506,1,7598999454317923605,https://www.tiktok.com/@hichamcook/video/7598999454317923605,Hichem Cook
7599014436830233366,tiktok,user6242009827071,وصفة الشاف غانوا,2026-01-28T13:41:23.535508,1,7598999454317923605,https://www.tiktok.com/@hichamcook/video/7598999454317923605,Hichem Cook
7599005270992782096,tiktok,mohammd,ديرنا الملوخية تعيش,2026-01-28T13:41:23.535510,0,7598999454317923605,https://www.tiktok.com/@hichamcook/video/7598999454317923605,Hichem Cook
7599006448315908880,tiktok,F.ZM,شكون جربتها,2026-01-28T13:41:23.535511,0,7598999454317923605,https://www.tiktok.com/@hichamcook/video/7598999454317923605,Hichem Cook
7599288921255904022,tiktok,lyana07,Gaspacho,2026-01-28T13:41:23.535513,0,7598999454317923605,https://www.tiktok.com/@hichamcook/video/7598999454317923605,Hichem Cook
7599735172653531905,tiktok,Ahmed Hamadache,أنا كي شفتها الخضرة بانتلي تطيب تم تم طولت بزاااااااف والذوق مانعرف راني معاها هاذاوين شفتها,2026-01-28T13:41:23.535514,0,7598999454317923605,https://www.tiktok.com/@hichamcook/video/7598999454317923605,Hichem Cook
7599296852999504648,tiktok,𝓨𝓸𝓾𝓷𝓼𝔂✨,شهاتني و حاجة جديدة,2026-01-28T13:41:23.535515,0,7598999454317923605,https://www.tiktok.com/@hichamcook/video/7598999454317923605,Hichem Cook
7599618847239340820,tiktok,samsam,بصح باينه تخرج هبال 🥰,2026-01-28T13:41:23.535517,0,7598999454317923605,https://www.tiktok.com/@hichamcook/video/7598999454317923605,Hichem Cook
7599338418577965842,tiktok,Meriem,زبدة 😥😥,2026-01-28T13:41:23.535518,0,7598999454317923605,https://www.tiktok.com/@hichamcook/video/7598999454317923605,Hichem Cook
7599633688092492561,tiktok,je suis désolé ma mére,كي نمرقو بلما لاسوب منطولش ونحيها من فوق نار ونرحيها؟,2026-01-28T13:41:23.535521,0,7598999454317923605,https://www.tiktok.com/@hichamcook/video/7598999454317923605,Hichem Cook
7599300795593360149,tiktok,jzeyriagh,عشرة على عشرة بصفتي ربة منزل وام للعائلة وصفة رائعة كاملة الاركان,2026-01-28T13:41:23.535523,0,7598999454317923605,https://www.tiktok.com/@hichamcook/video/7598999454317923605,Hichem Cook
7599328647123714834,tiktok,Meriem,أول واحد تعلمت من عندو ليسوفلي,2026-01-28T13:41:23.535524,1,7598999454317923605,https://www.tiktok.com/@hichamcook/video/7598999454317923605,Hichem Cook
7599378383881536277,tiktok,schams style,تشهي,2026-01-28T13:41:23.535525,0,7598999454317923605,https://www.tiktok.com/@hichamcook/video/7598999454317923605,Hichem Cook
7599300666952368903,tiktok,Reine de Roi,طرشي ميعجبنيش فلاسوب,2026-01-28T13:41:23.535527,0,7598999454317923605,https://www.tiktok.com/@hichamcook/video/7598999454317923605,Hichem Cook
7599064227580396309,tiktok,evoo,وصفاتك أكثر من رائعة,2026-01-28T13:41:23.535528,0,7598999454317923605,https://www.tiktok.com/@hichamcook/video/7598999454317923605,Hichem Cook
7599617866669966088,tiktok,Ahmed Luxury,"possible, sans crème fraîche et fromage ??",2026-01-28T13:41:23.535530,0,7598999454317923605,https://www.tiktok.com/@hichamcook/video/7598999454317923605,Hichem Cook
7599597053085991702,tiktok,Bc,@Nakass le gras @,2026-01-28T13:41:23.849488,1,7598999454317923605,https://www.tiktok.com/@hichamcook/video/7598999454317923605,Hichem Cook
7599014988540494610,tiktok,قرءان الكريم,تبان تشهي,2026-01-28T13:41:23.849498,0,7598999454317923605,https://www.tiktok.com/@hichamcook/video/7598999454317923605,Hichem Cook
7599319788054184711,tiktok,Nor Razan,هدي تبان صح بنينه,2026-01-28T13:41:23.849500,0,7598999454317923605,https://www.tiktok.com/@hichamcook/video/7598999454317923605,Hichem Cook
7599384683264115476,tiktok,💖jøbâ 💖,جربت قاع الوصفات جاوني شابين الله يبارك🥰🥰,2026-01-28T13:41:23.849502,0,7598999454317923605,https://www.tiktok.com/@hichamcook/video/7598999454317923605,Hichem Cook
7599006584714707713,tiktok,iman,احسن شاف ♥,2026-01-28T13:41:23.849504,0,7598999454317923605,https://www.tiktok.com/@hichamcook/video/7598999454317923605,Hichem Cook
7599115391126651670,tiktok,🇺🇸 MCA.SE🇩🇿,مشاء الله شهيتنا عليها ادي,2026-01-28T13:41:23.849506,0,7598999454317923605,https://www.tiktok.com/@hichamcook/video/7598999454317923605,Hichem Cook
7599000387472016144,tiktok,rabi3 rabi3,أول واحد😁😁😁,2026-01-28T13:41:23.849507,1,7598999454317923605,https://www.tiktok.com/@hichamcook/video/7598999454317923605,Hichem Cook
7599751561826501377,tiktok,🎀 Eliňe Üžlý Üžlý 🎀,هذي إيطاليا 🇮🇹,2026-01-28T13:41:24.832004,0,7598999454317923605,https://www.tiktok.com/@hichamcook/video/7598999454317923605,Hichem Cook
7599348404775568144,tiktok,nanisani129,راهي تشهي لازم نسييها🥰,2026-01-28T13:41:24.832012,0,7598999454317923605,https://www.tiktok.com/@hichamcook/video/7598999454317923605,Hichem Cook
7598999990405530375,tiktok,❤️Mhamd MM👻,اول,2026-01-28T13:41:24.832015,0,7598999454317923605,https://www.tiktok.com/@hichamcook/video/7598999454317923605,Hichem Cook
7599080971046863637,tiktok,⫍ ⃢👁ܫ👁⃢ ⫎ازرق🩵,زيت زيتونة خير من زيت وزبدة,2026-01-28T13:41:24.832017,0,7598999454317923605,https://www.tiktok.com/@hichamcook/video/7598999454317923605,Hichem Cook
7599109541633458965,tiktok,Leilou,Paprika fimé !! 😂,2026-01-28T13:41:24.832019,0,7598999454317923605,https://www.tiktok.com/@hichamcook/video/7598999454317923605,Hichem Cook
7599615596489147154,tiktok,سلسبيل,تعلمت من عندك أروع قلب اللوز من زمان,2026-01-28T13:41:24.832021,0,7598999454317923605,https://www.tiktok.com/@hichamcook/video/7598999454317923605,Hichem Cook
7599370281253323538,tiktok,أستاذة اللغة العربية,خويا ربي يحفظك من العين ماكلتك تشهي ربي،يبارك,2026-01-28T13:41:24.832023,0,7598999454317923605,https://www.tiktok.com/@hichamcook/video/7598999454317923605,Hichem Cook
7599355855368143637,tiktok,user7226681404667,باينة بنينة انشاء الله نجربها,2026-01-28T13:41:24.832025,0,7598999454317923605,https://www.tiktok.com/@hichamcook/video/7598999454317923605,Hichem Cook
7599262956408832788,tiktok,الوردة البيضاء,وش حطيت فوق لخبز,2026-01-28T13:41:24.832026,0,7598999454317923605,https://www.tiktok.com/@hichamcook/video/7598999454317923605,Hichem Cook
7599403008518243090,tiktok,Feryâl,صراحة احسن شاف❣️,2026-01-28T13:41:24.832028,0,7598999454317923605,https://www.tiktok.com/@hichamcook/video/7598999454317923605,Hichem Cook
7599232620816450312,tiktok,selinaseline13,Big boss,2026-01-28T13:41:24.832030,0,7598999454317923605,https://www.tiktok.com/@hichamcook/video/7598999454317923605,Hichem Cook
7599527648382976769,tiktok,s.18,باينة بنينة وطريقة جديدة 💓,2026-01-28T13:41:24.832032,0,7598999454317923605,https://www.tiktok.com/@hichamcook/video/7598999454317923605,Hichem Cook
7599308044392661781,tiktok,Imen Ou,domates çorbası,2026-01-28T13:41:24.832033,0,7598999454317923605,https://www.tiktok.com/@hichamcook/video/7598999454317923605,Hichem Cook
7599059547960967943,tiktok,فقيدة ابيها,tooooooop... Hicham koke toujours kllassssss,2026-01-28T13:41:24.832035,0,7598999454317923605,https://www.tiktok.com/@hichamcook/video/7598999454317923605,Hichem Cook
7599361265321263892,tiktok,moundoli,من فضلكم قولولي وين يتباع الفرماج حابة نشريه,2026-01-28T13:41:24.850982,0,7598999454317923605,https://www.tiktok.com/@hichamcook/video/7598999454317923605,Hichem Cook
7599274011373339400,tiktok,imen,ربي يعاونك و يرزقك الصحه,2026-01-28T13:41:24.850993,0,7598999454317923605,https://www.tiktok.com/@hichamcook/video/7598999454317923605,Hichem Cook
7599008152860672784,tiktok,🌷,تشهي😍,2026-01-28T13:41:24.850995,0,7598999454317923605,https://www.tiktok.com/@hichamcook/video/7598999454317923605,Hichem Cook
7599037021717627666,tiktok,🍄Ahlem Opal Aura 🇨🇦 🤍,يعطيك الصحة,2026-01-28T13:41:24.850997,0,7598999454317923605,https://www.tiktok.com/@hichamcook/video/7598999454317923605,Hichem Cook
7599021807412511510,tiktok,wsh633,Bravo chef 👩‍🍳,2026-01-28T13:41:24.850999,0,7598999454317923605,https://www.tiktok.com/@hichamcook/video/7598999454317923605,Hichem Cook
7599298131055084305,tiktok,radhiaferhat,هشام الله يبارك وصفاته ناجحين 100، انا اول ما تزوجت كنت منعرفش نطبخ مليح، وصفاته انقذوني، صراحة يعطيك المقادير مضبوطة هذا المحتوى المفيد الي نحبوه,2026-01-28T13:41:25.714333,1,7598999454317923605,https://www.tiktok.com/@hichamcook/video/7598999454317923605,Hichem Cook
7599224078511227664,tiktok,TaliN,مشكلة ني نتوحم و كارهة مكلتي😭 كي ندير نطيبها بلا منطيبها انا,2026-01-28T13:41:25.714345,0,7598999454317923605,https://www.tiktok.com/@hichamcook/video/7598999454317923605,Hichem Cook
7599339866182648584,tiktok,وطني وطني,يا درا البنة,2026-01-28T13:41:25.714347,0,7598999454317923605,https://www.tiktok.com/@hichamcook/video/7598999454317923605,Hichem Cook
7599312324747133704,tiktok,alinealice995,توحشنا وصفاتك شاف,2026-01-28T13:41:25.714349,0,7598999454317923605,https://www.tiktok.com/@hichamcook/video/7598999454317923605,Hichem Cook
7599245688525832982,tiktok,عتاب,نقعد نلعب انا,2026-01-28T13:41:25.714351,0,7598999454317923605,https://www.tiktok.com/@hichamcook/video/7598999454317923605,Hichem Cook
7599286580990493462,tiktok,Sousou,أطيبْعسل الشهدة ومانكلوش من يدكْ…,2026-01-28T13:41:25.714353,0,7598999454317923605,https://www.tiktok.com/@hichamcook/video/7598999454317923605,Hichem Cook
7599186982628442900,tiktok,minininou4,شكرآ شاف 🥰🥰🥰,2026-01-28T13:41:25.714355,0,7598999454317923605,https://www.tiktok.com/@hichamcook/video/7598999454317923605,Hichem Cook
7599210475813503766,tiktok,Clair,افتحو اول رمضان,2026-01-28T13:41:25.714356,0,7598999454317923605,https://www.tiktok.com/@hichamcook/video/7598999454317923605,Hichem Cook
7599407270594953985,tiktok,Asma🌸RYC,غدوة نديرها تبان بنينة 🥰,2026-01-28T13:41:25.714358,0,7598999454317923605,https://www.tiktok.com/@hichamcook/video/7598999454317923605,Hichem Cook
7599275464234484500,tiktok,djidji_ben,فنان ماشااءالله 🌹,2026-01-28T13:41:25.714359,0,7598999454317923605,https://www.tiktok.com/@hichamcook/video/7598999454317923605,Hichem Cook
7599383919431680776,tiktok,eln.daa,Ça a l air bon 🥰,2026-01-28T13:41:25.714363,0,7598999454317923605,https://www.tiktok.com/@hichamcook/video/7598999454317923605,Hichem Cook
7599000239005500181,tiktok,wasim,اول,2026-01-28T13:41:25.714369,0,7598999454317923605,https://www.tiktok.com/@hichamcook/video/7598999454317923605,Hichem Cook
7599626355391005441,tiktok,Sara Srour,تبان تشهي,2026-01-28T13:41:25.714371,0,7598999454317923605,https://www.tiktok.com/@hichamcook/video/7598999454317923605,Hichem Cook
7599251201758675728,tiktok,bmk,ما شاء الله.🥰🥰🥰🥰🥰,2026-01-28T13:41:25.714373,0,7598999454317923605,https://www.tiktok.com/@hichamcook/video/7598999454317923605,Hichem Cook
7599044706160984853,tiktok,Souna souna,بلذن الله نجربها . وصفاتك ناجحيييييييين,2026-01-28T13:41:25.780733,0,7598999454317923605,https://www.tiktok.com/@hichamcook/video/7598999454317923605,Hichem Cook
7599270364002485013,tiktok,ดเะัถ,تهبل,2026-01-28T13:41:26.618873,0,7598999454317923605,https://www.tiktok.com/@hichamcook/video/7598999454317923605,Hichem Cook
7600103222904832789,tiktok,Ma Vie,🥰🥰🥰,2026-01-28T13:41:26.618906,0,7598999454317923605,https://www.tiktok.com/@hichamcook/video/7598999454317923605,Hichem Cook
7599828955432256257,tiktok,Imen,❤❤❤,2026-01-28T13:41:26.618913,0,7598999454317923605,https://www.tiktok.com/@hichamcook/video/7598999454317923605,Hichem Cook
7599802363893842710,tiktok,امي جنتي,🥰🥰🥰,2026-01-28T13:41:26.618915,0,7598999454317923605,https://www.tiktok.com/@hichamcook/video/7598999454317923605,Hichem Cook
7599794707531039508,tiktok,@tiktok.com/,♥♥♥,2026-01-28T13:41:26.618917,0,7598999454317923605,https://www.tiktok.com/@hichamcook/video/7598999454317923605,Hichem Cook
7599723339737694998,tiktok,Allôciner,👍,2026-01-28T13:41:26.618918,0,7598999454317923605,https://www.tiktok.com/@hichamcook/video/7598999454317923605,Hichem Cook
7599690702977565447,tiktok,شهرزاد,❤️❤️❤️,2026-01-28T13:41:26.618920,0,7598999454317923605,https://www.tiktok.com/@hichamcook/video/7598999454317923605,Hichem Cook
7599640982203810580,tiktok,Mr il,🥰🥰🥰,2026-01-28T13:41:26.618923,0,7598999454317923605,https://www.tiktok.com/@hichamcook/video/7598999454317923605,Hichem Cook
7599628439712285460,tiktok,Aicha,🥰🥰🥰,2026-01-28T13:41:26.618924,0,7598999454317923605,https://www.tiktok.com/@hichamcook/video/7598999454317923605,Hichem Cook
7599602202412466951,tiktok,.𝑱𝑨𝑫 _𝑩𝒛🥷🏼✊🏼,❤❤❤,2026-01-28T13:41:26.618926,0,7598999454317923605,https://www.tiktok.com/@hichamcook/video/7598999454317923605,Hichem Cook
7599434626822488853,tiktok,boucli31,👍👍👍,2026-01-28T13:41:26.618928,0,7598999454317923605,https://www.tiktok.com/@hichamcook/video/7598999454317923605,Hichem Cook
7599429432692065032,tiktok,Nina Gucci915,🥰🥰🥰,2026-01-28T13:41:26.618930,0,7598999454317923605,https://www.tiktok.com/@hichamcook/video/7598999454317923605,Hichem Cook
7599417967944172306,tiktok,❤️🍯Malak🍯❤️,😂😂😂,2026-01-28T13:41:26.618936,0,7598999454317923605,https://www.tiktok.com/@hichamcook/video/7598999454317923605,Hichem Cook
7599399918184809234,tiktok,FETHI CHARDONT,♥♥♥,2026-01-28T13:41:26.618938,0,7598999454317923605,https://www.tiktok.com/@hichamcook/video/7598999454317923605,Hichem Cook
7599387445084078866,tiktok,L'ART DE LA VIENOISERIE.. DZ,♥♥♥,2026-01-28T13:41:26.618939,0,7598999454317923605,https://www.tiktok.com/@hichamcook/video/7598999454317923605,Hichem Cook
7599381063883522838,tiktok,𝐷é𝑙𝑖𝑐𝑒 𝑏𝑦 𝑆𝑅 💕,💓💓💓,2026-01-28T13:41:26.618941,0,7598999454317923605,https://www.tiktok.com/@hichamcook/video/7598999454317923605,Hichem Cook
7599365452671206162,tiktok,Miñôcha Minouche,😁😁😁,2026-01-28T13:41:26.618943,0,7598999454317923605,https://www.tiktok.com/@hichamcook/video/7598999454317923605,Hichem Cook
7599359207384646418,tiktok,لونا لونا,🥰🥰🥰,2026-01-28T13:41:26.618944,0,7598999454317923605,https://www.tiktok.com/@hichamcook/video/7598999454317923605,Hichem Cook
7599352432581919508,tiktok,ghe_abdrazak40,🥰🥰🥰,2026-01-28T13:41:26.618946,0,7598999454317923605,https://www.tiktok.com/@hichamcook/video/7598999454317923605,Hichem Cook
7599332718632125214,tiktok,Mimi Louiza,💓💓💓,2026-01-28T13:41:27.693151,0,7598999454317923605,https://www.tiktok.com/@hichamcook/video/7598999454317923605,Hichem Cook
7599311184726311681,tiktok,Djmila Belaid,🥰🥰🥰,2026-01-28T13:41:27.693161,0,7598999454317923605,https://www.tiktok.com/@hichamcook/video/7598999454317923605,Hichem Cook
7599311021706396433,tiktok,🐊 ïshäk 🖤,🥰🥰🥰,2026-01-28T13:41:27.693163,0,7598999454317923605,https://www.tiktok.com/@hichamcook/video/7598999454317923605,Hichem Cook
7599307885672514326,tiktok,faizafaiza835,😁😁😁,2026-01-28T13:41:27.693164,0,7598999454317923605,https://www.tiktok.com/@hichamcook/video/7598999454317923605,Hichem Cook
7599303603886736146,tiktok,Oum Malak,🥰🥰🥰,2026-01-28T13:41:27.693166,0,7598999454317923605,https://www.tiktok.com/@hichamcook/video/7598999454317923605,Hichem Cook
7599303608047452945,tiktok,Sophie,❤❤❤,2026-01-28T13:41:27.693167,0,7598999454317923605,https://www.tiktok.com/@hichamcook/video/7598999454317923605,Hichem Cook
7599285734696796944,tiktok,Meriem Bld,❤️❤️❤️,2026-01-28T13:41:27.693169,0,7598999454317923605,https://www.tiktok.com/@hichamcook/video/7598999454317923605,Hichem Cook
7599285709418578704,tiktok,Meriem Bld,😂😂😂,2026-01-28T13:41:27.693170,0,7598999454317923605,https://www.tiktok.com/@hichamcook/video/7598999454317923605,Hichem Cook
7599233409244611344,tiktok,Soumia Chz,🥰🥰🥰,2026-01-28T13:41:27.693171,0,7598999454317923605,https://www.tiktok.com/@hichamcook/video/7598999454317923605,Hichem Cook
7599153883072250644,tiktok,دبدوبة,🥰🥰🥰,2026-01-28T13:41:27.693174,0,7598999454317923605,https://www.tiktok.com/@hichamcook/video/7598999454317923605,Hichem Cook
7599029808069231368,tiktok,رؤياشفاء,🥰🥰🥰🥰,2026-01-28T13:41:27.693175,0,7598999454317923605,https://www.tiktok.com/@hichamcook/video/7598999454317923605,Hichem Cook
7599014793921512213,tiktok,Tuba Maya,❤️❤️❤️,2026-01-28T13:41:27.693177,0,7598999454317923605,https://www.tiktok.com/@hichamcook/video/7598999454317923605,Hichem Cook
7599012333315244818,tiktok,مسك الختام,🥰🥰🥰,2026-01-28T13:41:27.693178,0,7598999454317923605,https://www.tiktok.com/@hichamcook/video/7598999454317923605,Hichem Cook
7599008440607163152,tiktok,bejaiayazid,🥰🥰🥰,2026-01-28T13:41:27.693179,0,7598999454317923605,https://www.tiktok.com/@hichamcook/video/7598999454317923605,Hichem Cook
7599003150594523922,tiktok,Mokhtar Hay Yasmine,❤❤,2026-01-28T13:41:27.693180,0,7598999454317923605,https://www.tiktok.com/@hichamcook/video/7598999454317923605,Hichem Cook
7599002383180022546,tiktok,samir Amara,😉😉😉,2026-01-28T13:41:27.693182,0,7598999454317923605,https://www.tiktok.com/@hichamcook/video/7598999454317923605,Hichem Cook
7599000601754829588,tiktok,Mohamed,🥰🥰🥰,2026-01-28T13:41:27.693183,0,7598999454317923605,https://www.tiktok.com/@hichamcook/video/7598999454317923605,Hichem Cook
7599325430173008647,tiktok,فاطمة عروسي,جماعة راح نبدا مشروعي ادعموني بمتابعة انا ختكم 🫶🏻❤️❤️,2026-01-28T13:41:27.693185,0,7598999454317923605,https://www.tiktok.com/@hichamcook/video/7598999454317923605,Hichem Cook
7599303694336852744,tiktok,Løjïne MinoCha,mam fromage Hicham kok rew3a,2026-01-28T13:41:27.693186,0,7598999454317923605,https://www.tiktok.com/@hichamcook/video/7598999454317923605,Hichem Cook
7598666054420431634,tiktok,Saidos Ganars,بلا رشة معدنوس شحال تستقاملي,2026-01-28T13:41:40.406805,3640,7598649825726319893,https://www.tiktok.com/@hichamcook/video/7598649825726319893,Hichem Cook
7598735294913757953,tiktok,❤️AyA❤️,ماعنديش دراهم نقدر نجيب ولادي ونجي 🥺😁,2026-01-28T13:41:40.406817,27,7598649825726319893,https://www.tiktok.com/@hichamcook/video/7598649825726319893,Hichem Cook
7598989718059189012,tiktok,MS+,خسارة مافيهاش رشة ملح سينو نجي ...😂,2026-01-28T13:41:40.406819,4,7598649825726319893,https://www.tiktok.com/@hichamcook/video/7598649825726319893,Hichem Cook
7598774195871515414,tiktok,Hakim Nth🎺,ماشي خسارة في الوالدين و العائلة 580 الف رهي 20 اورو برك 😊,2026-01-28T13:41:40.406821,222,7598649825726319893,https://www.tiktok.com/@hichamcook/video/7598649825726319893,Hichem Cook
7598912870584222482,tiktok,Nazim Chanel,كيلو بقري 100ابف كيلو كباب 700 الف كويس 20 الف قارنيتور 30 الف,2026-01-28T13:41:40.406823,11,7598649825726319893,https://www.tiktok.com/@hichamcook/video/7598649825726319893,Hichem Cook
7598895930762838792,tiktok,𝐖,,2026-01-28T13:41:40.406825,333,7598649825726319893,https://www.tiktok.com/@hichamcook/video/7598649825726319893,Hichem Cook
7598921554461999892,tiktok,Dom.013,580 نروح نجيب كيلو لحم وجاجة وشوي مرقااز وقرعة كوكا ونبات نتقلششش🤤,2026-01-28T13:41:40.406827,83,7598649825726319893,https://www.tiktok.com/@hichamcook/video/7598649825726319893,Hichem Cook
7598709828713726727,tiktok,Hamza_live💚,حبيبي بلا لوز إيفيلي شحال ؟,2026-01-28T13:41:40.406828,433,7598649825726319893,https://www.tiktok.com/@hichamcook/video/7598649825726319893,Hichem Cook
7599054431531533074,tiktok,Tadj edin 23,رشة معدنوس في خبز شحال ؟,2026-01-28T13:41:40.406830,99,7598649825726319893,https://www.tiktok.com/@hichamcook/video/7598649825726319893,Hichem Cook
7598657021571646228,tiktok,Mister♤MO♤,كنت راح نقولك غالية بصح كي شفت الروز إيفيلي هاداك هو مليحة,2026-01-28T13:41:40.406831,197,7598649825726319893,https://www.tiktok.com/@hichamcook/video/7598649825726319893,Hichem Cook
7599512174449574663,tiktok,Majidouuu,بلا لوز شحال صحبي ؟؟,2026-01-28T13:41:40.406833,1,7598649825726319893,https://www.tiktok.com/@hichamcook/video/7598649825726319893,Hichem Cook
7599002238108500743,tiktok,Amouna imy 🧠,هاذيك هيا سومتها. شا حابين حوجي 🙄😂,2026-01-28T13:41:40.406834,23,7598649825726319893,https://www.tiktok.com/@hichamcook/video/7598649825726319893,Hichem Cook
7599405673346024199,tiktok,Ahlem Ahlem,قارص وحدو شحال,2026-01-28T13:41:40.406835,8,7598649825726319893,https://www.tiktok.com/@hichamcook/video/7598649825726319893,Hichem Cook
7598887888248308498,tiktok,true_life,شحال رشة معدنوس وحدها 😁,2026-01-28T13:41:40.406837,126,7598649825726319893,https://www.tiktok.com/@hichamcook/video/7598649825726319893,Hichem Cook
7598657139200181013,tiktok,just smile,شحال تسقاملي فريت برك؟,2026-01-28T13:41:40.406838,3,7598649825726319893,https://www.tiktok.com/@hichamcook/video/7598649825726319893,Hichem Cook
7599618808634721031,tiktok,Ïs Lām,بلا citron شحال؟,2026-01-28T13:41:40.406840,60,7598649825726319893,https://www.tiktok.com/@hichamcook/video/7598649825726319893,Hichem Cook
7599044969840968470,tiktok,الذيب,مكاش كيما diagusto,2026-01-28T13:41:40.406841,26,7598649825726319893,https://www.tiktok.com/@hichamcook/video/7598649825726319893,Hichem Cook
7598691987081069313,tiktok,كاميليا,والله غير صح منيتهم هاذو580ياختي واش نقول سبحان الله نروح نشري هبرة ب120ونزيد حاجة كبيرة روز و نديرهم في دار والله متستقانلي 300,2026-01-28T13:41:40.406843,3,7598649825726319893,https://www.tiktok.com/@hichamcook/video/7598649825726319893,Hichem Cook
7598885708719538962,tiktok,ڨرناتشو7,في متناول كريستيانو رونالدو,2026-01-28T13:41:40.406845,14,7598649825726319893,https://www.tiktok.com/@hichamcook/video/7598649825726319893,Hichem Cook
7598925188814439176,tiktok,plombier,يعجبني amazon,2026-01-28T13:41:40.406846,2,7598649825726319893,https://www.tiktok.com/@hichamcook/video/7598649825726319893,Hichem Cook
7598992461826081543,tiktok,romy4385,رشة معدنوس وحدها شحال ؟,2026-01-28T13:41:42.026166,37,7598649825726319893,https://www.tiktok.com/@hichamcook/video/7598649825726319893,Hichem Cook
7598965507751985941,tiktok,ريمي,ولي يقبى نظوه معنا لدار ولالا,2026-01-28T13:41:42.026179,11,7598649825726319893,https://www.tiktok.com/@hichamcook/video/7598649825726319893,Hichem Cook
7599420881627300616,tiktok,زهرة الياسمين,وصحن فريت وحدو بقداه,2026-01-28T13:41:42.026182,6,7598649825726319893,https://www.tiktok.com/@hichamcook/video/7598649825726319893,Hichem Cook
7599076100807672597,tiktok,Bãc Deco,نتا هشام نبغيك بصح علاه دير فالمقارنة مع صاحب حرفتك كل واحد وطريقة ترويج ديالو وكل واحد ورزقو على الله و bon courage,2026-01-28T13:41:42.026185,1,7598649825726319893,https://www.tiktok.com/@hichamcook/video/7598649825726319893,Hichem Cook
7598875141922407190,tiktok,simobarber,بلا قارص شحال تخليهالي,2026-01-28T13:41:42.026188,6,7598649825726319893,https://www.tiktok.com/@hichamcook/video/7598649825726319893,Hichem Cook
7598696789954265877,tiktok,Salah,رني نتفرج ونكل في خبز 😂,2026-01-28T13:41:42.026190,110,7598649825726319893,https://www.tiktok.com/@hichamcook/video/7598649825726319893,Hichem Cook
7599288284311814914,tiktok,𝐀𝐟𝐫𝐮𝐱🥊🎸,رشة معدنوس و شوية صيطروو شحال؟,2026-01-28T13:41:42.026192,8,7598649825726319893,https://www.tiktok.com/@hichamcook/video/7598649825726319893,Hichem Cook
7599012209251173140,tiktok,🐺,بلا معدنوس وسيترون شحال تستقاملي [sticker],2026-01-28T13:41:42.026195,80,7598649825726319893,https://www.tiktok.com/@hichamcook/video/7598649825726319893,Hichem Cook
7598858626669822742,tiktok,فرج عن نفسك 😂😂💯🔥,في متناول جمال بسكرة😂😂😂,2026-01-28T13:41:42.026197,23,7598649825726319893,https://www.tiktok.com/@hichamcook/video/7598649825726319893,Hichem Cook
7598708942885847828,tiktok,sofiane Madrid,في الاول حسبتها غالية بصح كى زدت معدنوس و القارص هديك هيا السومة,2026-01-28T13:41:42.026199,32,7598649825726319893,https://www.tiktok.com/@hichamcook/video/7598649825726319893,Hichem Cook
7599076341639611152,tiktok,BOUDJENAH KADDA,,2026-01-28T13:41:42.026201,1,7598649825726319893,https://www.tiktok.com/@hichamcook/video/7598649825726319893,Hichem Cook
7598751704385372948,tiktok,mido mido,580 الف في لاني خمسينات كانت تجيب جنان شغل نكومونتي وخلاص المهم نعاااارض 😁😁😁,2026-01-28T13:41:42.026203,4,7598649825726319893,https://www.tiktok.com/@hichamcook/video/7598649825726319893,Hichem Cook
7598674978314388256,tiktok,Dz02🇩🇿🇩🇪,كويس شكون ياكلو ولا يتقاسموه,2026-01-28T13:41:42.026206,10,7598649825726319893,https://www.tiktok.com/@hichamcook/video/7598649825726319893,Hichem Cook
7599069880767693569,tiktok,Mustapha,في نص ليل,2026-01-28T13:41:42.026208,61,7598649825726319893,https://www.tiktok.com/@hichamcook/video/7598649825726319893,Hichem Cook
7598755202099872532,tiktok,_dadi,اول مرة نلقا عدك حاجة معقولة في سومة ❤❤,2026-01-28T13:41:42.026210,8,7598649825726319893,https://www.tiktok.com/@hichamcook/video/7598649825726319893,Hichem Cook
7598773256472462096,tiktok,gaming wiaam,راهي 5 علاه 🥲,2026-01-28T13:41:42.026212,20,7598649825726319893,https://www.tiktok.com/@hichamcook/video/7598649825726319893,Hichem Cook
7598771201827095299,tiktok,Soufiane Lille 59,هههههههههههه لي فيها الفائدة مادرتش بزاف و لي مخلطة بالمصارن و الجلدة تحط كيلو هههههههههههه ياو الشعب ضرك رآه يعرف شيش كباب كولو وحدك,2026-01-28T13:41:42.026214,2,7598649825726319893,https://www.tiktok.com/@hichamcook/video/7598649825726319893,Hichem Cook
7598765761322074900,tiktok,narcos 🥷🐺,بلى رشة معدنوس شحال ؟,2026-01-28T13:41:42.026216,6,7598649825726319893,https://www.tiktok.com/@hichamcook/video/7598649825726319893,Hichem Cook
7598650759521960722,tiktok,مثلجات قرطبة الهضاب,يا هشام راك طولت في رد ههههه,2026-01-28T13:41:42.026218,1,7598649825726319893,https://www.tiktok.com/@hichamcook/video/7598649825726319893,Hichem Cook
7598680933853037328,tiktok,Amin Jazairi 🇩🇿💔🇩🇿,خلعني البري لكن كي حطيت رشة معدنوس هذيك هي السومة,2026-01-28T13:41:42.026220,4,7598649825726319893,https://www.tiktok.com/@hichamcook/video/7598649825726319893,Hichem Cook
7598746000573334290,tiktok,A_23,في متناول محمد صلاح,2026-01-28T13:41:42.882824,13,7598649825726319893,https://www.tiktok.com/@hichamcook/video/7598649825726319893,Hichem Cook
7598653570431763220,tiktok,🕷𝑴𝑺𝑯𝑳9𝑴🕷,,2026-01-28T13:41:42.882832,13,7598649825726319893,https://www.tiktok.com/@hichamcook/video/7598649825726319893,Hichem Cook
7599736598359491336,tiktok,Claysouli,Kayan f Oran ?,2026-01-28T13:41:42.882834,0,7598649825726319893,https://www.tiktok.com/@hichamcook/video/7598649825726319893,Hichem Cook
7599776248531305223,tiktok,ÄmïíR guen,وبلا رشة لوز شحال ؟,2026-01-28T13:41:42.882836,0,7598649825726319893,https://www.tiktok.com/@hichamcook/video/7598649825726319893,Hichem Cook
7599407330484716310,tiktok,Nasser,sthakhnak 5000 da,2026-01-28T13:41:42.882837,3,7598649825726319893,https://www.tiktok.com/@hichamcook/video/7598649825726319893,Hichem Cook
7599050613242364679,tiktok,هواري هواري,كاين توصيل الى سنغال,2026-01-28T13:41:42.882838,8,7598649825726319893,https://www.tiktok.com/@hichamcook/video/7598649825726319893,Hichem Cook
7598970899253658388,tiktok,nasroainmlila0,دراهم لي عندي درك يجيبو غير المعدنوس 🤣🤣,2026-01-28T13:41:42.882840,5,7598649825726319893,https://www.tiktok.com/@hichamcook/video/7598649825726319893,Hichem Cook
7598894040142988050,tiktok,Omar Louibda,عندي قيمة رشة معندوس 😅,2026-01-28T13:41:42.882841,9,7598649825726319893,https://www.tiktok.com/@hichamcook/video/7598649825726319893,Hichem Cook
7598977325945946902,tiktok,Walid Eram,كيلو بطاطا ورطل روز استاكا او 200gتع الحم وحدا كومنبار 500 😂,2026-01-28T13:41:42.882843,5,7598649825726319893,https://www.tiktok.com/@hichamcook/video/7598649825726319893,Hichem Cook
7598740904966865672,tiktok,ّ,☕😁😂🤣,2026-01-28T13:41:42.882844,7,7598649825726319893,https://www.tiktok.com/@hichamcook/video/7598649825726319893,Hichem Cook
7598993019039384341,tiktok,ΆМΊŔ-22,بغيت نفهم الرشة معدنوس شحال 😂😂😂😂,2026-01-28T13:41:42.882845,1,7598649825726319893,https://www.tiktok.com/@hichamcook/video/7598649825726319893,Hichem Cook
7598654246385484565,tiktok,🦉Na2SiM🐺,نسيت ما قلتناش السعر فالخاص 😂,2026-01-28T13:41:42.882847,2,7598649825726319893,https://www.tiktok.com/@hichamcook/video/7598649825726319893,Hichem Cook
7599630560461652758,tiktok,sam,halal ?,2026-01-28T13:41:42.882848,1,7598649825726319893,https://www.tiktok.com/@hichamcook/video/7598649825726319893,Hichem Cook
7598952320730350344,tiktok,chef Meriem fenghour,:بلا رشة معدنوس شحال تستقاملي,2026-01-28T13:41:42.882849,2,7598649825726319893,https://www.tiktok.com/@hichamcook/video/7598649825726319893,Hichem Cook
7598738799313486614,tiktok,🔱🇸🇩ÄBÂŝş🇩🇿47🔱,500نجيب بيها كويس نتاع ميسي,2026-01-28T13:41:42.882851,3,7598649825726319893,https://www.tiktok.com/@hichamcook/video/7598649825726319893,Hichem Cook
7598940253785129735,tiktok,Princesse ⭐👑,انا اعطوني غير كامومبار مقلية احي عليا 🥺,2026-01-28T13:41:42.882852,9,7598649825726319893,https://www.tiktok.com/@hichamcook/video/7598649825726319893,Hichem Cook
7598653335499965205,tiktok,Tipaza Tipaza,انت واش تحط واش تلقى الناس مشي كيف كيف,2026-01-28T13:41:42.882853,1,7598649825726319893,https://www.tiktok.com/@hichamcook/video/7598649825726319893,Hichem Cook
7598746941241344786,tiktok,IKar Ishak,prix très raisonnable bravo,2026-01-28T13:41:42.882854,1,7598649825726319893,https://www.tiktok.com/@hichamcook/video/7598649825726319893,Hichem Cook
7599046829246563090,tiktok,Taha Taha,580تفوتلي شهر خويا 🙂,2026-01-28T13:41:42.882856,2,7598649825726319893,https://www.tiktok.com/@hichamcook/video/7598649825726319893,Hichem Cook
7598695624054604551,tiktok,Fidelfidoo_,580 ناكل كويس تاع الشابة وردة 🫣🫣😝😝,2026-01-28T13:41:42.882857,4,7598649825726319893,https://www.tiktok.com/@hichamcook/video/7598649825726319893,Hichem Cook
7599678429693444865,tiktok,🇩🇿Nadjid🇩🇿,win,2026-01-28T13:41:43.923684,0,7598649825726319893,https://www.tiktok.com/@hichamcook/video/7598649825726319893,Hichem Cook
7598982019602989842,tiktok,zakimissoum,بلا citron شعال؟,2026-01-28T13:41:43.923699,3,7598649825726319893,https://www.tiktok.com/@hichamcook/video/7598649825726319893,Hichem Cook
7599695140026090258,tiktok,Gogo,رشة معندوس محسوبة ولا معندك 😳؟,2026-01-28T13:41:43.923702,0,7598649825726319893,https://www.tiktok.com/@hichamcook/video/7598649825726319893,Hichem Cook
7599387842289025793,tiktok,zaki31,بلا 🍋 ليمون ورشة ماعدنوس شعال تجيني,2026-01-28T13:41:43.923705,7,7598649825726319893,https://www.tiktok.com/@hichamcook/video/7598649825726319893,Hichem Cook
7599060457563538184,tiktok,Samiya,[photo],2026-01-28T13:41:43.923707,10,7598649825726319893,https://www.tiktok.com/@hichamcook/video/7598649825726319893,Hichem Cook
7598694350423327509,tiktok,Souadsouad2,ولي راه يخرجلو فالمنام يجي ياكل من عندك ولا ممنوع 🥺,2026-01-28T13:41:43.923710,3,7598649825726319893,https://www.tiktok.com/@hichamcook/video/7598649825726319893,Hichem Cook
7598787987665552150,tiktok,Kheireddine Kheireddine,هاذو هم الي غلوا علينا الشربة,2026-01-28T13:41:43.923712,2,7598649825726319893,https://www.tiktok.com/@hichamcook/video/7598649825726319893,Hichem Cook
7598867727730410262,tiktok,🇩🇰🇩🇰🇩🇿🇩🇿 la loogic,هاتو لجديد,2026-01-28T13:41:43.923715,1,7598649825726319893,https://www.tiktok.com/@hichamcook/video/7598649825726319893,Hichem Cook
7599750095920071444,tiktok,s.s mec,,2026-01-28T13:41:43.923717,0,7598649825726319893,https://www.tiktok.com/@hichamcook/video/7598649825726319893,Hichem Cook
7598656808278459157,tiktok,الجزائر أولا  وآخرا,كي تنقصلي المعدنوس والقارص واللوز ايفيلي بقداه تحسبلي البلا,2026-01-28T13:41:43.923719,1,7598649825726319893,https://www.tiktok.com/@hichamcook/video/7598649825726319893,Hichem Cook
7599052826652197652,tiktok,HouSsin CaPiTaL🇪🇺🫀,نخلص ب Redotpay؟ [sticker],2026-01-28T13:41:43.923721,2,7598649825726319893,https://www.tiktok.com/@hichamcook/video/7598649825726319893,Hichem Cook
7598827980660769568,tiktok,user4506749692578,tout ces plaats trop gras sont nocifs pour la santé c est le cholesterol direct,2026-01-28T13:41:43.923723,41,7598649825726319893,https://www.tiktok.com/@hichamcook/video/7598649825726319893,Hichem Cook
7599301377585513218,tiktok,Étoile filante 💫,"Je mange ça, je vais finir à l’hosto direct",2026-01-28T13:41:43.923725,2,7598649825726319893,https://www.tiktok.com/@hichamcook/video/7598649825726319893,Hichem Cook
7599059594447209223,tiktok,MERWAN. Z1000,ولملح بقداه ؟,2026-01-28T13:41:43.923728,3,7598649825726319893,https://www.tiktok.com/@hichamcook/video/7598649825726319893,Hichem Cook
7600006639848899329,tiktok,Mahdi Zemouri,شحال تستقملي رشة معدنوس مع توت لبري ريغليني تعيش,2026-01-28T13:41:43.923730,0,7598649825726319893,https://www.tiktok.com/@hichamcook/video/7598649825726319893,Hichem Cook
7600103937190773524,tiktok,Amazigh Rambo,نحيلي رشة معدنوس شحال تسقاملي لعزيز,2026-01-28T13:41:43.923732,0,7598649825726319893,https://www.tiktok.com/@hichamcook/video/7598649825726319893,Hichem Cook
7600130163498894101,tiktok,Yacine.lyes,oui had la promotion,2026-01-28T13:41:43.923736,0,7598649825726319893,https://www.tiktok.com/@hichamcook/video/7598649825726319893,Hichem Cook
7599738374522077969,tiktok,Ouss Ouss,بلا لوز إفيلي شحال تستقاملي ؟,2026-01-28T13:41:43.923739,0,7598649825726319893,https://www.tiktok.com/@hichamcook/video/7598649825726319893,Hichem Cook
7598997888047334164,tiktok,HAMADA•7•,مليحة سومة لباس وشنو كون جات ديما نفس السومة😅,2026-01-28T13:41:43.923741,2,7598649825726319893,https://www.tiktok.com/@hichamcook/video/7598649825726319893,Hichem Cook
7598922187320165140,tiktok,Dos Ghb,580 الف . اذا تزيد فالعمر,2026-01-28T13:41:43.923743,0,7598649825726319893,https://www.tiktok.com/@hichamcook/video/7598649825726319893,Hichem Cook
7598807785128559367,tiktok,Mamid,الصين راهم في عالم وحدوخر حنا مازلنا مع المعدنوس,2026-01-28T13:41:43.986946,0,7598649825726319893,https://www.tiktok.com/@hichamcook/video/7598649825726319893,Hichem Cook
7599659565374128916,tiktok,Hamza Z750,,2026-01-28T13:41:44.784430,0,7598649825726319893,https://www.tiktok.com/@hichamcook/video/7598649825726319893,Hichem Cook
7599648309448016657,tiktok,🩷🌜𝒩ℯ𝓈𝓇𝒾𝓃ℯ | نسرين🌛🩷,bla citron w louz effilé w m3dnouss w riz w hdouk les légumes ch3el tjini z3ma ? psk tbnli n9sst bzef swleh 😂,2026-01-28T13:41:44.784445,0,7598649825726319893,https://www.tiktok.com/@hichamcook/video/7598649825726319893,Hichem Cook
7599739150211793684,tiktok,Mlle_mai,بلا التوت القطبي شعال تستقام [sticker],2026-01-28T13:41:44.784448,0,7598649825726319893,https://www.tiktok.com/@hichamcook/video/7598649825726319893,Hichem Cook
7599785052301673217,tiktok,❤️djalal Hamed❤️,بلا ليمون شحال اخي ؟,2026-01-28T13:41:44.784450,0,7598649825726319893,https://www.tiktok.com/@hichamcook/video/7598649825726319893,Hichem Cook
7599700792870077205,tiktok,monocouche de façade,Bon prix,2026-01-28T13:41:44.784452,0,7598649825726319893,https://www.tiktok.com/@hichamcook/video/7598649825726319893,Hichem Cook
7599075652674831121,tiktok,X20,كون نجيب معايا الكمومبار و وحدة تشين تشين شحال تستقاملي,2026-01-28T13:41:44.784454,1,7598649825726319893,https://www.tiktok.com/@hichamcook/video/7598649825726319893,Hichem Cook
7598874202011747090,tiktok,★𝑀𝐼𝑁𝑂𝑈 𓅋 𝑪𝑯𝑨𝑶𝑼𝑰★,نقص عشرة شيش كباب و رشة معدنوس ونحي شويا سيترو شحال طيحلي,2026-01-28T13:41:44.784456,6,7598649825726319893,https://www.tiktok.com/@hichamcook/video/7598649825726319893,Hichem Cook
7599785515353932562,tiktok,l'conue princesse,سلمولي علا كران,2026-01-28T13:41:44.784458,0,7598649825726319893,https://www.tiktok.com/@hichamcook/video/7598649825726319893,Hichem Cook
7599717533487334164,tiktok,Ąƴmęŋ,خصني رشة تاع لمعدنوس برك شحال تستقام,2026-01-28T13:41:44.784459,0,7598649825726319893,https://www.tiktok.com/@hichamcook/video/7598649825726319893,Hichem Cook
7599811748967252737,tiktok,user4603792485682,شحال بالاورو؟,2026-01-28T13:41:44.784461,0,7598649825726319893,https://www.tiktok.com/@hichamcook/video/7598649825726319893,Hichem Cook
7599747554036859669,tiktok,Hichem,580 في الدار نروح نعمرها لحم و دجاج و نزيد كومومبير مع لي فريت ميكملوش,2026-01-28T13:41:44.784463,0,7598649825726319893,https://www.tiktok.com/@hichamcook/video/7598649825726319893,Hichem Cook
7599630251404165896,tiktok,Berrouba Othman,من غير رشة المعدنوس بشحال تولي,2026-01-28T13:41:44.784465,0,7598649825726319893,https://www.tiktok.com/@hichamcook/video/7598649825726319893,Hichem Cook
7599742920908538644,tiktok,ljilalimadrid,شحال تسقاملي بلا قارص,2026-01-28T13:41:44.784471,0,7598649825726319893,https://www.tiktok.com/@hichamcook/video/7598649825726319893,Hichem Cook
7599427704841208596,tiktok,عشر الاف,السيترو وحدو بشحال,2026-01-28T13:41:44.784473,3,7598649825726319893,https://www.tiktok.com/@hichamcook/video/7598649825726319893,Hichem Cook
7598972435188466452,tiktok,IssehakDZ,580 ناكل بيها كويس تاع شابة سباح و نزيد معاها كويس تاع مونيا بن فغول كادو ههههه و يتزايدلي الصرف ههههه,2026-01-28T13:41:44.784475,3,7598649825726319893,https://www.tiktok.com/@hichamcook/video/7598649825726319893,Hichem Cook
7599834415758050069,tiktok,nina,شحال تنسقام بلا صوص الواعرة ؟,2026-01-28T13:41:44.784477,0,7598649825726319893,https://www.tiktok.com/@hichamcook/video/7598649825726319893,Hichem Cook
7599035690996220680,tiktok,amine Lv,بلى رشة معدنوس وليمون شحال تسقام,2026-01-28T13:41:44.784479,1,7598649825726319893,https://www.tiktok.com/@hichamcook/video/7598649825726319893,Hichem Cook
7599665814232482578,tiktok,ddman179,هيا هذا plat!🙄,2026-01-28T13:41:44.784480,0,7598649825726319893,https://www.tiktok.com/@hichamcook/video/7598649825726319893,Hichem Cook
7598870430405329672,tiktok,titos déco,نسيت باش تحسب حبات تع الروز مع المعدنوس و القارص,2026-01-28T13:41:44.784482,2,7598649825726319893,https://www.tiktok.com/@hichamcook/video/7598649825726319893,Hichem Cook
7599725348582474504,tiktok,saiah Younes,لحم بقري تاع البلاد ولا مستورد,2026-01-28T13:41:44.784484,0,7598649825726319893,https://www.tiktok.com/@hichamcook/video/7598649825726319893,Hichem Cook
7599600685647594262,tiktok,Leilaoumnia,ok🦸🏼,2026-01-28T13:41:45.559005,0,7598649825726319893,https://www.tiktok.com/@hichamcook/video/7598649825726319893,Hichem Cook
7599481467098301185,tiktok,1999b. K,,2026-01-28T13:41:45.559019,0,7598649825726319893,https://www.tiktok.com/@hichamcook/video/7598649825726319893,Hichem Cook
7599598767156019990,tiktok,Babiya Yahdih,580 دنز مبلغ كبير بالنسبة لشخص يكسب 100 يورو شهريًا,2026-01-28T13:41:45.559021,0,7598649825726319893,https://www.tiktok.com/@hichamcook/video/7598649825726319893,Hichem Cook
7599593364362806037,tiktok,أمين أمين,كاين توصيل لتمنغاست,2026-01-28T13:41:45.559024,0,7598649825726319893,https://www.tiktok.com/@hichamcook/video/7598649825726319893,Hichem Cook
7598766453412102933,tiktok,ZAYN 808 🎧,كي نخلص نجي ندي رشة معدنوس,2026-01-28T13:41:45.559026,1,7598649825726319893,https://www.tiktok.com/@hichamcook/video/7598649825726319893,Hichem Cook
7599810866264441617,tiktok,momi,صديقي لو كان دوبلي معدنوس و اللوز اشحال نخلص😎,2026-01-28T13:41:45.559031,0,7598649825726319893,https://www.tiktok.com/@hichamcook/video/7598649825726319893,Hichem Cook
7599792256417432340,tiktok,𝒩ℴ𝓊𝓋ℯ𝒶𝓊 𝒹é℘𝒶𝓇𝓉🫶,عندك حق citron راه غالي,2026-01-28T13:41:45.559033,0,7598649825726319893,https://www.tiktok.com/@hichamcook/video/7598649825726319893,Hichem Cook
7599237710922498837,tiktok,منهج السلف📚,بسم الله ماشاء الله قعده في ما يرضي الله مع الوالدة و الوالد 😊 😂 وفقكم الله,2026-01-28T13:41:45.559038,4,7598649825726319893,https://www.tiktok.com/@hichamcook/video/7598649825726319893,Hichem Cook
7598970650421936913,tiktok,idris idrisidrisoo54@gmail.com,ولي معندوش الدراهم يجي ياكل 🙂🙃🌜🌛,2026-01-28T13:41:45.559041,1,7598649825726319893,https://www.tiktok.com/@hichamcook/video/7598649825726319893,Hichem Cook
7598893440822592277,tiktok,Selena,مش خسارة في والديا,2026-01-28T13:41:45.559043,3,7598649825726319893,https://www.tiktok.com/@hichamcook/video/7598649825726319893,Hichem Cook
7599471840118080277,tiktok,its_badi3o,سمانة مناكلش موراها 😂😂,2026-01-28T13:41:45.559045,0,7598649825726319893,https://www.tiktok.com/@hichamcook/video/7598649825726319893,Hichem Cook
7599800967072727824,tiktok,Käpriza Kapriza 08,بلا لوز ايفيلي شحال تتقاملي؟؟,2026-01-28T13:41:45.559047,0,7598649825726319893,https://www.tiktok.com/@hichamcook/video/7598649825726319893,Hichem Cook
7599639432636449557,tiktok,The Dapper,صحن وحدو مافيه والوو شحال ؟,2026-01-28T13:41:45.559048,0,7598649825726319893,https://www.tiktok.com/@hichamcook/video/7598649825726319893,Hichem Cook
7599708186895483668,tiktok,houssin,نسكت ولا نهضر,2026-01-28T13:41:45.559050,0,7598649825726319893,https://www.tiktok.com/@hichamcook/video/7598649825726319893,Hichem Cook
7599802865892590354,tiktok,Ben Zahia,بلى رسول معدنوس اشحال,2026-01-28T13:41:45.559052,0,7598649825726319893,https://www.tiktok.com/@hichamcook/video/7598649825726319893,Hichem Cook
7599825358645084935,tiktok,ÀHMÉD_ 25_ E39,ربي يرزق كامل المومنين من واسع فظله 🤲,2026-01-28T13:41:45.559054,0,7598649825726319893,https://www.tiktok.com/@hichamcook/video/7598649825726319893,Hichem Cook
7599716082949636884,tiktok,Abd El Hakim Mesbah⁴⁸,سيترون مع كوممبار شحال ؟,2026-01-28T13:41:45.559057,0,7598649825726319893,https://www.tiktok.com/@hichamcook/video/7598649825726319893,Hichem Cook
7599709384869085972,tiktok,Taher Taher,اعطيلي بلافريت خويا,2026-01-28T13:41:45.559059,0,7598649825726319893,https://www.tiktok.com/@hichamcook/video/7598649825726319893,Hichem Cook
7599763534180844309,tiktok,ouais milano,شحال سومة بلا رشة معدنوس,2026-01-28T13:41:45.559061,0,7598649825726319893,https://www.tiktok.com/@hichamcook/video/7598649825726319893,Hichem Cook
7599455420965831444,tiktok,Moüstafa🇩🇿💎🇪🇺, [sticker],2026-01-28T13:41:46.518483,0,7598649825726319893,https://www.tiktok.com/@hichamcook/video/7598649825726319893,Hichem Cook
7599437213428679431,tiktok,Houari chenwi,,2026-01-28T13:41:46.518497,0,7598649825726319893,https://www.tiktok.com/@hichamcook/video/7598649825726319893,Hichem Cook
7599455776398639880,tiktok,Mohamed Amine Mihoub,فلول بانتلي غالية ، بصح كي شفت الرشة تاع المعدنوس هذاك هو سعر مليح 👌,2026-01-28T13:41:46.518501,0,7598649825726319893,https://www.tiktok.com/@hichamcook/video/7598649825726319893,Hichem Cook
7599434841411109652,tiktok,Sara♡preciosa,رشة معدونوس في خبز شحال تسقاملي🙂,2026-01-28T13:41:46.518504,0,7598649825726319893,https://www.tiktok.com/@hichamcook/video/7598649825726319893,Hichem Cook
7598849779003769622,tiktok,Amine 93420,Pour info sa s’appelle adana ou kefta pas chich kebab,2026-01-28T13:41:46.518506,8,7598649825726319893,https://www.tiktok.com/@hichamcook/video/7598649825726319893,Hichem Cook
7599456394924196615,tiktok,♛THE WOLF♛,رشة معندوس شحال؟,2026-01-28T13:41:46.518509,0,7598649825726319893,https://www.tiktok.com/@hichamcook/video/7598649825726319893,Hichem Cook
7599739636374881042,tiktok,Romaissa,سخفتينا ياربتنا يجينا هدية 🥺🥺🥺🥺,2026-01-28T13:41:46.518511,0,7598649825726319893,https://www.tiktok.com/@hichamcook/video/7598649825726319893,Hichem Cook
7599618192621503253,tiktok,MedMed⚜️,بلا معدنوس شعال باه نجي😂,2026-01-28T13:41:46.518514,0,7598649825726319893,https://www.tiktok.com/@hichamcook/video/7598649825726319893,Hichem Cook
7599601199717319441,tiktok,NOUREDDINE,بلا معدنوس شحال خويا,2026-01-28T13:41:46.518517,0,7598649825726319893,https://www.tiktok.com/@hichamcook/video/7598649825726319893,Hichem Cook
7599691776107430663,tiktok,OsS_dlh,خويا بلا معدنوس والليمون ولوز ايفيلي شحال,2026-01-28T13:41:46.518521,0,7598649825726319893,https://www.tiktok.com/@hichamcook/video/7598649825726319893,Hichem Cook
7599784123536753426,tiktok,Mohamed Amara |محمد عمارة,غادي نولي لوور 😂😂,2026-01-28T13:41:46.518523,0,7598649825726319893,https://www.tiktok.com/@hichamcook/video/7598649825726319893,Hichem Cook
7598914710604038930,tiktok,Djamel Djamel,خونا شحال تحسبلي القارص وحدو😂,2026-01-28T13:41:46.518525,2,7598649825726319893,https://www.tiktok.com/@hichamcook/video/7598649825726319893,Hichem Cook
7599612130497774353,tiktok,Med Mouh,😁😁😁 ديزيسكرو,2026-01-28T13:41:46.518528,0,7598649825726319893,https://www.tiktok.com/@hichamcook/video/7598649825726319893,Hichem Cook
7599025272918278920,tiktok,Amar amar,راني تفرجت في فيديو شحال نخلص خويا,2026-01-28T13:41:46.518530,2,7598649825726319893,https://www.tiktok.com/@hichamcook/video/7598649825726319893,Hichem Cook
7599709872141337352,tiktok,Le R 👑,وسيطرو وحدو وشحال باش ندير حسابي نجي🤣🤣,2026-01-28T13:41:46.518532,0,7598649825726319893,https://www.tiktok.com/@hichamcook/video/7598649825726319893,Hichem Cook
7599755801074926353,tiktok,dida dida,الله ابارك,2026-01-28T13:41:46.518535,0,7598649825726319893,https://www.tiktok.com/@hichamcook/video/7598649825726319893,Hichem Cook
7599635715426485012,tiktok,ayoub19ss,خويا هشام ربي يحفظك شحال الپلا هاذا بلا الرشة تاع المعدنوس🤔,2026-01-28T13:41:46.518537,0,7598649825726319893,https://www.tiktok.com/@hichamcook/video/7598649825726319893,Hichem Cook
7599626818548073234,tiktok,💔,chef 🥰 je peut avoir la recette de la sauce jus rôti méchoui,2026-01-28T13:41:46.518539,0,7598649825726319893,https://www.tiktok.com/@hichamcook/video/7598649825726319893,Hichem Cook
7599783036558541588,tiktok,رحماوي مصطفى,سومة شابة,2026-01-28T13:41:46.518542,0,7598649825726319893,https://www.tiktok.com/@hichamcook/video/7598649825726319893,Hichem Cook
7599468773460214535,tiktok,Edinson,لاصوص وحدها شحال,2026-01-28T13:41:46.518544,0,7598649825726319893,https://www.tiktok.com/@hichamcook/video/7598649825726319893,Hichem Cook
7599600267269587734,tiktok,hareuoniuvvghknc,Qui vas manger tous ça !!!!,2026-01-28T13:41:46.619043,0,7598649825726319893,https://www.tiktok.com/@hichamcook/video/7598649825726319893,Hichem Cook
7599426526912611094,tiktok,VitaminOGaming,ai,2026-01-28T13:41:47.457259,0,7598649825726319893,https://www.tiktok.com/@hichamcook/video/7598649825726319893,Hichem Cook
7599420555590894358,tiktok,hamza  mansour,,2026-01-28T13:41:47.457272,0,7598649825726319893,https://www.tiktok.com/@hichamcook/video/7598649825726319893,Hichem Cook
7599777867639800598,tiktok,꧁★Princess★꧂,هربة هادي ماشي هبرة😅😂😂😂,2026-01-28T13:41:47.457275,1,7598649825726319893,https://www.tiktok.com/@hichamcook/video/7598649825726319893,Hichem Cook
7599424899966698241,tiktok,Ali Kehailia,كاين توصيل لتندوف,2026-01-28T13:41:47.457277,0,7598649825726319893,https://www.tiktok.com/@hichamcook/video/7598649825726319893,Hichem Cook
7599427848960688903,tiktok,Mohamed L&M,580الف نقضي قضيان شباب وناكل وحدثلثيام نتعشى بيا بالأهل,2026-01-28T13:41:47.457279,0,7598649825726319893,https://www.tiktok.com/@hichamcook/video/7598649825726319893,Hichem Cook
7599428082117657365,tiktok,zaki,كاين توصيل ؟؟,2026-01-28T13:41:47.457281,0,7598649825726319893,https://www.tiktok.com/@hichamcook/video/7598649825726319893,Hichem Cook
7599419309329302292,tiktok,MAHMoUd075,طاغونا مسيسو,2026-01-28T13:41:47.457283,0,7598649825726319893,https://www.tiktok.com/@hichamcook/video/7598649825726319893,Hichem Cook
7599897155613508373,tiktok,💯LHAJ💯ESS💯,وين المحل؟,2026-01-28T13:41:47.457285,0,7598649825726319893,https://www.tiktok.com/@hichamcook/video/7598649825726319893,Hichem Cook
7598802518244934407,tiktok,Islem Tir,راهي 6 تاع صباح علاه علاه,2026-01-28T13:41:47.457287,6,7598649825726319893,https://www.tiktok.com/@hichamcook/video/7598649825726319893,Hichem Cook
7599711242814735125,tiktok,khaledramos8,بلا كاس جو بشحال؟,2026-01-28T13:41:47.457288,0,7598649825726319893,https://www.tiktok.com/@hichamcook/video/7598649825726319893,Hichem Cook
7599680448093356820,tiktok,Reina,رشة المعدنوس وحدها شحال,2026-01-28T13:41:47.457290,2,7598649825726319893,https://www.tiktok.com/@hichamcook/video/7598649825726319893,Hichem Cook
7599777466856604433,tiktok,Taki,بلا لاصوص. قداه,2026-01-28T13:41:47.457292,0,7598649825726319893,https://www.tiktok.com/@hichamcook/video/7598649825726319893,Hichem Cook
7599420018341839633,tiktok,hadjer 46,رشة معدنوس وحدها شعال ☺️,2026-01-28T13:41:47.457293,0,7598649825726319893,https://www.tiktok.com/@hichamcook/video/7598649825726319893,Hichem Cook
7599428520728757000,tiktok,Karim,حنا زواولة خلقنا ربي غير نتفرجو 💔 عندي 3سنين مكيتش لحم,2026-01-28T13:41:47.457295,0,7598649825726319893,https://www.tiktok.com/@hichamcook/video/7598649825726319893,Hichem Cook
7599296885044577026,tiktok,nazimking16 🦁👑🇩🇿❤️🇦🇱,باطل مناكلش عندك 🙂🙂,2026-01-28T13:41:47.457297,1,7598649825726319893,https://www.tiktok.com/@hichamcook/video/7598649825726319893,Hichem Cook
7599653661120643860,tiktok,🇸🇦🇩🇿 عبد السلام,في وهران كاين ؟,2026-01-28T13:41:47.457299,0,7598649825726319893,https://www.tiktok.com/@hichamcook/video/7598649825726319893,Hichem Cook
7599422929277289237,tiktok,Inconnu,بلا قارص شعال تستقاملي,2026-01-28T13:41:47.457301,0,7598649825726319893,https://www.tiktok.com/@hichamcook/video/7598649825726319893,Hichem Cook
7598978580513866517,tiktok,الژعيم الشاوي,حسبتو غالي كي زدت رشة تاع معدنوس معليش,2026-01-28T13:41:47.457303,1,7598649825726319893,https://www.tiktok.com/@hichamcook/video/7598649825726319893,Hichem Cook
7599491942959596296,tiktok,Mohemedramci,وين عندكم المحل,2026-01-28T13:41:47.457305,0,7598649825726319893,https://www.tiktok.com/@hichamcook/video/7598649825726319893,Hichem Cook
7599740387200107286,tiktok,hocine Bordeaux,hhh 250 lil,2026-01-28T13:41:47.606191,0,7598649825726319893,https://www.tiktok.com/@hichamcook/video/7598649825726319893,Hichem Cook
7599728121823576854,tiktok,kamelchabane1,kebab de haleuf,2026-01-28T13:41:47.606205,0,7598649825726319893,https://www.tiktok.com/@hichamcook/video/7598649825726319893,Hichem Cook
7599727802900054806,tiktok,Hichem 42,زيد فتتها باش تكبر,2026-01-28T13:41:47.606207,0,7598649825726319893,https://www.tiktok.com/@hichamcook/video/7598649825726319893,Hichem Cook
7599727249461576470,tiktok,mouss,pas 580 dinars mais 5800 dinars,2026-01-28T13:41:47.606209,0,7598649825726319893,https://www.tiktok.com/@hichamcook/video/7598649825726319893,Hichem Cook
7599711847944651542,tiktok,amin alicante,معدنوس حل راك حسبه,2026-01-28T13:41:47.606212,0,7598649825726319893,https://www.tiktok.com/@hichamcook/video/7598649825726319893,Hichem Cook
7599702557603201800,tiktok,Youssef Cha,L'adresse....????? svp....!!! 😇🥰,2026-01-28T13:41:47.606215,0,7598649825726319893,https://www.tiktok.com/@hichamcook/video/7598649825726319893,Hichem Cook
7599699977593471766,tiktok,سيدو سيدو,تحيا شواي السطايفي الجمهورية,2026-01-28T13:41:47.606217,0,7598649825726319893,https://www.tiktok.com/@hichamcook/video/7598649825726319893,Hichem Cook
7599415474611585800,tiktok,d jawad 20,كثرولنا من تحديات هدو,2026-01-28T13:41:48.515177,0,7598649825726319893,https://www.tiktok.com/@hichamcook/video/7598649825726319893,Hichem Cook
7599414436834968328,tiktok,Sofiane Sania,احسن مداق نتمنا تكون كاينة هاد البرومسيون في وهران,2026-01-28T13:41:48.515187,0,7598649825726319893,https://www.tiktok.com/@hichamcook/video/7598649825726319893,Hichem Cook
7598731364364485397,tiktok,lamine,هذا. كامل. على. بعضاها. ميجوش 300,2026-01-28T13:41:48.515189,1,7598649825726319893,https://www.tiktok.com/@hichamcook/video/7598649825726319893,Hichem Cook
7599268788613202706,tiktok,🍃,بلا سيترون شحال تجيني ؟,2026-01-28T13:41:48.515192,1,7598649825726319893,https://www.tiktok.com/@hichamcook/video/7598649825726319893,Hichem Cook
7599788624230007572,tiktok,mona liza,والله مليحة,2026-01-28T13:41:48.515194,0,7598649825726319893,https://www.tiktok.com/@hichamcook/video/7598649825726319893,Hichem Cook
7599807152458416914,tiktok,c'est pas facile,او كاس جو😂😂😂,2026-01-28T13:41:48.515196,0,7598649825726319893,https://www.tiktok.com/@hichamcook/video/7598649825726319893,Hichem Cook
7599355300160439062,tiktok,samir,يا هشام كي نجي حاسبني بوحد فوفو كوبي,2026-01-28T13:41:48.515198,0,7598649825726319893,https://www.tiktok.com/@hichamcook/video/7598649825726319893,Hichem Cook
7598728311150658324,tiktok,سلسبيلة'ة,صاريلهم كيما دزاير و المروك و الارجنتين و البرازيل🙂💔😂,2026-01-28T13:41:48.515201,1,7598649825726319893,https://www.tiktok.com/@hichamcook/video/7598649825726319893,Hichem Cook
7599684398216823569,tiktok,GMزقوقوGM,كي ظراير مدابزين,2026-01-28T13:41:48.515202,0,7598649825726319893,https://www.tiktok.com/@hichamcook/video/7598649825726319893,Hichem Cook
7599217434189366036,tiktok,islam_hmr🎭,حاج موسى موسى الحاج,2026-01-28T13:41:48.515204,0,7598649825726319893,https://www.tiktok.com/@hichamcook/video/7598649825726319893,Hichem Cook
7599607545804849942,tiktok,bra75,Impossible de manger ça,2026-01-28T13:41:48.515206,1,7598649825726319893,https://www.tiktok.com/@hichamcook/video/7598649825726319893,Hichem Cook
7599371687138132756,tiktok,I‘m    Nitrox  ¿    🥇,شحال شوية تع سيطرو؟,2026-01-28T13:41:48.515208,4,7598649825726319893,https://www.tiktok.com/@hichamcook/video/7598649825726319893,Hichem Cook
7599549152339575574,tiktok,❤Øtmänē♥,بلا رشة تاع معدنوس شحال تحسبولي,2026-01-28T13:41:48.515210,0,7598649825726319893,https://www.tiktok.com/@hichamcook/video/7598649825726319893,Hichem Cook
7598833215647187730,tiktok,Abdøũ bõūb,الله يرزقنا,2026-01-28T13:41:48.515212,1,7598649825726319893,https://www.tiktok.com/@hichamcook/video/7598649825726319893,Hichem Cook
7598994690746680082,tiktok,mxtt,لعزيز نبغي ناكل فالأرض شحال تستقاملي,2026-01-28T13:41:48.515214,2,7598649825726319893,https://www.tiktok.com/@hichamcook/video/7598649825726319893,Hichem Cook
7599632697686311687,tiktok,Daoui chikh,طبسي وحده بشحال,2026-01-28T13:41:48.515215,0,7598649825726319893,https://www.tiktok.com/@hichamcook/video/7598649825726319893,Hichem Cook
7599662209565246224,tiktok,جزائرية,انا خصني 5000دواء😭,2026-01-28T13:41:48.515217,1,7598649825726319893,https://www.tiktok.com/@hichamcook/video/7598649825726319893,Hichem Cook
7599246620466840336,tiktok,🍁 SIGMA 🍁,انا فوق 200 الف ناكتيفي مود تاع الحوت حرام ناكلهم لحم,2026-01-28T13:41:48.515219,0,7598649825726319893,https://www.tiktok.com/@hichamcook/video/7598649825726319893,Hichem Cook
7599050629272683272,tiktok,Bilal Jiniral,مكان وين خويا,2026-01-28T13:41:48.515221,0,7598649825726319893,https://www.tiktok.com/@hichamcook/video/7598649825726319893,Hichem Cook
7599348524140741396,tiktok,INIXE,عندي حق الميكرو برك,2026-01-28T13:41:48.515223,1,7598649825726319893,https://www.tiktok.com/@hichamcook/video/7598649825726319893,Hichem Cook
7598997538334753557,tiktok,Rayane,نروح عند البوشي نجيب زوج كيلو انتر كوت ونزيد فردو هنكن,2026-01-28T13:41:49.527604,0,7598649825726319893,https://www.tiktok.com/@hichamcook/video/7598649825726319893,Hichem Cook
7598967029761868552,tiktok,Naim Fareh,الله ما تشوفها 580 الف و نوكل الدجاج و البقري هههههه,2026-01-28T13:41:49.527617,0,7598649825726319893,https://www.tiktok.com/@hichamcook/video/7598649825726319893,Hichem Cook
7598893316172415766,tiktok,🇩🇪Nassim AwA🔰,هل تعلم ان. 30 غرام بروتين فقط لي يقطر الجسم يمتصها يعني تقريما 100 غ صدر دجاج,2026-01-28T13:41:49.527619,0,7598649825726319893,https://www.tiktok.com/@hichamcook/video/7598649825726319893,Hichem Cook
7598991797029913352,tiktok,Nabil Belmerabet,شحال راك تحسب السومة تاع رشة معدنوس هشام,2026-01-28T13:41:49.527733,0,7598649825726319893,https://www.tiktok.com/@hichamcook/video/7598649825726319893,Hichem Cook
7598991616199672596,tiktok,Youنس,اخويا لحم غزال واقيلا,2026-01-28T13:41:49.527748,0,7598649825726319893,https://www.tiktok.com/@hichamcook/video/7598649825726319893,Hichem Cook
7598975155839533844,tiktok,El Gran Hamber,نجي عندك ياخو راني في تمنراست 😊😊,2026-01-28T13:41:49.527750,0,7598649825726319893,https://www.tiktok.com/@hichamcook/video/7598649825726319893,Hichem Cook
7599010657937965831,tiktok,David Londres802,وهران فيها ؟,2026-01-28T13:41:49.527751,0,7598649825726319893,https://www.tiktok.com/@hichamcook/video/7598649825726319893,Hichem Cook
7599414827907498760,tiktok,بلقاسم مصطفى DZ قناة أولى,جوعتوني وين بلاصة [sticker],2026-01-28T13:41:49.527753,0,7598649825726319893,https://www.tiktok.com/@hichamcook/video/7598649825726319893,Hichem Cook
7598940396345131796,tiktok,❤️‍🩹 𝑎𝑧𝑖𝑧 🇧🇷,قداه تسقاملي البطاطا وحدها🙂,2026-01-28T13:41:49.527755,1,7598649825726319893,https://www.tiktok.com/@hichamcook/video/7598649825726319893,Hichem Cook
7599827973752390422,tiktok,Kader derka,Jatak 120 millions,2026-01-28T13:41:49.527756,0,7598649825726319893,https://www.tiktok.com/@hichamcook/video/7598649825726319893,Hichem Cook
7599475301575787271,tiktok,Aimad Midou,وين المحل اخي,2026-01-28T13:41:49.527758,0,7598649825726319893,https://www.tiktok.com/@hichamcook/video/7598649825726319893,Hichem Cook
7599797352085897985,tiktok,AdeL bnz,روز فريت شعال,2026-01-28T13:41:49.527759,0,7598649825726319893,https://www.tiktok.com/@hichamcook/video/7598649825726319893,Hichem Cook
7598959339613225751,tiktok,afganestan,في المغرب هاذي €100,2026-01-28T13:41:49.527761,2,7598649825726319893,https://www.tiktok.com/@hichamcook/video/7598649825726319893,Hichem Cook
7599439761044390663,tiktok,houria Dif,عمي هشام في صيف ان شاء الله نفتح حصالة بنتي ونجي ههه,2026-01-28T13:41:49.527762,0,7598649825726319893,https://www.tiktok.com/@hichamcook/video/7598649825726319893,Hichem Cook
7598915306484368129,tiktok,🆁🅾🅼🅴🅾,خاوتي انا برك وقيلا لينتغدا 15الف 😂,2026-01-28T13:41:49.527764,1,7598649825726319893,https://www.tiktok.com/@hichamcook/video/7598649825726319893,Hichem Cook
7599537407034344212,tiktok,user6988872420465,رابي يفرج,2026-01-28T13:41:49.527766,0,7598649825726319893,https://www.tiktok.com/@hichamcook/video/7598649825726319893,Hichem Cook
7599463951781692181,tiktok,sami,يستاهل ❤️,2026-01-28T13:41:49.527767,0,7598649825726319893,https://www.tiktok.com/@hichamcook/video/7598649825726319893,Hichem Cook
7599407919940616980,tiktok,Algerienne 🇩🇿,هداك تاع 580 لول وين جاي؟؟؟,2026-01-28T13:41:49.527768,0,7598649825726319893,https://www.tiktok.com/@hichamcook/video/7598649825726319893,Hichem Cook
7599456269486261000,tiktok,M...M,580نضرب كويس تاع شالومانتي ويبقالي شويا صرف,2026-01-28T13:41:49.527770,0,7598649825726319893,https://www.tiktok.com/@hichamcook/video/7598649825726319893,Hichem Cook
7598879271235502856,tiktok,محٍمدِ أمين📿📚,سعر في متناول كريستيانو,2026-01-28T13:41:49.626450,0,7598649825726319893,https://www.tiktok.com/@hichamcook/video/7598649825726319893,Hichem Cook
7598881830230065927,tiktok,🥱,رشا معدنوس شحال تستقاملي,2026-01-28T13:41:49.626482,0,7598649825726319893,https://www.tiktok.com/@hichamcook/video/7598649825726319893,Hichem Cook
7598981168633430792,tiktok,Abde Rahim Oauggadi,في متناول ميسي وكريستيانو رونالدو 🥰🥰,2026-01-28T13:41:49.626490,0,7598649825726319893,https://www.tiktok.com/@hichamcook/video/7598649825726319893,Hichem Cook
7599657896784593682,tiktok,ابراهيم ابراهيم نصر الدين نصر,هههههههههههههه,2026-01-28T13:41:50.454938,0,7598649825726319893,https://www.tiktok.com/@hichamcook/video/7598649825726319893,Hichem Cook
7599427574909633288,tiktok,yousef,وين بلاصة,2026-01-28T13:41:50.454944,0,7598649825726319893,https://www.tiktok.com/@hichamcook/video/7598649825726319893,Hichem Cook
7599786126086554390,tiktok,douidi kada,580 نضرب لهبرة نتاع شلمونتي,2026-01-28T13:41:50.454947,0,7598649825726319893,https://www.tiktok.com/@hichamcook/video/7598649825726319893,Hichem Cook
7599450185975104277,tiktok,Azdin merdj,وينا بلاصة,2026-01-28T13:41:50.454948,0,7598649825726319893,https://www.tiktok.com/@hichamcook/video/7598649825726319893,Hichem Cook
7599416627303006983,tiktok,ra3da sa,كي تنحي اللحم والكباب.. شحال تستقام... والا تقولك كاس التوت برك ونجي تتشرف بزيارتي ليك,2026-01-28T13:41:50.454950,0,7598649825726319893,https://www.tiktok.com/@hichamcook/video/7598649825726319893,Hichem Cook
7599460512896893728,tiktok,👑🇨🇭🇩🇿🇦2pacDz👑,خويا عندكم العدس🥲,2026-01-28T13:41:50.454955,0,7598649825726319893,https://www.tiktok.com/@hichamcook/video/7598649825726319893,Hichem Cook
7598911153779458824,tiktok,Mohamed@nadir09,شهيتني يا هيشام اني ناكل با عينية😁,2026-01-28T13:41:50.454957,0,7598649825726319893,https://www.tiktok.com/@hichamcook/video/7598649825726319893,Hichem Cook
7599571097483445012,tiktok,Daoud Hamiter,الله يرزق كل مؤمن ناس ملحقتش او ملقاتش واش تاكل😞😞😞,2026-01-28T13:41:50.454958,0,7598649825726319893,https://www.tiktok.com/@hichamcook/video/7598649825726319893,Hichem Cook
7598664584573240082,tiktok,Nina-aa,نص شهريتي ا ربي ربي 🌝,2026-01-28T13:41:50.454960,1,7598649825726319893,https://www.tiktok.com/@hichamcook/video/7598649825726319893,Hichem Cook
7599435857360552725,tiktok,💚Oussama ☠️DZ❤ official,فريطوملات تاع 150dzكاين ولا ميڨزيستيش عندكوم,2026-01-28T13:41:50.454962,0,7598649825726319893,https://www.tiktok.com/@hichamcook/video/7598649825726319893,Hichem Cook
7599422612721140502,tiktok,Hadji Abdo,صراحة رخيصة مرة كليت فالجلفة وحدي ومكانش عصير تاع توت جاتني قريب 300 ميل زروبا مش حتى ربع هادي,2026-01-28T13:41:50.454963,0,7598649825726319893,https://www.tiktok.com/@hichamcook/video/7598649825726319893,Hichem Cook
7599756457445901074,tiktok,♥️Niri nana fati♥️,تشهيت,2026-01-28T13:41:50.454965,0,7598649825726319893,https://www.tiktok.com/@hichamcook/video/7598649825726319893,Hichem Cook
7598863283932562196,tiktok,sofiyan sofiyan 👉🇪🇸🇮🇹🤲,🤣😂🤣🤣😂 كي نلحق ينقص كلاش,2026-01-28T13:41:50.454966,0,7598649825726319893,https://www.tiktok.com/@hichamcook/video/7598649825726319893,Hichem Cook
7599440264654816021,tiktok,Zohir berkan,بغيت غير المعدنوس و القارص شحال السومة,2026-01-28T13:41:50.454968,0,7598649825726319893,https://www.tiktok.com/@hichamcook/video/7598649825726319893,Hichem Cook
7599006452955890453,tiktok,Trwi Bob,وبلا رشة لوز ايفيلي شحال,2026-01-28T13:41:50.454970,1,7598649825726319893,https://www.tiktok.com/@hichamcook/video/7598649825726319893,Hichem Cook
7599623587896967939,tiktok,sam,C’est diététique tout ça 😁,2026-01-28T13:41:50.454971,0,7598649825726319893,https://www.tiktok.com/@hichamcook/video/7598649825726319893,Hichem Cook
7599461749645886216,tiktok,azaro,وقداه عدد الأشخاص لي نقدر نجيب معايا,2026-01-28T13:41:50.616649,0,7598649825726319893,https://www.tiktok.com/@hichamcook/video/7598649825726319893,Hichem Cook
7599452183465296647,tiktok,Toufik Mk,خويا بلا كومومبار شحال ؟؟,2026-01-28T13:41:50.616661,0,7598649825726319893,https://www.tiktok.com/@hichamcook/video/7598649825726319893,Hichem Cook
7599449048994841352,tiktok,محمدالصالح حاج الصدي,كاين توصيل لتمنراست,2026-01-28T13:41:50.616664,0,7598649825726319893,https://www.tiktok.com/@hichamcook/video/7598649825726319893,Hichem Cook
7599448755469304594,tiktok,"💎"" AßéLhák Mk ""💎",Lah YhfdQ Chaf ❤💪🏾,2026-01-28T13:41:50.616666,0,7598649825726319893,https://www.tiktok.com/@hichamcook/video/7598649825726319893,Hichem Cook
7599442143295406869,tiktok,Riadmarseillais,fi oran disponible ?,2026-01-28T13:41:50.616668,0,7598649825726319893,https://www.tiktok.com/@hichamcook/video/7598649825726319893,Hichem Cook
7599439186013242133,tiktok,Mourad,ابارتير من غدوة منيش جاي 😅😅,2026-01-28T13:41:50.616670,0,7598649825726319893,https://www.tiktok.com/@hichamcook/video/7598649825726319893,Hichem Cook
7599434879743132436,tiktok,Aimad,Ch hal b dolar ?,2026-01-28T13:41:50.616672,0,7598649825726319893,https://www.tiktok.com/@hichamcook/video/7598649825726319893,Hichem Cook
7599011353797804820,tiktok,karimmirak58,580 ندخل شريك,2026-01-28T13:41:51.338810,0,7598649825726319893,https://www.tiktok.com/@hichamcook/video/7598649825726319893,Hichem Cook
7598897478679921415,tiktok,Karim,580نجيب وحدة كرياتين وكيلو ڨينر,2026-01-28T13:41:51.338820,0,7598649825726319893,https://www.tiktok.com/@hichamcook/video/7598649825726319893,Hichem Cook
7599450291746259732,tiktok,🤍⚓3issam🇨🇦🫀,معدنوس وحدو قداه خويا,2026-01-28T13:41:51.338823,1,7598649825726319893,https://www.tiktok.com/@hichamcook/video/7598649825726319893,Hichem Cook
7599497716775224084,tiktok,معتز بالله,كاين توصيل,2026-01-28T13:41:51.338825,0,7598649825726319893,https://www.tiktok.com/@hichamcook/video/7598649825726319893,Hichem Cook
7599637120647463712,tiktok,Hamid,ليس لديهم ملف يحتوي على وصفات أو أطباق,2026-01-28T13:41:51.338828,0,7598649825726319893,https://www.tiktok.com/@hichamcook/video/7598649825726319893,Hichem Cook
7598658261139997460,tiktok,Chemi Chem,عندكم لخبز,2026-01-28T13:41:51.338830,0,7598649825726319893,https://www.tiktok.com/@hichamcook/video/7598649825726319893,Hichem Cook
7598892553985704725,tiktok,CHAMSOU,في متناول ايلون ماسك,2026-01-28T13:41:51.338832,0,7598649825726319893,https://www.tiktok.com/@hichamcook/video/7598649825726319893,Hichem Cook
7599410849078543125,tiktok,sabrina🇩🇿🇨🇦,او بلا قارص شعال 😂,2026-01-28T13:41:51.338835,0,7598649825726319893,https://www.tiktok.com/@hichamcook/video/7598649825726319893,Hichem Cook
7598902939575632661,tiktok,𝗤𝘀 𝗸𝗵𝗮𝗹𝗶𝗹 숬,الله يبارك في متناول كريستيانو,2026-01-28T13:41:51.338836,0,7598649825726319893,https://www.tiktok.com/@hichamcook/video/7598649825726319893,Hichem Cook
7599417404716286737,tiktok,Hataf Ibalahc,واش من ولاية,2026-01-28T13:41:51.338838,0,7598649825726319893,https://www.tiktok.com/@hichamcook/video/7598649825726319893,Hichem Cook
7599628787298845462,tiktok,Tolo,Vous devriez mettre en avant l’adresse de votre restaurant dans les vidéos car je sais pas où vous êtes exactement,2026-01-28T13:41:51.338840,0,7598649825726319893,https://www.tiktok.com/@hichamcook/video/7598649825726319893,Hichem Cook
7599407489502905096,tiktok,goléand22,ماشاء الله ربي يبارك.يروحو 3 تاع ناس يحطو 200 200 و يكالو مليح.سوما شابة,2026-01-28T13:41:51.338842,0,7598649825726319893,https://www.tiktok.com/@hichamcook/video/7598649825726319893,Hichem Cook
7599409842093310736,tiktok,Faiçal  Rih_♕🇩🇿,خويا نحي توت وديرلي زعيم بشحال,2026-01-28T13:41:51.338844,0,7598649825726319893,https://www.tiktok.com/@hichamcook/video/7598649825726319893,Hichem Cook
7599393160384643848,tiktok,Tlēmćãñï 🇩🇿🖤,بلا ليم شعال ؟,2026-01-28T13:41:51.338846,1,7598649825726319893,https://www.tiktok.com/@hichamcook/video/7598649825726319893,Hichem Cook
7599625477125882646,tiktok,lillyrose2401,ناكل في ظاري نشري وناكل زاش زايد عليه,2026-01-28T13:41:51.338848,0,7598649825726319893,https://www.tiktok.com/@hichamcook/video/7598649825726319893,Hichem Cook
7599555571960300289,tiktok,اولادي سندي,رشة معدنوس بشحال؟!,2026-01-28T13:41:51.338850,0,7598649825726319893,https://www.tiktok.com/@hichamcook/video/7598649825726319893,Hichem Cook
7599762102882157334,tiktok,Tassoust Poulet,Mais peut être c’est chère pour les habitants là-bas,2026-01-28T13:41:51.338852,0,7598649825726319893,https://www.tiktok.com/@hichamcook/video/7598649825726319893,Hichem Cook
7599431890395759382,tiktok,Inconu,Pourquoi citron,2026-01-28T13:41:51.409215,0,7598649825726319893,https://www.tiktok.com/@hichamcook/video/7598649825726319893,Hichem Cook
7599429609521152790,tiktok,EL Diablo ♠️,رشة معدنوس وحدها شحال جي خويا ؟؟,2026-01-28T13:41:51.409226,0,7598649825726319893,https://www.tiktok.com/@hichamcook/video/7598649825726319893,Hichem Cook
7599429473486258952,tiktok,Tahar Miloudi,روز وحدو شحال مع رشة لوز,2026-01-28T13:41:51.409228,0,7598649825726319893,https://www.tiktok.com/@hichamcook/video/7598649825726319893,Hichem Cook
7599422612897547030,tiktok,LE N,5800 نروح نقضي فالشوق واش ناكل كثر من السماتة,2026-01-28T13:41:51.409233,0,7598649825726319893,https://www.tiktok.com/@hichamcook/video/7598649825726319893,Hichem Cook
7599421942333063943,tiktok,عتسمان عبد القادر,غالية صاحبي,2026-01-28T13:41:51.409235,0,7598649825726319893,https://www.tiktok.com/@hichamcook/video/7598649825726319893,Hichem Cook
7599420993408713494,tiktok,✌️N61👌🐅♓️,شيش كاباب هذا مخدوم بلحم ولا بلفارينة؟,2026-01-28T13:41:51.409237,0,7598649825726319893,https://www.tiktok.com/@hichamcook/video/7598649825726319893,Hichem Cook
7599419770975159062,tiktok,user886621286,10 kilo de riz 😂😂😂 jai arrêté,2026-01-28T13:41:51.409239,0,7598649825726319893,https://www.tiktok.com/@hichamcook/video/7598649825726319893,Hichem Cook
7599651544884609812,tiktok,Chäya chõchou🤗,شحال رشة معدنوس وحدها,2026-01-28T13:41:52.409115,0,7598649825726319893,https://www.tiktok.com/@hichamcook/video/7598649825726319893,Hichem Cook
7599108239167800085,tiktok,Oussama  catalonia,فريت و رشة معدنوس شحال,2026-01-28T13:41:52.409125,1,7598649825726319893,https://www.tiktok.com/@hichamcook/video/7598649825726319893,Hichem Cook
7598914926140375824,tiktok,🧸✨💞كوثر❣️,اسكو هذا في وهران كاين؟؟؟,2026-01-28T13:41:52.409127,0,7598649825726319893,https://www.tiktok.com/@hichamcook/video/7598649825726319893,Hichem Cook
7598909249456079636,tiktok,عبد الرؤوف | ABD ERAOUF 👑,ولله غير هايلة 😳❤️,2026-01-28T13:41:52.409130,2,7598649825726319893,https://www.tiktok.com/@hichamcook/video/7598649825726319893,Hichem Cook
7599674750181098271,tiktok,Ben,Mashallah for,2026-01-28T13:41:52.409132,0,7598649825726319893,https://www.tiktok.com/@hichamcook/video/7598649825726319893,Hichem Cook
7599039454439424786,tiktok,Ｃｈãｗｉａ 🇩🇿🇩🇿,مليحة الصراحة السومة مع هاذ الكمية,2026-01-28T13:41:52.409134,0,7598649825726319893,https://www.tiktok.com/@hichamcook/video/7598649825726319893,Hichem Cook
7599019959919215378,tiktok,ANOUAR.SOUFIA,كاين ليفريزون حاسي مسعود ؟,2026-01-28T13:41:52.409136,1,7598649825726319893,https://www.tiktok.com/@hichamcook/video/7598649825726319893,Hichem Cook
7598651086051885831,tiktok,25 🇩🇿 walid,لازم نجي,2026-01-28T13:41:52.409137,1,7598649825726319893,https://www.tiktok.com/@hichamcook/video/7598649825726319893,Hichem Cook
7599609473825653524,tiktok,𝐷𝑖 𝐷𝑎 🐆🥀,خويا سيترون وحدو فالطبسي بشحال؟!,2026-01-28T13:41:52.409139,0,7598649825726319893,https://www.tiktok.com/@hichamcook/video/7598649825726319893,Hichem Cook
7598961904695018262,tiktok,Azzeddine Trad,مرض السكر اون بيرصون😁,2026-01-28T13:41:52.409141,0,7598649825726319893,https://www.tiktok.com/@hichamcook/video/7598649825726319893,Hichem Cook
7598651034333299474,tiktok,👑   S   👑,الله يعاونك,2026-01-28T13:41:52.409144,0,7598649825726319893,https://www.tiktok.com/@hichamcook/video/7598649825726319893,Hichem Cook
7599648003942531862,tiktok,user8002602294889,"J’aime pas le bœuf, aucun goût je préfère le jarret ou la souris d’un agneau à la rigueur",2026-01-28T13:41:52.409146,0,7598649825726319893,https://www.tiktok.com/@hichamcook/video/7598649825726319893,Hichem Cook
7598974159339356949,tiktok,sami95,هاذي في جميع الفروع ! حتى فرع عنابة ؟؟,2026-01-28T13:41:53.340197,0,7598649825726319893,https://www.tiktok.com/@hichamcook/video/7598649825726319893,Hichem Cook
7599084448202179360,tiktok,✌🏼ŠÆMÏR.19.🥊✌🏼🇪🇺,580 نشري فريق برشلونة ههه,2026-01-28T13:41:53.340210,0,7598649825726319893,https://www.tiktok.com/@hichamcook/video/7598649825726319893,Hichem Cook
7599637443051488022,tiktok,Britchi Adam Enzo,رشا معدنوس وحدھا شحال اعيشک خويا,2026-01-28T13:41:53.340213,0,7598649825726319893,https://www.tiktok.com/@hichamcook/video/7598649825726319893,Hichem Cook
7599415201868006166,tiktok,َ,اللحم كونجلى 🤣🤣🤣,2026-01-28T13:41:53.340215,0,7598649825726319893,https://www.tiktok.com/@hichamcook/video/7598649825726319893,Hichem Cook
7599543485162930961,tiktok,l'inconnu l'inconnu,هههههههه تحيا دياڨوصطووو,2026-01-28T13:41:53.340218,0,7598649825726319893,https://www.tiktok.com/@hichamcook/video/7598649825726319893,Hichem Cook
7599642496876020502,tiktok,maryoum967,وين محل كي نهبط البلاد نجي ناكل,2026-01-28T13:41:53.340220,0,7598649825726319893,https://www.tiktok.com/@hichamcook/video/7598649825726319893,Hichem Cook
7599417385598173970,tiktok,..monir31,شهيتني خويا وانا في جانات😇😊,2026-01-28T13:41:53.340222,0,7598649825726319893,https://www.tiktok.com/@hichamcook/video/7598649825726319893,Hichem Cook
7599499062325805842,tiktok,Khàà LiDou,معدنوس وحده شعال ؟,2026-01-28T13:41:53.340225,0,7598649825726319893,https://www.tiktok.com/@hichamcook/video/7598649825726319893,Hichem Cook
7599410149882741525,tiktok,k1102@11355443977,زهر الناس,2026-01-28T13:41:53.340229,0,7598649825726319893,https://www.tiktok.com/@hichamcook/video/7598649825726319893,Hichem Cook
7599293104381920022,tiktok,nour .,توصيل بومرداس كاين,2026-01-28T13:41:53.340231,0,7598649825726319893,https://www.tiktok.com/@hichamcook/video/7598649825726319893,Hichem Cook
7599411118440121089,tiktok,Nour alg,رشة ملح 🧂 بشحال,2026-01-28T13:41:53.340233,0,7598649825726319893,https://www.tiktok.com/@hichamcook/video/7598649825726319893,Hichem Cook
7599408820729168658,tiktok,Dz kb,hhhhhh,2026-01-28T13:41:53.340235,0,7598649825726319893,https://www.tiktok.com/@hichamcook/video/7598649825726319893,Hichem Cook
7599371204054876935,tiktok,Oussama,580 اند سطافي ناكول ونوكل 2 عائلات معايا,2026-01-28T13:41:54.372842,3,7598649825726319893,https://www.tiktok.com/@hichamcook/video/7598649825726319893,Hichem Cook
7598977843565069064,tiktok,monkey D luffy,580 الف ندير قعدة مع العائلة برا في الطبيعة وندير ثلث اضعاف واش درت ويفضال صرف نعمر بيهم البلا,2026-01-28T13:41:54.372852,0,7598649825726319893,https://www.tiktok.com/@hichamcook/video/7598649825726319893,Hichem Cook
7598651115035411220,tiktok,Mohamed Bouchareb376,راك تخدم بالسوفيد يا هشام,2026-01-28T13:41:54.372854,1,7598649825726319893,https://www.tiktok.com/@hichamcook/video/7598649825726319893,Hichem Cook
7599281614434403080,tiktok,Riyadh02🇩🇿✅️,كاين بالتقسيط خويا ؟,2026-01-28T13:41:54.372856,8,7598649825726319893,https://www.tiktok.com/@hichamcook/video/7598649825726319893,Hichem Cook
7598862911456789270,tiktok,ⵣ🇫🇷 Lyes DZ.33🇩🇿ⵣ,Ma pauvre Algérie quand j’entends les prix je pensais à un salarié au bled qui veut inviter sa petite famille à manger il vas laisser toute une paie voir plus,2026-01-28T13:41:54.372857,6,7598649825726319893,https://www.tiktok.com/@hichamcook/video/7598649825726319893,Hichem Cook
7598850823082689283,tiktok,fifi,Hicham tu est le meilleur cuisinier welah tchahi makla,2026-01-28T13:41:54.372859,0,7598649825726319893,https://www.tiktok.com/@hichamcook/video/7598649825726319893,Hichem Cook
7599690504444642066,tiktok,رجل ثلاثيني,,2026-01-28T13:41:54.372860,1,7598649825726319893,https://www.tiktok.com/@hichamcook/video/7598649825726319893,Hichem Cook
7599420200257405703,tiktok,مقاتل مر من هنا,,2026-01-28T13:41:54.372862,0,7598649825726319893,https://www.tiktok.com/@hichamcook/video/7598649825726319893,Hichem Cook
7599417671007929106,tiktok,aziz bob,,2026-01-28T13:41:54.372863,0,7598649825726319893,https://www.tiktok.com/@hichamcook/video/7598649825726319893,Hichem Cook
7599650162612536085,tiktok,Stella_',@𝗬𝗔𝗦𝗠𝗜𝗡𝗘 • @LARA☯☾ 😭😭,2026-01-28T13:41:54.372865,2,7598649825726319893,https://www.tiktok.com/@hichamcook/video/7598649825726319893,Hichem Cook
7598989062934725393,tiktok,Rafik✨🥀,@majid ghaleb 290/290 نروحو ناكلوها,2026-01-28T13:41:54.372866,1,7598649825726319893,https://www.tiktok.com/@hichamcook/video/7598649825726319893,Hichem Cook
7598879475355337494,tiktok,sid Ahmed,🤣🤣🤣🤣,2026-01-28T13:41:54.372868,1,7598649825726319893,https://www.tiktok.com/@hichamcook/video/7598649825726319893,Hichem Cook
7598771681725825810,tiktok,Moncef🏴,@سيفو 🥷🍾,2026-01-28T13:41:54.372874,1,7598649825726319893,https://www.tiktok.com/@hichamcook/video/7598649825726319893,Hichem Cook
7599846008823382792,tiktok,hasanbouchefra,😳😳😳,2026-01-28T13:41:54.372881,0,7598649825726319893,https://www.tiktok.com/@hichamcook/video/7598649825726319893,Hichem Cook
7599803730112758549,tiktok,Nadjib Sellami,🤩🤩🤩,2026-01-28T13:41:54.372884,0,7598649825726319893,https://www.tiktok.com/@hichamcook/video/7598649825726319893,Hichem Cook
7599780972950913814,tiktok,Mouloud Bouchedak,🥰🥰🥰,2026-01-28T13:41:54.372886,0,7598649825726319893,https://www.tiktok.com/@hichamcook/video/7598649825726319893,Hichem Cook
7599767099499086610,tiktok,👑Fati ❤️Timouch👑31✨️,👌💯,2026-01-28T13:41:54.372888,0,7598649825726319893,https://www.tiktok.com/@hichamcook/video/7598649825726319893,Hichem Cook
7599760018267669256,tiktok,🇩🇿Samiha Khodja🇩🇿,🤤🤤🤤🤤🤤🤤🤤🤤🤤,2026-01-28T13:41:54.372889,0,7598649825726319893,https://www.tiktok.com/@hichamcook/video/7598649825726319893,Hichem Cook
7599750515090670356,tiktok,🥰 حساب للعمل 🥰,🥰🥰🥰,2026-01-28T13:41:54.372891,0,7598649825726319893,https://www.tiktok.com/@hichamcook/video/7598649825726319893,Hichem Cook
7599731344780837648,tiktok,Soumeya 👺,😂😂😂,2026-01-28T13:41:54.372893,0,7598649825726319893,https://www.tiktok.com/@hichamcook/video/7598649825726319893,Hichem Cook
7599727025612210960,tiktok,Foued Boulmerka,🥰🥰🥰,2026-01-28T13:41:54.609425,0,7598649825726319893,https://www.tiktok.com/@hichamcook/video/7598649825726319893,Hichem Cook
7599725120781468432,tiktok,Abdelsamed Kennane,♥️,2026-01-28T13:41:54.609441,0,7598649825726319893,https://www.tiktok.com/@hichamcook/video/7598649825726319893,Hichem Cook
7599718099499369232,tiktok,Amine Boudellal,❤️❤️❤️,2026-01-28T13:41:54.609443,0,7598649825726319893,https://www.tiktok.com/@hichamcook/video/7598649825726319893,Hichem Cook
7599710925629571856,tiktok,Raouf zanotti,😂😂😂,2026-01-28T13:41:54.609444,0,7598649825726319893,https://www.tiktok.com/@hichamcook/video/7598649825726319893,Hichem Cook
7599705343535710996,tiktok,the King,😂😂😂,2026-01-28T13:41:54.609445,0,7598649825726319893,https://www.tiktok.com/@hichamcook/video/7598649825726319893,Hichem Cook
7599692958787945234,tiktok,Sofiane Saci,🤣🤣🤣🤣🤣🤣🤣🤣🤣🤣,2026-01-28T13:41:55.472401,0,7598649825726319893,https://www.tiktok.com/@hichamcook/video/7598649825726319893,Hichem Cook
7599689413942100758,tiktok,rayan ♓️♓️,😳😳😳,2026-01-28T13:41:55.472412,0,7598649825726319893,https://www.tiktok.com/@hichamcook/video/7598649825726319893,Hichem Cook
7599629004048646933,tiktok,Housine Housino,🤣🤣🤣,2026-01-28T13:41:55.472414,0,7598649825726319893,https://www.tiktok.com/@hichamcook/video/7598649825726319893,Hichem Cook
7599625193979626262,tiktok,ُ,🥰🥰🥰,2026-01-28T13:41:55.472415,0,7598649825726319893,https://www.tiktok.com/@hichamcook/video/7598649825726319893,Hichem Cook
7599594442769777416,tiktok,NABIL MÉK,🥰🥰🥰,2026-01-28T13:41:55.472418,0,7598649825726319893,https://www.tiktok.com/@hichamcook/video/7598649825726319893,Hichem Cook
7599543288559616776,tiktok,Cha_ker,😂😂😂,2026-01-28T13:41:55.472420,0,7598649825726319893,https://www.tiktok.com/@hichamcook/video/7598649825726319893,Hichem Cook
7599524795504509704,tiktok,Hamza bwacha,🥰🥰🥰,2026-01-28T13:41:55.472421,0,7598649825726319893,https://www.tiktok.com/@hichamcook/video/7598649825726319893,Hichem Cook
7599478769179837192,tiktok,عادل امغشوش,🥰🥰🥰,2026-01-28T13:41:55.472423,0,7598649825726319893,https://www.tiktok.com/@hichamcook/video/7598649825726319893,Hichem Cook
7599462375599932167,tiktok,AMAR IBRAHIM,@Matich♥️,2026-01-28T13:41:55.472424,0,7598649825726319893,https://www.tiktok.com/@hichamcook/video/7598649825726319893,Hichem Cook
7599447414324839186,tiktok,sadek,❤️❤️❤️,2026-01-28T13:41:55.472426,0,7598649825726319893,https://www.tiktok.com/@hichamcook/video/7598649825726319893,Hichem Cook
7599436739024061185,tiktok,Tafat 🪷,🥰🥰🥰,2026-01-28T13:41:55.472427,0,7598649825726319893,https://www.tiktok.com/@hichamcook/video/7598649825726319893,Hichem Cook
7599436680760492820,tiktok,Bibito,😭😭😭,2026-01-28T13:41:55.472429,0,7598649825726319893,https://www.tiktok.com/@hichamcook/video/7598649825726319893,Hichem Cook
7600130616731304725,tiktok,Yacine.lyes,wine djayine ntouma,2026-01-28T13:41:55.472431,0,7598649825726319893,https://www.tiktok.com/@hichamcook/video/7598649825726319893,Hichem Cook
7599761373061874454,tiktok,imad déménagement,ligimes wella légumes? 😁,2026-01-28T13:41:55.472435,0,7598649825726319893,https://www.tiktok.com/@hichamcook/video/7598649825726319893,Hichem Cook
7599708870252430102,tiktok,Tarik Ben Salem,3ayetona wallah,2026-01-28T13:41:55.472437,0,7598649825726319893,https://www.tiktok.com/@hichamcook/video/7598649825726319893,Hichem Cook
7599701532670182166,tiktok,ْ,sans citrons w m3adnos chhal tstqamli kho,2026-01-28T13:41:55.631185,0,7598649825726319893,https://www.tiktok.com/@hichamcook/video/7598649825726319893,Hichem Cook
7599460793630065428,tiktok,𝐏e𝐝𝐫o 𝐋'𝐢mm𝐢𝐠𝐫𝐞́ 🇫🇷,يارب ارزقني زوجة 💍 تفهمني ومطيعة وحنينة وصالحة ومتربية وعاقلة امين يارب تحياتي لكم من اوروبا 🇫🇷,2026-01-28T13:41:55.631194,0,7598649825726319893,https://www.tiktok.com/@hichamcook/video/7598649825726319893,Hichem Cook
7599432087192011542,tiktok,maxy1330,jus de roti ta3 méchoui ou kaas jus d'orange ta3 qares combien svp?? à emporter sur place plz.,2026-01-28T13:41:56.519190,0,7598649825726319893,https://www.tiktok.com/@hichamcook/video/7598649825726319893,Hichem Cook
7599403618399994641,tiktok,halim_fitness4,9owa hicham cook,2026-01-28T13:41:56.519198,0,7598649825726319893,https://www.tiktok.com/@hichamcook/video/7598649825726319893,Hichem Cook
7598924870919242518,tiktok,amarsmd,jus de roti. ta3 mechoui? hadik hiya jus d'orange ta3 mechmach,2026-01-28T13:41:56.519201,0,7598649825726319893,https://www.tiktok.com/@hichamcook/video/7598649825726319893,Hichem Cook
7599424851531531025,tiktok,krimkaskader,وين راك فاتح,2026-01-28T13:41:56.519203,0,7598649825726319893,https://www.tiktok.com/@hichamcook/video/7598649825726319893,Hichem Cook
7598261107845726996,tiktok,myst dz,مقلية خير ولا مغلية,2026-01-28T13:42:08.173899,4,7598254355703139604,https://www.tiktok.com/@hichamcook/video/7598254355703139604,Hichem Cook
7598391978640311056,tiktok,Yolanda👑,خصارة غالي 😫الله يبارك مكلتك تشهي ربي يعونك اخي,2026-01-28T13:42:08.173914,2,7598254355703139604,https://www.tiktok.com/@hichamcook/video/7598254355703139604,Hichem Cook
7598289839659025172,tiktok,Sila ben,Mmmmmm,2026-01-28T13:42:08.173916,0,7598254355703139604,https://www.tiktok.com/@hichamcook/video/7598254355703139604,Hichem Cook
7598261490811110165,tiktok,rassinimo,mon rêve nji nakol 3andk rabi yarza9ni. tu es le meilleur 👏🥰,2026-01-28T13:42:08.173919,1,7598254355703139604,https://www.tiktok.com/@hichamcook/video/7598254355703139604,Hichem Cook
7598268510317888276,tiktok,Zizo ban 🫀,هشام فرماج تاعك مالقيتوش في ع صالح جنوب علاه 😭😭,2026-01-28T13:42:08.173921,2,7598254355703139604,https://www.tiktok.com/@hichamcook/video/7598254355703139604,Hichem Cook
7598262341227479809,tiktok,Doudad Smile,win nelkah formage f Relizane mknch,2026-01-28T13:42:08.173923,0,7598254355703139604,https://www.tiktok.com/@hichamcook/video/7598254355703139604,Hichem Cook
7598270197536080658,tiktok,Your Dream Cake,وأنا ادعموني 😌🥲,2026-01-28T13:42:08.173925,3,7598254355703139604,https://www.tiktok.com/@hichamcook/video/7598254355703139604,Hichem Cook
7598535876789355282,tiktok,fz2491,الفرماج ف مايوناز و سلاطة 😐و بطاطا مقلية مع سلاطة و خالوطة و جالوطة الكولون😐😐😐😐,2026-01-28T13:42:08.173930,5,7598254355703139604,https://www.tiktok.com/@hichamcook/video/7598254355703139604,Hichem Cook
7598276292266722069,tiktok,fati123,هشام كوك نورمالمو يجي في رمضان في التلفزيون يعطينا أفكار جديدة على الأطباق اللذيذة,2026-01-28T13:42:08.173931,2,7598254355703139604,https://www.tiktok.com/@hichamcook/video/7598254355703139604,Hichem Cook
7598255026422727444,tiktok,WASSiM DZ❤️‍🔥❤️‍🔥,هشام زعيم,2026-01-28T13:42:08.173933,3,7598254355703139604,https://www.tiktok.com/@hichamcook/video/7598254355703139604,Hichem Cook
7598255263905432338,tiktok,mehdimech12,بنة 🥰🥰🥰,2026-01-28T13:42:08.173935,1,7598254355703139604,https://www.tiktok.com/@hichamcook/video/7598254355703139604,Hichem Cook
7598639157904835350,tiktok,صحراء تيم,لي جاه تسأل علاه ما قلاش زرونديا و الفلفل الاحمر و البصل مع بعض ساهلة ماهلة يخافهم يدابزو وهو مايحبش يدير الفتنة قلبو ابيض😅,2026-01-28T13:42:08.173937,0,7598254355703139604,https://www.tiktok.com/@hichamcook/video/7598254355703139604,Hichem Cook
7599027978979361556,tiktok,Sam MGT,هايلة و صحية جدا . وعن تجربة فروماج هشام كوك بنة بنة بنة,2026-01-28T13:42:08.173939,1,7598254355703139604,https://www.tiktok.com/@hichamcook/video/7598254355703139604,Hichem Cook
7599801376201261832,tiktok,🇩🇿,لبصل نيروه نص طياب ولا لازم يذبال مليح؟,2026-01-28T13:42:08.173940,0,7598254355703139604,https://www.tiktok.com/@hichamcook/video/7598254355703139604,Hichem Cook
7598256151377527572,tiktok,x_zaki_are7,تخرجو غير فليل🙂🙂🙂 [sticker],2026-01-28T13:42:08.173942,0,7598254355703139604,https://www.tiktok.com/@hichamcook/video/7598254355703139604,Hichem Cook
7598556458267263761,tiktok,Tahar,عندك فل مطعم,2026-01-28T13:42:08.173944,0,7598254355703139604,https://www.tiktok.com/@hichamcook/video/7598254355703139604,Hichem Cook
7598269741213680392,tiktok,hichamcookcheese,🥰🥰🥰 البنة البنة,2026-01-28T13:42:08.173946,0,7598254355703139604,https://www.tiktok.com/@hichamcook/video/7598254355703139604,Hichem Cook
7598387950238810887,tiktok,IBRAHEEM,prq les frites ?,2026-01-28T13:42:08.173948,0,7598254355703139604,https://www.tiktok.com/@hichamcook/video/7598254355703139604,Hichem Cook
7598310551945069332,tiktok,💎nissa💎,بنينة غير صحية,2026-01-28T13:42:08.173950,1,7598254355703139604,https://www.tiktok.com/@hichamcook/video/7598254355703139604,Hichem Cook
7598296184499684114,tiktok,les délice de SARA,تبان تشهي🤤🤤,2026-01-28T13:42:08.173951,0,7598254355703139604,https://www.tiktok.com/@hichamcook/video/7598254355703139604,Hichem Cook
7598254994944901905,tiktok,🗽𝙃𝙄𝘾𝙃𝘼𝙈𝙀𐦉𝙾𝚁𝙰𝙽𝙴🁇,الله يبارك 🥰,2026-01-28T13:42:09.730712,1,7598254355703139604,https://www.tiktok.com/@hichamcook/video/7598254355703139604,Hichem Cook
7598300285240853255,tiktok,eln.daa,Athabel,2026-01-28T13:42:09.730722,0,7598254355703139604,https://www.tiktok.com/@hichamcook/video/7598254355703139604,Hichem Cook
7598265685814412050,tiktok,PROBITUME Algerie,قوة,2026-01-28T13:42:09.730724,0,7598254355703139604,https://www.tiktok.com/@hichamcook/video/7598254355703139604,Hichem Cook
7598321379498722049,tiktok,toufik,demi gratin di,2026-01-28T13:42:09.730726,0,7598254355703139604,https://www.tiktok.com/@hichamcook/video/7598254355703139604,Hichem Cook
7599071952536240913,tiktok,imi amouna,تشهي 👌👌,2026-01-28T13:42:09.730728,0,7598254355703139604,https://www.tiktok.com/@hichamcook/video/7598254355703139604,Hichem Cook
7598268901290099472,tiktok,iman,احسن شاف ♥,2026-01-28T13:42:09.730730,0,7598254355703139604,https://www.tiktok.com/@hichamcook/video/7598254355703139604,Hichem Cook
7598290647573119751,tiktok,💚,تشهي,2026-01-28T13:42:09.730731,0,7598254355703139604,https://www.tiktok.com/@hichamcook/video/7598254355703139604,Hichem Cook
7598989582198276885,tiktok,الورود السوداء👑👑👑,علاه عندنا في قسنطينة موصلش عندنا الفرماج تاعك,2026-01-28T13:42:09.730733,1,7598254355703139604,https://www.tiktok.com/@hichamcook/video/7598254355703139604,Hichem Cook
7599973527353656084,tiktok,b,🥰🥰🥰🥰🥰,2026-01-28T13:42:09.730735,0,7598254355703139604,https://www.tiktok.com/@hichamcook/video/7598254355703139604,Hichem Cook
7599375819563959058,tiktok,GÉNÉRALE PHOTOGRAPHY,❤❤❤,2026-01-28T13:42:09.730736,0,7598254355703139604,https://www.tiktok.com/@hichamcook/video/7598254355703139604,Hichem Cook
7599330567603667730,tiktok,Meriem Ibrahim,🥰🥰🥰,2026-01-28T13:42:09.730738,0,7598254355703139604,https://www.tiktok.com/@hichamcook/video/7598254355703139604,Hichem Cook
7598750519372923668,tiktok,hamza toni,🥰,2026-01-28T13:42:09.730739,0,7598254355703139604,https://www.tiktok.com/@hichamcook/video/7598254355703139604,Hichem Cook
7598567605758870289,tiktok,karimsk,❤❤❤,2026-01-28T13:42:09.730741,0,7598254355703139604,https://www.tiktok.com/@hichamcook/video/7598254355703139604,Hichem Cook
7598535298993570580,tiktok,Amira Amira,♥♥♥♥,2026-01-28T13:42:09.730742,0,7598254355703139604,https://www.tiktok.com/@hichamcook/video/7598254355703139604,Hichem Cook
7598501319036977942,tiktok,ALG16,🥰🥰🥰,2026-01-28T13:42:09.730744,0,7598254355703139604,https://www.tiktok.com/@hichamcook/video/7598254355703139604,Hichem Cook
7598282505896461077,tiktok,ٕ,🥰🥰🥰,2026-01-28T13:42:09.730745,0,7598254355703139604,https://www.tiktok.com/@hichamcook/video/7598254355703139604,Hichem Cook
7598269291205149458,tiktok,locos4k,🥰🥰🥰,2026-01-28T13:42:09.730747,0,7598254355703139604,https://www.tiktok.com/@hichamcook/video/7598254355703139604,Hichem Cook
7598255924667319061,tiktok,Aya Aya,🥰🥰🥰,2026-01-28T13:42:09.730748,0,7598254355703139604,https://www.tiktok.com/@hichamcook/video/7598254355703139604,Hichem Cook
7598255088444998420,tiktok,Mimin Tadjee,🥰🥰🥰,2026-01-28T13:42:09.730750,0,7598254355703139604,https://www.tiktok.com/@hichamcook/video/7598254355703139604,Hichem Cook
7596790352108012305,tiktok,&dida€,مم كي يكون عندي لحم مستحيل نطيب عدس,2026-01-28T13:42:25.544793,140,7596762610146577684,https://www.tiktok.com/@hichamcook/video/7596762610146577684,Hichem Cook
7596813108616151824,tiktok,Tulipe rose,كيفاه تمرق بالماء تع عدرس ؟حنا نرموه بوسيك لون تاعو كحل,2026-01-28T13:42:25.544802,19,7596762610146577684,https://www.tiktok.com/@hichamcook/video/7596762610146577684,Hichem Cook
7600075291327677202,tiktok,Lahcen Aden,جامي كلينا عدس بلحم,2026-01-28T13:42:25.544804,1,7596762610146577684,https://www.tiktok.com/@hichamcook/video/7596762610146577684,Hichem Cook
7596794173967123221,tiktok,Ki nG, [sticker],2026-01-28T13:42:25.544806,15,7596762610146577684,https://www.tiktok.com/@hichamcook/video/7596762610146577684,Hichem Cook
7596997903768552212,tiktok,cuisine algérienne 🇩🇿🇩🇿,والله يا خويا هشام عندي طياب spicial معطاونيش الفرصة برك,2026-01-28T13:42:25.544808,5,7596762610146577684,https://www.tiktok.com/@hichamcook/video/7596762610146577684,Hichem Cook
7596783988426081041,tiktok,ommama🇩🇿🇩🇿,العدس حامض نطيبوه بلالحم ويجي عسل 🙂😋,2026-01-28T13:42:25.544809,10,7596762610146577684,https://www.tiktok.com/@hichamcook/video/7596762610146577684,Hichem Cook
7600092188719432455,tiktok,مالك بن نبي,لحم خروف كطيب بيه خبايز ويجي بنين😂,2026-01-28T13:42:25.544811,0,7596762610146577684,https://www.tiktok.com/@hichamcook/video/7596762610146577684,Hichem Cook
7597237457226433301,tiktok,RouSsa,لعدس ميجيش بالحم,2026-01-28T13:42:25.544812,2,7596762610146577684,https://www.tiktok.com/@hichamcook/video/7596762610146577684,Hichem Cook
7596814625217217297,tiktok,🎀🅚🅐🅡🅘🅜🅐🎀,سمحلي شاف ، نطيب العدس احسن من هكى ، لعدس يتغسل بالماء سخون شحال من مرة، كي يصفى ماء لعدس نحكوه بين يدين على قشرة عدس ونصفوه ومن بعد بصل وثوم وتوابل كيمى تبغي دير ليه وطيبه,2026-01-28T13:42:25.544814,8,7596762610146577684,https://www.tiktok.com/@hichamcook/video/7596762610146577684,Hichem Cook
7596807471974368021,tiktok,Maya La Sétifenne,ايجيني ثقيل بلا ما نرحي الخضرة 😏,2026-01-28T13:42:25.544816,5,7596762610146577684,https://www.tiktok.com/@hichamcook/video/7596762610146577684,Hichem Cook
7597487694944781074,tiktok,Õłîvíã,وصفاتك كامل ناجحين و يشهو ماشاء الله,2026-01-28T13:42:25.544818,0,7596762610146577684,https://www.tiktok.com/@hichamcook/video/7596762610146577684,Hichem Cook
7596764290461451026,tiktok,dina,😅المشكلة العدس يبقا عدس مالقري مفيد لكن محقور,2026-01-28T13:42:25.544819,9,7596762610146577684,https://www.tiktok.com/@hichamcook/video/7596762610146577684,Hichem Cook
7597278141246472980,tiktok,️,راه صاري لي كوشمار ما عدس زاد خرجلي هنا,2026-01-28T13:42:25.544821,2,7596762610146577684,https://www.tiktok.com/@hichamcook/video/7596762610146577684,Hichem Cook
7597175869345563399,tiktok,ASONIA,لحم غي يتقلى مليح نزيد نطيبو وناكل ونرحمممم 🥰🥰🥰,2026-01-28T13:42:25.544822,0,7596762610146577684,https://www.tiktok.com/@hichamcook/video/7596762610146577684,Hichem Cook
7597216407877485320,tiktok,Lina Pamila949,مشكلتي منحبش اللحم مع لعدس بصح يبان منين 😋,2026-01-28T13:42:25.544823,0,7596762610146577684,https://www.tiktok.com/@hichamcook/video/7596762610146577684,Hichem Cook
7596793922953675538,tiktok,🦋Ahlam🦋,زعمه انتا شاف صار العدس يطيب هكذا جاااااااامي يا اخي ولله,2026-01-28T13:42:25.544824,1,7596762610146577684,https://www.tiktok.com/@hichamcook/video/7596762610146577684,Hichem Cook
7597308166472286979,tiktok,farida,"boîte a épices, une merveille.",2026-01-28T13:42:25.544826,0,7596762610146577684,https://www.tiktok.com/@hichamcook/video/7596762610146577684,Hichem Cook
7596781344510182162,tiktok,chahd,شاف وش من توابل طيب بيهم ؟؟؟ اعطيني من وين تشريهم,2026-01-28T13:42:25.544827,0,7596762610146577684,https://www.tiktok.com/@hichamcook/video/7596762610146577684,Hichem Cook
7596775045641454354,tiktok,🥰 Mes enfants sont ma vie 🥰,هكدا نديرووو يجي الله ابارك 🥰,2026-01-28T13:42:25.544830,1,7596762610146577684,https://www.tiktok.com/@hichamcook/video/7596762610146577684,Hichem Cook
7596769946220004112,tiktok,saber réparation conti 📍☕🔧,كول او دس🥰🥰🥰,2026-01-28T13:42:25.544831,1,7596762610146577684,https://www.tiktok.com/@hichamcook/video/7596762610146577684,Hichem Cook
7596792091628978962,tiktok,imm sa,hna la3das ndirouh b jumbo lham yghidni ndirou f la3das,2026-01-28T13:42:27.209072,0,7596762610146577684,https://www.tiktok.com/@hichamcook/video/7596762610146577684,Hichem Cook
7596823593213870855,tiktok,meriem.2021,Demain matin rendez-vous dans ma cuisine avec le3dess kima te3 Hichem cook inchallah 🥰,2026-01-28T13:42:27.209085,0,7596762610146577684,https://www.tiktok.com/@hichamcook/video/7596762610146577684,Hichem Cook
7597869669248418578,tiktok,Saka Moto820,واش حكاية المغرفة نتاع النيلو,2026-01-28T13:42:27.209087,0,7596762610146577684,https://www.tiktok.com/@hichamcook/video/7596762610146577684,Hichem Cook
7596775809180910354,tiktok,mohamednadjib385,أياه والله طيب لعدس هشام خويا أواه مراكش مليح😁المهم يعطيك الصحة شاف💪💪,2026-01-28T13:42:27.209088,0,7596762610146577684,https://www.tiktok.com/@hichamcook/video/7596762610146577684,Hichem Cook
7596771759807300359,tiktok,Your Dream Cake,وانا ادعموني 😌🥲,2026-01-28T13:42:27.209090,12,7596762610146577684,https://www.tiktok.com/@hichamcook/video/7596762610146577684,Hichem Cook
7597298671256142594,tiktok,chak59,depuis ma naissance je mange lentille sans viande,2026-01-28T13:42:27.209091,0,7596762610146577684,https://www.tiktok.com/@hichamcook/video/7596762610146577684,Hichem Cook
7599728898716992276,tiktok,🐆amira🐆,خويا حنا طيبو لعدس كي يكون فريجدار خاوي كي يكون لحم نديروه طعام ولا متوم ولا دولمة الله الله 😂,2026-01-28T13:42:27.209096,0,7596762610146577684,https://www.tiktok.com/@hichamcook/video/7596762610146577684,Hichem Cook
7599628540699706120,tiktok,💥Mimichou💥,تعلم الطريقة لي متخليش العدس كحل,2026-01-28T13:42:27.209097,0,7596762610146577684,https://www.tiktok.com/@hichamcook/video/7596762610146577684,Hichem Cook
7598666531493151508,tiktok,hadjer H,اللحم بقري بالعدس مليح لعندهم بوشوكة وزيد بنة بنة 😁🥰,2026-01-28T13:42:27.209099,0,7596762610146577684,https://www.tiktok.com/@hichamcook/video/7596762610146577684,Hichem Cook
7596993393717674773,tiktok,Taieb Bouhazem,والله العظيم غير نطيبو بارد في بارد وبلا بصل ولا لحم ونطيبو خيرمن هدا,2026-01-28T13:42:27.209100,0,7596762610146577684,https://www.tiktok.com/@hichamcook/video/7596762610146577684,Hichem Cook
7598132697039880978,tiktok,Mery,طريقتي المعتمدة,2026-01-28T13:42:27.209101,0,7596762610146577684,https://www.tiktok.com/@hichamcook/video/7596762610146577684,Hichem Cook
7596795060248724242,tiktok,Bibline,ليوم شريت فرماج تاعك بزاااف بنين كلمة حق,2026-01-28T13:42:27.209103,0,7596762610146577684,https://www.tiktok.com/@hichamcook/video/7596762610146577684,Hichem Cook
7597882731905139474,tiktok,mimi.mihaf,العدس حلو و يزيد ليه زرودية,2026-01-28T13:42:27.209104,0,7596762610146577684,https://www.tiktok.com/@hichamcook/video/7596762610146577684,Hichem Cook
7597779650723562257,tiktok,Luna 🌙,عدس يجي بلحم ❤️,2026-01-28T13:42:27.209105,0,7596762610146577684,https://www.tiktok.com/@hichamcook/video/7596762610146577684,Hichem Cook
7597527246376043286,tiktok,KASMÉSA love❤️& peace🕊️,حنا اللحم منديروهش في لعدس,2026-01-28T13:42:27.209107,0,7596762610146577684,https://www.tiktok.com/@hichamcook/video/7596762610146577684,Hichem Cook
7597310514293506836,tiktok,خريف العمر,انا ندير العدس باللحم 😂مستحيل,2026-01-28T13:42:27.209108,0,7596762610146577684,https://www.tiktok.com/@hichamcook/video/7596762610146577684,Hichem Cook
7597345040680600336,tiktok,Nofal Nofal,طيب لي طيبه بصح عدس مديرهش خير من جداتي,2026-01-28T13:42:27.209110,0,7596762610146577684,https://www.tiktok.com/@hichamcook/video/7596762610146577684,Hichem Cook
7597567924777796359,tiktok,Sara @@,كي يكون لحم تنسا لعدس حنا لعدس يكون مكان والو في دار نديروه ههههههه,2026-01-28T13:42:27.209111,0,7596762610146577684,https://www.tiktok.com/@hichamcook/video/7596762610146577684,Hichem Cook
7596793636449256213,tiktok,ادريس دريس,العدس الراعي الرسمي للغازات🤣,2026-01-28T13:42:27.209112,0,7596762610146577684,https://www.tiktok.com/@hichamcook/video/7596762610146577684,Hichem Cook
7598577341653631764,tiktok,sihame,Vous avez compliqué les choses🤣🤣,2026-01-28T13:42:27.209114,0,7596762610146577684,https://www.tiktok.com/@hichamcook/video/7596762610146577684,Hichem Cook
7597535029707506439,tiktok,sali,جاك كحل مرقته بماه خطأ🙂,2026-01-28T13:42:28.370162,1,7596762610146577684,https://www.tiktok.com/@hichamcook/video/7596762610146577684,Hichem Cook
7597959022725874440,tiktok,Kiki,Ki zido le ma ta3 le 3das yji khal bsh 😏,2026-01-28T13:42:28.370176,0,7596762610146577684,https://www.tiktok.com/@hichamcook/video/7596762610146577684,Hichem Cook
7597370596925981458,tiktok,fares,تخلي شطيطحة لحم و دير عدس,2026-01-28T13:42:28.370179,0,7596762610146577684,https://www.tiktok.com/@hichamcook/video/7596762610146577684,Hichem Cook
7598641888182862609,tiktok,Nassima Lhasbellaoui,بكيلولو لحم بلامزيتو اجي بنين,2026-01-28T13:42:28.370181,0,7596762610146577684,https://www.tiktok.com/@hichamcook/video/7596762610146577684,Hichem Cook
7598162044857549586,tiktok,༺هـ༈ۖ҉ـد𝄞و༈ء,حنا كان منحولوش قشرة مناكلوهش,2026-01-28T13:42:28.370183,0,7596762610146577684,https://www.tiktok.com/@hichamcook/video/7596762610146577684,Hichem Cook
7598268063331664648,tiktok,amel,عدس باللحم انجاز عظيم,2026-01-28T13:42:28.370184,0,7596762610146577684,https://www.tiktok.com/@hichamcook/video/7596762610146577684,Hichem Cook
7597421178395460372,tiktok,sousou couture,جرب بالمرقاز وردلى الخبر 🥰,2026-01-28T13:42:28.370186,0,7596762610146577684,https://www.tiktok.com/@hichamcook/video/7596762610146577684,Hichem Cook
7598267922792989460,tiktok,KaRouma 🕊️,بون غوسات,2026-01-28T13:42:28.370188,0,7596762610146577684,https://www.tiktok.com/@hichamcook/video/7596762610146577684,Hichem Cook
7598313239264461575,tiktok,Farid Mouloudj,شكون ياكل لحم 🤣,2026-01-28T13:42:28.370190,0,7596762610146577684,https://www.tiktok.com/@hichamcook/video/7596762610146577684,Hichem Cook
7597923936403456789,tiktok,𝓖𝓱𝓪𝓭𝓪🦋,تاعنا تع الدار ني لحم ني والو و يبان يشهي,2026-01-28T13:42:28.370191,0,7596762610146577684,https://www.tiktok.com/@hichamcook/video/7596762610146577684,Hichem Cook
7598599274242687765,tiktok,حساب ديني,شب عجبتني نعملها كيفك غير الخضر منرحيهش بصح تهبل,2026-01-28T13:42:28.370193,0,7596762610146577684,https://www.tiktok.com/@hichamcook/video/7596762610146577684,Hichem Cook
7598187172773348116,tiktok,Nacera dz,بصراحة انا نحب العدس بلا لحم,2026-01-28T13:42:28.370195,0,7596762610146577684,https://www.tiktok.com/@hichamcook/video/7596762610146577684,Hichem Cook
7597538626910487318,tiktok,Katrine,Nataybo normal yajini 3a9ad,2026-01-28T13:42:28.370197,0,7596762610146577684,https://www.tiktok.com/@hichamcook/video/7596762610146577684,Hichem Cook
7597485311007326997,tiktok,ٕ,يعطيك الخير,2026-01-28T13:42:28.370198,0,7596762610146577684,https://www.tiktok.com/@hichamcook/video/7596762610146577684,Hichem Cook
7599388445656417044,tiktok,bęlla_anń,اليوم تلاقيت فيه فاصا لفاص,2026-01-28T13:42:28.370200,0,7596762610146577684,https://www.tiktok.com/@hichamcook/video/7596762610146577684,Hichem Cook
7597733840174711560,tiktok,safwan,شكون لي راه يطيب باللحم !!!,2026-01-28T13:42:28.370202,0,7596762610146577684,https://www.tiktok.com/@hichamcook/video/7596762610146577684,Hichem Cook
7597199148361827089,tiktok,🦋فراشة 🦋,حنا نديرو العدس غير كي نفقرا,2026-01-28T13:42:28.370204,0,7596762610146577684,https://www.tiktok.com/@hichamcook/video/7596762610146577684,Hichem Cook
7597140132034134800,tiktok,mohammd,سلام كفاه اطيب المولوخية ب الجاج,2026-01-28T13:42:28.370205,0,7596762610146577684,https://www.tiktok.com/@hichamcook/video/7596762610146577684,Hichem Cook
7596794217083781908,tiktok,silver,لعدس بكيلو لحم هبرة !!!,2026-01-28T13:42:28.370207,1,7596762610146577684,https://www.tiktok.com/@hichamcook/video/7596762610146577684,Hichem Cook
7597154895216739088,tiktok,mina ayoub 🍒,ذركا يرحم باباك شكون لي ما يعرفش يطيب لعدس,2026-01-28T13:42:28.370209,0,7596762610146577684,https://www.tiktok.com/@hichamcook/video/7596762610146577684,Hichem Cook
7597215437378388743,tiktok,chouaib,حنا لعدس منديرولها لا جاج لا لحم ههه😂❤,2026-01-28T13:42:28.451542,0,7596762610146577684,https://www.tiktok.com/@hichamcook/video/7596762610146577684,Hichem Cook
7596775817022980867,tiktok,BILLELGH23,الله يباارك,2026-01-28T13:42:28.451635,0,7596762610146577684,https://www.tiktok.com/@hichamcook/video/7596762610146577684,Hichem Cook
7596774819019309846,tiktok,inzo.algerino🇩🇿🇩🇿,روعه😋,2026-01-28T13:42:28.451674,0,7596762610146577684,https://www.tiktok.com/@hichamcook/video/7596762610146577684,Hichem Cook
7597290652263711496,tiktok,Tarek Hider,شفتك فهمت بلي نعرف نطيب من غير مقريت طبخ,2026-01-28T13:42:28.451703,0,7596762610146577684,https://www.tiktok.com/@hichamcook/video/7596762610146577684,Hichem Cook
7597464940115477256,tiktok,or.based,فناااان ملخر الله يبارك,2026-01-28T13:42:28.451708,0,7596762610146577684,https://www.tiktok.com/@hichamcook/video/7596762610146577684,Hichem Cook
7597188683665851137,tiktok,rahaflayane,اه وتذوقو ماكلتي 🥰🥰 هاذا مايتشبهش لعدس كامل,2026-01-28T13:42:29.503918,0,7596762610146577684,https://www.tiktok.com/@hichamcook/video/7596762610146577684,Hichem Cook
7597027856116777748,tiktok,loulou,مايجيش بنين باللحم,2026-01-28T13:42:29.503928,0,7596762610146577684,https://www.tiktok.com/@hichamcook/video/7596762610146577684,Hichem Cook
7597359208577516306,tiktok,bouthaina,انا عدس نقشرو,2026-01-28T13:42:29.503934,0,7596762610146577684,https://www.tiktok.com/@hichamcook/video/7596762610146577684,Hichem Cook
7598548938265936662,tiktok,Sali Bouazza,merci pour l'idée,2026-01-28T13:42:29.503936,0,7596762610146577684,https://www.tiktok.com/@hichamcook/video/7596762610146577684,Hichem Cook
7597028354186232594,tiktok,جنة الفردوس,يشهي نجربها🥰🥰🥰,2026-01-28T13:42:29.503938,0,7596762610146577684,https://www.tiktok.com/@hichamcook/video/7596762610146577684,Hichem Cook
7597995009804075777,tiktok,Amel🤍,احنا انطيبو لعدس بدون لحم,2026-01-28T13:42:29.503940,0,7596762610146577684,https://www.tiktok.com/@hichamcook/video/7596762610146577684,Hichem Cook
7596775970456519431,tiktok,Moad Moad,الله يبارك,2026-01-28T13:42:29.503942,0,7596762610146577684,https://www.tiktok.com/@hichamcook/video/7596762610146577684,Hichem Cook
7597397704465597192,tiktok,espoire,عدس باللحم !!!!؟؟؟؟؟,2026-01-28T13:42:29.503944,0,7596762610146577684,https://www.tiktok.com/@hichamcook/video/7596762610146577684,Hichem Cook
7597052755014107922,tiktok,My flavors,مرحبا بكم راهم برومو,2026-01-28T13:42:29.503945,1,7596762610146577684,https://www.tiktok.com/@hichamcook/video/7596762610146577684,Hichem Cook
7597554398025581330,tiktok,Sabrina oran🇩🇿,عدس بلحم 😂,2026-01-28T13:42:29.503947,0,7596762610146577684,https://www.tiktok.com/@hichamcook/video/7596762610146577684,Hichem Cook
7597217289151218449,tiktok,oussa 🙃,[sticker] [sticker],2026-01-28T13:42:29.503948,0,7596762610146577684,https://www.tiktok.com/@hichamcook/video/7596762610146577684,Hichem Cook
7597481379794666247,tiktok,Jiline 🩷,لحم و لعدس 🙂🙂,2026-01-28T13:42:29.503959,0,7596762610146577684,https://www.tiktok.com/@hichamcook/video/7596762610146577684,Hichem Cook
7596902718371808007,tiktok,Saleh Bth,شيكور ✌️,2026-01-28T13:42:29.503962,0,7596762610146577684,https://www.tiktok.com/@hichamcook/video/7596762610146577684,Hichem Cook
7596770866395939592,tiktok,Chai Ma,انا جامي مرقت لبلما تاع لعدس لكحل,2026-01-28T13:42:29.503965,1,7596762610146577684,https://www.tiktok.com/@hichamcook/video/7596762610146577684,Hichem Cook
7597177401915015943,tiktok,Lotfi lotfi,يشهي,2026-01-28T13:42:29.503967,0,7596762610146577684,https://www.tiktok.com/@hichamcook/video/7596762610146577684,Hichem Cook
7597132756010730258,tiktok,Amira,@fifibe0,2026-01-28T13:42:32.954097,0,7596762610146577684,https://www.tiktok.com/@hichamcook/video/7596762610146577684,Hichem Cook
7596764067739878151,tiktok,hakim🦈,👏👏👏,2026-01-28T13:42:32.954116,1,7596762610146577684,https://www.tiktok.com/@hichamcook/video/7596762610146577684,Hichem Cook
7599909784448238356,tiktok,ghe_abdrazak40,🥰🥰🥰,2026-01-28T13:42:32.954120,0,7596762610146577684,https://www.tiktok.com/@hichamcook/video/7596762610146577684,Hichem Cook
7599661145788973831,tiktok,rihaminess760,🥰🥰🥰,2026-01-28T13:42:32.954122,0,7596762610146577684,https://www.tiktok.com/@hichamcook/video/7596762610146577684,Hichem Cook
7598692319961547538,tiktok,Nazim Lachekhab,🥰🥰🥰,2026-01-28T13:42:32.954125,0,7596762610146577684,https://www.tiktok.com/@hichamcook/video/7596762610146577684,Hichem Cook
7598447490085749525,tiktok,دبدوبة,🥰🥰🥰,2026-01-28T13:42:32.954127,0,7596762610146577684,https://www.tiktok.com/@hichamcook/video/7596762610146577684,Hichem Cook
7597926851067970305,tiktok,BaBo 100k 😞,🥰🥰🥰,2026-01-28T13:42:32.954130,0,7596762610146577684,https://www.tiktok.com/@hichamcook/video/7596762610146577684,Hichem Cook
7597889795013444373,tiktok,𝑎𝑚𝑎𝑟 𝑙𝑒ℎ𝑧𝑖𝑒𝑙,❤️❤️❤️,2026-01-28T13:42:32.954132,0,7596762610146577684,https://www.tiktok.com/@hichamcook/video/7596762610146577684,Hichem Cook
7597729164720407303,tiktok,karimaben410,😋😋😋😋😋,2026-01-28T13:42:32.954134,0,7596762610146577684,https://www.tiktok.com/@hichamcook/video/7596762610146577684,Hichem Cook
7597265980025471762,tiktok,Djamel,🥰🥰🥰,2026-01-28T13:42:32.954137,0,7596762610146577684,https://www.tiktok.com/@hichamcook/video/7596762610146577684,Hichem Cook
7597164085780349703,tiktok,Fati Belle,🥰🥰🥰,2026-01-28T13:42:32.954139,0,7596762610146577684,https://www.tiktok.com/@hichamcook/video/7596762610146577684,Hichem Cook
7597142136379409168,tiktok,Akel Mustapha,🥰🥰🥰,2026-01-28T13:42:32.954142,0,7596762610146577684,https://www.tiktok.com/@hichamcook/video/7596762610146577684,Hichem Cook
7596875732510769940,tiktok,naimadey,♥♥♥,2026-01-28T13:42:32.954144,0,7596762610146577684,https://www.tiktok.com/@hichamcook/video/7596762610146577684,Hichem Cook
7596794336701629192,tiktok,رؤياشفاء,🥰🥰,2026-01-28T13:42:32.954147,0,7596762610146577684,https://www.tiktok.com/@hichamcook/video/7596762610146577684,Hichem Cook
7596764768854770448,tiktok,Younes Boukhari,😂😂😂,2026-01-28T13:42:32.954150,0,7596762610146577684,https://www.tiktok.com/@hichamcook/video/7596762610146577684,Hichem Cook
7597603074387559175,tiktok,K🦩, [sticker],2026-01-28T13:42:32.954152,0,7596762610146577684,https://www.tiktok.com/@hichamcook/video/7596762610146577684,Hichem Cook
7597355188589314836,tiktok,nandir, [sticker],2026-01-28T13:42:32.954155,0,7596762610146577684,https://www.tiktok.com/@hichamcook/video/7596762610146577684,Hichem Cook
7597125085321315079,tiktok,lamine,,2026-01-28T13:42:32.954157,0,7596762610146577684,https://www.tiktok.com/@hichamcook/video/7596762610146577684,Hichem Cook
7596769084818227976,tiktok,smsm,عع,2026-01-28T13:42:32.954159,0,7596762610146577684,https://www.tiktok.com/@hichamcook/video/7596762610146577684,Hichem Cook
7582942612166050568,tiktok,ciNe,شرة هاذي,2026-01-28T13:45:10.301207,1,7582666465661209876,https://www.tiktok.com/@hichamcookpizza_oran/video/7582666465661209876,Hichem Cook
7582966742911337223,tiktok,Sidou Bergen,الفيديو تحسه ماشي تشوفه ❤ الله يبارك فيكم ❤,2026-01-28T13:45:10.301222,1,7582666465661209876,https://www.tiktok.com/@hichamcookpizza_oran/video/7582666465661209876,Hichem Cook
7589165485679248146,tiktok,شافعي دعوة و تبليغ و تصوف,اشهار واعر,2026-01-28T13:45:10.301225,0,7582666465661209876,https://www.tiktok.com/@hichamcookpizza_oran/video/7582666465661209876,Hichem Cook
7582912836055237383,tiktok,🔑 مفتاح وهران 🔑,,2026-01-28T13:45:10.301226,1,7582666465661209876,https://www.tiktok.com/@hichamcookpizza_oran/video/7582666465661209876,Hichem Cook
7582867965294199560,tiktok,ChefAli D. Cook,🥰🥰🥰,2026-01-28T13:45:10.301228,2,7582666465661209876,https://www.tiktok.com/@hichamcookpizza_oran/video/7582666465661209876,Hichem Cook
7582977166787429128,tiktok,Sidou Bergen,win balsa frr,2026-01-28T13:45:17.105832,1,7582666465661209876,https://www.tiktok.com/@hichamcookpizza_oran/video/7582666465661209876,Hichem Cook
7598666054420431634,tiktok,Saidos Ganars,بلا رشة معدنوس شحال تستقاملي,2026-01-28T13:49:55.484269,3640,7598649825726319893,https://www.tiktok.com/@hichamcook/video/7598649825726319893?lang=en,Hichem Cook
7598735294913757953,tiktok,❤️AyA❤️,ماعنديش دراهم نقدر نجيب ولادي ونجي 🥺😁,2026-01-28T13:49:55.484502,27,7598649825726319893,https://www.tiktok.com/@hichamcook/video/7598649825726319893?lang=en,Hichem Cook
7599059594447209223,tiktok,MERWAN. Z1000,ولملح بقداه ؟,2026-01-28T13:49:55.484507,3,7598649825726319893,https://www.tiktok.com/@hichamcook/video/7598649825726319893?lang=en,Hichem Cook
7598774195871515414,tiktok,Hakim Nth🎺,ماشي خسارة في الوالدين و العائلة 580 الف رهي 20 اورو برك 😊,2026-01-28T13:49:55.484509,222,7598649825726319893,https://www.tiktok.com/@hichamcook/video/7598649825726319893?lang=en,Hichem Cook
7598895930762838792,tiktok,𝐖,,2026-01-28T13:49:55.484512,333,7598649825726319893,https://www.tiktok.com/@hichamcook/video/7598649825726319893?lang=en,Hichem Cook
7598709828713726727,tiktok,Hamza_live💚,حبيبي بلا لوز إيفيلي شحال ؟,2026-01-28T13:49:55.484514,433,7598649825726319893,https://www.tiktok.com/@hichamcook/video/7598649825726319893?lang=en,Hichem Cook
7599054431531533074,tiktok,Tadj edin 23,رشة معدنوس في خبز شحال ؟,2026-01-28T13:49:55.484516,99,7598649825726319893,https://www.tiktok.com/@hichamcook/video/7598649825726319893?lang=en,Hichem Cook
7598657021571646228,tiktok,Mister♤MO♤,كنت راح نقولك غالية بصح كي شفت الروز إيفيلي هاداك هو مليحة,2026-01-28T13:49:55.484518,197,7598649825726319893,https://www.tiktok.com/@hichamcook/video/7598649825726319893?lang=en,Hichem Cook
7599405673346024199,tiktok,Ahlem Ahlem,قارص وحدو شحال,2026-01-28T13:49:55.484519,8,7598649825726319893,https://www.tiktok.com/@hichamcook/video/7598649825726319893?lang=en,Hichem Cook
7598887888248308498,tiktok,true_life,شحال رشة معدنوس وحدها 😁,2026-01-28T13:49:55.484521,126,7598649825726319893,https://www.tiktok.com/@hichamcook/video/7598649825726319893?lang=en,Hichem Cook
7599420881627300616,tiktok,زهرة الياسمين,وصحن فريت وحدو بقداه,2026-01-28T13:49:55.484523,6,7598649825726319893,https://www.tiktok.com/@hichamcook/video/7598649825726319893?lang=en,Hichem Cook
7599618808634721031,tiktok,Ïs Lām,بلا citron شحال؟,2026-01-28T13:49:55.484525,60,7598649825726319893,https://www.tiktok.com/@hichamcook/video/7598649825726319893?lang=en,Hichem Cook
7598885708719538962,tiktok,ڨرناتشو7,في متناول كريستيانو رونالدو,2026-01-28T13:49:55.484527,14,7598649825726319893,https://www.tiktok.com/@hichamcook/video/7598649825726319893?lang=en,Hichem Cook
7598965507751985941,tiktok,ريمي,ولي يقبى نظوه معنا لدار ولالا,2026-01-28T13:49:55.484529,11,7598649825726319893,https://www.tiktok.com/@hichamcook/video/7598649825726319893?lang=en,Hichem Cook
7598696789954265877,tiktok,Salah,رني نتفرج ونكل في خبز 😂,2026-01-28T13:49:55.491272,110,7598649825726319893,https://www.tiktok.com/@hichamcook/video/7598649825726319893?lang=en,Hichem Cook
7599012209251173140,tiktok,🐺,بلا معدنوس وسيترون شحال تستقاملي [sticker],2026-01-28T13:49:55.491286,80,7598649825726319893,https://www.tiktok.com/@hichamcook/video/7598649825726319893?lang=en,Hichem Cook
7598992461826081543,tiktok,romy4385,رشة معدنوس وحدها شحال ؟,2026-01-28T13:49:55.491288,37,7598649825726319893,https://www.tiktok.com/@hichamcook/video/7598649825726319893?lang=en,Hichem Cook
7599407330484716310,tiktok,Nasser,sthakhnak 5000 da,2026-01-28T13:49:55.491290,3,7598649825726319893,https://www.tiktok.com/@hichamcook/video/7598649825726319893?lang=en,Hichem Cook
7599288284311814914,tiktok,𝐀𝐟𝐫𝐮𝐱🥊🎸,رشة معدنوس و شوية صيطروو شحال؟,2026-01-28T13:49:55.491294,8,7598649825726319893,https://www.tiktok.com/@hichamcook/video/7598649825726319893?lang=en,Hichem Cook
7598773256472462096,tiktok,gaming wiaam,راهي 5 علاه 🥲,2026-01-28T13:49:55.491296,20,7598649825726319893,https://www.tiktok.com/@hichamcook/video/7598649825726319893?lang=en,Hichem Cook
7599069880767693569,tiktok,Mustapha,في نص ليل,2026-01-28T13:49:56.478148,61,7598649825726319893,https://www.tiktok.com/@hichamcook/video/7598649825726319893?lang=en,Hichem Cook
7598657139200181013,tiktok,just smile,شحال تسقاملي فريت برك؟,2026-01-28T13:49:56.478162,3,7598649825726319893,https://www.tiktok.com/@hichamcook/video/7598649825726319893?lang=en,Hichem Cook
7599387842289025793,tiktok,zaki31,بلا 🍋 ليمون ورشة ماعدنوس شعال تجيني,2026-01-28T13:49:56.478166,7,7598649825726319893,https://www.tiktok.com/@hichamcook/video/7598649825726319893?lang=en,Hichem Cook
7598893440822592277,tiktok,Selena,مش خسارة في والديا,2026-01-28T13:49:56.478169,3,7598649825726319893,https://www.tiktok.com/@hichamcook/video/7598649825726319893?lang=en,Hichem Cook
7598755202099872532,tiktok,_dadi,اول مرة نلقا عدك حاجة معقولة في سومة ❤❤,2026-01-28T13:49:56.478171,8,7598649825726319893,https://www.tiktok.com/@hichamcook/video/7598649825726319893?lang=en,Hichem Cook
7598858626669822742,tiktok,فرج عن نفسك 😂😂💯🔥,في متناول جمال بسكرة😂😂😂,2026-01-28T13:49:56.478174,23,7598649825726319893,https://www.tiktok.com/@hichamcook/video/7598649825726319893?lang=en,Hichem Cook
7598740904966865672,tiktok,ّ,☕😁😂🤣,2026-01-28T13:49:56.478176,7,7598649825726319893,https://www.tiktok.com/@hichamcook/video/7598649825726319893?lang=en,Hichem Cook
7599044969840968470,tiktok,الذيب,مكاش كيما diagusto,2026-01-28T13:49:56.478179,26,7598649825726319893,https://www.tiktok.com/@hichamcook/video/7598649825726319893?lang=en,Hichem Cook
7599050613242364679,tiktok,هواري هواري,كاين توصيل الى سنغال,2026-01-28T13:49:56.478181,8,7598649825726319893,https://www.tiktok.com/@hichamcook/video/7598649825726319893?lang=en,Hichem Cook
7598751704385372948,tiktok,mido mido,580 الف في لاني خمسينات كانت تجيب جنان شغل نكومونتي وخلاص المهم نعاااارض 😁😁😁,2026-01-28T13:49:56.478184,4,7598649825726319893,https://www.tiktok.com/@hichamcook/video/7598649825726319893?lang=en,Hichem Cook
7598674978314388256,tiktok,Dz02🇩🇿🇩🇪,كويس شكون ياكلو ولا يتقاسموه,2026-01-28T13:49:56.478186,10,7598649825726319893,https://www.tiktok.com/@hichamcook/video/7598649825726319893?lang=en,Hichem Cook
7598746000573334290,tiktok,A_23,في متناول محمد صلاح,2026-01-28T13:49:56.478189,13,7598649825726319893,https://www.tiktok.com/@hichamcook/video/7598649825726319893?lang=en,Hichem Cook
7598765761322074900,tiktok,narcos 🥷🐺,بلى رشة معدنوس شحال ؟,2026-01-28T13:49:56.478191,6,7598649825726319893,https://www.tiktok.com/@hichamcook/video/7598649825726319893?lang=en,Hichem Cook
7598653570431763220,tiktok,🕷𝑴𝑺𝑯𝑳9𝑴🕷,,2026-01-28T13:49:56.478194,13,7598649825726319893,https://www.tiktok.com/@hichamcook/video/7598649825726319893?lang=en,Hichem Cook
7598738799313486614,tiktok,🔱🇸🇩ÄBÂŝş🇩🇿47🔱,500نجيب بيها كويس نتاع ميسي,2026-01-28T13:49:56.478196,3,7598649825726319893,https://www.tiktok.com/@hichamcook/video/7598649825726319893?lang=en,Hichem Cook
7598952320730350344,tiktok,chef Meriem fenghour,:بلا رشة معدنوس شحال تستقاملي,2026-01-28T13:49:56.478198,2,7598649825726319893,https://www.tiktok.com/@hichamcook/video/7598649825726319893?lang=en,Hichem Cook
7599060457563538184,tiktok,Samiya,[photo],2026-01-28T13:49:56.478201,10,7598649825726319893,https://www.tiktok.com/@hichamcook/video/7598649825726319893?lang=en,Hichem Cook
7599076341639611152,tiktok,BOUDJENAH KADDA,,2026-01-28T13:49:56.478203,1,7598649825726319893,https://www.tiktok.com/@hichamcook/video/7598649825726319893?lang=en,Hichem Cook
7599630560461652758,tiktok,sam,halal ?,2026-01-28T13:49:56.478205,1,7598649825726319893,https://www.tiktok.com/@hichamcook/video/7598649825726319893?lang=en,Hichem Cook
7598940253785129735,tiktok,Princesse ⭐👑,انا اعطوني غير كامومبار مقلية احي عليا 🥺,2026-01-28T13:49:56.478208,9,7598649825726319893,https://www.tiktok.com/@hichamcook/video/7598649825726319893?lang=en,Hichem Cook
7598982019602989842,tiktok,zakimissoum,بلا citron شعال؟,2026-01-28T13:49:57.525972,3,7598649825726319893,https://www.tiktok.com/@hichamcook/video/7598649825726319893?lang=en,Hichem Cook
7599046829246563090,tiktok,Taha Taha,580تفوتلي شهر خويا 🙂,2026-01-28T13:49:57.525986,2,7598649825726319893,https://www.tiktok.com/@hichamcook/video/7598649825726319893?lang=en,Hichem Cook
7599512174449574663,tiktok,Majidouuu,بلا لوز شحال صحبي ؟؟,2026-01-28T13:49:57.525988,1,7598649825726319893,https://www.tiktok.com/@hichamcook/video/7598649825726319893?lang=en,Hichem Cook
7599736598359491336,tiktok,Claysouli,Kayan f Oran ?,2026-01-28T13:49:57.525990,0,7598649825726319893,https://www.tiktok.com/@hichamcook/video/7598649825726319893?lang=en,Hichem Cook
7599052826652197652,tiktok,HouSsin CaPiTaL🇪🇺🫀,نخلص ب Redotpay؟ [sticker],2026-01-28T13:49:57.525991,2,7598649825726319893,https://www.tiktok.com/@hichamcook/video/7598649825726319893?lang=en,Hichem Cook
7598925188814439176,tiktok,plombier,يعجبني amazon,2026-01-28T13:49:57.525992,2,7598649825726319893,https://www.tiktok.com/@hichamcook/video/7598649825726319893?lang=en,Hichem Cook
7598746941241344786,tiktok,IKar Ishak,prix très raisonnable bravo,2026-01-28T13:49:57.525994,1,7598649825726319893,https://www.tiktok.com/@hichamcook/video/7598649825726319893?lang=en,Hichem Cook
7599678429693444865,tiktok,🇩🇿Nadjid🇩🇿,win,2026-01-28T13:49:57.525995,0,7598649825726319893,https://www.tiktok.com/@hichamcook/video/7598649825726319893?lang=en,Hichem Cook
7598695624054604551,tiktok,Fidelfidoo_,580 ناكل كويس تاع الشابة وردة 🫣🫣😝😝,2026-01-28T13:49:57.525997,4,7598649825726319893,https://www.tiktok.com/@hichamcook/video/7598649825726319893?lang=en,Hichem Cook
7598694350423327509,tiktok,Souadsouad2,ولي راه يخرجلو فالمنام يجي ياكل من عندك ولا ممنوع 🥺,2026-01-28T13:49:57.525998,3,7598649825726319893,https://www.tiktok.com/@hichamcook/video/7598649825726319893?lang=en,Hichem Cook
7598977325945946902,tiktok,Walid Eram,كيلو بطاطا ورطل روز استاكا او 200gتع الحم وحدا كومنبار 500 😂,2026-01-28T13:49:57.525999,5,7598649825726319893,https://www.tiktok.com/@hichamcook/video/7598649825726319893?lang=en,Hichem Cook
7599659565374128916,tiktok,Hamza Z750,,2026-01-28T13:49:57.526001,0,7598649825726319893,https://www.tiktok.com/@hichamcook/video/7598649825726319893?lang=en,Hichem Cook
7599750095920071444,tiktok,s.s mec,,2026-01-28T13:49:57.526002,0,7598649825726319893,https://www.tiktok.com/@hichamcook/video/7598649825726319893?lang=en,Hichem Cook
7599600685647594262,tiktok,Leilaoumnia,ok🦸🏼,2026-01-28T13:49:57.526004,0,7598649825726319893,https://www.tiktok.com/@hichamcook/video/7598649825726319893?lang=en,Hichem Cook
7598867727730410262,tiktok,🇩🇰🇩🇰🇩🇿🇩🇿 la loogic,هاتو لجديد,2026-01-28T13:49:57.526005,1,7598649825726319893,https://www.tiktok.com/@hichamcook/video/7598649825726319893?lang=en,Hichem Cook
7598827980660769568,tiktok,user4506749692578,tout ces plaats trop gras sont nocifs pour la santé c est le cholesterol direct,2026-01-28T13:49:57.526007,41,7598649825726319893,https://www.tiktok.com/@hichamcook/video/7598649825726319893?lang=en,Hichem Cook
7598849779003769622,tiktok,Amine 93420,Pour info sa s’appelle adana ou kefta pas chich kebab,2026-01-28T13:49:57.526008,8,7598649825726319893,https://www.tiktok.com/@hichamcook/video/7598649825726319893?lang=en,Hichem Cook
7599301377585513218,tiktok,Étoile filante 💫,"Je mange ça, je vais finir à l’hosto direct",2026-01-28T13:49:57.526010,2,7598649825726319893,https://www.tiktok.com/@hichamcook/video/7598649825726319893?lang=en,Hichem Cook
7599626818548073234,tiktok,💔,chef 🥰 je peut avoir la recette de la sauce jus rôti méchoui,2026-01-28T13:49:57.526012,0,7598649825726319893,https://www.tiktok.com/@hichamcook/video/7598649825726319893?lang=en,Hichem Cook
7598892553985704725,tiktok,CHAMSOU,في متناول ايلون ماسك,2026-01-28T13:49:57.526013,0,7598649825726319893,https://www.tiktok.com/@hichamcook/video/7598649825726319893?lang=en,Hichem Cook
7599776248531305223,tiktok,ÄmïíR guen,وبلا رشة لوز شحال ؟,2026-01-28T13:49:57.624275,0,7598649825726319893,https://www.tiktok.com/@hichamcook/video/7598649825726319893?lang=en,Hichem Cook
7599797352085897985,tiktok,AdeL bnz,روز فريت شعال,2026-01-28T13:49:57.624285,0,7598649825726319893,https://www.tiktok.com/@hichamcook/video/7598649825726319893?lang=en,Hichem Cook
7599802865892590354,tiktok,Ben Zahia,بلى رسول معدنوس اشحال,2026-01-28T13:49:57.624287,0,7598649825726319893,https://www.tiktok.com/@hichamcook/video/7598649825726319893?lang=en,Hichem Cook
7599680448093356820,tiktok,Reina,رشة المعدنوس وحدها شحال,2026-01-28T13:49:57.624289,2,7598649825726319893,https://www.tiktok.com/@hichamcook/video/7598649825726319893?lang=en,Hichem Cook
7599035690996220680,tiktok,amine Lv,بلى رشة معدنوس وليمون شحال تسقام,2026-01-28T13:49:57.624290,1,7598649825726319893,https://www.tiktok.com/@hichamcook/video/7598649825726319893?lang=en,Hichem Cook
7599700792870077205,tiktok,monocouche de façade,Bon prix,2026-01-28T13:49:57.624292,0,7598649825726319893,https://www.tiktok.com/@hichamcook/video/7598649825726319893?lang=en,Hichem Cook
7599427704841208596,tiktok,عشر الاف,السيترو وحدو بشحال,2026-01-28T13:49:57.624294,3,7598649825726319893,https://www.tiktok.com/@hichamcook/video/7598649825726319893?lang=en,Hichem Cook
7599662209565246224,tiktok,جزائرية,انا خصني 5000دواء😭,2026-01-28T13:49:57.624297,1,7598649825726319893,https://www.tiktok.com/@hichamcook/video/7598649825726319893?lang=en,Hichem Cook
7599481467098301185,tiktok,1999b. K,,2026-01-28T13:49:58.437550,0,7598649825726319893,https://www.tiktok.com/@hichamcook/video/7598649825726319893?lang=en,Hichem Cook
7599455420965831444,tiktok,Moüstafa🇩🇿💎🇪🇺, [sticker],2026-01-28T13:49:58.437563,0,7598649825726319893,https://www.tiktok.com/@hichamcook/video/7598649825726319893?lang=en,Hichem Cook
7599455776398639880,tiktok,Mohamed Amine Mihoub,فلول بانتلي غالية ، بصح كي شفت الرشة تاع المعدنوس هذاك هو سعر مليح 👌,2026-01-28T13:49:58.437567,0,7598649825726319893,https://www.tiktok.com/@hichamcook/video/7598649825726319893?lang=en,Hichem Cook
7599600267269587734,tiktok,hareuoniuvvghknc,Qui vas manger tous ça !!!!,2026-01-28T13:49:58.437569,0,7598649825726319893,https://www.tiktok.com/@hichamcook/video/7598649825726319893?lang=en,Hichem Cook
7598972435188466452,tiktok,IssehakDZ,580 ناكل بيها كويس تاع شابة سباح و نزيد معاها كويس تاع مونيا بن فغول كادو ههههه و يتزايدلي الصرف ههههه,2026-01-28T13:49:58.437573,3,7598649825726319893,https://www.tiktok.com/@hichamcook/video/7598649825726319893?lang=en,Hichem Cook
7599025272918278920,tiktok,Amar amar,راني تفرجت في فيديو شحال نخلص خويا,2026-01-28T13:49:58.437575,2,7598649825726319893,https://www.tiktok.com/@hichamcook/video/7598649825726319893?lang=en,Hichem Cook
7599709384869085972,tiktok,Taher Taher,اعطيلي بلافريت خويا,2026-01-28T13:49:58.437578,0,7598649825726319893,https://www.tiktok.com/@hichamcook/video/7598649825726319893?lang=en,Hichem Cook
7600130163498894101,tiktok,Yacine.lyes,oui had la promotion,2026-01-28T13:49:58.437580,0,7598649825726319893,https://www.tiktok.com/@hichamcook/video/7598649825726319893?lang=en,Hichem Cook
7598833215647187730,tiktok,Abdøũ bõūb,الله يرزقنا,2026-01-28T13:49:58.437584,1,7598649825726319893,https://www.tiktok.com/@hichamcook/video/7598649825726319893?lang=en,Hichem Cook
7599237710922498837,tiktok,منهج السلف📚,بسم الله ماشاء الله قعده في ما يرضي الله مع الوالدة و الوالد 😊 😂 وفقكم الله,2026-01-28T13:49:58.437588,4,7598649825726319893,https://www.tiktok.com/@hichamcook/video/7598649825726319893?lang=en,Hichem Cook
7598959339613225751,tiktok,afganestan,في المغرب هاذي €100,2026-01-28T13:49:58.437590,2,7598649825726319893,https://www.tiktok.com/@hichamcook/video/7598649825726319893?lang=en,Hichem Cook
7599075652674831121,tiktok,X20,كون نجيب معايا الكمومبار و وحدة تشين تشين شحال تستقاملي,2026-01-28T13:49:58.437592,1,7598649825726319893,https://www.tiktok.com/@hichamcook/video/7598649825726319893?lang=en,Hichem Cook
7599108239167800085,tiktok,Oussama  catalonia,فريت و رشة معدنوس شحال,2026-01-28T13:49:58.437594,1,7598649825726319893,https://www.tiktok.com/@hichamcook/video/7598649825726319893?lang=en,Hichem Cook
7598940396345131796,tiktok,❤️‍🩹 𝑎𝑧𝑖𝑧 🇧🇷,قداه تسقاملي البطاطا وحدها🙂,2026-01-28T13:49:58.437596,1,7598649825726319893,https://www.tiktok.com/@hichamcook/video/7598649825726319893?lang=en,Hichem Cook
7598909249456079636,tiktok,عبد الرؤوف | ABD ERAOUF 👑,ولله غير هايلة 😳❤️,2026-01-28T13:49:58.437598,2,7598649825726319893,https://www.tiktok.com/@hichamcook/video/7598649825726319893?lang=en,Hichem Cook
7585656113723835157,tiktok,Hicham Bezzou,790 نروح نشري بها فريق مانشستر يونايتد,2026-01-28T13:50:12.981340,845,7585636530710924564,https://www.tiktok.com/@hichamcook/video/7585636530710924564?lang=en,Hichem Cook
7586030732276597511,tiktok,Mimi Momo,كان نقولك خدمة شهر من صباح عشوة خلصت 700الف 🥺🥺🥺🥺,2026-01-28T13:50:12.981371,177,7585636530710924564,https://www.tiktok.com/@hichamcook/video/7585636530710924564?lang=en,Hichem Cook
7599396722574066449,tiktok,Chaaban Messoudi,واش لي 700الف لحم لغزال راني مرحي سوريكال ميموزاة,2026-01-28T13:50:12.981377,0,7585636530710924564,https://www.tiktok.com/@hichamcook/video/7585636530710924564?lang=en,Hichem Cook
7598992351185093394,tiktok,MAELIS,كاين توصيل لباريس و شكرا,2026-01-28T13:50:12.981381,0,7585636530710924564,https://www.tiktok.com/@hichamcook/video/7585636530710924564?lang=en,Hichem Cook
7597636641712931602,tiktok,jimmy vauhn,الناس لي راهي تقول غالي علابالكم شحال يدير الكامومبير ؟؟؟,2026-01-28T13:50:12.981386,11,7585636530710924564,https://www.tiktok.com/@hichamcook/video/7585636530710924564?lang=en,Hichem Cook
7586325091039626040,tiktok,Lyla456,شحال تحسبهالي بلا معدنوس,2026-01-28T13:50:12.981390,1,7585636530710924564,https://www.tiktok.com/@hichamcook/video/7585636530710924564?lang=en,Hichem Cook
7585659456550503188,tiktok,Mohamade  Bouhannae,نشري كيلو لحم وجاجة وكومبار وربطة معدنوس وكيلو قارص وباكي روز ونديهم لدار ونمدلها مياتلف مايفتوليش ربعمياتلف,2026-01-28T13:50:12.981394,154,7585636530710924564,https://www.tiktok.com/@hichamcook/video/7585636530710924564?lang=en,Hichem Cook
7599763844063773447,tiktok,_bx1_3lilo,شحال تحسبلي رشة تاع لمعدنوس؟,2026-01-28T13:50:12.981397,4,7585636530710924564,https://www.tiktok.com/@hichamcook/video/7585636530710924564?lang=en,Hichem Cook
7587829037386449665,tiktok,user2311006,قارص وحدو شحال ؟,2026-01-28T13:50:12.981401,17,7585636530710924564,https://www.tiktok.com/@hichamcook/video/7585636530710924564?lang=en,Hichem Cook
7585475801773310740,tiktok,Ibrahim Noun7049,400 7a9ha,2026-01-28T13:50:12.981405,117,7585636530710924564,https://www.tiktok.com/@hichamcook/video/7585636530710924564?lang=en,Hichem Cook
7585649908498039560,tiktok,Ba Ch ir,يعجوني كيقولو باسم الله ماشاء الله 😂,2026-01-28T13:50:12.981409,27,7585636530710924564,https://www.tiktok.com/@hichamcook/video/7585636530710924564?lang=en,Hichem Cook
7585668263541031688,tiktok,🇩🇿 smail dz 🇩🇿,ربي يوفقكم ويفتحلك بيبان الخير,2026-01-28T13:50:12.981413,2,7585636530710924564,https://www.tiktok.com/@hichamcook/video/7585636530710924564?lang=en,Hichem Cook
7585639220631667472,tiktok,h_u_g__o,شعال تحسبلي بلا قارص,2026-01-28T13:50:12.981417,479,7585636530710924564,https://www.tiktok.com/@hichamcook/video/7585636530710924564?lang=en,Hichem Cook
7589399035522450194,tiktok,#§ąłąĤ19€,وبلا معدنوس شحال,2026-01-28T13:50:12.981421,1,7585636530710924564,https://www.tiktok.com/@hichamcook/video/7585636530710924564?lang=en,Hichem Cook
7585658826747183886,tiktok,House of Legends,سعرها اصلي شعال,2026-01-28T13:50:12.981425,1,7585636530710924564,https://www.tiktok.com/@hichamcook/video/7585636530710924564?lang=en,Hichem Cook
7587810621028401940,tiktok,wassim moumou,هههه جبتلي ضحك,2026-01-28T13:50:12.981428,1,7585636530710924564,https://www.tiktok.com/@hichamcook/video/7585636530710924564?lang=en,Hichem Cook
7585668972541920008,tiktok,Kadidou 🫆,شحال تحسبهالي بلا رسة تاع معدنوس ؟,2026-01-28T13:50:12.981432,2,7585636530710924564,https://www.tiktok.com/@hichamcook/video/7585636530710924564?lang=en,Hichem Cook
7590443970115666710,tiktok,Maryou🎓,Wlh Rabi ychfikk,2026-01-28T13:50:12.981436,1,7585636530710924564,https://www.tiktok.com/@hichamcook/video/7585636530710924564?lang=en,Hichem Cook
7585657512276869906,tiktok,Sofia Hb,L’assiette vide chhal ?,2026-01-28T13:50:12.981443,9,7585636530710924564,https://www.tiktok.com/@hichamcook/video/7585636530710924564?lang=en,Hichem Cook
7586746056450196225,tiktok,🇩🇿SIGMA25@🇩🇿,خويا كي منديرش رشة المعدنوس شحال تسقام 🙃,2026-01-28T13:50:12.981446,1,7585636530710924564,https://www.tiktok.com/@hichamcook/video/7585636530710924564?lang=en,Hichem Cook
7586005119625282322,tiktok,Ōusså Mä,شحال تحسبلي رشة معدنوس,2026-01-28T13:50:14.898098,8,7585636530710924564,https://www.tiktok.com/@hichamcook/video/7585636530710924564?lang=en,Hichem Cook
7585975430529647381,tiktok,B.L. Joseph,المعندوس برك شحال دار ؟,2026-01-28T13:50:14.898106,2,7585636530710924564,https://www.tiktok.com/@hichamcook/video/7585636530710924564?lang=en,Hichem Cook
7599330170452837142,tiktok,l’aigle royal,7900نشري 10 جاجات ناكل و نوكل,2026-01-28T13:50:14.898109,1,7585636530710924564,https://www.tiktok.com/@hichamcook/video/7585636530710924564?lang=en,Hichem Cook
7599300966446367504,tiktok,de______x,في متناول جمال بسكرة,2026-01-28T13:50:14.898111,0,7585636530710924564,https://www.tiktok.com/@hichamcook/video/7585636530710924564?lang=en,Hichem Cook
7585682955663950608,tiktok,lbosko💚❤️,شحال تحسبهالي بلا لا صوص تاع المشوي ؟؟,2026-01-28T13:50:14.898113,17,7585636530710924564,https://www.tiktok.com/@hichamcook/video/7585636530710924564?lang=en,Hichem Cook
7587524682523853584,tiktok,©AHMED1945,أجمل منافسافي العالم تحياتي لكم ❤❤❤🥰🥰🥰🥰🥰بالنجاح لكم,2026-01-28T13:50:14.898116,1,7585636530710924564,https://www.tiktok.com/@hichamcook/video/7585636530710924564?lang=en,Hichem Cook
7585927108770611975,tiktok,مادري زوهير,700الف نشري السياربي,2026-01-28T13:50:14.898117,2,7585636530710924564,https://www.tiktok.com/@hichamcook/video/7585636530710924564?lang=en,Hichem Cook
7585659288946606868,tiktok,ishak,شحال تحسبلي بلا الرشة تاع المعدنوس ؟؟,2026-01-28T13:50:14.898119,1,7585636530710924564,https://www.tiktok.com/@hichamcook/video/7585636530710924564?lang=en,Hichem Cook
7585696998826672903,tiktok,dkejxjrjucrjcjcj,شكلي وانا نستنا فا السعر [sticker],2026-01-28T13:50:14.898121,1,7585636530710924564,https://www.tiktok.com/@hichamcook/video/7585636530710924564?lang=en,Hichem Cook
7585650183128777483,tiktok,anwartorino868,بلا قارص و معدنوس شحال,2026-01-28T13:50:14.898123,1,7585636530710924564,https://www.tiktok.com/@hichamcook/video/7585636530710924564?lang=en,Hichem Cook
7587782302404543239,tiktok,chouaibguergour7,بلى معدنوس قداه ؟,2026-01-28T13:50:14.898125,2,7585636530710924564,https://www.tiktok.com/@hichamcook/video/7585636530710924564?lang=en,Hichem Cook
7585658186502472456,tiktok,Nada Nourhan,حبة زيتون شحال,2026-01-28T13:50:14.898127,34,7585636530710924564,https://www.tiktok.com/@hichamcook/video/7585636530710924564?lang=en,Hichem Cook
7586014113766294280,tiktok,Ali Bob,معدنوس وخبز شحال,2026-01-28T13:50:14.898129,3,7585636530710924564,https://www.tiktok.com/@hichamcook/video/7585636530710924564?lang=en,Hichem Cook
7585659618882437906,tiktok,csc,بشحال بصلة و طماطم وحدهم,2026-01-28T13:50:14.898131,1,7585636530710924564,https://www.tiktok.com/@hichamcook/video/7585636530710924564?lang=en,Hichem Cook
7585944591032075030,tiktok,pitchou,لحمي تشوك كي قال السومة,2026-01-28T13:50:14.898132,58,7585636530710924564,https://www.tiktok.com/@hichamcook/video/7585636530710924564?lang=en,Hichem Cook
7585691295170003735,tiktok,Fouad diss🤫🇩🇿🇲🇫😃🇩🇿💯,نزيد شويا علي 800 نشري نصف كلش هه‍,2026-01-28T13:50:14.898134,1,7585636530710924564,https://www.tiktok.com/@hichamcook/video/7585636530710924564?lang=en,Hichem Cook
7585666682513982228,tiktok,das das,بلا معدنوس شحال؟؟,2026-01-28T13:50:14.898136,1,7585636530710924564,https://www.tiktok.com/@hichamcook/video/7585636530710924564?lang=en,Hichem Cook
7586399635611419414,tiktok,Fati_Blando,il est très chère tu as mis beaucoup de poulet,2026-01-28T13:50:14.898138,2,7585636530710924564,https://www.tiktok.com/@hichamcook/video/7585636530710924564?lang=en,Hichem Cook
7586062338453832470,tiktok,Nietzsche,7900 بسم الله ماشاء الله ما شاء الله ما شاء الله 7900 الله يبارك ... بلا ربي ما بلاد !!!,2026-01-28T13:50:14.898141,18,7585636530710924564,https://www.tiktok.com/@hichamcook/video/7585636530710924564?lang=en,Hichem Cook
7586002125735707403,tiktok,annabidzz23,المعدنوس وحدو شحال ؟؟؟,2026-01-28T13:50:14.898143,16,7585636530710924564,https://www.tiktok.com/@hichamcook/video/7585636530710924564?lang=en,Hichem Cook
7587808744311882503,tiktok,faroukbenyoucef64,الليمون وحده شحال,2026-01-28T13:50:15.742860,1,7585636530710924564,https://www.tiktok.com/@hichamcook/video/7585636530710924564?lang=en,Hichem Cook
7585996437802484487,tiktok,امين فهد,انا مكاش لي يطوع ويعرضني هههههههه,2026-01-28T13:50:15.742869,1,7585636530710924564,https://www.tiktok.com/@hichamcook/video/7585636530710924564?lang=en,Hichem Cook
7598221153639629586,tiktok,☬𝙅õ🇦🇱𝙠ę𝙧☬🐊,كان يبالي غالي كي شفت معدنوس هاديك هي,2026-01-28T13:50:15.742871,0,7585636530710924564,https://www.tiktok.com/@hichamcook/video/7585636530710924564?lang=en,Hichem Cook
7598881134223000342,tiktok,sid Ahmed,نت هوا لغالي كمل في جزائر والله العضيم,2026-01-28T13:50:15.742873,1,7585636530710924564,https://www.tiktok.com/@hichamcook/video/7585636530710924564?lang=en,Hichem Cook
7585649671087899408,tiktok,Salem Salem,بلى رشت المعدنوس شحال الله يحفظك,2026-01-28T13:50:15.742874,2,7585636530710924564,https://www.tiktok.com/@hichamcook/video/7585636530710924564?lang=en,Hichem Cook
7586412269312606984,tiktok,🐺karime@🤕,وبلا معدنوس شحال؟؟,2026-01-28T13:50:15.742875,1,7585636530710924564,https://www.tiktok.com/@hichamcook/video/7585636530710924564?lang=en,Hichem Cook
7585723633247503124,tiktok,🇩🇿🇩🇿🇩🇿,المعندوس وحدو بشحال,2026-01-28T13:50:15.742877,2,7585636530710924564,https://www.tiktok.com/@hichamcook/video/7585636530710924564?lang=en,Hichem Cook
7585665407722242836,tiktok,moha ben,شحال المعدنوس وحدو,2026-01-28T13:50:15.742878,1,7585636530710924564,https://www.tiktok.com/@hichamcook/video/7585636530710924564?lang=en,Hichem Cook
7585902749506929430,tiktok,Abdelghani,شحال تحسبها لي بلا معدنوس ؟,2026-01-28T13:50:15.742880,1,7585636530710924564,https://www.tiktok.com/@hichamcook/video/7585636530710924564?lang=en,Hichem Cook
7585661420331860759,tiktok,Taqvaylit Taharit,اشحال يجيني بلا رشة تع معدنوش شاف,2026-01-28T13:50:15.742881,1,7585636530710924564,https://www.tiktok.com/@hichamcook/video/7585636530710924564?lang=en,Hichem Cook
7585676391455621908,tiktok,ahmedsidou87,بيجوتيي,2026-01-28T13:50:15.742882,1,7585636530710924564,https://www.tiktok.com/@hichamcook/video/7585636530710924564?lang=en,Hichem Cook
7586020859552531220,tiktok,Rafik Med Djou,طوماطيش وحدها شعال,2026-01-28T13:50:15.742884,1,7585636530710924564,https://www.tiktok.com/@hichamcook/video/7585636530710924564?lang=en,Hichem Cook
7585687032015864577,tiktok,said chawi,بلا رشة ماعدنوس شحال يسقام ؟؟,2026-01-28T13:50:15.742885,3,7585636530710924564,https://www.tiktok.com/@hichamcook/video/7585636530710924564?lang=en,Hichem Cook
7586354066982159122,tiktok,badido,كي تنقصلي وحدة كوت دانيو شحال,2026-01-28T13:50:15.742886,2,7585636530710924564,https://www.tiktok.com/@hichamcook/video/7585636530710924564?lang=en,Hichem Cook
7585655083179082514,tiktok,moussa souko,الكلام المباح ممكن لو لا 😂😂😂😂😂😂😂,2026-01-28T13:50:15.742888,1,7585636530710924564,https://www.tiktok.com/@hichamcook/video/7585636530710924564?lang=en,Hichem Cook
7585667608923226936,tiktok,Dr bahri,شحال تحسبهالي بلا الرشة تع المعدنوس ؟,2026-01-28T13:50:15.742890,2,7585636530710924564,https://www.tiktok.com/@hichamcook/video/7585636530710924564?lang=en,Hichem Cook
7585646081058652950,tiktok,inzo.algerino🇩🇿🇩🇿,كي نتفكر كنت في بلاد جامي شريت كيلو لحم,2026-01-28T13:50:15.742891,1,7585636530710924564,https://www.tiktok.com/@hichamcook/video/7585636530710924564?lang=en,Hichem Cook
7585667935948260116,tiktok,Comment Faire,440 max,2026-01-28T13:50:15.742892,1,7585636530710924564,https://www.tiktok.com/@hichamcook/video/7585636530710924564?lang=en,Hichem Cook
7585671586418623250,tiktok,ANWAR,واحد يكومونتي في بلاصتي أنا خرجت فالقرعة الحج,2026-01-28T13:50:15.742894,23,7585636530710924564,https://www.tiktok.com/@hichamcook/video/7585636530710924564?lang=en,Hichem Cook
7585665808303981334,tiktok,MSB,fomil يعرف يقلي و يشوي و معدنوس و قارص و كامونبار,2026-01-28T13:50:16.979459,1,7585636530710924564,https://www.tiktok.com/@hichamcook/video/7585636530710924564?lang=en,Hichem Cook
7585691067451360022,tiktok,Sknder Luciano,أنا نخلص 2مليون في الشهر 😂تسمي نتغذا ونتعشى الخلصة في كيل الزيت 😂,2026-01-28T13:50:16.979469,1,7585636530710924564,https://www.tiktok.com/@hichamcook/video/7585636530710924564?lang=en,Hichem Cook
7598336612066624263,tiktok,Abdo Kher,790 نخش شريك مع ايلون ماسك,2026-01-28T13:50:16.979471,1,7585636530710924564,https://www.tiktok.com/@hichamcook/video/7585636530710924564?lang=en,Hichem Cook
7599366267975975688,tiktok,محمد حمزة,بلا رشة معدنوس شحال يسقاملي😂😂😂,2026-01-28T13:50:16.979472,0,7585636530710924564,https://www.tiktok.com/@hichamcook/video/7585636530710924564?lang=en,Hichem Cook
7585683461769839380,tiktok,dadi karim,روز وحدو شحال,2026-01-28T13:50:16.979475,4,7585636530710924564,https://www.tiktok.com/@hichamcook/video/7585636530710924564?lang=en,Hichem Cook
7585645157409374984,tiktok,sAwsen,chehal. chehaal ? masma3tch mlih,2026-01-28T13:50:16.979477,5,7585636530710924564,https://www.tiktok.com/@hichamcook/video/7585636530710924564?lang=en,Hichem Cook
7586108007294911250,tiktok,MONDER.25,790 نتعشا مع فينيسيوس,2026-01-28T13:50:16.979479,3,7585636530710924564,https://www.tiktok.com/@hichamcook/video/7585636530710924564?lang=en,Hichem Cook
7585651928404476692,tiktok,أَنــْوَرْ •,790 الف نزيد شوي صرف ونتزوج,2026-01-28T13:50:16.979481,40,7585636530710924564,https://www.tiktok.com/@hichamcook/video/7585636530710924564?lang=en,Hichem Cook
7586203868370764567,tiktok,fyp,والله كنت نقارع أقل من 500 الف 😂✌,2026-01-28T13:50:16.979482,2,7585636530710924564,https://www.tiktok.com/@hichamcook/video/7585636530710924564?lang=en,Hichem Cook
7585758189439140624,tiktok,🪽𝚜𝚎𝚢𝚏𝚒𝚝,,2026-01-28T13:50:16.979484,4,7585636530710924564,https://www.tiktok.com/@hichamcook/video/7585636530710924564?lang=en,Hichem Cook
7585655078850200328,tiktok,فيصل سعودي,بلا معدنوس شحال,2026-01-28T13:50:16.979485,1,7585636530710924564,https://www.tiktok.com/@hichamcook/video/7585636530710924564?lang=en,Hichem Cook
7585965604207133462,tiktok,Nass,Pas de légumes,2026-01-28T13:50:16.979486,1,7585636530710924564,https://www.tiktok.com/@hichamcook/video/7585636530710924564?lang=en,Hichem Cook
7586385977992823568,tiktok,SADOU🐺,امممممممه [sticker],2026-01-28T13:50:16.979488,3,7585636530710924564,https://www.tiktok.com/@hichamcook/video/7585636530710924564?lang=en,Hichem Cook
7585660554996384520,tiktok,Alger19,أشحال القارس وحدو,2026-01-28T13:50:16.979489,1,7585636530710924564,https://www.tiktok.com/@hichamcook/video/7585636530710924564?lang=en,Hichem Cook
7585966589745726210,tiktok,🦂 Scorpion 🦂,Formule budget ta3 neymar 😂,2026-01-28T13:50:16.979490,1,7585636530710924564,https://www.tiktok.com/@hichamcook/video/7585636530710924564?lang=en,Hichem Cook
7585990159465169672,tiktok,Emma,هاديك هيا مع الرشة تاع المعدنوس تجي سواسوا 👌,2026-01-28T13:50:16.979492,1,7585636530710924564,https://www.tiktok.com/@hichamcook/video/7585636530710924564?lang=en,Hichem Cook
7591534346021683990,tiktok,aliamine875,Very expensive my friend,2026-01-28T13:50:16.979493,1,7585636530710924564,https://www.tiktok.com/@hichamcook/video/7585636530710924564?lang=en,Hichem Cook
7585722969717621522,tiktok,#31#,شحال تحسبلي رشة تاع معدنوس,2026-01-28T13:50:16.979497,1,7585636530710924564,https://www.tiktok.com/@hichamcook/video/7585636530710924564?lang=en,Hichem Cook
7585658713572279061,tiktok,لينا للعبايات Boutique Lina,كنت نستا في 4500وجاتني بزاف قلت معليش بصح 790❤️يايما قلبي وجعني 😂,2026-01-28T13:50:16.979500,1,7585636530710924564,https://www.tiktok.com/@hichamcook/video/7585636530710924564?lang=en,Hichem Cook
7585647185937793809,tiktok,الباجي,بلا الرشة تاع معدنوس شحال خويا كوك,2026-01-28T13:50:16.979501,1,7585636530710924564,https://www.tiktok.com/@hichamcook/video/7585636530710924564?lang=en,Hichem Cook
7585906490133889800,tiktok,walid 15,بلا لاصوص أشحال,2026-01-28T13:50:17.816542,8,7585636530710924564,https://www.tiktok.com/@hichamcook/video/7585636530710924564?lang=en,Hichem Cook
7597878466142798612,tiktok,Mãřiä,,2026-01-28T13:50:17.816554,0,7585636530710924564,https://www.tiktok.com/@hichamcook/video/7585636530710924564?lang=en,Hichem Cook
7596134138269500167,tiktok,✨🤍 𝕭𝖎𝖆𝖓𝖈𝖆🤍✨,بلا معدنوس قداه تجي ؟,2026-01-28T13:50:17.816556,0,7585636530710924564,https://www.tiktok.com/@hichamcook/video/7585636530710924564?lang=en,Hichem Cook
7598079527608713991,tiktok,Ibrahim,sltp frr ch3al le prix ghi ta3 ma3adnous ?,2026-01-28T13:50:17.816558,0,7585636530710924564,https://www.tiktok.com/@hichamcook/video/7585636530710924564?lang=en,Hichem Cook
7585863293564666627,tiktok,C.DAX16,790 mrid,2026-01-28T13:50:17.816560,6,7585636530710924564,https://www.tiktok.com/@hichamcook/video/7585636530710924564?lang=en,Hichem Cook
7587803658088252167,tiktok,💚Mēli ss💚,جاتني غالية كي درت رشة معدنوس هاذيك هيا ☺️,2026-01-28T13:50:17.816562,4,7585636530710924564,https://www.tiktok.com/@hichamcook/video/7585636530710924564?lang=en,Hichem Cook
7599122147201958664,tiktok,Fayçal Benikhlef,790 😂,2026-01-28T13:50:17.816564,0,7585636530710924564,https://www.tiktok.com/@hichamcook/video/7585636530710924564?lang=en,Hichem Cook
7592807079888487176,tiktok,Sifeddine Djenahi,"أنا كي جيبلي الماء تاع الغوبيني وتقولي c'est du vichy, ça fait rêver",2026-01-28T13:50:17.816566,0,7585636530710924564,https://www.tiktok.com/@hichamcook/video/7585636530710924564?lang=en,Hichem Cook
7585707616077316882,tiktok,Bôũ_Bõū💯,انا كي نحط 800الف فالجيب نشبع خويا حتى نهار نصرفها تنفحلي ناكل و كي ينوب ربي عليا ب 800اخرى نعاود نشبع🥰سما ما فيهاش منكلش😂,2026-01-28T13:50:17.816567,32,7585636530710924564,https://www.tiktok.com/@hichamcook/video/7585636530710924564?lang=en,Hichem Cook
7596141530885800720,tiktok,(っ◔◡◔)っ يہارو™️✨,يساهل مليون🖤,2026-01-28T13:50:17.816569,0,7585636530710924564,https://www.tiktok.com/@hichamcook/video/7585636530710924564?lang=en,Hichem Cook
7586761371888927496,tiktok,PaTo,شحال تحسبلي اذا نحينا الرشة تاع المنعدوس خو,2026-01-28T13:50:17.816571,1,7585636530710924564,https://www.tiktok.com/@hichamcook/video/7585636530710924564?lang=en,Hichem Cook
7597441188640850710,tiktok,One_Piece,Ghali,2026-01-28T13:50:17.816573,0,7585636530710924564,https://www.tiktok.com/@hichamcook/video/7585636530710924564?lang=en,Hichem Cook
7586110906146521877,tiktok,sof dou,بلا قارص شحال؟,2026-01-28T13:50:17.816574,1,7585636530710924564,https://www.tiktok.com/@hichamcook/video/7585636530710924564?lang=en,Hichem Cook
7594484537281037078,tiktok,ARIS,Camembert avec viande rouge mélanger 🙄🙄🙄🙄🙄🙄,2026-01-28T13:50:17.816576,0,7585636530710924564,https://www.tiktok.com/@hichamcook/video/7585636530710924564?lang=en,Hichem Cook
7587002527440290576,tiktok,Latreche Abid,دياغوستو رقم واحد في الجزائر بنة و سعر و نظافة,2026-01-28T13:50:17.816579,39,7585636530710924564,https://www.tiktok.com/@hichamcook/video/7585636530710924564?lang=en,Hichem Cook
7585881410553365260,tiktok,Zaki,رشة تاع المعدنوس شحال,2026-01-28T13:50:17.816580,2,7585636530710924564,https://www.tiktok.com/@hichamcook/video/7585636530710924564?lang=en,Hichem Cook
7593049373568860936,tiktok,Zizou,خويا بلى سيترون شحال 😂,2026-01-28T13:50:17.816582,0,7585636530710924564,https://www.tiktok.com/@hichamcook/video/7585636530710924564?lang=en,Hichem Cook
7600344316675326721,tiktok,𝓝𝓸𝓝𝓪𝓶𝓮,بلا معدنوس وحدوا شحال ؟,2026-01-28T13:50:17.816584,0,7585636530710924564,https://www.tiktok.com/@hichamcook/video/7585636530710924564?lang=en,Hichem Cook
7586686417628054279,tiktok,Dada Fafa,اللهم صل وسلم وبارك على سيدنا محمد وعلى اله وصحبه اجمعين استغفر الله العظيم رب العرش العظيم واتوب اليه عدد خلقه ورضا نفسه وزنه عرشه ومداد كلماته لا اله الا الله عدد ما كان ولا اله الا الله عدد ما يكون ولا اله الا الله عدد الحركات والسكون لا حول ولا قوه الا بالله العلي العظيم لا اله الا انت سبحانك اني كنت من الظالمين فاستجنا له ونجيناه من الغم وكذلك ننجي المومنين سبحان الله الحمد لله لا اله الا الله الله اكبر ولله الحمد الله اكبر ولله الحمد الله اكبر ولله الحمد ولله الحمد ولله الحمد ولله الحمد ولله الحمد ولله الحمد,2026-01-28T13:50:17.816586,2,7585636530710924564,https://www.tiktok.com/@hichamcook/video/7585636530710924564?lang=en,Hichem Cook
7591899127473275669,tiktok,léa ♡,بلى برومو شحال!!! عندي دراهك.,2026-01-28T13:50:18.752780,0,7585636530710924564,https://www.tiktok.com/@hichamcook/video/7585636530710924564?lang=en,Hichem Cook
7591906991309439766,tiktok,Djebril Djebriil,نشم ريحه برك شحال 😌,2026-01-28T13:50:18.752790,0,7585636530710924564,https://www.tiktok.com/@hichamcook/video/7585636530710924564?lang=en,Hichem Cook
7599791063146087175,tiktok,Abo Bakr,ههههههههههههه,2026-01-28T13:50:18.752793,0,7585636530710924564,https://www.tiktok.com/@hichamcook/video/7585636530710924564?lang=en,Hichem Cook
7599821377784906516,tiktok,الأسطورة ❤,شحال رشة المعدنوس,2026-01-28T13:50:18.752795,0,7585636530710924564,https://www.tiktok.com/@hichamcook/video/7585636530710924564?lang=en,Hichem Cook
7591713199502836502,tiktok,nabsedd, [sticker],2026-01-28T13:50:18.752798,0,7585636530710924564,https://www.tiktok.com/@hichamcook/video/7585636530710924564?lang=en,Hichem Cook
7591928319428641558,tiktok,💫💫RADHWANE💫💫,790 الف ندخل معاك شريك,2026-01-28T13:50:18.752800,0,7585636530710924564,https://www.tiktok.com/@hichamcook/video/7585636530710924564?lang=en,Hichem Cook
7592723319557112609,tiktok,Mohammed,شحال هاد 790 الف بالاورو,2026-01-28T13:50:18.752802,0,7585636530710924564,https://www.tiktok.com/@hichamcook/video/7585636530710924564?lang=en,Hichem Cook
7591724948218921736,tiktok,Waliiiid,,2026-01-28T13:50:18.752804,0,7585636530710924564,https://www.tiktok.com/@hichamcook/video/7585636530710924564?lang=en,Hichem Cook
7592357416168309526,tiktok,💋Emma💋,Fourmill,2026-01-28T13:50:18.752807,0,7585636530710924564,https://www.tiktok.com/@hichamcook/video/7585636530710924564?lang=en,Hichem Cook
7591821467647132438,tiktok,Adel,,2026-01-28T13:50:18.752809,0,7585636530710924564,https://www.tiktok.com/@hichamcook/video/7585636530710924564?lang=en,Hichem Cook
7585647195044184853,tiktok,ᴬᴸᴾᴴᴬ🇨🇦,7900da sérieux??,2026-01-28T13:50:18.752811,23,7585636530710924564,https://www.tiktok.com/@hichamcook/video/7585636530710924564?lang=en,Hichem Cook
7585653397744730883,tiktok,Eastman5909,"Bien que je respecte votre travail et que je sois conscient des charges fixes élevées auxquelles vous faites face, le prix de 7 900 dinars pour un plat ne me paraît pas accessible à l’ensemble des budgets.",2026-01-28T13:50:18.752815,1,7585636530710924564,https://www.tiktok.com/@hichamcook/video/7585636530710924564?lang=en,Hichem Cook
7592214513594188566,tiktok,marseillais,ou kass jus✌,2026-01-28T13:50:18.752817,0,7585636530710924564,https://www.tiktok.com/@hichamcook/video/7585636530710924564?lang=en,Hichem Cook
7585647027583091476,tiktok,idris,,2026-01-28T13:50:18.752819,1,7585636530710924564,https://www.tiktok.com/@hichamcook/video/7585636530710924564?lang=en,Hichem Cook
7594189417642230550,tiktok,Rayan one,منا الخميس هاني نجي,2026-01-28T13:50:18.752821,0,7585636530710924564,https://www.tiktok.com/@hichamcook/video/7585636530710924564?lang=en,Hichem Cook
7591598029452559126,tiktok,Rachid Skh,700 ghaliya frr,2026-01-28T13:50:18.752823,0,7585636530710924564,https://www.tiktok.com/@hichamcook/video/7585636530710924564?lang=en,Hichem Cook
7591635513008079623,tiktok,❤️‍🔥_ishak_❤️‍🔥,بلاا قرس شحال خويا 🥰,2026-01-28T13:50:18.752825,0,7585636530710924564,https://www.tiktok.com/@hichamcook/video/7585636530710924564?lang=en,Hichem Cook
7598872635933917974,tiktok,pushken,😂😂😂😂 790,2026-01-28T13:50:18.752827,0,7585636530710924564,https://www.tiktok.com/@hichamcook/video/7585636530710924564?lang=en,Hichem Cook
7585669600914834183,tiktok,mohmohaki,كيلو فيلي وكيلو ونص انطور كوت وزوج كوت غنمي وكومومبار وقازوز وعشر ربطات معدنوس ويبقالي الصرف عندي مشوى في الدار 😂😂😂,2026-01-28T13:50:18.752829,2,7585636530710924564,https://www.tiktok.com/@hichamcook/video/7585636530710924564?lang=en,Hichem Cook
7585644403790922518,tiktok,Xavier ⵣ,Citron pour la viande rouge 🤣,2026-01-28T13:50:18.752831,2,7585636530710924564,https://www.tiktok.com/@hichamcook/video/7585636530710924564?lang=en,Hichem Cook
7587562756611343111,tiktok,issam23,نحي السيترون شحال تولي السومة,2026-01-28T13:50:19.760252,0,7585636530710924564,https://www.tiktok.com/@hichamcook/video/7585636530710924564?lang=en,Hichem Cook
7586377103014527762,tiktok,🐺Islam~~ islam👾~🐺,الله غالب عندي غير 789الف و خمسمية المرة الجاية💔,2026-01-28T13:50:19.760267,0,7585636530710924564,https://www.tiktok.com/@hichamcook/video/7585636530710924564?lang=en,Hichem Cook
7599752446528783126,tiktok,algerie,le populisme pour un sig de 20 000 da,2026-01-28T13:50:19.760270,0,7585636530710924564,https://www.tiktok.com/@hichamcook/video/7585636530710924564?lang=en,Hichem Cook
7599750930720752404,tiktok,Nani Islam Khelifi,بلا رشة تاع لمعدنوس شحال 🤔,2026-01-28T13:50:19.760272,1,7585636530710924564,https://www.tiktok.com/@hichamcook/video/7585636530710924564?lang=en,Hichem Cook
7586743812828054292,tiktok,__________T__________,هاك يكونو لي كلاش بالخدمة ماشي بالسبان ربي يوفقكم لزوج وربي يعاونكم,2026-01-28T13:50:19.760274,0,7585636530710924564,https://www.tiktok.com/@hichamcook/video/7585636530710924564?lang=en,Hichem Cook
7589621284745790215,tiktok,iyad ben🇦🇱,790ناكل بيها كويس تاع طرابكينغ,2026-01-28T13:50:19.760276,0,7585636530710924564,https://www.tiktok.com/@hichamcook/video/7585636530710924564?lang=en,Hichem Cook
7590827682746106657,tiktok,Radouane🇲🇦💞🇧🇪,dak lham ga3 bared,2026-01-28T13:50:19.760278,0,7585636530710924564,https://www.tiktok.com/@hichamcook/video/7585636530710924564?lang=en,Hichem Cook
7587058907782628103,tiktok,صلاح الدين زغمار,وشحال سومة بلا معدنس,2026-01-28T13:50:19.760280,0,7585636530710924564,https://www.tiktok.com/@hichamcook/video/7585636530710924564?lang=en,Hichem Cook
7586302444176556821,tiktok,lotfimed,دينار ولا اورو,2026-01-28T13:50:19.760282,0,7585636530710924564,https://www.tiktok.com/@hichamcook/video/7585636530710924564?lang=en,Hichem Cook
7587180748923454264,tiktok,الخــــــال ☠️,790 ندخل معا شاف بوراك شريك,2026-01-28T13:50:19.760284,0,7585636530710924564,https://www.tiktok.com/@hichamcook/video/7585636530710924564?lang=en,Hichem Cook
7586011029566784274,tiktok,Farouk @18,تحيا عبدو👌,2026-01-28T13:50:19.760286,0,7585636530710924564,https://www.tiktok.com/@hichamcook/video/7585636530710924564?lang=en,Hichem Cook
7590695763102843665,tiktok,Mitral bi, [sticker],2026-01-28T13:50:19.760289,0,7585636530710924564,https://www.tiktok.com/@hichamcook/video/7585636530710924564?lang=en,Hichem Cook
7586071664585409300,tiktok,ĶĤÄŁĘÐ ČĤÄBBÎ⁴³,نحب مرة على مرة نشوف فيديو تاعك باطل 😁✌,2026-01-28T13:50:19.760291,1,7585636530710924564,https://www.tiktok.com/@hichamcook/video/7585636530710924564?lang=en,Hichem Cook
7585721552026501904,tiktok,Maman Djawed🇩🇿🇨🇦,790 الف ندخل شريكة مع ريال,2026-01-28T13:50:19.760293,3,7585636530710924564,https://www.tiktok.com/@hichamcook/video/7585636530710924564?lang=en,Hichem Cook
7591824134372655894,tiktok,ⵣⵣ Fouad ⵣⵣ,W ha9 nchoufo la video Chhal?? Ana chaftou 2 fois ?,2026-01-28T13:50:19.760294,1,7585636530710924564,https://www.tiktok.com/@hichamcook/video/7585636530710924564?lang=en,Hichem Cook
7585645926291997447,tiktok,r.m.k,ما شاء الله 👌انا كي تعجبني حاجة وتحلى في عيني ما يشقاش تقولي على السومة خويا هشام,2026-01-28T13:50:19.760296,2,7585636530710924564,https://www.tiktok.com/@hichamcook/video/7585636530710924564?lang=en,Hichem Cook
7586274537890202376,tiktok,silou star,قداه تحسبني روز وحدو,2026-01-28T13:50:19.760298,0,7585636530710924564,https://www.tiktok.com/@hichamcook/video/7585636530710924564?lang=en,Hichem Cook
7591516545134773014,tiktok,Youcef Walid171,T’es sérieux ?790,2026-01-28T13:50:19.760300,0,7585636530710924564,https://www.tiktok.com/@hichamcook/video/7585636530710924564?lang=en,Hichem Cook
7591411984007070487,tiktok,Reda 13,Diagost khir khouya cha yjib,2026-01-28T13:50:19.760302,0,7585636530710924564,https://www.tiktok.com/@hichamcook/video/7585636530710924564?lang=en,Hichem Cook
7598597578213786388,tiktok,arb djM,4500,2026-01-28T13:50:19.760304,0,7585636530710924564,https://www.tiktok.com/@hichamcook/video/7585636530710924564?lang=en,Hichem Cook
7585942435253142327,tiktok,Zohir marouan,790 تجيبلك 4 كلغ لحم خروف,2026-01-28T13:50:20.032900,0,7585636530710924564,https://www.tiktok.com/@hichamcook/video/7585636530710924564?lang=en,Hichem Cook
7598997588012106504,tiktok,youcefben70,escalope à la crème sans crème !,2026-01-28T13:50:20.032909,0,7585636530710924564,https://www.tiktok.com/@hichamcook/video/7585636530710924564?lang=en,Hichem Cook
7585939115394319126,tiktok,ابو رودينة,داندو كمل يدير 700,2026-01-28T13:50:20.032912,0,7585636530710924564,https://www.tiktok.com/@hichamcook/video/7585636530710924564?lang=en,Hichem Cook
7585705208287953682,tiktok,mohamedvalentino94,درنا فيك ثقة خو🥰,2026-01-28T13:50:20.899249,0,7585636530710924564,https://www.tiktok.com/@hichamcook/video/7585636530710924564?lang=en,Hichem Cook
7600136446989730568,tiktok,Ahmed Algérie,شحااااال مصروفي تاع الشهر,2026-01-28T13:50:20.899262,0,7585636530710924564,https://www.tiktok.com/@hichamcook/video/7585636530710924564?lang=en,Hichem Cook
7585929837404947220,tiktok,Dynna💎🇩🇿,كيفاش نديير باااش نجيكم من عنابة 🥰🥰🥰,2026-01-28T13:50:20.899265,0,7585636530710924564,https://www.tiktok.com/@hichamcook/video/7585636530710924564?lang=en,Hichem Cook
7585896896251167510,tiktok,par_134,7000دج سومتها بصح مع كومومبار مشوي 900دج تسمى هذيك هي و متنساوش لي ياكلها كي يكمل يزيد يغسل ماعينه,2026-01-28T13:50:20.899267,0,7585636530710924564,https://www.tiktok.com/@hichamcook/video/7585636530710924564?lang=en,Hichem Cook
7585638108248343314,tiktok,B.31,الله يبارك,2026-01-28T13:50:20.899269,0,7585636530710924564,https://www.tiktok.com/@hichamcook/video/7585636530710924564?lang=en,Hichem Cook
7585770049047610129,tiktok,sando,790 نزيد عليها شوية برك و نتزوج,2026-01-28T13:50:20.899271,1,7585636530710924564,https://www.tiktok.com/@hichamcook/video/7585636530710924564?lang=en,Hichem Cook
7586390017519174407,tiktok,.,✨مع لاصوص تع المشوي هاديك هي سومتها ✨,2026-01-28T13:50:20.899273,0,7585636530710924564,https://www.tiktok.com/@hichamcook/video/7585636530710924564?lang=en,Hichem Cook
7593004053431517954,tiktok,Tadmait Tadmait,Vous sevrez de vins,2026-01-28T13:50:20.899275,0,7585636530710924564,https://www.tiktok.com/@hichamcook/video/7585636530710924564?lang=en,Hichem Cook
7591577632149717782,tiktok,@Caramélo.karim,prix شوك,2026-01-28T13:50:20.899277,0,7585636530710924564,https://www.tiktok.com/@hichamcook/video/7585636530710924564?lang=en,Hichem Cook
7591541818102416150,tiktok,Alain bylka,C très chère,2026-01-28T13:50:20.899279,0,7585636530710924564,https://www.tiktok.com/@hichamcook/video/7585636530710924564?lang=en,Hichem Cook
7592185886597432072,tiktok,3iimad,لاصوص تع المشوي شحال,2026-01-28T13:50:20.899281,0,7585636530710924564,https://www.tiktok.com/@hichamcook/video/7585636530710924564?lang=en,Hichem Cook
7593456095822693142,tiktok,2345,wakila hcham y goul 800😁😁😁😁,2026-01-28T13:50:20.899283,0,7585636530710924564,https://www.tiktok.com/@hichamcook/video/7585636530710924564?lang=en,Hichem Cook
7600119333516624648,tiktok,Bã Hāä,790😂😂😂😂😂,2026-01-28T13:50:20.899285,0,7585636530710924564,https://www.tiktok.com/@hichamcook/video/7585636530710924564?lang=en,Hichem Cook
7594247058364072706,tiktok,oussama si,790 نشري اسهم في تسلا,2026-01-28T13:50:20.899287,0,7585636530710924564,https://www.tiktok.com/@hichamcook/video/7585636530710924564?lang=en,Hichem Cook
7589671317101282064,tiktok,amar ben,790الف نروح بيها جزر المالديف,2026-01-28T13:50:20.899288,0,7585636530710924564,https://www.tiktok.com/@hichamcook/video/7585636530710924564?lang=en,Hichem Cook
7586387429344068359,tiktok,bounehar😒,المعدنوس وحدو بشحال,2026-01-28T13:50:20.899290,1,7585636530710924564,https://www.tiktok.com/@hichamcook/video/7585636530710924564?lang=en,Hichem Cook
7590868434172101398,tiktok,Mehdi amine,33%le salaire de base 😏,2026-01-28T13:50:20.899292,0,7585636530710924564,https://www.tiktok.com/@hichamcook/video/7585636530710924564?lang=en,Hichem Cook
7585694464586515201,tiktok,bilal.ameri14,زوج حبات روز شحال خويا,2026-01-28T13:50:20.986346,0,7585636530710924564,https://www.tiktok.com/@hichamcook/video/7585636530710924564?lang=en,Hichem Cook
7592643557539971862,tiktok,Countries of the World,مع لخبز مليون😂,2026-01-28T13:50:20.986357,0,7585636530710924564,https://www.tiktok.com/@hichamcook/video/7585636530710924564?lang=en,Hichem Cook
7588325198769521425,tiktok,coeur brisé,790 ناكل كويس تاع ايناس عبدلي خو ويبقى الصرف,2026-01-28T13:50:20.986359,1,7585636530710924564,https://www.tiktok.com/@hichamcook/video/7585636530710924564?lang=en,Hichem Cook
7596465764346446614,tiktok,MJM,شويا لاصوص برك نفوت بيها الخبز شحال,2026-01-28T13:50:21.686393,0,7585636530710924564,https://www.tiktok.com/@hichamcook/video/7585636530710924564?lang=en,Hichem Cook
7597004956914385685,tiktok,Shânks ⚓41,رشة تاع المعدن س وحدها شحال,2026-01-28T13:50:21.686399,0,7585636530710924564,https://www.tiktok.com/@hichamcook/video/7585636530710924564?lang=en,Hichem Cook
7591689835237376790,tiktok,MSB,jebtelna tani la formile,2026-01-28T13:50:21.686402,0,7585636530710924564,https://www.tiktok.com/@hichamcook/video/7585636530710924564?lang=en,Hichem Cook
7590996846943142679,tiktok,momo.dz100,شحال تخليهالي بلا الرشة تع المعدنوس ؟؟,2026-01-28T13:50:21.686405,0,7585636530710924564,https://www.tiktok.com/@hichamcook/video/7585636530710924564?lang=en,Hichem Cook
7591879937421165315,tiktok,🔱🔥YouYou-Ch☢️🔥,l'assiette b citron wahdo ch7al stp?🫩,2026-01-28T13:50:21.686407,0,7585636530710924564,https://www.tiktok.com/@hichamcook/video/7585636530710924564?lang=en,Hichem Cook
7591988856242897686,tiktok,cuisine bogalacha,lol,2026-01-28T13:50:21.686409,0,7585636530710924564,https://www.tiktok.com/@hichamcook/video/7585636530710924564?lang=en,Hichem Cook
7587169680399483666,tiktok,§§.  الحار.   §§,10 علاف كران وراني ندور علامه,2026-01-28T13:50:21.686411,0,7585636530710924564,https://www.tiktok.com/@hichamcook/video/7585636530710924564?lang=en,Hichem Cook
7586239351005709063,tiktok,Mohamed Blida,زيتون وحدو شعال,2026-01-28T13:50:21.686413,0,7585636530710924564,https://www.tiktok.com/@hichamcook/video/7585636530710924564?lang=en,Hichem Cook
7592672059659551510,tiktok,binor,14 kg poulet 200gr viande 😂😂😂7000da en plus promotion,2026-01-28T13:50:21.686414,2,7585636530710924564,https://www.tiktok.com/@hichamcook/video/7585636530710924564?lang=en,Hichem Cook
7592778396960555798,tiktok,Islam☠️اسلام,790نضرب فيا زوج طنجرات تاع مشوم معى فاكيا و كازوز وش نقل,2026-01-28T13:50:21.686421,0,7585636530710924564,https://www.tiktok.com/@hichamcook/video/7585636530710924564?lang=en,Hichem Cook
7591599307452990226,tiktok,nopromise316759,سعر معقول,2026-01-28T13:50:21.686423,0,7585636530710924564,https://www.tiktok.com/@hichamcook/video/7585636530710924564?lang=en,Hichem Cook
7599418820789601046,tiktok,sidou,790 😝😂😂😂😂,2026-01-28T13:50:21.686425,0,7585636530710924564,https://www.tiktok.com/@hichamcook/video/7585636530710924564?lang=en,Hichem Cook
7594175263799673630,tiktok,saiyco_p,حقها 4000 دج راك تذبح خو,2026-01-28T13:50:21.686428,0,7585636530710924564,https://www.tiktok.com/@hichamcook/video/7585636530710924564?lang=en,Hichem Cook
7594257787820688150,tiktok,Plombier General,تحيا دياكوستا,2026-01-28T13:50:21.686430,0,7585636530710924564,https://www.tiktok.com/@hichamcook/video/7585636530710924564?lang=en,Hichem Cook
7585987097963512597,tiktok,Sid ahmed Brad3,عبدو مكمل معاك,2026-01-28T13:50:21.686432,2,7585636530710924564,https://www.tiktok.com/@hichamcook/video/7585636530710924564?lang=en,Hichem Cook
7589021626093273864,tiktok,Nasro Mohamed,تحيا عبدو,2026-01-28T13:50:21.686433,2,7585636530710924564,https://www.tiktok.com/@hichamcook/video/7585636530710924564?lang=en,Hichem Cook
7592001474045969174,tiktok,STOVE & STORIES,"where is the trick!!!? 10% is rice 2% salad 45% is chicken, 2 lamb chops 70% is bone then you have mecheoui and 2 slice of thin sirloin steak for that price you add drinks so that will come to 11000 da a rip off",2026-01-28T13:50:21.686435,0,7585636530710924564,https://www.tiktok.com/@hichamcook/video/7585636530710924564?lang=en,Hichem Cook
7596036316342813462,tiktok,ilyas59995,790 مام أنا و 9 صحابي تنقاملنا غالية,2026-01-28T13:50:22.232699,0,7585636530710924564,https://www.tiktok.com/@hichamcook/video/7585636530710924564?lang=en,Hichem Cook
7596006826262954774,tiktok,Nab,L’héritage français un bon camembert,2026-01-28T13:50:22.232707,0,7585636530710924564,https://www.tiktok.com/@hichamcook/video/7585636530710924564?lang=en,Hichem Cook
7596000235643093782,tiktok,seyfeddine 34,لحاجة لوحيدة لي راني فيها معاك790 الف ناكل بيها منهار خخممت دير هذا لفيديو حتى لسمانة الجاية😂,2026-01-28T13:50:22.232709,0,7585636530710924564,https://www.tiktok.com/@hichamcook/video/7585636530710924564?lang=en,Hichem Cook
7595976151370056470,tiktok,a.d.m f€€€€31,زوين كيشهي ولكين غالي,2026-01-28T13:50:22.232711,0,7585636530710924564,https://www.tiktok.com/@hichamcook/video/7585636530710924564?lang=en,Hichem Cook
7595378134385394454,tiktok,Mohamed.Cars,دير طلة عندي مرحبا بالجميع.😁😁,2026-01-28T13:50:22.232712,0,7585636530710924564,https://www.tiktok.com/@hichamcook/video/7585636530710924564?lang=en,Hichem Cook
7594998216434942727,tiktok,user8256161127851,روعة ما شاء الله..,2026-01-28T13:50:22.232714,0,7585636530710924564,https://www.tiktok.com/@hichamcook/video/7585636530710924564?lang=en,Hichem Cook
7594893999867462433,tiktok,moumen19866,8000دج فقط,2026-01-28T13:50:22.232715,0,7585636530710924564,https://www.tiktok.com/@hichamcook/video/7585636530710924564?lang=en,Hichem Cook
7594846635264361249,tiktok,H-KING 🇧🇪,La sauce ta3 mechwi foug poulet,2026-01-28T13:50:22.232716,0,7585636530710924564,https://www.tiktok.com/@hichamcook/video/7585636530710924564?lang=en,Hichem Cook
7586221871596208917,tiktok,【خليل】👑⃝⃢🫀,790 ندخل شريك مع عبدو,2026-01-28T13:50:22.879825,1,7585636530710924564,https://www.tiktok.com/@hichamcook/video/7585636530710924564?lang=en,Hichem Cook
7586039316242940694,tiktok,ARIS,"7900 da , tu sais c 30% de salaire de base",2026-01-28T13:50:22.879835,42,7585636530710924564,https://www.tiktok.com/@hichamcook/video/7585636530710924564?lang=en,Hichem Cook
7598581480071332615,tiktok,amine,ههههه جماعة لي راها تقول غالي علبالكم شحال يدير لقارص,2026-01-28T13:50:22.879838,1,7585636530710924564,https://www.tiktok.com/@hichamcook/video/7585636530710924564?lang=en,Hichem Cook
7597938680431821588,tiktok,R,هشام اروح لبسكرة افتح روسطورون 🤝,2026-01-28T13:50:22.879840,0,7585636530710924564,https://www.tiktok.com/@hichamcook/video/7585636530710924564?lang=en,Hichem Cook
7585741223563166486,tiktok,Enigma06,Un chef cuisinier intégriste 😂,2026-01-28T13:50:22.879842,9,7585636530710924564,https://www.tiktok.com/@hichamcook/video/7585636530710924564?lang=en,Hichem Cook
7585687696681911062,tiktok,RayMax,C’est pas des cotes d’agneau c’est des cotes de mouton 😊,2026-01-28T13:50:22.879844,5,7585636530710924564,https://www.tiktok.com/@hichamcook/video/7585636530710924564?lang=en,Hichem Cook
7599341080488313622,tiktok,🇩🇿imazighn🇮🇹,أو كي تنحي القارس و الرشة تاع معدنوس شحال تولي السومة,2026-01-28T13:50:22.879846,0,7585636530710924564,https://www.tiktok.com/@hichamcook/video/7585636530710924564?lang=en,Hichem Cook
7599848375970562839,tiktok,A͜͡R͜͡M͜͡A͜͡N͜͡O͜͡,دياغوسو .رقم واحد بكل صراحة,2026-01-28T13:50:22.879848,0,7585636530710924564,https://www.tiktok.com/@hichamcook/video/7585636530710924564?lang=en,Hichem Cook
7599410651651883794,tiktok,بوجمعة بن لعور,790 ندخل شريك مع عبدو,2026-01-28T13:50:22.879850,0,7585636530710924564,https://www.tiktok.com/@hichamcook/video/7585636530710924564?lang=en,Hichem Cook
7598764314208437008,tiktok,AHMED@@19,790 كنت حاسبها غالية بصح كي زدت المعدنوس قنعتني 👌,2026-01-28T13:50:22.879852,0,7585636530710924564,https://www.tiktok.com/@hichamcook/video/7585636530710924564?lang=en,Hichem Cook
7599792744256717590,tiktok,pinpimdenden,c trop chère,2026-01-28T13:50:22.879853,0,7585636530710924564,https://www.tiktok.com/@hichamcook/video/7585636530710924564?lang=en,Hichem Cook
7597966485303493397,tiktok,Alexis,في سطيف والله غير 500 الف برك توكلو في 4 و تشبعو كامل,2026-01-28T13:50:22.879855,0,7585636530710924564,https://www.tiktok.com/@hichamcook/video/7585636530710924564?lang=en,Hichem Cook
7599268236728091399,tiktok,🇩🇿 جزائري 🇩🇿,بلا سيثرون شحال تحسبهالنا,2026-01-28T13:50:22.879857,0,7585636530710924564,https://www.tiktok.com/@hichamcook/video/7585636530710924564?lang=en,Hichem Cook
7597076187563868946,tiktok,MõH ÂMèd,لمهم انا عندي 80الف حق لفيديو لي تفرجتو😂,2026-01-28T13:50:22.879860,0,7585636530710924564,https://www.tiktok.com/@hichamcook/video/7585636530710924564?lang=en,Hichem Cook
7597307130023166727,tiktok,abdelhamid zommij,Citron 😏😏,2026-01-28T13:50:22.879861,0,7585636530710924564,https://www.tiktok.com/@hichamcook/video/7585636530710924564?lang=en,Hichem Cook
7600131716275389204,tiktok,⛓️ ghano ⛓️,790 يا خويا نشري ونروح دار ونشوي,2026-01-28T13:50:22.879863,0,7585636530710924564,https://www.tiktok.com/@hichamcook/video/7585636530710924564?lang=en,Hichem Cook
7592264004807607047,tiktok,Magaa,Bzaffff bzaff,2026-01-28T13:50:22.879865,0,7585636530710924564,https://www.tiktok.com/@hichamcook/video/7585636530710924564?lang=en,Hichem Cook
7596466017413497611,tiktok,mirou 16,لاصوص وحدها شحال تحسبهالي,2026-01-28T13:50:22.879867,0,7585636530710924564,https://www.tiktok.com/@hichamcook/video/7585636530710924564?lang=en,Hichem Cook
7600082997999878933,tiktok,ΆМΊŔ-22,الرشة تاع المعدنوس شحال,2026-01-28T13:50:22.879869,0,7585636530710924564,https://www.tiktok.com/@hichamcook/video/7585636530710924564?lang=en,Hichem Cook
7596765876050281238,tiktok,Hassan Parris,c'est très chère vous êtes sérieux,2026-01-28T13:50:23.110402,0,7585636530710924564,https://www.tiktok.com/@hichamcook/video/7585636530710924564?lang=en,Hichem Cook
7599733043818382087,tiktok,HASNA ALJMAl,واش بلاصة راك نجي ناكل تبرد قلبي المهيم يكون كاين نقا,2026-01-28T13:50:23.967593,0,7585636530710924564,https://www.tiktok.com/@hichamcook/video/7585636530710924564?lang=en,Hichem Cook
7599466906991313686,tiktok,zinedine keri,Pharmacien,2026-01-28T13:50:23.967603,0,7585636530710924564,https://www.tiktok.com/@hichamcook/video/7585636530710924564?lang=en,Hichem Cook
7597139700998849302,tiktok,هدفي رضاك ربي🇩🇿,كي تنحلي معدنوس وقارص شحال تجني سومة 😁,2026-01-28T13:50:23.967607,0,7585636530710924564,https://www.tiktok.com/@hichamcook/video/7585636530710924564?lang=en,Hichem Cook
7597539966569071363,tiktok,👑✨KING WAR✨👑,تقدر تزيدهاوفي صحتك,2026-01-28T13:50:23.967609,0,7585636530710924564,https://www.tiktok.com/@hichamcook/video/7585636530710924564?lang=en,Hichem Cook
7596640236380422935,tiktok,Dani,شحال بلا رشة تاع معدنوس وبلا القرص ؟؟؟,2026-01-28T13:50:23.967611,0,7585636530710924564,https://www.tiktok.com/@hichamcook/video/7585636530710924564?lang=en,Hichem Cook
7597111903492375316,tiktok,نموت علا ميمتي,قلت بلاك 200 الف,2026-01-28T13:50:23.967613,0,7585636530710924564,https://www.tiktok.com/@hichamcook/video/7585636530710924564?lang=en,Hichem Cook
7598623121155621652,tiktok,mekkaoui fethi,ههههه,2026-01-28T13:50:23.967615,0,7585636530710924564,https://www.tiktok.com/@hichamcook/video/7585636530710924564?lang=en,Hichem Cook
7597513133155320599,tiktok,Red,"excuse moi frérot, 7000da ??? je pense c'est abusé vraiment...",2026-01-28T13:50:23.967617,0,7585636530710924564,https://www.tiktok.com/@hichamcook/video/7585636530710924564?lang=en,Hichem Cook
7599804774574539528,tiktok,ÄSsæM ❤️💪🏿,سبعميا تحسب رانا نخلصو خمسين مليون لشهر,2026-01-28T13:50:23.967619,0,7585636530710924564,https://www.tiktok.com/@hichamcook/video/7585636530710924564?lang=en,Hichem Cook
7597886069317862161,tiktok,alg 16,chaba chef collection 😅,2026-01-28T13:50:23.967620,0,7585636530710924564,https://www.tiktok.com/@hichamcook/video/7585636530710924564?lang=en,Hichem Cook
7598701126536889104,tiktok,ibra him,790 تع الميكس ولا 50٪ من اسهم تيسلا,2026-01-28T13:50:23.967623,0,7585636530710924564,https://www.tiktok.com/@hichamcook/video/7585636530710924564?lang=en,Hichem Cook
7596661568457310977,tiktok,Ãdlén Ãlôui,7900 ? srx,2026-01-28T13:50:23.967625,0,7585636530710924564,https://www.tiktok.com/@hichamcook/video/7585636530710924564?lang=en,Hichem Cook
7599385941389001493,tiktok,محمد البوشي,المعدنوس و القارص شحال يستقامولي,2026-01-28T13:50:23.967626,0,7585636530710924564,https://www.tiktok.com/@hichamcook/video/7585636530710924564?lang=en,Hichem Cook
7599795596376179477,tiktok,Joou Keer,بلا رشة نتاع معدنوش اشحال تنقام,2026-01-28T13:50:23.967628,0,7585636530710924564,https://www.tiktok.com/@hichamcook/video/7585636530710924564?lang=en,Hichem Cook
7597920282221953799,tiktok,Redone Orange,وبلا معدنوس شحال تسقام,2026-01-28T13:50:24.906930,0,7585636530710924564,https://www.tiktok.com/@hichamcook/video/7585636530710924564?lang=en,Hichem Cook
7597890193903731464,tiktok,👑ÖÛSsÀMÂ👑2️⃣7️⃣MösTa🤍💚,الليمون وحده شعر اذا ممكن😂😂😂,2026-01-28T13:50:24.906941,0,7585636530710924564,https://www.tiktok.com/@hichamcook/video/7585636530710924564?lang=en,Hichem Cook
7597099713004290836,tiktok,#_____Él Báśť___#,نشري جدي ب 750,2026-01-28T13:50:24.906944,0,7585636530710924564,https://www.tiktok.com/@hichamcook/video/7585636530710924564?lang=en,Hichem Cook
7599455420742501142,tiktok,Mohamed AIT AISSA,et le doigt c'est avec ou sans les gants?,2026-01-28T13:50:24.906946,0,7585636530710924564,https://www.tiktok.com/@hichamcook/video/7585636530710924564?lang=en,Hichem Cook
7599026535841055506,tiktok,✖️ AniX ✖️,نشم ريحة برك بشحال ؟,2026-01-28T13:50:24.906949,0,7585636530710924564,https://www.tiktok.com/@hichamcook/video/7585636530710924564?lang=en,Hichem Cook
7595185057544176405,tiktok,abdou abdou,طيحة تاع عبدو داخلة فالحساب 🤣,2026-01-28T13:50:24.906951,1,7585636530710924564,https://www.tiktok.com/@hichamcook/video/7585636530710924564?lang=en,Hichem Cook
7586404669024191252,tiktok,Meriem,يحيا دياغوستو ماللخر ....,2026-01-28T13:50:24.906953,2,7585636530710924564,https://www.tiktok.com/@hichamcook/video/7585636530710924564?lang=en,Hichem Cook
7586067494084838165,tiktok,Djamiladjamila,ياودي مكاش كما عبدو تحيا هو 😁😁,2026-01-28T13:50:24.906955,2,7585636530710924564,https://www.tiktok.com/@hichamcook/video/7585636530710924564?lang=en,Hichem Cook
7585643149603832596,tiktok,عبد الرحيم,بلا رشة تع معدنوس شحال خويا هشام ؟,2026-01-28T13:50:24.906956,2,7585636530710924564,https://www.tiktok.com/@hichamcook/video/7585636530710924564?lang=en,Hichem Cook
7585724413607232272,tiktok,zohir bo,7900da نروح ناكل عند عبدو,2026-01-28T13:50:24.906958,4,7585636530710924564,https://www.tiktok.com/@hichamcook/video/7585636530710924564?lang=en,Hichem Cook
7586106624332841750,tiktok,Ibrahim Marseille,تحيا عبدو ❤️مزهينا غير بالبڨري و غنمي❤️,2026-01-28T13:50:24.906960,4,7585636530710924564,https://www.tiktok.com/@hichamcook/video/7585636530710924564?lang=en,Hichem Cook
7585712972817220372,tiktok,Abdou Blanc blanc 16,تحياتي خونا عبدوا رقم 1 @Abdo diagusto,2026-01-28T13:50:24.906962,1,7585636530710924564,https://www.tiktok.com/@hichamcook/video/7585636530710924564?lang=en,Hichem Cook
7585703735193223954,tiktok,Amine,يحيا عبدو خونا @Abdo diagusto,2026-01-28T13:50:24.906964,1,7585636530710924564,https://www.tiktok.com/@hichamcook/video/7585636530710924564?lang=en,Hichem Cook
7585693032188560135,tiktok,Miro Loukas,😂😂😂,2026-01-28T13:50:24.906967,1,7585636530710924564,https://www.tiktok.com/@hichamcook/video/7585636530710924564?lang=en,Hichem Cook
7599817847430316821,tiktok,Mohamed85,🥰🥰🥰,2026-01-28T13:50:24.906969,0,7585636530710924564,https://www.tiktok.com/@hichamcook/video/7585636530710924564?lang=en,Hichem Cook
7599203239757824775,tiktok,Monier,😳😳😳,2026-01-28T13:50:24.906970,0,7585636530710924564,https://www.tiktok.com/@hichamcook/video/7585636530710924564?lang=en,Hichem Cook
7598350338450375445,tiktok,Le Roi 21,790 نعرض 4 صحابي عند @شواي سطايفي(الجمهورية ),2026-01-28T13:50:24.906972,0,7585636530710924564,https://www.tiktok.com/@hichamcook/video/7585636530710924564?lang=en,Hichem Cook
7597539059741262599,tiktok,Wolf-Lost777,😂😂😂,2026-01-28T13:50:24.906974,0,7585636530710924564,https://www.tiktok.com/@hichamcook/video/7585636530710924564?lang=en,Hichem Cook
7597528189807969046,tiktok,Mechoui_traditionnel,😁😁😁,2026-01-28T13:50:26.031507,0,7585636530710924564,https://www.tiktok.com/@hichamcook/video/7585636530710924564?lang=en,Hichem Cook
7597106084143137543,tiktok,🇩🇿🇩🇿🇺🇸izak🇺🇸🇸🇯🇭🇰,🤣🤣🤣🤣🤣🤣,2026-01-28T13:50:26.031517,0,7585636530710924564,https://www.tiktok.com/@hichamcook/video/7585636530710924564?lang=en,Hichem Cook
7596017830349538069,tiktok,ZERO,🥰🥰🥰,2026-01-28T13:50:26.031520,0,7585636530710924564,https://www.tiktok.com/@hichamcook/video/7585636530710924564?lang=en,Hichem Cook
7595955338399204103,tiktok,Amin Tgv❤️,🥰🥰🥰,2026-01-28T13:50:26.031521,0,7585636530710924564,https://www.tiktok.com/@hichamcook/video/7585636530710924564?lang=en,Hichem Cook
7595950919096566536,tiktok,Merwan Benz,😂😂😂😂😂,2026-01-28T13:50:26.031523,0,7585636530710924564,https://www.tiktok.com/@hichamcook/video/7585636530710924564?lang=en,Hichem Cook
7594877527613932295,tiktok,aminou 15/06,🌹🌹🌹,2026-01-28T13:50:26.031525,0,7585636530710924564,https://www.tiktok.com/@hichamcook/video/7585636530710924564?lang=en,Hichem Cook
7594503493773706002,tiktok,mahdi 09,🥰🥰🥰,2026-01-28T13:50:26.031528,0,7585636530710924564,https://www.tiktok.com/@hichamcook/video/7585636530710924564?lang=en,Hichem Cook
7594425193344254737,tiktok,Monir Chtouf,😂😂😂,2026-01-28T13:50:26.031529,0,7585636530710924564,https://www.tiktok.com/@hichamcook/video/7585636530710924564?lang=en,Hichem Cook
7594245960827388680,tiktok,Mohamed mohamed,🤣🤣🤣,2026-01-28T13:50:26.031531,0,7585636530710924564,https://www.tiktok.com/@hichamcook/video/7585636530710924564?lang=en,Hichem Cook
7594174880481297182,tiktok,saiyco_p,😂😂😂,2026-01-28T13:50:26.031532,0,7585636530710924564,https://www.tiktok.com/@hichamcook/video/7585636530710924564?lang=en,Hichem Cook
7593561885921051412,tiktok,moh amed,😂😂😂😂😂😂,2026-01-28T13:50:26.031534,0,7585636530710924564,https://www.tiktok.com/@hichamcook/video/7585636530710924564?lang=en,Hichem Cook
7593052620258329351,tiktok,Roumane Camil,🥰,2026-01-28T13:50:26.031536,0,7585636530710924564,https://www.tiktok.com/@hichamcook/video/7585636530710924564?lang=en,Hichem Cook
7593046147998237462,tiktok,kakine,👍👍👍👑,2026-01-28T13:50:26.031537,0,7585636530710924564,https://www.tiktok.com/@hichamcook/video/7585636530710924564?lang=en,Hichem Cook
7591988291790275350,tiktok,lafsboy,😂🤣😂🤣,2026-01-28T13:50:26.031539,0,7585636530710924564,https://www.tiktok.com/@hichamcook/video/7585636530710924564?lang=en,Hichem Cook
7591932856889688840,tiktok,Moad Moad,🥰🥰🥰🥰🥰🥰🥰,2026-01-28T13:50:26.031540,0,7585636530710924564,https://www.tiktok.com/@hichamcook/video/7585636530710924564?lang=en,Hichem Cook
7591568556640305942,tiktok,terminator_dd,🤔😂😂😂😂😂😂😂😂😂😂😂😂😂😂😂😂😂😂😂🏥,2026-01-28T13:50:26.031542,0,7585636530710924564,https://www.tiktok.com/@hichamcook/video/7585636530710924564?lang=en,Hichem Cook
7591384101849219847,tiktok,𝓡𝔂𝓶𝓪----🎀🥊🫀,💕,2026-01-28T13:50:26.031544,0,7585636530710924564,https://www.tiktok.com/@hichamcook/video/7585636530710924564?lang=en,Hichem Cook
7590468882068341520,tiktok,Helen Gurman,🤣🤣🤣,2026-01-28T13:50:26.031545,0,7585636530710924564,https://www.tiktok.com/@hichamcook/video/7585636530710924564?lang=en,Hichem Cook
7590154605029245703,tiktok,سمير,😂😂😂😂😂,2026-01-28T13:50:26.031547,0,7585636530710924564,https://www.tiktok.com/@hichamcook/video/7585636530710924564?lang=en,Hichem Cook
7599575206831112982,tiktok,Efron,"machallah ! on est dans un restaurant pas dans une mosquée !! dans le commerce il y a toujours un peu d'arnaque . une entrée,plat et dessert pas plus de 1200 dr . pour quatres personne vous n'allez pas tout manger et payer très cher on mange avec le ventre pas avec les yeux .",2026-01-28T13:50:26.031548,0,7585636530710924564,https://www.tiktok.com/@hichamcook/video/7585636530710924564?lang=en,Hichem Cook
7599429338689880854,tiktok,Mi Cruz biche Juju,L’importe quoi vien a tizi ouzou la même je tu donne même la place apres slimane y’a un bon restaurant la bas j’ai mangé la même 🥰🥰 prix 3900 da,2026-01-28T13:50:26.312838,0,7585636530710924564,https://www.tiktok.com/@hichamcook/video/7585636530710924564?lang=en,Hichem Cook
7592384179641795350,tiktok,nord42000,"C’est quoi ce colesterol, il n’y a pas de plats gastronomiques et sain?",2026-01-28T13:50:26.312855,0,7585636530710924564,https://www.tiktok.com/@hichamcook/video/7585636530710924564?lang=en,Hichem Cook
7585650629659706134,tiktok,🇩🇿mimou.blak🇪🇦@,790 الف لي هي 30 اورو علبالك 30 اورو هنا تاكل وتوكل في بلجيكا,2026-01-28T13:50:27.059277,7,7585636530710924564,https://www.tiktok.com/@hichamcook/video/7585636530710924564?lang=en,Hichem Cook
7585665278525063958,tiktok,DZkabyle,j'ai envie de dire des gros mots,2026-01-28T13:50:27.059285,8,7585636530710924564,https://www.tiktok.com/@hichamcook/video/7585636530710924564?lang=en,Hichem Cook
7585638209046201108,tiktok,omar.cha3bi,ضربك بالواعرة خونا عبدو,2026-01-28T13:50:27.059287,49,7585636530710924564,https://www.tiktok.com/@hichamcook/video/7585636530710924564?lang=en,Hichem Cook
7585727542218654484,tiktok,ramzi,سيترون يتكل مع الحوت مشي اللحم,2026-01-28T13:50:27.059289,1,7585636530710924564,https://www.tiktok.com/@hichamcook/video/7585636530710924564?lang=en,Hichem Cook
7600384157609493269,tiktok,Djoud Irsane,ايه المعدنوس غالي,2026-01-28T13:50:27.059291,0,7585636530710924564,https://www.tiktok.com/@hichamcook/video/7585636530710924564?lang=en,Hichem Cook
7586313327377662728,tiktok,Om Awladi,مرة كسكروت فريت اوملات شريتو مخدوم بعد السكالوب المشوي بقات فيه طعمة الشوا تهبل بغيت الصحن كي يفرغ ناكل فيه ههههه,2026-01-28T13:50:27.059292,2,7585636530710924564,https://www.tiktok.com/@hichamcook/video/7585636530710924564?lang=en,Hichem Cook
7585946113279066881,tiktok,❤️‍🔥Akram 🖤,في متناول كريستيانو رونالدو😂,2026-01-28T13:50:27.059294,2,7585636530710924564,https://www.tiktok.com/@hichamcook/video/7585636530710924564?lang=en,Hichem Cook
7585936258557526806,tiktok,♡Ⓕⓐⓡⓢ♡,شحال تسقاملي العضة🙂,2026-01-28T13:50:27.059296,2,7585636530710924564,https://www.tiktok.com/@hichamcook/video/7585636530710924564?lang=en,Hichem Cook
7585661091491021575,tiktok,ٍ,مليون غير ميتين🤔,2026-01-28T13:50:27.059297,2,7585636530710924564,https://www.tiktok.com/@hichamcook/video/7585636530710924564?lang=en,Hichem Cook
7585652020511130390,tiktok,dahmani elhadj🇩🇿🔋🇵🇸❤️,790 نشري خروف ونطيب ب عقل 😅@Hicham 🥷🏻,2026-01-28T13:50:27.059299,2,7585636530710924564,https://www.tiktok.com/@hichamcook/video/7585636530710924564?lang=en,Hichem Cook
7591472369811211030,tiktok,WAHID🇸🇦الجزائر السعودية🇩🇿,رشة معدنوس ب خمسين الف🤣 نص حبة قارص ب خمسين الف🤣 مغرف صوص ميات الف 🤣 كويس ب ميات الف 🤣,2026-01-28T13:50:27.059301,1,7585636530710924564,https://www.tiktok.com/@hichamcook/video/7585636530710924564?lang=en,Hichem Cook
7588625202611864342,tiktok,🎹didine music🎹,الخبز ب 300 الف😁😁😁,2026-01-28T13:50:27.059302,1,7585636530710924564,https://www.tiktok.com/@hichamcook/video/7585636530710924564?lang=en,Hichem Cook
7586009323315790600,tiktok,Joujou Lara,790 حشمت تقول 800😂,2026-01-28T13:50:27.059304,1,7585636530710924564,https://www.tiktok.com/@hichamcook/video/7585636530710924564?lang=en,Hichem Cook
7585968060940813078,tiktok,tt,Krahnek,2026-01-28T13:50:27.059305,1,7585636530710924564,https://www.tiktok.com/@hichamcook/video/7585636530710924564?lang=en,Hichem Cook
7585883542162424584,tiktok,Nadjmo Bsr.,عبدو مسكين,2026-01-28T13:50:27.059307,1,7585636530710924564,https://www.tiktok.com/@hichamcook/video/7585636530710924564?lang=en,Hichem Cook
7585850121192850193,tiktok,généاis,شحال يبيع غالي 😳 على الاقل 550 بزيادة,2026-01-28T13:50:27.059308,1,7585636530710924564,https://www.tiktok.com/@hichamcook/video/7585636530710924564?lang=en,Hichem Cook
7585754631692124941,tiktok,shaellan Animations,8000 بلا معمر دجاج 😂😂😂,2026-01-28T13:50:27.059309,1,7585636530710924564,https://www.tiktok.com/@hichamcook/video/7585636530710924564?lang=en,Hichem Cook
7585737205354021648,tiktok,BIRD CASPER,عندك الحق لاصوص لي غالية 😂😂😂,2026-01-28T13:50:27.059311,1,7585636530710924564,https://www.tiktok.com/@hichamcook/video/7585636530710924564?lang=en,Hichem Cook
7585656542054417174,tiktok,Pascal,790 ناكل الزماح نتاع chara pova,2026-01-28T13:50:27.059312,1,7585636530710924564,https://www.tiktok.com/@hichamcook/video/7585636530710924564?lang=en,Hichem Cook
7600218414783136532,tiktok,الوحيد السعيد,790 هي 800 زعما عشرة لاف واش فرقت,2026-01-28T13:50:27.059314,0,7585636530710924564,https://www.tiktok.com/@hichamcook/video/7585636530710924564?lang=en,Hichem Cook
7591753736462533398,tiktok,Salah Yahiaoui,Meqnou33,2026-01-28T13:50:27.334113,0,7585636530710924564,https://www.tiktok.com/@hichamcook/video/7585636530710924564?lang=en,Hichem Cook
7600144949983773447,tiktok,Saidos Ganars,بشوييييية صوص..لالا هذيك هي,2026-01-28T13:50:28.048001,0,7585636530710924564,https://www.tiktok.com/@hichamcook/video/7585636530710924564?lang=en,Hichem Cook
7599991255867130646,tiktok,Ayoub Kahoul,طايحة ب700 كون درتها 2ملاين خير,2026-01-28T13:50:28.048010,0,7585636530710924564,https://www.tiktok.com/@hichamcook/video/7585636530710924564?lang=en,Hichem Cook
7599769899200906005,tiktok,youcefsebaa991,مغلي,2026-01-28T13:50:28.048012,0,7585636530710924564,https://www.tiktok.com/@hichamcook/video/7585636530710924564?lang=en,Hichem Cook
7599616821029552904,tiktok,عبدالرحمن المرشد,هههههه قاليو ملي طحت ماذتش نضت قسفو ديراكت شيكور💪,2026-01-28T13:50:28.048015,0,7585636530710924564,https://www.tiktok.com/@hichamcook/video/7585636530710924564?lang=en,Hichem Cook
7598994318490174230,tiktok,ziad☆$,السر كامل راه فرشة المعدنوس 👌🙂,2026-01-28T13:50:28.048016,0,7585636530710924564,https://www.tiktok.com/@hichamcook/video/7585636530710924564?lang=en,Hichem Cook
7598875325716218631,tiktok,R.R,😂😂😂😂 مالقيت مانقول 😷,2026-01-28T13:50:28.048018,0,7585636530710924564,https://www.tiktok.com/@hichamcook/video/7585636530710924564?lang=en,Hichem Cook
7598726738412159745,tiktok,Louai Souaci,مفهمتش علاه نحيت عشرلاف ديرها 800 وصاي,2026-01-28T13:50:28.048020,0,7585636530710924564,https://www.tiktok.com/@hichamcook/video/7585636530710924564?lang=en,Hichem Cook
7598618138732659477,tiktok,Ba Dis,ناس. كصكروط. حمص. عادت ديرلو الف حساب وسي خونا. قالو. 790 الف. الواحد المليون. او. عاد يحرث عليه سمانة. باه يجيبو.,2026-01-28T13:50:28.048022,0,7585636530710924564,https://www.tiktok.com/@hichamcook/video/7585636530710924564?lang=en,Hichem Cook
7598574358906651399,tiktok,أبــــو آدم,790 ناكل بها الكويس تاع كارولين😂,2026-01-28T13:50:28.048024,0,7585636530710924564,https://www.tiktok.com/@hichamcook/video/7585636530710924564?lang=en,Hichem Cook
7598552366539965191,tiktok,Marwan Madrid Ghomar,لي فيديو لي يخرجولك كي تكون جيعان و صبحة رمضان 😂😂,2026-01-28T13:50:28.048025,0,7585636530710924564,https://www.tiktok.com/@hichamcook/video/7585636530710924564?lang=en,Hichem Cook
7598301553871897351,tiktok,ab dec,زيد قول 790الف باسم الله ما شاء الله,2026-01-28T13:50:28.048027,0,7585636530710924564,https://www.tiktok.com/@hichamcook/video/7585636530710924564?lang=en,Hichem Cook
7598250741455651591,tiktok,Kb09,تيا عبدو,2026-01-28T13:50:28.048029,0,7585636530710924564,https://www.tiktok.com/@hichamcook/video/7585636530710924564?lang=en,Hichem Cook
7598230991773696775,tiktok,Nasro,يبكي لكومبر يبكي,2026-01-28T13:50:28.048030,0,7585636530710924564,https://www.tiktok.com/@hichamcook/video/7585636530710924564?lang=en,Hichem Cook
7598188974310327048,tiktok,♕لا معــــبود بحـق إلا اللــه♕,المعندنوس راه غالي بزااف 😏,2026-01-28T13:50:28.048032,0,7585636530710924564,https://www.tiktok.com/@hichamcook/video/7585636530710924564?lang=en,Hichem Cook
7597982872977736468,tiktok,الفخامة تتحدت أمين دولف,وكون تڤلع برومسيو شحال انا خطرا كنت فايت عليك كنت جيعان تفكرت لبري توعك شبع سيمانة وانا شبعان,2026-01-28T13:50:28.048034,0,7585636530710924564,https://www.tiktok.com/@hichamcook/video/7585636530710924564?lang=en,Hichem Cook
7597889481782182677,tiktok,s.m,راك ديت 500تلف فايدة قليلة ههههه,2026-01-28T13:50:28.048036,0,7585636530710924564,https://www.tiktok.com/@hichamcook/video/7585636530710924564?lang=en,Hichem Cook
7597885434224657169,tiktok,i. s. y. k. s. b. h. isl,عبدو يكتر معدنوس,2026-01-28T13:50:28.048037,0,7585636530710924564,https://www.tiktok.com/@hichamcook/video/7585636530710924564?lang=en,Hichem Cook
7597881519252243220,tiktok,بوشي سلسبيل🔪🥩🥩,2أنتركوت100+طرنش سكلوب20+لكوت70+مرصو خروف100+كويس50+200زياد من عندي=540برك علاش 790هههه,2026-01-28T13:50:28.412135,0,7585636530710924564,https://www.tiktok.com/@hichamcook/video/7585636530710924564?lang=en,Hichem Cook
7597866390833595144,tiktok,Chérifi Oussama Nsrou,حبيت تقول 790 ألف ناكل بيها هذا البلى من نهار ليوم لنهار الأربعاء مليحة,2026-01-28T13:50:28.412146,0,7585636530710924564,https://www.tiktok.com/@hichamcook/video/7585636530710924564?lang=en,Hichem Cook
7597865575171343125,tiktok,Àdeĺ La Vida Belhaddad live 😉,صح منيتك,2026-01-28T13:50:29.255271,0,7585636530710924564,https://www.tiktok.com/@hichamcook/video/7585636530710924564?lang=en,Hichem Cook
7597323804607726358,tiktok,El Mouh 🇩🇿🫶🏻🇪🇸,بلا رشا تا معدنوس شحال تحسبلي 😂😂,2026-01-28T13:50:29.255286,0,7585636530710924564,https://www.tiktok.com/@hichamcook/video/7585636530710924564?lang=en,Hichem Cook
7597206644347962130,tiktok,GB décoration,والله حاجا كان يقولهالي بابا من بكري الله يكثر طنوحا باه يعيشوا الفيقييين 7500دج كلوا لحم 5 كيلوا دجاج مرڨاز فواكه ڨازوز ......الخ خرجا مع العائلة لشريعة جوز نهار هااااايل,2026-01-28T13:50:29.255289,0,7585636530710924564,https://www.tiktok.com/@hichamcook/video/7585636530710924564?lang=en,Hichem Cook
7597095586181432072,tiktok,traxking0,7900ندخل شريك مع تاع الجنحين 😂,2026-01-28T13:50:29.255290,0,7585636530710924564,https://www.tiktok.com/@hichamcook/video/7585636530710924564?lang=en,Hichem Cook
7597093692387099399,tiktok,Moumou.treize,غالية 7000,2026-01-28T13:50:29.255292,0,7585636530710924564,https://www.tiktok.com/@hichamcook/video/7585636530710924564?lang=en,Hichem Cook
7596725722800096017,tiktok,adellacibel,800الف ولات تراب😳,2026-01-28T13:50:29.255298,0,7585636530710924564,https://www.tiktok.com/@hichamcook/video/7585636530710924564?lang=en,Hichem Cook
7596018532312744722,tiktok,hima,يهري....باطل خو الرخا يدهش مي حبيت بلا كومومبير بشحال تحسب,2026-01-28T13:50:29.255304,0,7585636530710924564,https://www.tiktok.com/@hichamcook/video/7585636530710924564?lang=en,Hichem Cook
7595651649054737174,tiktok,Hicham 🇩🇿🇩🇿,790الف يفرشولك الطابي لحمر عند البواشا تاع مقطع خيرة ههههه,2026-01-28T13:50:29.255306,0,7585636530710924564,https://www.tiktok.com/@hichamcook/video/7585636530710924564?lang=en,Hichem Cook
7594726239877923606,tiktok,Abdel504CC,qui va manger tout ça un bataillon 😂😂😂😂 c'est pour un mariage,2026-01-28T13:50:29.255307,0,7585636530710924564,https://www.tiktok.com/@hichamcook/video/7585636530710924564?lang=en,Hichem Cook
7594145882808222466,tiktok,Krm,Colesterole directe,2026-01-28T13:50:29.255309,0,7585636530710924564,https://www.tiktok.com/@hichamcook/video/7585636530710924564?lang=en,Hichem Cook
7593705817522782998,tiktok,brahimcherief,Wallace c'est tout le monde comme moi tu va fermer les port là honte en plus jusqu'à mercredi donc après mercredi un million 😂😂😂😂😂😂😂😂😂😂,2026-01-28T13:50:29.255311,0,7585636530710924564,https://www.tiktok.com/@hichamcook/video/7585636530710924564?lang=en,Hichem Cook
7593503793231037207,tiktok,Omar OmarTr,هههههه😂😂😂😂😂 انت تبيع جملة,2026-01-28T13:50:29.255312,0,7585636530710924564,https://www.tiktok.com/@hichamcook/video/7585636530710924564?lang=en,Hichem Cook
7593185908825703190,tiktok,hich,تعرف تفرق بين ستاك و وأونتر كوت ؟,2026-01-28T13:50:29.255314,0,7585636530710924564,https://www.tiktok.com/@hichamcook/video/7585636530710924564?lang=en,Hichem Cook
7593159548912419606,tiktok,لي راح برضايتو خلاصة حكايتو.🫶,سمحلي والله متلحق عادل فوررر عليك,2026-01-28T13:50:29.255315,0,7585636530710924564,https://www.tiktok.com/@hichamcook/video/7585636530710924564?lang=en,Hichem Cook
7592257515141284630,tiktok,🐯الحاج El Hadj🦁,راك منيتك الروجي,2026-01-28T13:50:29.255316,0,7585636530710924564,https://www.tiktok.com/@hichamcook/video/7585636530710924564?lang=en,Hichem Cook
7591818902075212566,tiktok,matriochka,formile😏,2026-01-28T13:50:29.255317,0,7585636530710924564,https://www.tiktok.com/@hichamcook/video/7585636530710924564?lang=en,Hichem Cook
7591642708327662358,tiktok,sofianedouidi,welah c devient lourd avec ces deux hommes,2026-01-28T13:50:29.255319,0,7585636530710924564,https://www.tiktok.com/@hichamcook/video/7585636530710924564?lang=en,Hichem Cook
7587526284148261640,tiktok,Alyssar 🌻🌻🌻,روح روح😂😂😂😂,2026-01-28T13:50:29.255320,0,7585636530710924564,https://www.tiktok.com/@hichamcook/video/7585636530710924564?lang=en,Hichem Cook
7586480193406272312,tiktok,diva♥️la diva🌹,من جهة النظافة هشام كوك الصراحة,2026-01-28T13:50:29.816509,0,7585636530710924564,https://www.tiktok.com/@hichamcook/video/7585636530710924564?lang=en,Hichem Cook
7586018711624712982,tiktok,Z@kiBenz,790 نالف نشري خروف 🐏حي,2026-01-28T13:50:30.697312,0,7585636530710924564,https://www.tiktok.com/@hichamcook/video/7585636530710924564?lang=en,Hichem Cook
7585710789273584406,tiktok,Renard DZ🇩🇿,ههههه اذا سمعت باسم الله ماشاء الله باين الفيلم 😂😂😂😂😂😂😂,2026-01-28T13:50:30.697320,0,7585636530710924564,https://www.tiktok.com/@hichamcook/video/7585636530710924564?lang=en,Hichem Cook
7585698329423708950,tiktok,Soufyane,في فرنسا ومديرش هاد السومة,2026-01-28T13:50:30.697322,0,7585636530710924564,https://www.tiktok.com/@hichamcook/video/7585636530710924564?lang=en,Hichem Cook
7598956665258640145,tiktok,Diii Do,والله عظيم ياااخوتي غي حسبت 190 الف حتى دخلت نقرى لكمنتار شفت وحيد كاتبين هدي هيا سومتو وماكلة نقية ايا قلت رخيص بصح مكاش دراهم ياا ربك حتى سمعت 790 الف,2026-01-28T13:50:30.697324,1,7585636530710924564,https://www.tiktok.com/@hichamcook/video/7585636530710924564?lang=en,Hichem Cook
7585644496512484118,tiktok,الأناقة للأقمصة و العطور,عبدو اخطيك هاذا سموه هشام 😅,2026-01-28T13:50:30.697326,1,7585636530710924564,https://www.tiktok.com/@hichamcook/video/7585636530710924564?lang=en,Hichem Cook
7587012233037906695,tiktok,Mazigh Graziano,prix ta3 golf 6,2026-01-28T13:50:43.260699,672,7586765605886332180,https://www.tiktok.com/@hichamcook/video/7586765605886332180?lang=en,Hichem Cook
7587102439712539399,tiktok,larbi ismail,نبيع ذهب و نجي,2026-01-28T13:50:43.260706,443,7586765605886332180,https://www.tiktok.com/@hichamcook/video/7586765605886332180?lang=en,Hichem Cook
7600363213239042824,tiktok,*・〇ＵＳ・*,ولله خوتي ننصحكم تروحو تجربو عندو الماكله ❤,2026-01-28T13:50:43.260708,0,7586765605886332180,https://www.tiktok.com/@hichamcook/video/7586765605886332180?lang=en,Hichem Cook
7587481874537759496,tiktok,وردة الجوري,مانحبش زيت زيتون في ماكلا,2026-01-28T13:50:43.260710,137,7586765605886332180,https://www.tiktok.com/@hichamcook/video/7586765605886332180?lang=en,Hichem Cook
7587121587473416981,tiktok,Yasmine 🩵💜,درتها قبيل هههه,2026-01-28T13:50:43.260712,209,7586765605886332180,https://www.tiktok.com/@hichamcook/video/7586765605886332180?lang=en,Hichem Cook
7598174736220881672,tiktok,Moussa GTD,مشاء الله تاكل وتستمتع 🥰,2026-01-28T13:50:43.260714,0,7586765605886332180,https://www.tiktok.com/@hichamcook/video/7586765605886332180?lang=en,Hichem Cook
7588722697041150721,tiktok,Mido 213⚡️,الفيديو خرجلى على 3نتاع ايل 🥺,2026-01-28T13:50:43.260715,1,7586765605886332180,https://www.tiktok.com/@hichamcook/video/7586765605886332180?lang=en,Hichem Cook
7587220359838286600,tiktok,abdousalmi121,خونا نقدر نفرغ لابيسين ونطيب فيها ؟,2026-01-28T13:50:43.260716,105,7586765605886332180,https://www.tiktok.com/@hichamcook/video/7586765605886332180?lang=en,Hichem Cook
7586772780021433096,tiktok,adel44490,بصح غاليا😂,2026-01-28T13:50:43.260718,10,7586765605886332180,https://www.tiktok.com/@hichamcook/video/7586765605886332180?lang=en,Hichem Cook
7589397598151508792,tiktok,walid Dahane 🇩🇿🇩🇿🇩🇿,مزال مدخلتش فا راسي زيت زيتون فا طياب,2026-01-28T13:50:43.260719,10,7586765605886332180,https://www.tiktok.com/@hichamcook/video/7586765605886332180?lang=en,Hichem Cook
7587169256719778583,tiktok,MISS AMINA 👑,كانت معمرة ماء مع الاول,2026-01-28T13:50:43.260721,5,7586765605886332180,https://www.tiktok.com/@hichamcook/video/7586765605886332180?lang=en,Hichem Cook
7593009601801831188,tiktok,akram bou,إنسان هذا نشوفوو والله العظيم نرتاح نفسيا مربي الله يبارك ربي يحفظك هشام أمنيتي ناكل كبدة مشرملة عندك🥰🥰🥰,2026-01-28T13:50:43.260722,4,7586765605886332180,https://www.tiktok.com/@hichamcook/video/7586765605886332180?lang=en,Hichem Cook
7596080289445708562,tiktok,HASNA ALJMAl,يا خويا عرضني عندك كاش نهار برد قلبي 😂😂😂,2026-01-28T13:50:43.260729,2,7586765605886332180,https://www.tiktok.com/@hichamcook/video/7586765605886332180?lang=en,Hichem Cook
7588214819539387154,tiktok,Meriem,بلا زيت زيتون تجي تهبل الله يرزق كل محروم,2026-01-28T13:50:43.260731,30,7586765605886332180,https://www.tiktok.com/@hichamcook/video/7586765605886332180?lang=en,Hichem Cook
7591410797919437576,tiktok,Biba talks,أبتليت بحب هذا الطبق 🥺,2026-01-28T13:50:43.260732,0,7586765605886332180,https://www.tiktok.com/@hichamcook/video/7586765605886332180?lang=en,Hichem Cook
7587162944455869206,tiktok,💜 1PxZ3EM ⚡️,شهيتنا الله يغفرلك خخخ,2026-01-28T13:50:43.260733,0,7586765605886332180,https://www.tiktok.com/@hichamcook/video/7586765605886332180?lang=en,Hichem Cook
7588179165061546774,tiktok,Kamikamille,كبدة تاع جاج ولا تاع العلوش,2026-01-28T13:50:43.260734,0,7586765605886332180,https://www.tiktok.com/@hichamcook/video/7586765605886332180?lang=en,Hichem Cook
7588258974610490129,tiktok,siham,ديرلنا صوص مرقاز,2026-01-28T13:50:43.260736,0,7586765605886332180,https://www.tiktok.com/@hichamcook/video/7586765605886332180?lang=en,Hichem Cook
7587082561718420231,tiktok,𝐘𝐨𝐮𝐧𝐞𝐬 ⵣ,شنو هوا راس الحانوت,2026-01-28T13:50:43.260738,1,7586765605886332180,https://www.tiktok.com/@hichamcook/video/7586765605886332180?lang=en,Hichem Cook
7587967918966588180,tiktok,🦋🫀,وسعر في متناول كريستيانو 😂,2026-01-28T13:50:43.260739,0,7586765605886332180,https://www.tiktok.com/@hichamcook/video/7586765605886332180?lang=en,Hichem Cook
7588746542795293496,tiktok,Amine#31#,جعت و راهي 4 تاع صباح,2026-01-28T13:50:44.990450,0,7586765605886332180,https://www.tiktok.com/@hichamcook/video/7586765605886332180?lang=en,Hichem Cook
7588305143876551440,tiktok,أم أسيل,شهيتني في نص ليل 💔😭😭,2026-01-28T13:50:44.990464,3,7586765605886332180,https://www.tiktok.com/@hichamcook/video/7586765605886332180?lang=en,Hichem Cook
7597146484290765575,tiktok,Momo Paris,5 ملاين و 400 ههههه,2026-01-28T13:50:44.990466,0,7586765605886332180,https://www.tiktok.com/@hichamcook/video/7586765605886332180?lang=en,Hichem Cook
7598691542841983752,tiktok,XDRxDESIGN,شكون شاف بلي زيت زيتون كان قرعة تاع عزيت عافية؟,2026-01-28T13:50:44.990468,0,7586765605886332180,https://www.tiktok.com/@hichamcook/video/7586765605886332180?lang=en,Hichem Cook
7590571980668797713,tiktok,Bibobatna,بكارت الشيفاء شحال تسقام,2026-01-28T13:50:44.990470,2,7586765605886332180,https://www.tiktok.com/@hichamcook/video/7586765605886332180?lang=en,Hichem Cook
7596401109293040385,tiktok,khalil,😢,2026-01-28T13:50:44.990473,1,7586765605886332180,https://www.tiktok.com/@hichamcook/video/7586765605886332180?lang=en,Hichem Cook
7587484603783627538,tiktok,Asnoun Ayoub,prix تاع كيلاص كليو 4,2026-01-28T13:50:44.990475,0,7586765605886332180,https://www.tiktok.com/@hichamcook/video/7586765605886332180?lang=en,Hichem Cook
7591059897917424402,tiktok,h718.008,الحاجة لي عجبتني بزاف هي النظافة ، ربي يعاونك خونا هشام,2026-01-28T13:50:44.990476,0,7586765605886332180,https://www.tiktok.com/@hichamcook/video/7586765605886332180?lang=en,Hichem Cook
7587079636057064200,tiktok,Ma vie belle,انا نقليها مع ملح فلفل اسود وشوية فرينة من بعد نطيب لاصوص ونرميها نعقد شوية جي تهبل,2026-01-28T13:50:44.990478,1,7586765605886332180,https://www.tiktok.com/@hichamcook/video/7586765605886332180?lang=en,Hichem Cook
7587181727903335190,tiktok,Toufik 213,et pour le prix monsieur cousina tu la pas mentionné,2026-01-28T13:50:44.990480,1,7586765605886332180,https://www.tiktok.com/@hichamcook/video/7586765605886332180?lang=en,Hichem Cook
7590401567838241543,tiktok,hanan791,كبدة ذهب,2026-01-28T13:50:44.990482,0,7586765605886332180,https://www.tiktok.com/@hichamcook/video/7586765605886332180?lang=en,Hichem Cook
7593080943171617558,tiktok,بنت البارود 🥰❤️🥰,نقولو ثوم ولا توم 🤔🤔🤔,2026-01-28T13:50:44.990484,0,7586765605886332180,https://www.tiktok.com/@hichamcook/video/7586765605886332180?lang=en,Hichem Cook
7587621313314718486,tiktok,🖤 𝕴𝖒𝖆𝖉 𝕰𝖉𝖉𝖎𝖓𝖊 ♠️,يا شاف شوية تاعك بزاف على بزاف تاعنا😳,2026-01-28T13:50:44.990485,0,7586765605886332180,https://www.tiktok.com/@hichamcook/video/7586765605886332180?lang=en,Hichem Cook
7588690164588757816,tiktok,A,تشهيت,2026-01-28T13:50:44.990487,0,7586765605886332180,https://www.tiktok.com/@hichamcook/video/7586765605886332180?lang=en,Hichem Cook
7587521653262811911,tiktok,Âbøūbakr Elk09 🇦🇷,شحال تقعد وهيا طيب,2026-01-28T13:50:44.990489,0,7586765605886332180,https://www.tiktok.com/@hichamcook/video/7586765605886332180?lang=en,Hichem Cook
7594569869380223751,tiktok,Bõü Ssäd,🙂🙂🙂,2026-01-28T13:50:44.990491,0,7586765605886332180,https://www.tiktok.com/@hichamcook/video/7586765605886332180?lang=en,Hichem Cook
7587146632992637717,tiktok,Mr_mohamed_57,,2026-01-28T13:50:44.990493,1,7586765605886332180,https://www.tiktok.com/@hichamcook/video/7586765605886332180?lang=en,Hichem Cook
7587821759531352840,tiktok,👀,شويا 💯,2026-01-28T13:50:44.990495,0,7586765605886332180,https://www.tiktok.com/@hichamcook/video/7586765605886332180?lang=en,Hichem Cook
7587517589459780372,tiktok,Bahia Bahia,يعطيك الصحة,2026-01-28T13:50:44.990497,0,7586765605886332180,https://www.tiktok.com/@hichamcook/video/7586765605886332180?lang=en,Hichem Cook
7587592892610822928,tiktok,moi mem,شاف انا موالفة نطيبها بلاغوسات لي كنت حاطها ف اليوتوب غير بالكمون والعكري تجي تشهي بصح دك نزيد نجرب هادي👌,2026-01-28T13:50:44.990499,1,7586765605886332180,https://www.tiktok.com/@hichamcook/video/7586765605886332180?lang=en,Hichem Cook
7590884562931155729,tiktok,rahaflayane,كبدة ديالي وين تباااااأان هذي🥰,2026-01-28T13:50:45.072844,1,7586765605886332180,https://www.tiktok.com/@hichamcook/video/7586765605886332180?lang=en,Hichem Cook
7588166537744876295,tiktok,✨Vogue✨,توووووب شاف .. يعطيك الصحة...,2026-01-28T13:50:45.072852,0,7586765605886332180,https://www.tiktok.com/@hichamcook/video/7586765605886332180?lang=en,Hichem Cook
7587064032466617110,tiktok,Sabi rebai,توم وينراه,2026-01-28T13:50:45.072854,14,7586765605886332180,https://www.tiktok.com/@hichamcook/video/7586765605886332180?lang=en,Hichem Cook
7589762215953122056,tiktok,Li Lyane,پري طرونش لول تاع أديال🙂,2026-01-28T13:50:45.072856,0,7586765605886332180,https://www.tiktok.com/@hichamcook/video/7586765605886332180?lang=en,Hichem Cook
7587222141684269825,tiktok,Assala,النظافة مشاءالله✨️,2026-01-28T13:50:45.072858,4,7586765605886332180,https://www.tiktok.com/@hichamcook/video/7586765605886332180?lang=en,Hichem Cook
7589431146988618517,tiktok,Babio🐊,السعر باه منجوش,2026-01-28T13:50:45.072859,1,7586765605886332180,https://www.tiktok.com/@hichamcook/video/7586765605886332180?lang=en,Hichem Cook
7588673395312411410,tiktok,Jiline 🩷,انا كي ما تعشيتش 🙂🙂,2026-01-28T13:50:45.741487,0,7586765605886332180,https://www.tiktok.com/@hichamcook/video/7586765605886332180?lang=en,Hichem Cook
7598981708625822481,tiktok,جمال,سبحان الذي رزقه من حيث لا يحتسب، هشام نشفى نهار بدى في وكوانا في كوزينة،ويبانو غير يديه، ربي يباركلك ،وإن شاء الله تقرا الكوكونتار و تعرضني نتعشى مع ولادي،ماناش بزاف😁😁,2026-01-28T13:50:45.741498,0,7586765605886332180,https://www.tiktok.com/@hichamcook/video/7586765605886332180?lang=en,Hichem Cook
7598652006690079495,tiktok,ManaRose❤Immy❤,الكبدة مشرملة تجي درسة ثوم عكري كروية وملح وتربح بسلامة,2026-01-28T13:50:45.741500,7,7586765605886332180,https://www.tiktok.com/@hichamcook/video/7586765605886332180?lang=en,Hichem Cook
7595277391427076885,tiktok,✰ 亗 HIChAM ✿ 🖤🎼💔,,2026-01-28T13:50:45.741503,0,7586765605886332180,https://www.tiktok.com/@hichamcook/video/7586765605886332180?lang=en,Hichem Cook
7591576124581593878,tiktok,lino,machalah,2026-01-28T13:50:45.741505,0,7586765605886332180,https://www.tiktok.com/@hichamcook/video/7586765605886332180?lang=en,Hichem Cook
7586958577152983830,tiktok,Yacine Riad,متقدش درها بلا حار والله منقدله وكليت عندك مشاء الله,2026-01-28T13:50:45.741507,6,7586765605886332180,https://www.tiktok.com/@hichamcook/video/7586765605886332180?lang=en,Hichem Cook
7586986557850452744,tiktok,꧁ادهميـــــة꧂,ماشاء الله بصحة والعافية,2026-01-28T13:50:45.741509,4,7586765605886332180,https://www.tiktok.com/@hichamcook/video/7586765605886332180?lang=en,Hichem Cook
7591939494707430151,tiktok,Rokyua,بصحتك,2026-01-28T13:50:45.741513,0,7586765605886332180,https://www.tiktok.com/@hichamcook/video/7586765605886332180?lang=en,Hichem Cook
7587812127013995282,tiktok,white_1855,قلت لماما تطيبها ما بغاتش 😭,2026-01-28T13:50:45.741518,0,7586765605886332180,https://www.tiktok.com/@hichamcook/video/7586765605886332180?lang=en,Hichem Cook
7588528785868604180,tiktok,aminaaa,ما شاء الله,2026-01-28T13:50:45.741520,0,7586765605886332180,https://www.tiktok.com/@hichamcook/video/7586765605886332180?lang=en,Hichem Cook
7592241281821410104,tiktok,Inspecteur de TikTok,شهتني,2026-01-28T13:50:45.741522,0,7586765605886332180,https://www.tiktok.com/@hichamcook/video/7586765605886332180?lang=en,Hichem Cook
7587494901983920918,tiktok,ibrasi7,El 9aress 🤣🤣🤣???,2026-01-28T13:50:45.741523,0,7586765605886332180,https://www.tiktok.com/@hichamcook/video/7586765605886332180?lang=en,Hichem Cook
7587085038962639623,tiktok,jentleman67,بشحال صحن كيما هادا عندك ؟؟,2026-01-28T13:50:45.741525,0,7586765605886332180,https://www.tiktok.com/@hichamcook/video/7586765605886332180?lang=en,Hichem Cook
7586773319686554375,tiktok,Cleen player 👑,Lpri y7raaa9 😂,2026-01-28T13:50:45.741527,4,7586765605886332180,https://www.tiktok.com/@hichamcook/video/7586765605886332180?lang=en,Hichem Cook
7587033836313592583,tiktok,Ilhem Zidi187,والله غير انت vrais تعرف يطيب,2026-01-28T13:50:47.263946,1,7586765605886332180,https://www.tiktok.com/@hichamcook/video/7586765605886332180?lang=en,Hichem Cook
7586804493292716807,tiktok,selmimohamed092,عجبتني حاجة نظافة,2026-01-28T13:50:47.263956,4,7586765605886332180,https://www.tiktok.com/@hichamcook/video/7586765605886332180?lang=en,Hichem Cook
7587459505253139207,tiktok,مسمكة أوسيد الهضبة بودواو,فنان 🥰,2026-01-28T13:50:47.263960,0,7586765605886332180,https://www.tiktok.com/@hichamcook/video/7586765605886332180?lang=en,Hichem Cook
7587028939312579348,tiktok,moh,نزيدو شوية نزيدو شوية,2026-01-28T13:50:47.263962,4,7586765605886332180,https://www.tiktok.com/@hichamcook/video/7586765605886332180?lang=en,Hichem Cook
7586998021704516370,tiktok,ڨاتس,الانسان هادا خدام و راجل,2026-01-28T13:50:47.263963,1,7586765605886332180,https://www.tiktok.com/@hichamcook/video/7586765605886332180?lang=en,Hichem Cook
7587469391781495585,tiktok,Moh S Ka,,2026-01-28T13:50:47.263965,0,7586765605886332180,https://www.tiktok.com/@hichamcook/video/7586765605886332180?lang=en,Hichem Cook
7596118440085226258,tiktok,Yahia Yahiy,الله يبارك طباخ ماهر🥰,2026-01-28T13:50:47.913167,0,7586765605886332180,https://www.tiktok.com/@hichamcook/video/7586765605886332180?lang=en,Hichem Cook
7597789420839109396,tiktok,aminenaili,دكتورة فقناة البلاد قالت زيت الزيتون ميطيبش وميتقلاش,2026-01-28T13:50:47.913178,1,7586765605886332180,https://www.tiktok.com/@hichamcook/video/7586765605886332180?lang=en,Hichem Cook
7588839172669440789,tiktok,Chanaz,الله يبارك الله يبارك,2026-01-28T13:50:47.913181,0,7586765605886332180,https://www.tiktok.com/@hichamcook/video/7586765605886332180?lang=en,Hichem Cook
7587017994926539527,tiktok,خـالـد,هامما هامما 😋,2026-01-28T13:50:47.913183,1,7586765605886332180,https://www.tiktok.com/@hichamcook/video/7586765605886332180?lang=en,Hichem Cook
7587010026289251089,tiktok,⚓️yusuf.bnm⚓️,كبدة واااعرة 🥰😅,2026-01-28T13:50:47.913185,1,7586765605886332180,https://www.tiktok.com/@hichamcook/video/7586765605886332180?lang=en,Hichem Cook
7586798897612505864,tiktok,Mouna mouna,وين جاي مطعم؟,2026-01-28T13:50:47.913188,3,7586765605886332180,https://www.tiktok.com/@hichamcook/video/7586765605886332180?lang=en,Hichem Cook
7586792406805431060,tiktok,Meriem/1993,بسم الله ماشاء الله 🥰🥰,2026-01-28T13:50:47.913190,1,7586765605886332180,https://www.tiktok.com/@hichamcook/video/7586765605886332180?lang=en,Hichem Cook
7586766604621988664,tiktok,AYMANE BOUZAR,alah ybarak 😃,2026-01-28T13:50:47.913191,1,7586765605886332180,https://www.tiktok.com/@hichamcook/video/7586765605886332180?lang=en,Hichem Cook
7587590898008720150,tiktok,sab,Ça donne pas envie😳,2026-01-28T13:50:47.913193,28,7586765605886332180,https://www.tiktok.com/@hichamcook/video/7586765605886332180?lang=en,Hichem Cook
7588009619260621590,tiktok,🫧 Mina 🫧,ana ndirlha toum sinon impossible nakolha haka,2026-01-28T13:50:47.913195,3,7586765605886332180,https://www.tiktok.com/@hichamcook/video/7586765605886332180?lang=en,Hichem Cook
7598547306711253768,tiktok,rakim,ههههه,2026-01-28T13:50:47.913199,0,7586765605886332180,https://www.tiktok.com/@hichamcook/video/7586765605886332180?lang=en,Hichem Cook
7597020525774832386,tiktok,avion de chasse 94,علاه ولا يغيضني هشام بالاك كان عندو الحق ربي يجيب الحق من كل شخص ضلم الاخر، ربي يسمحلي اذا دافعت على واحد من قبل و هو ضالم,2026-01-28T13:50:47.913202,2,7586765605886332180,https://www.tiktok.com/@hichamcook/video/7586765605886332180?lang=en,Hichem Cook
7586808677547115281,tiktok,حارث 🛵 ليفريزو 🛵,لعقوبة للزوجة الثالثة ليك لجميع المسلمين 😌,2026-01-28T13:50:47.913206,4,7586765605886332180,https://www.tiktok.com/@hichamcook/video/7586765605886332180?lang=en,Hichem Cook
7588158253315605268,tiktok,batasha,يعطيك الصحة جربتها جات ولا اروع في ميزان حسناتك وصفاتك ناجحين مليون بالمئة,2026-01-28T13:50:47.913208,1,7586765605886332180,https://www.tiktok.com/@hichamcook/video/7586765605886332180?lang=en,Hichem Cook
7594992318472012564,tiktok,🤍,السر راه ف طياب,2026-01-28T13:50:49.166234,2,7586765605886332180,https://www.tiktok.com/@hichamcook/video/7586765605886332180?lang=en,Hichem Cook
7587549144920261396,tiktok,Amel abed,nbriha khdraa,2026-01-28T13:50:49.166244,3,7586765605886332180,https://www.tiktok.com/@hichamcook/video/7586765605886332180?lang=en,Hichem Cook
7586816286811013896,tiktok,مليسااا👨‍❤️‍💋‍👨,🥰🥰,2026-01-28T13:50:49.166246,3,7586765605886332180,https://www.tiktok.com/@hichamcook/video/7586765605886332180?lang=en,Hichem Cook
7586786261881881362,tiktok,Rita m'a Via,😳😳😳,2026-01-28T13:50:49.166248,2,7586765605886332180,https://www.tiktok.com/@hichamcook/video/7586765605886332180?lang=en,Hichem Cook
7586767115211571989,tiktok,Youcef Noui,👏👏👏,2026-01-28T13:50:49.166250,2,7586765605886332180,https://www.tiktok.com/@hichamcook/video/7586765605886332180?lang=en,Hichem Cook
7587036160665584392,tiktok,ismail,❤️❤️❤️,2026-01-28T13:50:49.166252,1,7586765605886332180,https://www.tiktok.com/@hichamcook/video/7586765605886332180?lang=en,Hichem Cook
7587035742587028231,tiktok,khaledkhouri3,👍👍👍,2026-01-28T13:50:49.166254,1,7586765605886332180,https://www.tiktok.com/@hichamcook/video/7586765605886332180?lang=en,Hichem Cook
7587014162007196424,tiktok,X_Anis-27,🥰🥰🥰,2026-01-28T13:50:49.166256,1,7586765605886332180,https://www.tiktok.com/@hichamcook/video/7586765605886332180?lang=en,Hichem Cook
7587010386622415633,tiktok,amdjde01,❤️❤️❤️,2026-01-28T13:50:49.166257,1,7586765605886332180,https://www.tiktok.com/@hichamcook/video/7586765605886332180?lang=en,Hichem Cook
7586974573887750932,tiktok,Sänä Romäissä,😳😳😳,2026-01-28T13:50:49.166259,1,7586765605886332180,https://www.tiktok.com/@hichamcook/video/7586765605886332180?lang=en,Hichem Cook
7586926105782223617,tiktok,Abdesslam World,👑👑👑,2026-01-28T13:50:49.166261,1,7586765605886332180,https://www.tiktok.com/@hichamcook/video/7586765605886332180?lang=en,Hichem Cook
7586796697033540359,tiktok,💨NàssÏm🇪🇦🧭,♥️♥️♥️,2026-01-28T13:50:49.166262,1,7586765605886332180,https://www.tiktok.com/@hichamcook/video/7586765605886332180?lang=en,Hichem Cook
7586794297287525127,tiktok,djamel,😃,2026-01-28T13:50:49.166264,1,7586765605886332180,https://www.tiktok.com/@hichamcook/video/7586765605886332180?lang=en,Hichem Cook
7586793718537159432,tiktok,Lokman Bou❤️‍🔥,🥰🥰🥰,2026-01-28T13:50:49.166267,1,7586765605886332180,https://www.tiktok.com/@hichamcook/video/7586765605886332180?lang=en,Hichem Cook
7586773537617576724,tiktok,mohamed,❤️❤️,2026-01-28T13:50:49.166268,1,7586765605886332180,https://www.tiktok.com/@hichamcook/video/7586765605886332180?lang=en,Hichem Cook
7586766847136776968,tiktok,𝔄𝔟𝔡𝔲𝔩ℌ𝔞𝔮,♥♥♥,2026-01-28T13:50:49.166271,1,7586765605886332180,https://www.tiktok.com/@hichamcook/video/7586765605886332180?lang=en,Hichem Cook
7599980276136133397,tiktok,kike 💖🎀,🥰🥰🥰,2026-01-28T13:50:49.166272,0,7586765605886332180,https://www.tiktok.com/@hichamcook/video/7586765605886332180?lang=en,Hichem Cook
7599657485556826887,tiktok,𝓞𝓤𝓢𝓢𝓐𝓜𝓐💔♡,❤❤❤,2026-01-28T13:50:49.166274,0,7586765605886332180,https://www.tiktok.com/@hichamcook/video/7586765605886332180?lang=en,Hichem Cook
7598876644728587026,tiktok,Abdelillah 🌹🇩🇿,❤️❤️❤️,2026-01-28T13:50:49.166275,0,7586765605886332180,https://www.tiktok.com/@hichamcook/video/7586765605886332180?lang=en,Hichem Cook
7598635320679498516,tiktok,Walid walid,💪💪💪,2026-01-28T13:50:49.166277,0,7586765605886332180,https://www.tiktok.com/@hichamcook/video/7586765605886332180?lang=en,Hichem Cook
7598335702867329813,tiktok,Įl yæs,❤️❤️❤️,2026-01-28T13:50:50.150706,0,7586765605886332180,https://www.tiktok.com/@hichamcook/video/7586765605886332180?lang=en,Hichem Cook
7597883016715502344,tiktok,نصردين,🥰🥰🥰,2026-01-28T13:50:50.150714,0,7586765605886332180,https://www.tiktok.com/@hichamcook/video/7586765605886332180?lang=en,Hichem Cook
7595679717081760530,tiktok,aminemadrid1373,🥰🥰🥰,2026-01-28T13:50:50.150716,0,7586765605886332180,https://www.tiktok.com/@hichamcook/video/7586765605886332180?lang=en,Hichem Cook
7595380750167491340,tiktok,🇩🇿,🥰🥰🥰,2026-01-28T13:50:50.150717,0,7586765605886332180,https://www.tiktok.com/@hichamcook/video/7586765605886332180?lang=en,Hichem Cook
7595200357556814599,tiktok,waredkarima,🥰🥰🥰,2026-01-28T13:50:50.150719,0,7586765605886332180,https://www.tiktok.com/@hichamcook/video/7586765605886332180?lang=en,Hichem Cook
7594907712798917392,tiktok,بوسعيد سليمان,🤩🤩🤩,2026-01-28T13:50:50.150720,0,7586765605886332180,https://www.tiktok.com/@hichamcook/video/7586765605886332180?lang=en,Hichem Cook
7593862431946113810,tiktok,بسمة الأمل,🥰🥰🥰,2026-01-28T13:50:50.150722,0,7586765605886332180,https://www.tiktok.com/@hichamcook/video/7586765605886332180?lang=en,Hichem Cook
7593843041253720839,tiktok,Akram Halimi668,😂,2026-01-28T13:50:50.150723,0,7586765605886332180,https://www.tiktok.com/@hichamcook/video/7586765605886332180?lang=en,Hichem Cook
7593806691667755783,tiktok,👑kader👑,🥰,2026-01-28T13:50:50.150725,0,7586765605886332180,https://www.tiktok.com/@hichamcook/video/7586765605886332180?lang=en,Hichem Cook
7593721682792940295,tiktok,Zi No,😁😁😁,2026-01-28T13:50:50.150727,0,7586765605886332180,https://www.tiktok.com/@hichamcook/video/7586765605886332180?lang=en,Hichem Cook
7593698890647077652,tiktok,Àb îr,💝,2026-01-28T13:50:50.150728,0,7586765605886332180,https://www.tiktok.com/@hichamcook/video/7586765605886332180?lang=en,Hichem Cook
7593696401491182358,tiktok,نسرين نسرين,❤️❤️❤️,2026-01-28T13:50:50.150729,0,7586765605886332180,https://www.tiktok.com/@hichamcook/video/7586765605886332180?lang=en,Hichem Cook
7593510205569745685,tiktok,Rafik Belkhir,😁😁😁,2026-01-28T13:50:50.150730,0,7586765605886332180,https://www.tiktok.com/@hichamcook/video/7586765605886332180?lang=en,Hichem Cook
7593510193972462357,tiktok,Rafik Belkhir,😂😂😂,2026-01-28T13:50:50.150732,0,7586765605886332180,https://www.tiktok.com/@hichamcook/video/7586765605886332180?lang=en,Hichem Cook
7593419188540408584,tiktok,aymen_🇵🇹🇵🇹,♥♥♥,2026-01-28T13:50:50.150733,0,7586765605886332180,https://www.tiktok.com/@hichamcook/video/7586765605886332180?lang=en,Hichem Cook
7593382702859846407,tiktok,Mustaf@,🥰,2026-01-28T13:50:50.150735,0,7586765605886332180,https://www.tiktok.com/@hichamcook/video/7586765605886332180?lang=en,Hichem Cook
7593376791114449675,tiktok,ال_بحري_بابا,❤❤❤,2026-01-28T13:50:50.150736,0,7586765605886332180,https://www.tiktok.com/@hichamcook/video/7586765605886332180?lang=en,Hichem Cook
7593162082977547030,tiktok,skander momo🙏❤️🫶,❤❤❤,2026-01-28T13:50:50.150737,0,7586765605886332180,https://www.tiktok.com/@hichamcook/video/7586765605886332180?lang=en,Hichem Cook
7593157526087107349,tiktok,AlmaSsaa💎🦋,😻😻😻,2026-01-28T13:50:50.150738,0,7586765605886332180,https://www.tiktok.com/@hichamcook/video/7586765605886332180?lang=en,Hichem Cook
7592993262487978760,tiktok,🐾,❤️❤️❤️,2026-01-28T13:50:50.150740,0,7586765605886332180,https://www.tiktok.com/@hichamcook/video/7586765605886332180?lang=en,Hichem Cook
7592818755753247506,tiktok,mosa:targi/min/aljei,🥰🥰🥰,2026-01-28T13:50:52.804343,0,7586765605886332180,https://www.tiktok.com/@hichamcook/video/7586765605886332180?lang=en,Hichem Cook
7592436213916353302,tiktok,Kali,🥰,2026-01-28T13:50:52.804354,0,7586765605886332180,https://www.tiktok.com/@hichamcook/video/7586765605886332180?lang=en,Hichem Cook
7592296568537137927,tiktok,Hajouj Ben zair official,🥰🥰🥰,2026-01-28T13:50:52.804357,0,7586765605886332180,https://www.tiktok.com/@hichamcook/video/7586765605886332180?lang=en,Hichem Cook
7591642177537786642,tiktok,Moad Moad,🥰🥰🥰🥰🥰🥰,2026-01-28T13:50:52.804359,0,7586765605886332180,https://www.tiktok.com/@hichamcook/video/7586765605886332180?lang=en,Hichem Cook
7591276907845812999,tiktok,zakihbbch,🥰,2026-01-28T13:50:52.804362,0,7586765605886332180,https://www.tiktok.com/@hichamcook/video/7586765605886332180?lang=en,Hichem Cook
7590702560907428619,tiktok,Barahim Barahim,🥰🥰🥰,2026-01-28T13:50:52.804364,0,7586765605886332180,https://www.tiktok.com/@hichamcook/video/7586765605886332180?lang=en,Hichem Cook
7590297294957232904,tiktok,✨️Mohamed. ✨️,❤️,2026-01-28T13:50:52.804366,0,7586765605886332180,https://www.tiktok.com/@hichamcook/video/7586765605886332180?lang=en,Hichem Cook
7589765967938945813,tiktok,❤✨ Nour Amir ✨❤,😅😅😅,2026-01-28T13:50:52.804369,0,7586765605886332180,https://www.tiktok.com/@hichamcook/video/7586765605886332180?lang=en,Hichem Cook
7589627762866160391,tiktok,moh,😂,2026-01-28T13:50:52.804371,0,7586765605886332180,https://www.tiktok.com/@hichamcook/video/7586765605886332180?lang=en,Hichem Cook
7589566307595469575,tiktok,Ma♕ban❤💚,🌹🌹🌹,2026-01-28T13:50:52.804374,0,7586765605886332180,https://www.tiktok.com/@hichamcook/video/7586765605886332180?lang=en,Hichem Cook
7589378687460655894,tiktok,asemabelhaie,🥰🥰🥰,2026-01-28T13:50:52.804377,0,7586765605886332180,https://www.tiktok.com/@hichamcook/video/7586765605886332180?lang=en,Hichem Cook
7589371028020151047,tiktok,لا عيش إلا عيش الٱخرة,🥰🥰🥰,2026-01-28T13:50:52.804379,0,7586765605886332180,https://www.tiktok.com/@hichamcook/video/7586765605886332180?lang=en,Hichem Cook
7589084351637324560,tiktok,naser seghir,🥰🥰🥰,2026-01-28T13:50:52.804382,0,7586765605886332180,https://www.tiktok.com/@hichamcook/video/7586765605886332180?lang=en,Hichem Cook
7588653791505203975,tiktok,Mouuuh31,🥰🥰🥰,2026-01-28T13:50:52.804384,0,7586765605886332180,https://www.tiktok.com/@hichamcook/video/7586765605886332180?lang=en,Hichem Cook
7588641637443404566,tiktok,msalmi 95,🥰,2026-01-28T13:50:52.804386,0,7586765605886332180,https://www.tiktok.com/@hichamcook/video/7586765605886332180?lang=en,Hichem Cook
7588506583020290836,tiktok,مرآة رآقية,🥰,2026-01-28T13:50:52.804389,0,7586765605886332180,https://www.tiktok.com/@hichamcook/video/7586765605886332180?lang=en,Hichem Cook
7588292540799091463,tiktok,Nina Gucci915,🥰🥰🥰,2026-01-28T13:50:52.804391,0,7586765605886332180,https://www.tiktok.com/@hichamcook/video/7586765605886332180?lang=en,Hichem Cook
7588285103077360391,tiktok,Inasso Mami,🥰,2026-01-28T13:50:52.804393,0,7586765605886332180,https://www.tiktok.com/@hichamcook/video/7586765605886332180?lang=en,Hichem Cook
7588227524716839698,tiktok,hadil hadi,🥰,2026-01-28T13:50:52.804395,0,7586765605886332180,https://www.tiktok.com/@hichamcook/video/7586765605886332180?lang=en,Hichem Cook
7588227000557617927,tiktok,"nani,nani",🤩🤩🤩,2026-01-28T13:50:52.804397,0,7586765605886332180,https://www.tiktok.com/@hichamcook/video/7586765605886332180?lang=en,Hichem Cook
7588217463688151864,tiktok,Noura C.A.M,🌺🌺🌺,2026-01-28T13:50:53.736102,0,7586765605886332180,https://www.tiktok.com/@hichamcook/video/7586765605886332180?lang=en,Hichem Cook
7588206398393385748,tiktok,𝕁𝔸𝕎𝔸𝔻,👍👍,2026-01-28T13:50:53.736112,0,7586765605886332180,https://www.tiktok.com/@hichamcook/video/7586765605886332180?lang=en,Hichem Cook
7588181036031820566,tiktok,Farid Zeggaye,🥰🥰🥰,2026-01-28T13:50:53.736114,0,7586765605886332180,https://www.tiktok.com/@hichamcook/video/7586765605886332180?lang=en,Hichem Cook
7588147279711585042,tiktok,i,😳,2026-01-28T13:50:53.736116,0,7586765605886332180,https://www.tiktok.com/@hichamcook/video/7586765605886332180?lang=en,Hichem Cook
7588141811459736328,tiktok,🦅Mouadh🦅,❤❤❤,2026-01-28T13:50:53.736118,0,7586765605886332180,https://www.tiktok.com/@hichamcook/video/7586765605886332180?lang=en,Hichem Cook
7588136286398317329,tiktok,على باب الله,🥰🥰🥰,2026-01-28T13:50:53.736120,0,7586765605886332180,https://www.tiktok.com/@hichamcook/video/7586765605886332180?lang=en,Hichem Cook
7588125271187768085,tiktok,Anis Anus,😁,2026-01-28T13:50:53.736121,0,7586765605886332180,https://www.tiktok.com/@hichamcook/video/7586765605886332180?lang=en,Hichem Cook
7588058214399804181,tiktok,tassili annaba,❤️,2026-01-28T13:50:53.736123,0,7586765605886332180,https://www.tiktok.com/@hichamcook/video/7586765605886332180?lang=en,Hichem Cook
7587936166549308178,tiktok,nafissa,🥰🥰🥰,2026-01-28T13:50:53.736125,0,7586765605886332180,https://www.tiktok.com/@hichamcook/video/7586765605886332180?lang=en,Hichem Cook
7587929400735384340,tiktok,MA Ssi,🥰🥰🥰,2026-01-28T13:50:53.736127,0,7586765605886332180,https://www.tiktok.com/@hichamcook/video/7586765605886332180?lang=en,Hichem Cook
7587919130302284562,tiktok,rihaminess760,🥰,2026-01-28T13:50:53.736129,0,7586765605886332180,https://www.tiktok.com/@hichamcook/video/7586765605886332180?lang=en,Hichem Cook
7587913064725398293,tiktok,Kanzi,🥰,2026-01-28T13:50:53.736131,0,7586765605886332180,https://www.tiktok.com/@hichamcook/video/7586765605886332180?lang=en,Hichem Cook
7587892292955128584,tiktok,Abdou Abdou,💪,2026-01-28T13:50:53.736132,0,7586765605886332180,https://www.tiktok.com/@hichamcook/video/7586765605886332180?lang=en,Hichem Cook
7587816947157615382,tiktok,user1115009024720,😂😂😂,2026-01-28T13:50:53.736134,0,7586765605886332180,https://www.tiktok.com/@hichamcook/video/7586765605886332180?lang=en,Hichem Cook
7587790093004784395,tiktok,Isslam Madrid,💪💪💪,2026-01-28T13:50:53.736136,0,7586765605886332180,https://www.tiktok.com/@hichamcook/video/7586765605886332180?lang=en,Hichem Cook
7587760014471938838,tiktok,Maamar Spiga,♥️♥️♥️,2026-01-28T13:50:53.736137,0,7586765605886332180,https://www.tiktok.com/@hichamcook/video/7586765605886332180?lang=en,Hichem Cook
7587754681176376086,tiktok,aigle royal,🥰🥰🥰,2026-01-28T13:50:53.736141,0,7586765605886332180,https://www.tiktok.com/@hichamcook/video/7586765605886332180?lang=en,Hichem Cook
7587614428372845330,tiktok,akramkassi107,🥰🥰🥰,2026-01-28T13:50:53.736143,0,7586765605886332180,https://www.tiktok.com/@hichamcook/video/7586765605886332180?lang=en,Hichem Cook
7587535932049113874,tiktok,user801854422,🥰🥰🥰,2026-01-28T13:50:53.736144,0,7586765605886332180,https://www.tiktok.com/@hichamcook/video/7586765605886332180?lang=en,Hichem Cook
7587518304207995665,tiktok,Akel Mustapha,🥰🥰🥰,2026-01-28T13:50:53.736146,0,7586765605886332180,https://www.tiktok.com/@hichamcook/video/7586765605886332180?lang=en,Hichem Cook
7587501615612855060,tiktok,Biba biba,😂😂😂,2026-01-28T13:50:54.816394,0,7586765605886332180,https://www.tiktok.com/@hichamcook/video/7586765605886332180?lang=en,Hichem Cook
7587445135946007303,tiktok,nesrine,😂,2026-01-28T13:50:54.816401,0,7586765605886332180,https://www.tiktok.com/@hichamcook/video/7586765605886332180?lang=en,Hichem Cook
7587423183960638229,tiktok,ᴳᴹメㅤSamDeX!!,🥰🥰🥰,2026-01-28T13:50:54.816404,0,7586765605886332180,https://www.tiktok.com/@hichamcook/video/7586765605886332180?lang=en,Hichem Cook
7587391624066843412,tiktok,𝔂𝓪𝓬𝓲𝓷𝓸 𝓹𝓻𝓲𝓷𝓬𝓮♛,🤤🤤🤤🤤🥺🥺,2026-01-28T13:50:54.816406,0,7586765605886332180,https://www.tiktok.com/@hichamcook/video/7586765605886332180?lang=en,Hichem Cook
7587353561605948172,tiktok,Océane Aurora,💪,2026-01-28T13:50:54.816408,0,7586765605886332180,https://www.tiktok.com/@hichamcook/video/7586765605886332180?lang=en,Hichem Cook
7587277664794755861,tiktok,mamou. be,😁😁😁,2026-01-28T13:50:54.816410,0,7586765605886332180,https://www.tiktok.com/@hichamcook/video/7586765605886332180?lang=en,Hichem Cook
7587259189661205266,tiktok,yahidz3,🥰🥰🥰,2026-01-28T13:50:54.816412,0,7586765605886332180,https://www.tiktok.com/@hichamcook/video/7586765605886332180?lang=en,Hichem Cook
7587213165059130119,tiktok,NI NA735,👍👍👍,2026-01-28T13:50:54.816414,0,7586765605886332180,https://www.tiktok.com/@hichamcook/video/7586765605886332180?lang=en,Hichem Cook
7587170627632153351,tiktok,Dja mel جمال,🥰,2026-01-28T13:50:54.816416,0,7586765605886332180,https://www.tiktok.com/@hichamcook/video/7586765605886332180?lang=en,Hichem Cook
7587170645119075080,tiktok,Dja mel جمال,💚,2026-01-28T13:50:54.816418,0,7586765605886332180,https://www.tiktok.com/@hichamcook/video/7586765605886332180?lang=en,Hichem Cook
7587142497190724369,tiktok,السلطانة,♥♥♥,2026-01-28T13:50:54.816420,0,7586765605886332180,https://www.tiktok.com/@hichamcook/video/7586765605886332180?lang=en,Hichem Cook
7587134173099557639,tiktok,Boucherie Arfi,❤❤❤,2026-01-28T13:50:54.816422,0,7586765605886332180,https://www.tiktok.com/@hichamcook/video/7586765605886332180?lang=en,Hichem Cook
7587126332695823125,tiktok,محمد العاقل🇩🇿,🥰🥰🥰,2026-01-28T13:50:54.816424,0,7586765605886332180,https://www.tiktok.com/@hichamcook/video/7586765605886332180?lang=en,Hichem Cook
7587107786774151954,tiktok,kritch chips saida,😳😳😳,2026-01-28T13:50:54.816426,0,7586765605886332180,https://www.tiktok.com/@hichamcook/video/7586765605886332180?lang=en,Hichem Cook
7587067222148465426,tiktok,nabila_bila,🥰🥰🥰,2026-01-28T13:50:54.816428,0,7586765605886332180,https://www.tiktok.com/@hichamcook/video/7586765605886332180?lang=en,Hichem Cook
7587041151157437202,tiktok,أماني رحاب,👍👍👍,2026-01-28T13:50:54.816430,0,7586765605886332180,https://www.tiktok.com/@hichamcook/video/7586765605886332180?lang=en,Hichem Cook
7588131284099466002,tiktok,Oumayma🤍,,2026-01-28T13:50:54.816431,1,7586765605886332180,https://www.tiktok.com/@hichamcook/video/7586765605886332180?lang=en,Hichem Cook
7600022695251788565,tiktok,🌺أمنية🌺,,2026-01-28T13:50:54.816433,0,7586765605886332180,https://www.tiktok.com/@hichamcook/video/7586765605886332180?lang=en,Hichem Cook
7593589718676226834,tiktok,𝑨𝑫𝑬𝑴 𝑫𝒁 🇩🇿, [sticker],2026-01-28T13:50:54.816435,0,7586765605886332180,https://www.tiktok.com/@hichamcook/video/7586765605886332180?lang=en,Hichem Cook
7589728289611891474,tiktok,ayoub 2018,Fkrtni f wahd kan ykdm m3eya ykhdmha vrai machallah rbi yrhmek khoya bilel 💔💔 d3olo khawti 💔,2026-01-28T13:50:54.816437,0,7586765605886332180,https://www.tiktok.com/@hichamcook/video/7586765605886332180?lang=en,Hichem Cook
7583480460337414930,tiktok,خالد السلفي ❤️,ولي معندوش دراهم يقدر يجوزها😭,2026-01-28T13:51:14.286655,5,7583472860199406868,https://www.tiktok.com/@hichamcook/video/7583472860199406868?lang=en,Hichem Cook
7584160602017792785,tiktok,زيدوني فارس,اي واحد يقولي بسم الله ماشاء الله اعرف راح يدي منك بسم الله ماشاء الله,2026-01-28T13:51:14.286666,15,7583472860199406868,https://www.tiktok.com/@hichamcook/video/7583472860199406868?lang=en,Hichem Cook
7597888536625464071,tiktok,La Reine Déda,شهيتني😋😋😋😋😋,2026-01-28T13:51:14.286669,0,7583472860199406868,https://www.tiktok.com/@hichamcook/video/7583472860199406868?lang=en,Hichem Cook
7583751894478471943,tiktok,Ssimi Ramis,جماعة لي يقولو غالية صافا شوي,2026-01-28T13:51:14.286671,0,7583472860199406868,https://www.tiktok.com/@hichamcook/video/7583472860199406868?lang=en,Hichem Cook
7583476874829005586,tiktok,Nihed Blh,Dispo la promo f ouled fayet ?,2026-01-28T13:51:14.286674,1,7583472860199406868,https://www.tiktok.com/@hichamcook/video/7583472860199406868?lang=en,Hichem Cook
7583479217812636437,tiktok,PIXEL CHOP,كائن سارفيس العمليات ادا مكاش باه نخلص ؟,2026-01-28T13:51:14.286676,4,7583472860199406868,https://www.tiktok.com/@hichamcook/video/7583472860199406868?lang=en,Hichem Cook
7583800618915234616,tiktok,HZ zobiri,يا هشام كاين توسيل ابعتلنا نيوورو,2026-01-28T13:51:14.286679,1,7583472860199406868,https://www.tiktok.com/@hichamcook/video/7583472860199406868?lang=en,Hichem Cook
7583733077769372434,tiktok,Mìmì Cyrïne,روعة مشاء الله,2026-01-28T13:51:14.286681,0,7583472860199406868,https://www.tiktok.com/@hichamcook/video/7583472860199406868?lang=en,Hichem Cook
7583626144811074324,tiktok,cylia,بنينة الرقبة طيبتها البارح في دار للعشاء الله الله خرجت روعة,2026-01-28T13:51:14.286683,0,7583472860199406868,https://www.tiktok.com/@hichamcook/video/7583472860199406868?lang=en,Hichem Cook
7583824275734758151,tiktok,Fadel Ghribi,ك نكمل نقدر مدلك مقاتيح لوطو,2026-01-28T13:51:14.286685,0,7583472860199406868,https://www.tiktok.com/@hichamcook/video/7583472860199406868?lang=en,Hichem Cook
7583837197935231751,tiktok,kymco moto dz,لوكان ماشي برومو شحال مليون,2026-01-28T13:51:14.286687,0,7583472860199406868,https://www.tiktok.com/@hichamcook/video/7583472860199406868?lang=en,Hichem Cook
7584222524231697159,tiktok,Aziz Akrour,cavi,2026-01-28T13:51:14.286689,0,7583472860199406868,https://www.tiktok.com/@hichamcook/video/7583472860199406868?lang=en,Hichem Cook
7589856207977300758,tiktok,👑katitou👑👩🏻‍⚖️,كل ما يسربي حتى ياكل منو,2026-01-28T13:51:14.286691,0,7583472860199406868,https://www.tiktok.com/@hichamcook/video/7583472860199406868?lang=en,Hichem Cook
7584214667964334856,tiktok,unbreakable_kdr,بصح ماقالش السومة ب البرومو !!!,2026-01-28T13:51:14.286693,0,7583472860199406868,https://www.tiktok.com/@hichamcook/video/7583472860199406868?lang=en,Hichem Cook
7584409858548581128,tiktok,Dadi Sec,kitakml promo gouli,2026-01-28T13:51:14.286695,0,7583472860199406868,https://www.tiktok.com/@hichamcook/video/7583472860199406868?lang=en,Hichem Cook
7585652028162212626,tiktok,cylia821,Yban délicieux,2026-01-28T13:51:14.286697,0,7583472860199406868,https://www.tiktok.com/@hichamcook/video/7583472860199406868?lang=en,Hichem Cook
7584259948285117185,tiktok,sidahmedorif,Bismillah macha Allah,2026-01-28T13:51:14.286699,0,7583472860199406868,https://www.tiktok.com/@hichamcook/video/7583472860199406868?lang=en,Hichem Cook
7588451741936321301,tiktok,ahmedbenlakehal4,wraaaa,2026-01-28T13:51:14.286701,0,7583472860199406868,https://www.tiktok.com/@hichamcook/video/7583472860199406868?lang=en,Hichem Cook
7585308821242757920,tiktok,✨Maryam Elasri_1✨,سوبر,2026-01-28T13:51:14.286704,0,7583472860199406868,https://www.tiktok.com/@hichamcook/video/7583472860199406868?lang=en,Hichem Cook
7584418618518782723,tiktok,tgr.foued,كي زدتلها jus هاديك هي السومة,2026-01-28T13:51:14.286706,0,7583472860199406868,https://www.tiktok.com/@hichamcook/video/7583472860199406868?lang=en,Hichem Cook
7583474009938526984,tiktok,𝐴𝐵𝐷𝑂,اممم,2026-01-28T13:51:15.100142,0,7583472860199406868,https://www.tiktok.com/@hichamcook/video/7583472860199406868?lang=en,Hichem Cook
7583473977752060679,tiktok,Anes,الله يبارك 💙👑,2026-01-28T13:51:15.100154,5,7583472860199406868,https://www.tiktok.com/@hichamcook/video/7583472860199406868?lang=en,Hichem Cook
7583775591611253525,tiktok,محمد اسحاق منتصر,500 الف ناكل كويس ايناس عبدلي 😂,2026-01-28T13:51:15.100158,0,7583472860199406868,https://www.tiktok.com/@hichamcook/video/7583472860199406868?lang=en,Hichem Cook
7584136485433541432,tiktok,Amy,الرقبة بالبصل و الطماطيش مع الحميصة,2026-01-28T13:51:15.100160,0,7583472860199406868,https://www.tiktok.com/@hichamcook/video/7583472860199406868?lang=en,Hichem Cook
7583474414743208712,tiktok,RYIAD    S2,واو,2026-01-28T13:51:15.100162,0,7583472860199406868,https://www.tiktok.com/@hichamcook/video/7583472860199406868?lang=en,Hichem Cook
7585536975093187340,tiktok,مجموعة ابو انس للعسل الفاخر.,,2026-01-28T13:51:15.100164,0,7583472860199406868,https://www.tiktok.com/@hichamcook/video/7583472860199406868?lang=en,Hichem Cook
7584044804809671444,tiktok,Adem Āđēm,هشام خويا أنت و الله إنسان طيب ربي يعاونك,2026-01-28T13:51:15.100166,0,7583472860199406868,https://www.tiktok.com/@hichamcook/video/7583472860199406868?lang=en,Hichem Cook
7583541706570842902,tiktok,mouloud SEDIRA,التوصيل متوفر ؟,2026-01-28T13:51:15.100169,0,7583472860199406868,https://www.tiktok.com/@hichamcook/video/7583472860199406868?lang=en,Hichem Cook
7583474139726742290,tiktok,ilyes,vrai chbab,2026-01-28T13:51:15.100171,0,7583472860199406868,https://www.tiktok.com/@hichamcook/video/7583472860199406868?lang=en,Hichem Cook
7584541544272970514,tiktok,Fozio,وين محل @😮😮😮باه مانجيش,2026-01-28T13:51:15.100173,0,7583472860199406868,https://www.tiktok.com/@hichamcook/video/7583472860199406868?lang=en,Hichem Cook
7584003924266828566,tiktok,Malika Laribi285,vous faites la livraison,2026-01-28T13:51:15.100175,0,7583472860199406868,https://www.tiktok.com/@hichamcook/video/7583472860199406868?lang=en,Hichem Cook
7583474394480313106,tiktok,Anes,عندي 50 الف وش تجيبلي؟ [sticker],2026-01-28T13:51:15.100177,22,7583472860199406868,https://www.tiktok.com/@hichamcook/video/7583472860199406868?lang=en,Hichem Cook
7583475242011886354,tiktok,My Clio 2🫀🪰,5000ندخل شريك مع شواي زعيم رغاية,2026-01-28T13:51:15.100179,8,7583472860199406868,https://www.tiktok.com/@hichamcook/video/7583472860199406868?lang=en,Hichem Cook
7583493292479415047,tiktok,Ouali 16,rakba avec du couscous,2026-01-28T13:51:15.100181,1,7583472860199406868,https://www.tiktok.com/@hichamcook/video/7583472860199406868?lang=en,Hichem Cook
7584473200848405280,tiktok,user29477687116794,صاي الزاير ولات غير رقبة ومردومة والروز وشوية معدنوس,2026-01-28T13:51:15.100183,0,7583472860199406868,https://www.tiktok.com/@hichamcook/video/7583472860199406868?lang=en,Hichem Cook
7597513088728810262,tiktok,jasmine,🤲🤲🤲,2026-01-28T13:51:15.100185,0,7583472860199406868,https://www.tiktok.com/@hichamcook/video/7583472860199406868?lang=en,Hichem Cook
7591917392424518407,tiktok,♕ŞÂÏD♡MČÃ♕,💚,2026-01-28T13:51:15.100187,0,7583472860199406868,https://www.tiktok.com/@hichamcook/video/7583472860199406868?lang=en,Hichem Cook
7591709567642878738,tiktok,Ouaili Lokman,🥰,2026-01-28T13:51:15.100189,0,7583472860199406868,https://www.tiktok.com/@hichamcook/video/7583472860199406868?lang=en,Hichem Cook
7590682358329901844,tiktok,Fofa fouzia,😂,2026-01-28T13:51:15.100191,0,7583472860199406868,https://www.tiktok.com/@hichamcook/video/7583472860199406868?lang=en,Hichem Cook
7590606383596651284,tiktok,iméĐ ŹƁŕ,😭,2026-01-28T13:51:15.100193,0,7583472860199406868,https://www.tiktok.com/@hichamcook/video/7583472860199406868?lang=en,Hichem Cook
7590462923228332808,tiktok,Ñãşr Dîñ,🥰,2026-01-28T13:51:16.001223,0,7583472860199406868,https://www.tiktok.com/@hichamcook/video/7583472860199406868?lang=en,Hichem Cook
7589418498658337554,tiktok,chahinez.067,😁😁😁,2026-01-28T13:51:16.001233,0,7583472860199406868,https://www.tiktok.com/@hichamcook/video/7583472860199406868?lang=en,Hichem Cook
7588704059561919254,tiktok,mireyam jana,😁😁😁,2026-01-28T13:51:16.001235,0,7583472860199406868,https://www.tiktok.com/@hichamcook/video/7583472860199406868?lang=en,Hichem Cook
7588679592589493008,tiktok,Hamza Bouzidi,😂,2026-01-28T13:51:16.001237,0,7583472860199406868,https://www.tiktok.com/@hichamcook/video/7583472860199406868?lang=en,Hichem Cook
7588506636575458069,tiktok,مرآة رآقية,🥰,2026-01-28T13:51:16.001239,0,7583472860199406868,https://www.tiktok.com/@hichamcook/video/7583472860199406868?lang=en,Hichem Cook
7588217976303878924,tiktok,Noura C.A.M,🌺🌺🌺,2026-01-28T13:51:16.001241,0,7583472860199406868,https://www.tiktok.com/@hichamcook/video/7583472860199406868?lang=en,Hichem Cook
7588073189240259348,tiktok,♾️♡𝑯𝒂𝒅𝒊𝒍_𝑶𝒇𝒇♡♾️,😻,2026-01-28T13:51:16.001243,0,7583472860199406868,https://www.tiktok.com/@hichamcook/video/7583472860199406868?lang=en,Hichem Cook
7588058247715799828,tiktok,tassili annaba,❤️,2026-01-28T13:51:16.001247,0,7583472860199406868,https://www.tiktok.com/@hichamcook/video/7583472860199406868?lang=en,Hichem Cook
7587917234275599112,tiktok,Nassima_b,🥰,2026-01-28T13:51:16.001249,0,7583472860199406868,https://www.tiktok.com/@hichamcook/video/7583472860199406868?lang=en,Hichem Cook
7586469925944001287,tiktok,Darwin,😭,2026-01-28T13:51:16.001251,0,7583472860199406868,https://www.tiktok.com/@hichamcook/video/7583472860199406868?lang=en,Hichem Cook
7586344994789671698,tiktok,HAMIDI SOFIANE 39,🥰🥰🥰,2026-01-28T13:51:16.001253,0,7583472860199406868,https://www.tiktok.com/@hichamcook/video/7583472860199406868?lang=en,Hichem Cook
7585935777168655126,tiktok,Lissage_diamond_95,😁😁😁,2026-01-28T13:51:16.001260,0,7583472860199406868,https://www.tiktok.com/@hichamcook/video/7583472860199406868?lang=en,Hichem Cook
7585866641235444488,tiktok,ISMAIL TECH,🥰🥰🥰,2026-01-28T13:51:16.001262,0,7583472860199406868,https://www.tiktok.com/@hichamcook/video/7583472860199406868?lang=en,Hichem Cook
7585654534439371528,tiktok,Abdou42,🥰🥰🥰,2026-01-28T13:51:16.001264,0,7583472860199406868,https://www.tiktok.com/@hichamcook/video/7583472860199406868?lang=en,Hichem Cook
7584714503372997398,tiktok,Sirine$$Sirine,🥰🥰🥰,2026-01-28T13:51:16.001266,0,7583472860199406868,https://www.tiktok.com/@hichamcook/video/7583472860199406868?lang=en,Hichem Cook
7584585537635713799,tiktok,شمس الضحى785,🥰🥰🥰,2026-01-28T13:51:16.001268,0,7583472860199406868,https://www.tiktok.com/@hichamcook/video/7583472860199406868?lang=en,Hichem Cook
7584558689362936584,tiktok,مولودية الجزائر,🥰🥰🥰,2026-01-28T13:51:16.001270,0,7583472860199406868,https://www.tiktok.com/@hichamcook/video/7583472860199406868?lang=en,Hichem Cook
7583868252167979794,tiktok,Fa Ra cha,🥰,2026-01-28T13:51:16.001272,0,7583472860199406868,https://www.tiktok.com/@hichamcook/video/7583472860199406868?lang=en,Hichem Cook
7583669077644034834,tiktok,Kaoubaa Mohamed,🥰🥰🥰,2026-01-28T13:51:16.001274,0,7583472860199406868,https://www.tiktok.com/@hichamcook/video/7583472860199406868?lang=en,Hichem Cook
7583482710343533320,tiktok,cherifslimani379,🥰🥰🥰,2026-01-28T13:51:16.001275,0,7583472860199406868,https://www.tiktok.com/@hichamcook/video/7583472860199406868?lang=en,Hichem Cook
7583474673959142151,tiktok,palastine ❤️‍🩹😔,❤️❤️❤️,2026-01-28T13:51:16.953144,0,7583472860199406868,https://www.tiktok.com/@hichamcook/video/7583472860199406868?lang=en,Hichem Cook
7583474633040855816,tiktok,palastine ❤️‍🩹😔,🥰🥰🥰,2026-01-28T13:51:16.953153,0,7583472860199406868,https://www.tiktok.com/@hichamcook/video/7583472860199406868?lang=en,Hichem Cook
7583474642737087250,tiktok,palastine ❤️‍🩹😔,❤️❤️❤️,2026-01-28T13:51:16.953155,0,7583472860199406868,https://www.tiktok.com/@hichamcook/video/7583472860199406868?lang=en,Hichem Cook
7583474657253475080,tiktok,palastine ❤️‍🩹😔,🥰🥰🥰,2026-01-28T13:51:16.953157,0,7583472860199406868,https://www.tiktok.com/@hichamcook/video/7583472860199406868?lang=en,Hichem Cook
7583474679780819719,tiktok,palastine ❤️‍🩹😔,❤️❤️❤️,2026-01-28T13:51:16.953158,0,7583472860199406868,https://www.tiktok.com/@hichamcook/video/7583472860199406868?lang=en,Hichem Cook
7583474575906226952,tiktok,palastine ❤️‍🩹😔,❤❤❤,2026-01-28T13:51:16.953160,0,7583472860199406868,https://www.tiktok.com/@hichamcook/video/7583472860199406868?lang=en,Hichem Cook
7583474597209031432,tiktok,palastine ❤️‍🩹😔,❤❤❤,2026-01-28T13:51:16.953161,0,7583472860199406868,https://www.tiktok.com/@hichamcook/video/7583472860199406868?lang=en,Hichem Cook
7583474598932316946,tiktok,palastine ❤️‍🩹😔,❤️❤️❤️,2026-01-28T13:51:16.953163,0,7583472860199406868,https://www.tiktok.com/@hichamcook/video/7583472860199406868?lang=en,Hichem Cook
7583474657156973320,tiktok,palastine ❤️‍🩹😔,🥰🥰🥰,2026-01-28T13:51:16.953164,0,7583472860199406868,https://www.tiktok.com/@hichamcook/video/7583472860199406868?lang=en,Hichem Cook
7583474637842023176,tiktok,palastine ❤️‍🩹😔,❤❤❤,2026-01-28T13:51:16.953166,0,7583472860199406868,https://www.tiktok.com/@hichamcook/video/7583472860199406868?lang=en,Hichem Cook
7583474667157029650,tiktok,palastine ❤️‍🩹😔,❤❤❤,2026-01-28T13:51:16.953167,0,7583472860199406868,https://www.tiktok.com/@hichamcook/video/7583472860199406868?lang=en,Hichem Cook
7583474580812595986,tiktok,palastine ❤️‍🩹😔,🥰🥰🥰,2026-01-28T13:51:16.953168,0,7583472860199406868,https://www.tiktok.com/@hichamcook/video/7583472860199406868?lang=en,Hichem Cook
7583474030146323220,tiktok,SabEr--BouBidi👻❤️‍🔥,❤️❤️,2026-01-28T13:51:16.953170,0,7583472860199406868,https://www.tiktok.com/@hichamcook/video/7583472860199406868?lang=en,Hichem Cook
7583474022781289237,tiktok,yahya ha,🥰🥰🥰,2026-01-28T13:51:16.953171,0,7583472860199406868,https://www.tiktok.com/@hichamcook/video/7583472860199406868?lang=en,Hichem Cook
7583473993928311560,tiktok,MØHĀMĖD🍂,❤️❤️❤️,2026-01-28T13:51:16.953174,0,7583472860199406868,https://www.tiktok.com/@hichamcook/video/7583472860199406868?lang=en,Hichem Cook
7583473738206774037,tiktok,اندومي خضار,🥰,2026-01-28T13:51:16.953175,0,7583472860199406868,https://www.tiktok.com/@hichamcook/video/7583472860199406868?lang=en,Hichem Cook
7583473709933167378,tiktok,fårës -Dz-,🥰🥰🥰,2026-01-28T13:51:16.953178,0,7583472860199406868,https://www.tiktok.com/@hichamcook/video/7583472860199406868?lang=en,Hichem Cook
7583486788653728568,tiktok,Abed Nour,نكل رڨبة شاب بيلو😂ب500الف,2026-01-28T13:51:16.953181,1,7583472860199406868,https://www.tiktok.com/@hichamcook/video/7583472860199406868?lang=en,Hichem Cook
7586037374221828886,tiktok,abdenour3555,Anta t3ari machi trawdje,2026-01-28T13:51:16.953182,0,7583472860199406868,https://www.tiktok.com/@hichamcook/video/7583472860199406868?lang=en,Hichem Cook
7584408807196984082,tiktok,Makhlouf Ben Mokhbi,سلام هشام رقم الهاتف,2026-01-28T13:51:16.953183,0,7583472860199406868,https://www.tiktok.com/@hichamcook/video/7583472860199406868?lang=en,Hichem Cook
7584007879892730641,tiktok,younes milano,بصح علاه يقولو عليك بلي ماكلة عندك يقدرلها غي محرز 😅😂,2026-01-28T13:51:17.646622,0,7583472860199406868,https://www.tiktok.com/@hichamcook/video/7583472860199406868?lang=en,Hichem Cook
7583853655159489292,tiktok,Mr Start Up,نبدلك برقبتي شحال نزيدك,2026-01-28T13:51:17.646629,0,7583472860199406868,https://www.tiktok.com/@hichamcook/video/7583472860199406868?lang=en,Hichem Cook
7583837378625094407,tiktok,kymco moto dz,هاذي برومو 500 الف علاه 500 وماشي 300,2026-01-28T13:51:17.646632,0,7583472860199406868,https://www.tiktok.com/@hichamcook/video/7583472860199406868?lang=en,Hichem Cook
7583676540387443478,tiktok,ARIS,tout le temps promotion 😂😂😂 arrêté,2026-01-28T13:51:17.646634,0,7583472860199406868,https://www.tiktok.com/@hichamcook/video/7583472860199406868?lang=en,Hichem Cook
7583486502966641430,tiktok,max la menace,500الف ناكل كويس تاع فوبيا,2026-01-28T13:51:17.646637,0,7583472860199406868,https://www.tiktok.com/@hichamcook/video/7583472860199406868?lang=en,Hichem Cook
7582695247656207112,tiktok,🚫,ديباناه ب 50 مليون,2026-01-28T13:51:30.338305,1026,7582683329170803989,https://www.tiktok.com/@hichamcook/video/7582683329170803989?lang=en,Hichem Cook
7582702174146315028,tiktok,saidmohamedsaid95,سقاملو زوج عراسي وخطوبة,2026-01-28T13:51:30.338314,309,7582683329170803989,https://www.tiktok.com/@hichamcook/video/7582683329170803989?lang=en,Hichem Cook
7599652536119247634,tiktok,ّ,khouya la viande local,2026-01-28T13:51:30.338317,0,7582683329170803989,https://www.tiktok.com/@hichamcook/video/7582683329170803989?lang=en,Hichem Cook
7599004299872764680,tiktok,Merwan 34,ناس اكل تعاود لعشا,2026-01-28T13:51:30.338318,1,7582683329170803989,https://www.tiktok.com/@hichamcook/video/7582683329170803989?lang=en,Hichem Cook
7582729706023387911,tiktok,Imad Hamidi,عيطلو محرز,2026-01-28T13:51:30.338320,63,7582683329170803989,https://www.tiktok.com/@hichamcook/video/7582683329170803989?lang=en,Hichem Cook
7582896226062222096,tiktok,Mayson ❤️,😂😂لاكومند هادي تسقام اكثر من مصاريف العرس كامل ✨,2026-01-28T13:51:30.338322,2,7582683329170803989,https://www.tiktok.com/@hichamcook/video/7582683329170803989?lang=en,Hichem Cook
7582706898744328967,tiktok,خضراء النعيم,اغلى ديباناج شتوا في حياتي,2026-01-28T13:51:30.338324,1,7582683329170803989,https://www.tiktok.com/@hichamcook/video/7582683329170803989?lang=en,Hichem Cook
7585317115847508757,tiktok,نصرو🤍,حصل حصلة كثر من الحصلة الاولى,2026-01-28T13:51:30.338325,15,7582683329170803989,https://www.tiktok.com/@hichamcook/video/7582683329170803989?lang=en,Hichem Cook
7583074182109741832,tiktok,Bm Cosmetique,هشام كوك تزوج بالعريس😂😂😂😂😂,2026-01-28T13:51:30.338327,37,7582683329170803989,https://www.tiktok.com/@hichamcook/video/7582683329170803989?lang=en,Hichem Cook
7582865479606649618,tiktok,👹الوحش👹,يخي سمعتوه قال رانا بعتناهولو كامل,2026-01-28T13:51:30.338328,2,7582683329170803989,https://www.tiktok.com/@hichamcook/video/7582683329170803989?lang=en,Hichem Cook
7582739124000441096,tiktok,abdoumaza2,السيد عاود دار عرس ٱخر,2026-01-28T13:51:30.338330,7,7582683329170803989,https://www.tiktok.com/@hichamcook/video/7582683329170803989?lang=en,Hichem Cook
7582729411579003670,tiktok,lifegoeson,مشوي بلحريرة,2026-01-28T13:51:30.338331,112,7582683329170803989,https://www.tiktok.com/@hichamcook/video/7582683329170803989?lang=en,Hichem Cook
7582695230613734161,tiktok,Fathi Gadouri,وين لعرس ✌ خلي.نروح نتعشي,2026-01-28T13:51:30.338332,3,7582683329170803989,https://www.tiktok.com/@hichamcook/video/7582683329170803989?lang=en,Hichem Cook
7582689870825980679,tiktok,🐼𝔉𝔞𝔴𝔷𝔦𝔞 𝔐𝔶𝔰𝔱è𝔯𝔢🌸,يعجبني الرد نتاعو بارد 😅🤣,2026-01-28T13:51:30.338334,1,7582683329170803989,https://www.tiktok.com/@hichamcook/video/7582683329170803989?lang=en,Hichem Cook
7582685557148713749,tiktok,Al-Kharboushi,مليار الفاتورة 😂😂😂😂😂😂,2026-01-28T13:51:30.338335,1,7582683329170803989,https://www.tiktok.com/@hichamcook/video/7582683329170803989?lang=en,Hichem Cook
7584880934119736082,tiktok,RA FIK,مالا حصل وعيطلك أيا صحا صحا ...,2026-01-28T13:51:30.338337,4,7582683329170803989,https://www.tiktok.com/@hichamcook/video/7582683329170803989?lang=en,Hichem Cook
7583470017976304406,tiktok,yacinyan,تستقاملو كثرمن العرس كامل,2026-01-28T13:51:30.338338,0,7582683329170803989,https://www.tiktok.com/@hichamcook/video/7582683329170803989?lang=en,Hichem Cook
7582744801435583240,tiktok,hope,لاكومند هادي تسقاملو كثر من العرس كامل 🤣🤣,2026-01-28T13:51:30.338340,35,7582683329170803989,https://www.tiktok.com/@hichamcook/video/7582683329170803989?lang=en,Hichem Cook
7585964592573301520,tiktok,Walidooo,العريس وجد 80 مليون حبيبنا 😂😂😂,2026-01-28T13:51:30.338341,0,7582683329170803989,https://www.tiktok.com/@hichamcook/video/7582683329170803989?lang=en,Hichem Cook
7582732015138177810,tiktok,Rafik prod 3,انا راني فالعرس محبيتش ناكل خفت يرميلي لافاكتير 🙂,2026-01-28T13:51:30.338343,1,7582683329170803989,https://www.tiktok.com/@hichamcook/video/7582683329170803989?lang=en,Hichem Cook
7582761835247960850,tiktok,💋Salma💋,ديباناه ب 400 مليون,2026-01-28T13:51:31.412760,0,7582683329170803989,https://www.tiktok.com/@hichamcook/video/7582683329170803989?lang=en,Hichem Cook
7582700144086008596,tiktok,Lana_drm,لجم بلادياري,2026-01-28T13:51:31.412776,13,7582683329170803989,https://www.tiktok.com/@hichamcook/video/7582683329170803989?lang=en,Hichem Cook
7597856076483478294,tiktok,Amine boxing🥊,بارالك لاكارت ڨريس ولا لالا,2026-01-28T13:51:31.412779,0,7582683329170803989,https://www.tiktok.com/@hichamcook/video/7582683329170803989?lang=en,Hichem Cook
7598244887654007573,tiktok,ZeNatiDz🇩🇿,Dir ghouraf complet 😂🤔,2026-01-28T13:51:31.412781,0,7582683329170803989,https://www.tiktok.com/@hichamcook/video/7582683329170803989?lang=en,Hichem Cook
7582797768427946769,tiktok,☆ABDOU☆,نطلع لوهران ناكل مصاصط شارلومنتي بنص السومة,2026-01-28T13:51:31.412783,0,7582683329170803989,https://www.tiktok.com/@hichamcook/video/7582683329170803989?lang=en,Hichem Cook
7582738002709070614,tiktok,🅐🅛🅘🅑🅐🅑🅐#🅓🅩,الكليو اخينا ؟؟,2026-01-28T13:51:31.412785,1,7582683329170803989,https://www.tiktok.com/@hichamcook/video/7582683329170803989?lang=en,Hichem Cook
7582693104965288711,tiktok,Mohamed 🧝‍♂️,انا لكان يخلاص لحم يروحو ياكلو فديورهم,2026-01-28T13:51:31.412788,23,7582683329170803989,https://www.tiktok.com/@hichamcook/video/7582683329170803989?lang=en,Hichem Cook
7583050905895043858,tiktok,Abdou saidi,زاد سقاملو عرس وحدوخر ههههه,2026-01-28T13:51:31.412790,1,7582683329170803989,https://www.tiktok.com/@hichamcook/video/7582683329170803989?lang=en,Hichem Cook
7584946967110124309,tiktok,taiba Lil eutur طيبة للعطور,هكدا مام لي أعشار يزيدو يعاودو 😂,2026-01-28T13:51:31.412792,0,7582683329170803989,https://www.tiktok.com/@hichamcook/video/7582683329170803989?lang=en,Hichem Cook
7583008849809949452,tiktok,شاف رابح,العرس نتاع رياض محرز,2026-01-28T13:51:31.412794,0,7582683329170803989,https://www.tiktok.com/@hichamcook/video/7582683329170803989?lang=en,Hichem Cook
7583386398196335382,tiktok,Khalil 🇩🇿 Bensaid,خاوتي شحال كمنتار هنا 🤣,2026-01-28T13:51:31.412796,0,7582683329170803989,https://www.tiktok.com/@hichamcook/video/7582683329170803989?lang=en,Hichem Cook
7582926805243364114,tiktok,salim salim2194,الفاتورة قيس ما يدير 2 أعراس ويزيد السبوع.,2026-01-28T13:51:31.412798,5,7582683329170803989,https://www.tiktok.com/@hichamcook/video/7582683329170803989?lang=en,Hichem Cook
7582774618898023184,tiktok,malekzenir,Et le prix frère,2026-01-28T13:51:31.412800,0,7582683329170803989,https://www.tiktok.com/@hichamcook/video/7582683329170803989?lang=en,Hichem Cook
7582710655489721106,tiktok,Anes,هشام كوك والله ليزوم🗿💙,2026-01-28T13:51:31.412802,0,7582683329170803989,https://www.tiktok.com/@hichamcook/video/7582683329170803989?lang=en,Hichem Cook
7583094802292867848,tiktok,♛Oussama♛,تبالي عيطلو رونالدو ومنعرف😂,2026-01-28T13:51:31.412804,2,7582683329170803989,https://www.tiktok.com/@hichamcook/video/7582683329170803989?lang=en,Hichem Cook
7583090636871762709,tiktok,chef massi,ديباناح هذا يقدر يجيب بيه عروس,2026-01-28T13:51:31.412806,0,7582683329170803989,https://www.tiktok.com/@hichamcook/video/7582683329170803989?lang=en,Hichem Cook
7583113647318663958,tiktok,mannita,"mais au moins papille cuisson, aluminium est toxique",2026-01-28T13:51:31.412808,4,7582683329170803989,https://www.tiktok.com/@hichamcook/video/7582683329170803989?lang=en,Hichem Cook
7583057933666321160,tiktok,lilou_lilo,استقاملو عرس واحداخر,2026-01-28T13:51:31.412810,4,7582683329170803989,https://www.tiktok.com/@hichamcook/video/7582683329170803989?lang=en,Hichem Cook
7583136292424090386,tiktok,Mohamed El amine,كون جيت انا نقعد حاصل ومنعيطلكش 😂,2026-01-28T13:51:31.412812,1,7582683329170803989,https://www.tiktok.com/@hichamcook/video/7582683329170803989?lang=en,Hichem Cook
7583322466274558742,tiktok,LōVęuZDøz,مشوي Sauce rouge ??? في سلطان عمان و مصرانش,2026-01-28T13:51:31.412814,2,7582683329170803989,https://www.tiktok.com/@hichamcook/video/7582683329170803989?lang=en,Hichem Cook
7585270083398025992,tiktok,ابو عبد الرحمن,غادي تقام القسمه تعاود عرس نورمال,2026-01-28T13:51:31.748912,0,7582683329170803989,https://www.tiktok.com/@hichamcook/video/7582683329170803989?lang=en,Hichem Cook
7583257857870365441,tiktok,chzohir🇺🇸,لاكومند هادي تسقام اكثر من مصاريف العرس كامل ✨,2026-01-28T13:51:31.748921,0,7582683329170803989,https://www.tiktok.com/@hichamcook/video/7582683329170803989?lang=en,Hichem Cook
7583511612998189835,tiktok,Mohamed,وين راه لي يقرأ الكمنتار و يضحك 😂😂😂,2026-01-28T13:51:31.748923,0,7582683329170803989,https://www.tiktok.com/@hichamcook/video/7582683329170803989?lang=en,Hichem Cook
7583088556030231304,tiktok,Amel,شحال خويا هكا بطة سعر,2026-01-28T13:51:31.748925,0,7582683329170803989,https://www.tiktok.com/@hichamcook/video/7582683329170803989?lang=en,Hichem Cook
7584951411448873736,tiktok,💓Øli xxå💓,هو حاصل وزدت حصلتو كثر🙂💔,2026-01-28T13:51:31.748927,0,7582683329170803989,https://www.tiktok.com/@hichamcook/video/7582683329170803989?lang=en,Hichem Cook
7586457742074184469,tiktok,Alexandra,بلاك لعريس يكون محرز,2026-01-28T13:51:31.748928,0,7582683329170803989,https://www.tiktok.com/@hichamcook/video/7582683329170803989?lang=en,Hichem Cook
7585634858459939592,tiktok,Nadir B,"il fait Quoi dans la vie,?",2026-01-28T13:51:31.748929,0,7582683329170803989,https://www.tiktok.com/@hichamcook/video/7582683329170803989?lang=en,Hichem Cook
7582721486424965906,tiktok,إبن الجزائر,زوج عراس واحد أزوج وزوجو بيه 🤣🤣,2026-01-28T13:51:32.546427,0,7582683329170803989,https://www.tiktok.com/@hichamcook/video/7582683329170803989?lang=en,Hichem Cook
7597782415150957332,tiktok,cocorico,a quelle prix,2026-01-28T13:51:32.546438,0,7582683329170803989,https://www.tiktok.com/@hichamcook/video/7582683329170803989?lang=en,Hichem Cook
7599405421275317014,tiktok,mohammed,هيا حصلة كي عيطلك مشي كي كملو,2026-01-28T13:51:32.546440,0,7582683329170803989,https://www.tiktok.com/@hichamcook/video/7582683329170803989?lang=en,Hichem Cook
7582926061915472648,tiktok,ïBrā Hïmœ,تهلانا في حمزة برك ☺️,2026-01-28T13:51:32.546441,0,7582683329170803989,https://www.tiktok.com/@hichamcook/video/7582683329170803989?lang=en,Hichem Cook
7582885550530233096,tiktok,GTD,مليار دولار💲,2026-01-28T13:51:32.546443,0,7582683329170803989,https://www.tiktok.com/@hichamcook/video/7582683329170803989?lang=en,Hichem Cook
7582731889879139088,tiktok,Bimbo,واش كتبلك ڨولف 8,2026-01-28T13:51:32.546445,8,7582683329170803989,https://www.tiktok.com/@hichamcook/video/7582683329170803989?lang=en,Hichem Cook
7582966987279057672,tiktok,Anisse Panucci228,ديباناه ب 150 مليون,2026-01-28T13:51:32.546446,0,7582683329170803989,https://www.tiktok.com/@hichamcook/video/7582683329170803989?lang=en,Hichem Cook
7582684537760367378,tiktok,RAYAN ❤👑,شحال وصل,2026-01-28T13:51:32.546448,2,7582683329170803989,https://www.tiktok.com/@hichamcook/video/7582683329170803989?lang=en,Hichem Cook
7582736693066466066,tiktok,MéręnGué🔥,يجيه مليار 😎🤣,2026-01-28T13:51:32.546450,0,7582683329170803989,https://www.tiktok.com/@hichamcook/video/7582683329170803989?lang=en,Hichem Cook
7582759900406973196,tiktok,💯Le Shawi💯,ديبناه قيمت العرس 😂,2026-01-28T13:51:32.546451,0,7582683329170803989,https://www.tiktok.com/@hichamcook/video/7582683329170803989?lang=en,Hichem Cook
7583507249999790870,tiktok,onyx,cook golena Sarah barak 14 gigo chhal 🤔100 malion?!,2026-01-28T13:51:32.546453,0,7582683329170803989,https://www.tiktok.com/@hichamcook/video/7582683329170803989?lang=en,Hichem Cook
7582686864978543367,tiktok,maima.hm,فاتورة باش يعاود عرس وحدوخر 😂😂😂,2026-01-28T13:51:32.546454,0,7582683329170803989,https://www.tiktok.com/@hichamcook/video/7582683329170803989?lang=en,Hichem Cook
7582696619390550802,tiktok,Akagami,مشوي فوقه لاصوص..؟؟؟؟,2026-01-28T13:51:32.546456,0,7582683329170803989,https://www.tiktok.com/@hichamcook/video/7582683329170803989?lang=en,Hichem Cook
7582736168979546901,tiktok,𝗧𝗮𝗿𝗲𝗸,انسان خدام ربي يقدرك راك عالمي ❤️,2026-01-28T13:51:32.546457,0,7582683329170803989,https://www.tiktok.com/@hichamcook/video/7582683329170803989?lang=en,Hichem Cook
7585194457763644176,tiktok,Haj Ben rabah,hisham miziriya,2026-01-28T13:51:32.546458,0,7582683329170803989,https://www.tiktok.com/@hichamcook/video/7582683329170803989?lang=en,Hichem Cook
7582765680761013009,tiktok,Mō_ōH,دارلو نقل الملكية,2026-01-28T13:51:32.546460,0,7582683329170803989,https://www.tiktok.com/@hichamcook/video/7582683329170803989?lang=en,Hichem Cook
7582727533197378322,tiktok,xjajou,يتعشاو تم ول يرسلهم عندك,2026-01-28T13:51:32.600574,0,7582683329170803989,https://www.tiktok.com/@hichamcook/video/7582683329170803989?lang=en,Hichem Cook
7583400973645955862,tiktok,Khaledpro,لوكان عاود عرس كامل يستقام أقل 😂😂😂😂,2026-01-28T13:51:33.803269,0,7582683329170803989,https://www.tiktok.com/@hichamcook/video/7582683329170803989?lang=en,Hichem Cook
7583110282282861330,tiktok,Haninou 🌸✨,حق ربي ديبانيتو صورت وهدرت ودرتهم كامل,2026-01-28T13:51:33.803288,0,7582683329170803989,https://www.tiktok.com/@hichamcook/video/7582683329170803989?lang=en,Hichem Cook
7582874143184700178,tiktok,klm,عيتلو ايجيك عند موثق,2026-01-28T13:51:33.803290,0,7582683329170803989,https://www.tiktok.com/@hichamcook/video/7582683329170803989?lang=en,Hichem Cook
7583451483871265554,tiktok,👑 sølïtårïo 👑,مليح نتا كي يكون واحد عندو إيرجونس ، بسم الله ما شاء,2026-01-28T13:51:33.803294,0,7582683329170803989,https://www.tiktok.com/@hichamcook/video/7582683329170803989?lang=en,Hichem Cook
7583074432110838546,tiktok,Abdelnacer Gueffaf,تعيطله تزيد تحصل,2026-01-28T13:51:33.803296,0,7582683329170803989,https://www.tiktok.com/@hichamcook/video/7582683329170803989?lang=en,Hichem Cook
7583983449619809044,tiktok,سريقرافي أم البواقي,هذا ديباناج مشوي وفالعرس واش يكونو طيبو زعما 😳,2026-01-28T13:51:33.803298,0,7582683329170803989,https://www.tiktok.com/@hichamcook/video/7582683329170803989?lang=en,Hichem Cook
7586829233839686408,tiktok,Rachid tony,top chef lah ibarak,2026-01-28T13:51:33.803300,0,7582683329170803989,https://www.tiktok.com/@hichamcook/video/7582683329170803989?lang=en,Hichem Cook
7583727196587721490,tiktok,ali rached202,وخلاص اورو ولا دولار 💵,2026-01-28T13:51:33.803302,0,7582683329170803989,https://www.tiktok.com/@hichamcook/video/7582683329170803989?lang=en,Hichem Cook
7584955941087691527,tiktok,Ayoube Zitouni,wlh srx ?,2026-01-28T13:51:33.803303,0,7582683329170803989,https://www.tiktok.com/@hichamcook/video/7582683329170803989?lang=en,Hichem Cook
7582910391807820552,tiktok,slimaneghirane,لي ديباني عرسو بالمشوي جامي طيح اونبان,2026-01-28T13:51:33.803305,0,7582683329170803989,https://www.tiktok.com/@hichamcook/video/7582683329170803989?lang=en,Hichem Cook
7582727556224385799,tiktok,karim kami,فكرة روعة👍,2026-01-28T13:51:33.803307,0,7582683329170803989,https://www.tiktok.com/@hichamcook/video/7582683329170803989?lang=en,Hichem Cook
7582770686071243538,tiktok,capriSsa _25,هيا اوكي أمناك,2026-01-28T13:51:33.803309,0,7582683329170803989,https://www.tiktok.com/@hichamcook/video/7582683329170803989?lang=en,Hichem Cook
7584239338990781204,tiktok,عبدو,هذا صبح يطلڨ,2026-01-28T13:51:33.803312,0,7582683329170803989,https://www.tiktok.com/@hichamcook/video/7582683329170803989?lang=en,Hichem Cook
7582972515565044502,tiktok,papita435,باسا مسكين 😁,2026-01-28T13:51:33.803320,0,7582683329170803989,https://www.tiktok.com/@hichamcook/video/7582683329170803989?lang=en,Hichem Cook
7583037628627829512,tiktok,Driiss,يسقاملو قد عرس اكل هدا ديباناج,2026-01-28T13:51:33.803321,0,7582683329170803989,https://www.tiktok.com/@hichamcook/video/7582683329170803989?lang=en,Hichem Cook
7582709965217022741,tiktok,Challenger,ديبانيتو صحيت صدقة جارية,2026-01-28T13:51:33.803323,0,7582683329170803989,https://www.tiktok.com/@hichamcook/video/7582683329170803989?lang=en,Hichem Cook
7584092424717615928,tiktok,MæmiChæ  🍯😘❤️,مشوي بلاصوص؟,2026-01-28T13:51:33.803325,0,7582683329170803989,https://www.tiktok.com/@hichamcook/video/7582683329170803989?lang=en,Hichem Cook
7583326984752694024,tiktok,Hakim43,تستقام أكثر من العرس,2026-01-28T13:51:33.803326,0,7582683329170803989,https://www.tiktok.com/@hichamcook/video/7582683329170803989?lang=en,Hichem Cook
7583326446928544530,tiktok,🅜🅘🅓🅞,ديباناه تستقاملو كثر من العرس كامل,2026-01-28T13:51:37.156637,0,7582683329170803989,https://www.tiktok.com/@hichamcook/video/7582683329170803989?lang=en,Hichem Cook
7582866611616400146,tiktok,MOKHTAR 47,الله يبارك هدوم الرجال لي يستاهلو المتابعه,2026-01-28T13:51:37.156656,0,7582683329170803989,https://www.tiktok.com/@hichamcook/video/7582683329170803989?lang=en,Hichem Cook
7582702088196850440,tiktok,samia,الله يبارك ماشاء الله بالبركة على موالين العرس والله يرزقنا ويرزقكم من فضله العظيم . يعطيكم الصحة,2026-01-28T13:51:37.156659,0,7582683329170803989,https://www.tiktok.com/@hichamcook/video/7582683329170803989?lang=en,Hichem Cook
7582695208832287506,tiktok,ابو تميم,لي عندو كل يوم عرسو ربي يرزق كامل ناس,2026-01-28T13:51:37.156661,4,7582683329170803989,https://www.tiktok.com/@hichamcook/video/7582683329170803989?lang=en,Hichem Cook
7585638962661851925,tiktok,baba47,ودرهموو شحال,2026-01-28T13:51:37.156664,0,7582683329170803989,https://www.tiktok.com/@hichamcook/video/7582683329170803989?lang=en,Hichem Cook
7584529823122522888,tiktok,nadaje,مشوى بلاصوص جامى,2026-01-28T13:51:37.156666,0,7582683329170803989,https://www.tiktok.com/@hichamcook/video/7582683329170803989?lang=en,Hichem Cook
7582951954331517713,tiktok,am__33,والعرس ياكلو مشوي ؟,2026-01-28T13:51:37.156668,0,7582683329170803989,https://www.tiktok.com/@hichamcook/video/7582683329170803989?lang=en,Hichem Cook
7589297063688520456,tiktok,حسني ميلانو,المهم رونالدو منعرف إذا يقدر على الفاتورة,2026-01-28T13:51:37.156670,1,7582683329170803989,https://www.tiktok.com/@hichamcook/video/7582683329170803989?lang=en,Hichem Cook
7582779389772464912,tiktok,Anisgtd,مكان بظبط,2026-01-28T13:51:37.156673,0,7582683329170803989,https://www.tiktok.com/@hichamcook/video/7582683329170803989?lang=en,Hichem Cook
7590038452831339272,tiktok,صـهــيــــــــــب 😎,والمساعدة 😁,2026-01-28T13:51:37.156675,0,7582683329170803989,https://www.tiktok.com/@hichamcook/video/7582683329170803989?lang=en,Hichem Cook
7582743540932002563,tiktok,Toji__shid,لعزيز كاين توصيل لتندوف؟!,2026-01-28T13:51:37.156677,0,7582683329170803989,https://www.tiktok.com/@hichamcook/video/7582683329170803989?lang=en,Hichem Cook
7583785435114816274,tiktok,Bch Bch,rir khorti,2026-01-28T13:51:37.156691,0,7582683329170803989,https://www.tiktok.com/@hichamcook/video/7582683329170803989?lang=en,Hichem Cook
7582839285075133185,tiktok,sidahmedorif,Bismillah macha Allah 😂🤣,2026-01-28T13:51:37.156694,0,7582683329170803989,https://www.tiktok.com/@hichamcook/video/7582683329170803989?lang=en,Hichem Cook
7589380557630751495,tiktok,brahimkerbouche65,معروف بالغلا,2026-01-28T13:51:37.156696,0,7582683329170803989,https://www.tiktok.com/@hichamcook/video/7582683329170803989?lang=en,Hichem Cook
7583620101880005394,tiktok,chaib wahid,الله يبارك,2026-01-28T13:51:37.156699,0,7582683329170803989,https://www.tiktok.com/@hichamcook/video/7582683329170803989?lang=en,Hichem Cook
7588228180789019410,tiktok,Cattleya Cattleya,في رايكم شحال 😱😱😱😱,2026-01-28T13:51:37.156701,0,7582683329170803989,https://www.tiktok.com/@hichamcook/video/7582683329170803989?lang=en,Hichem Cook
7583456822369354518,tiktok,🇩🇿🇬🇧,tkdab,2026-01-28T13:51:37.156703,0,7582683329170803989,https://www.tiktok.com/@hichamcook/video/7582683329170803989?lang=en,Hichem Cook
7583695625935242005,tiktok,𝐴𝑛𝑦𝑎 💞,شحال ديبناج نخاف ندخل كومه,2026-01-28T13:51:37.156705,0,7582683329170803989,https://www.tiktok.com/@hichamcook/video/7582683329170803989?lang=en,Hichem Cook
7583127857749033746,tiktok,Abdou MZ,يا هشام ديبانيني خلاصولي دراهم 🤣,2026-01-28T13:51:37.156708,0,7582683329170803989,https://www.tiktok.com/@hichamcook/video/7582683329170803989?lang=en,Hichem Cook
7583701380507616022,tiktok,Spectre,3 ملاير هاذي ؟؟,2026-01-28T13:51:37.240815,0,7582683329170803989,https://www.tiktok.com/@hichamcook/video/7582683329170803989?lang=en,Hichem Cook
7589152076903842580,tiktok,🕞A Film Per Minute🕝,ديبناه 60 مليون 😂😂😂😂,2026-01-28T13:51:37.240826,0,7582683329170803989,https://www.tiktok.com/@hichamcook/video/7582683329170803989?lang=en,Hichem Cook
7582684926316659477,tiktok,𖦹,[الملصق] [sticker],2026-01-28T13:51:37.240828,1,7582683329170803989,https://www.tiktok.com/@hichamcook/video/7582683329170803989?lang=en,Hichem Cook
7583869776675111700,tiktok,Har_oun bdr,تستقاملو عرس قاع وخدوخر😂,2026-01-28T13:51:37.240829,0,7582683329170803989,https://www.tiktok.com/@hichamcook/video/7582683329170803989?lang=en,Hichem Cook
7583413838592017174,tiktok,Anais Anais,Machoui sauce hrira 😂😂😂😂,2026-01-28T13:51:37.240831,0,7582683329170803989,https://www.tiktok.com/@hichamcook/video/7582683329170803989?lang=en,Hichem Cook
7583391348030046998,tiktok,Saadi Mohemed Amine,يسقامله عرس وحدوخر 10ملاين ههههه,2026-01-28T13:51:37.240832,0,7582683329170803989,https://www.tiktok.com/@hichamcook/video/7582683329170803989?lang=en,Hichem Cook
7586461912024941314,tiktok,Mohamed Bendahmane,الناس لي راهي تسقسي على الثمن مشي بزاف غير مليار والسعر في متناول الجميع 🙄,2026-01-28T13:51:37.240834,0,7582683329170803989,https://www.tiktok.com/@hichamcook/video/7582683329170803989?lang=en,Hichem Cook
7583479673075974930,tiktok,ceerinee17,syed b la pression w ystna w hichem cook ydir f les vidéos,2026-01-28T13:51:37.240835,1,7582683329170803989,https://www.tiktok.com/@hichamcook/video/7582683329170803989?lang=en,Hichem Cook
7583190855722566412,tiktok,Ghemmour Samy,ma3liche t9ouli win Jay l3ars nrouh net3echa 😁💪,2026-01-28T13:51:37.240838,0,7582683329170803989,https://www.tiktok.com/@hichamcook/video/7582683329170803989?lang=en,Hichem Cook
7585240398101250837,tiktok,اسير الاحزان,لي عيطلك نسيب ميسي ولا كريستيانوا🤣,2026-01-28T13:51:37.240843,0,7582683329170803989,https://www.tiktok.com/@hichamcook/video/7582683329170803989?lang=en,Hichem Cook
7582730106067321620,tiktok,Fethi🇩🇿🤝,عيطلو رونالدو😂,2026-01-28T13:51:37.240844,83,7582683329170803989,https://www.tiktok.com/@hichamcook/video/7582683329170803989?lang=en,Hichem Cook
7585210612668465940,tiktok,Marwan,هدي جديدة 🤣🤣🤣,2026-01-28T13:51:37.240846,0,7582683329170803989,https://www.tiktok.com/@hichamcook/video/7582683329170803989?lang=en,Hichem Cook
7583326961225925398,tiktok,luxuryhgy,شكون يقدر يقلنا على لاصوص هذيك,2026-01-28T13:51:37.240847,0,7582683329170803989,https://www.tiktok.com/@hichamcook/video/7582683329170803989?lang=en,Hichem Cook
7583764013163676424,tiktok,ilestlailestpala,urgence pas irgence,2026-01-28T13:51:37.240849,0,7582683329170803989,https://www.tiktok.com/@hichamcook/video/7582683329170803989?lang=en,Hichem Cook
7582686722917827350,tiktok,bonoo.U2,"hichem cook bien sûr il va te dépanner, quand il s'agit d'argent hichem est la 😂",2026-01-28T13:51:37.240850,2,7582683329170803989,https://www.tiktok.com/@hichamcook/video/7582683329170803989?lang=en,Hichem Cook
7584059453730079521,tiktok,M Karim🧳🎥 La Holland,loukaan khalithom hakdak sans saus koulach apart! Allah ia3wnkom!,2026-01-28T13:51:37.240852,0,7582683329170803989,https://www.tiktok.com/@hichamcook/video/7582683329170803989?lang=en,Hichem Cook
7582831329797735190,tiktok,Lyon Valence,méchoui ta yemek ya des gens qui connaissent pas la viande a l année,2026-01-28T13:51:38.489644,2,7582683329170803989,https://www.tiktok.com/@hichamcook/video/7582683329170803989?lang=en,Hichem Cook
7582912477072868118,tiktok,Forca.Barca,لبارح رايح يخلصلي اللحم وغدوة نعيطلك ولخلاص نخلصلك السمانة لي فاتت كاش,2026-01-28T13:51:38.489659,0,7582683329170803989,https://www.tiktok.com/@hichamcook/video/7582683329170803989?lang=en,Hichem Cook
7582910527191761680,tiktok,userkei28xck3h,كان مشوي كي دار لاصوص ولا جواز,2026-01-28T13:51:38.489661,0,7582683329170803989,https://www.tiktok.com/@hichamcook/video/7582683329170803989?lang=en,Hichem Cook
7582910120368096007,tiktok,MOUHE DDINE AZZABI,بشحال دبنته,2026-01-28T13:51:38.489663,0,7582683329170803989,https://www.tiktok.com/@hichamcook/video/7582683329170803989?lang=en,Hichem Cook
7582875842658108176,tiktok,Ŕiâd Äissañî,أنا عرسي كامل فوتو ب 50 مليون هذا راه يديباني للعشاء برك ب50 مليون 😳 الله يبارك انشاء الله ربي،يعطينا مين عطاكم,2026-01-28T13:51:38.489665,0,7582683329170803989,https://www.tiktok.com/@hichamcook/video/7582683329170803989?lang=en,Hichem Cook
7582767071952880391,tiktok,Fadel Ghribi,يسقاملو اكثر من العرس لدارو,2026-01-28T13:51:38.489670,0,7582683329170803989,https://www.tiktok.com/@hichamcook/video/7582683329170803989?lang=en,Hichem Cook
7589352964410770194,tiktok,أم محمد,وين المحل,2026-01-28T13:51:38.491775,0,7582683329170803989,https://www.tiktok.com/@hichamcook/video/7582683329170803989?lang=en,Hichem Cook
7582684481796096769,tiktok,Taha Kaddari,وين راه واصل,2026-01-28T13:51:38.491782,1,7582683329170803989,https://www.tiktok.com/@hichamcook/video/7582683329170803989?lang=en,Hichem Cook
7583381081286804242,tiktok,alex_lefou31🙊🙈,Mlyar w 200,2026-01-28T13:51:38.491784,0,7582683329170803989,https://www.tiktok.com/@hichamcook/video/7582683329170803989?lang=en,Hichem Cook
7583659352574346006,tiktok,Ltf Lou,المشكل بشحال هدا ؟,2026-01-28T13:51:38.491786,0,7582683329170803989,https://www.tiktok.com/@hichamcook/video/7582683329170803989?lang=en,Hichem Cook
7591934855334068999,tiktok,Moad Moad,هشام بالتوفيق وربي معاك,2026-01-28T13:51:38.491788,0,7582683329170803989,https://www.tiktok.com/@hichamcook/video/7582683329170803989?lang=en,Hichem Cook
7599264408984322817,tiktok,بأع الهواء في الفضاء,😂😂😂,2026-01-28T13:51:38.491789,0,7582683329170803989,https://www.tiktok.com/@hichamcook/video/7582683329170803989?lang=en,Hichem Cook
7583723285834597138,tiktok,ال   سيد ×39🗡️🫨,احنا في لعراس يكملنا غير الخبز 🍞ويبقالنا غير قازوز كل قرعة فيها نص,2026-01-28T13:51:38.491793,0,7582683329170803989,https://www.tiktok.com/@hichamcook/video/7582683329170803989?lang=en,Hichem Cook
7582736432671408918,tiktok,upcast849,Kedabe,2026-01-28T13:51:38.491794,0,7582683329170803989,https://www.tiktok.com/@hichamcook/video/7582683329170803989?lang=en,Hichem Cook
7582707981997835029,tiktok,T iktok chemsou,50. مليون ديباناج,2026-01-28T13:51:39.448391,0,7582683329170803989,https://www.tiktok.com/@hichamcook/video/7582683329170803989?lang=en,Hichem Cook
7582725642970972945,tiktok,faroukomar222,يا هشام درتله روبريز ب T-ROCK ؟؟؟,2026-01-28T13:51:39.448402,0,7582683329170803989,https://www.tiktok.com/@hichamcook/video/7582683329170803989?lang=en,Hichem Cook
7583422765001523988,tiktok,🇩🇿ibrahim Benacer🇳🇱,تحكي صح 😂😂😂,2026-01-28T13:51:39.448407,0,7582683329170803989,https://www.tiktok.com/@hichamcook/video/7582683329170803989?lang=en,Hichem Cook
7593520921781207826,tiktok,sarart85,مكاش لي راح يفرح قدك ، قالو فرحانين سيد دار عرس وحدوخر المهم بصحتهم وبزيان السعد,2026-01-28T13:51:39.448411,1,7582683329170803989,https://www.tiktok.com/@hichamcook/video/7582683329170803989?lang=en,Hichem Cook
7583059374114636555,tiktok,abdo,عندنا حنا كي يحصل مول العرس يكمل بالشلاظة والخبز وإحتمالية كبيرة لي جاو روطار يربحلهم العيب,2026-01-28T13:51:39.448414,0,7582683329170803989,https://www.tiktok.com/@hichamcook/video/7582683329170803989?lang=en,Hichem Cook
7582686322562630407,tiktok,kim,fatora 100 meliyoun,2026-01-28T13:51:39.448416,3,7582683329170803989,https://www.tiktok.com/@hichamcook/video/7582683329170803989?lang=en,Hichem Cook
7582684317588112148,tiktok,Yasser ach,😁😁😁,2026-01-28T13:51:39.448419,2,7582683329170803989,https://www.tiktok.com/@hichamcook/video/7582683329170803989?lang=en,Hichem Cook
7582685685611234069,tiktok,تكرم عينك,🥰🥰🥰🥰,2026-01-28T13:51:39.448421,1,7582683329170803989,https://www.tiktok.com/@hichamcook/video/7582683329170803989?lang=en,Hichem Cook
7599751724840256273,tiktok,samia,👌👌👌,2026-01-28T13:51:39.448423,0,7582683329170803989,https://www.tiktok.com/@hichamcook/video/7582683329170803989?lang=en,Hichem Cook
7599714776139612950,tiktok,bilal,😁😁😁,2026-01-28T13:51:40.882225,0,7582683329170803989,https://www.tiktok.com/@hichamcook/video/7582683329170803989?lang=en,Hichem Cook
7599713859805135638,tiktok,bilal,🥰🥰🥰,2026-01-28T13:51:40.882233,0,7582683329170803989,https://www.tiktok.com/@hichamcook/video/7582683329170803989?lang=en,Hichem Cook
7599463547538244359,tiktok,عين 👁صقر,😂😂😂,2026-01-28T13:51:40.882235,0,7582683329170803989,https://www.tiktok.com/@hichamcook/video/7582683329170803989?lang=en,Hichem Cook
7599455131634451203,tiktok,Mehdi,😄😄😄,2026-01-28T13:51:40.882237,0,7582683329170803989,https://www.tiktok.com/@hichamcook/video/7582683329170803989?lang=en,Hichem Cook
7598891673971704584,tiktok,Abdelillah 🌹🇩🇿,❤️❤️❤️,2026-01-28T13:51:40.882239,0,7582683329170803989,https://www.tiktok.com/@hichamcook/video/7582683329170803989?lang=en,Hichem Cook
7597958043758805777,tiktok,Ayobe Saib,🥰🥰🥰,2026-01-28T13:51:40.882241,0,7582683329170803989,https://www.tiktok.com/@hichamcook/video/7582683329170803989?lang=en,Hichem Cook
7597286149573346070,tiktok,madrid130000,😂😂😂,2026-01-28T13:51:40.882243,0,7582683329170803989,https://www.tiktok.com/@hichamcook/video/7582683329170803989?lang=en,Hichem Cook
7596319584802800391,tiktok,🇩🇿  🐎F🍓a🍒t🍎i🍍m🥭a🇩🇿,💕💕💕,2026-01-28T13:51:40.882245,0,7582683329170803989,https://www.tiktok.com/@hichamcook/video/7582683329170803989?lang=en,Hichem Cook
7593916748101845780,tiktok,Rida Rida,👍👍👍👍👍👍👍,2026-01-28T13:51:40.882247,0,7582683329170803989,https://www.tiktok.com/@hichamcook/video/7582683329170803989?lang=en,Hichem Cook
7593465781616444176,tiktok,Mohamed Taarabit,😳😳😳,2026-01-28T13:51:40.882249,0,7582683329170803989,https://www.tiktok.com/@hichamcook/video/7582683329170803989?lang=en,Hichem Cook
7590807497867494145,tiktok,mimi,😁😁😁,2026-01-28T13:51:40.882251,0,7582683329170803989,https://www.tiktok.com/@hichamcook/video/7582683329170803989?lang=en,Hichem Cook
7589715972744889089,tiktok,To,🥰,2026-01-28T13:51:40.882252,0,7582683329170803989,https://www.tiktok.com/@hichamcook/video/7582683329170803989?lang=en,Hichem Cook
7588884063471452948,tiktok,𝑎𝑚𝑎𝑟 𝑙𝑒ℎ𝑧𝑖𝑒𝑙,❤️❤️❤️,2026-01-28T13:51:40.882254,0,7582683329170803989,https://www.tiktok.com/@hichamcook/video/7582683329170803989?lang=en,Hichem Cook
7588600484610851585,tiktok,Màmât Mïmi ❤❤❤❤,🥺,2026-01-28T13:51:40.882256,0,7582683329170803989,https://www.tiktok.com/@hichamcook/video/7582683329170803989?lang=en,Hichem Cook
7588267106698838804,tiktok,belabela7973,🥰🥰🥰,2026-01-28T13:51:40.882258,0,7582683329170803989,https://www.tiktok.com/@hichamcook/video/7582683329170803989?lang=en,Hichem Cook
7588218773947499320,tiktok,Noura C.A.M,👑,2026-01-28T13:51:40.882259,0,7582683329170803989,https://www.tiktok.com/@hichamcook/video/7582683329170803989?lang=en,Hichem Cook
7588218612012892984,tiktok,Noura C.A.M,🌺🌺🌺,2026-01-28T13:51:40.882261,0,7582683329170803989,https://www.tiktok.com/@hichamcook/video/7582683329170803989?lang=en,Hichem Cook
7588058312739930901,tiktok,tassili annaba,❤️,2026-01-28T13:51:40.882263,0,7582683329170803989,https://www.tiktok.com/@hichamcook/video/7582683329170803989?lang=en,Hichem Cook
7587040155832402706,tiktok,Mì Nø,💪,2026-01-28T13:51:40.882265,0,7582683329170803989,https://www.tiktok.com/@hichamcook/video/7582683329170803989?lang=en,Hichem Cook
7586492072494187271,tiktok,ْ,@مسيسو 😂😂,2026-01-28T13:51:40.882266,0,7582683329170803989,https://www.tiktok.com/@hichamcook/video/7582683329170803989?lang=en,Hichem Cook
7586229377575879444,tiktok,♡آسيـــــــــــآ♡,❤,2026-01-28T13:51:41.584932,0,7582683329170803989,https://www.tiktok.com/@hichamcook/video/7582683329170803989?lang=en,Hichem Cook
7586022144878920455,tiktok,heebeeet,🥰,2026-01-28T13:51:41.584944,0,7582683329170803989,https://www.tiktok.com/@hichamcook/video/7582683329170803989?lang=en,Hichem Cook
7585681535224709910,tiktok,rayane 16,😁,2026-01-28T13:51:41.584947,0,7582683329170803989,https://www.tiktok.com/@hichamcook/video/7582683329170803989?lang=en,Hichem Cook
7585210523555119892,tiktok,Marwan,🤣🤣🤣🤣🤣🤣,2026-01-28T13:51:41.584950,0,7582683329170803989,https://www.tiktok.com/@hichamcook/video/7582683329170803989?lang=en,Hichem Cook
7584891739724661522,tiktok,بشاري日蝕😎,❤❤❤,2026-01-28T13:51:41.584952,0,7582683329170803989,https://www.tiktok.com/@hichamcook/video/7582683329170803989?lang=en,Hichem Cook
7584415704192615176,tiktok,Sàîdø Barichi,😂,2026-01-28T13:51:41.584954,0,7582683329170803989,https://www.tiktok.com/@hichamcook/video/7582683329170803989?lang=en,Hichem Cook
7584175183364571916,tiktok,Farida bahfir,🥰,2026-01-28T13:51:41.584956,0,7582683329170803989,https://www.tiktok.com/@hichamcook/video/7582683329170803989?lang=en,Hichem Cook
7583868090096075538,tiktok,Fa Ra cha,😂,2026-01-28T13:51:41.584958,0,7582683329170803989,https://www.tiktok.com/@hichamcook/video/7582683329170803989?lang=en,Hichem Cook
7583868031811830536,tiktok,Fa Ra cha,🥰,2026-01-28T13:51:41.584960,0,7582683329170803989,https://www.tiktok.com/@hichamcook/video/7582683329170803989?lang=en,Hichem Cook
7583813699611558657,tiktok,Bouchera Biboy,🥰🥰🥰,2026-01-28T13:51:41.584962,0,7582683329170803989,https://www.tiktok.com/@hichamcook/video/7582683329170803989?lang=en,Hichem Cook
7583776166201901841,tiktok,💍👑 IT'S ME♥️_NAME_👑💍,❤❤❤,2026-01-28T13:51:41.584964,0,7582683329170803989,https://www.tiktok.com/@hichamcook/video/7582683329170803989?lang=en,Hichem Cook
7583773632774931256,tiktok,Med Elhor,🥰,2026-01-28T13:51:41.584966,0,7582683329170803989,https://www.tiktok.com/@hichamcook/video/7582683329170803989?lang=en,Hichem Cook
7583742186971742988,tiktok,Wahid Kaddouri,🥰🥰🥰,2026-01-28T13:51:41.584969,0,7582683329170803989,https://www.tiktok.com/@hichamcook/video/7582683329170803989?lang=en,Hichem Cook
7583491072937673494,tiktok,Lyam ❤️,😂😂😂,2026-01-28T13:51:41.584972,0,7582683329170803989,https://www.tiktok.com/@hichamcook/video/7582683329170803989?lang=en,Hichem Cook
7583482479781839623,tiktok,gounja34,🥰🥰🥰,2026-01-28T13:51:41.584974,0,7582683329170803989,https://www.tiktok.com/@hichamcook/video/7582683329170803989?lang=en,Hichem Cook
7583481499443200775,tiktok,Mokhtar Amine729,🥰🥰🥰,2026-01-28T13:51:41.584978,0,7582683329170803989,https://www.tiktok.com/@hichamcook/video/7582683329170803989?lang=en,Hichem Cook
7583352568208048914,tiktok,Kaoubaa Mohamed,🥰🥰🥰,2026-01-28T13:51:41.584980,0,7582683329170803989,https://www.tiktok.com/@hichamcook/video/7582683329170803989?lang=en,Hichem Cook
7583324636861022998,tiktok,princesse 🇩🇿❤️🇫🇷,🤣🤣🤣,2026-01-28T13:51:41.584982,0,7582683329170803989,https://www.tiktok.com/@hichamcook/video/7582683329170803989?lang=en,Hichem Cook
7583323901021717271,tiktok,منور طريق جنة موعظة 🤲💓,🌹🌹🌹,2026-01-28T13:51:41.584984,0,7582683329170803989,https://www.tiktok.com/@hichamcook/video/7582683329170803989?lang=en,Hichem Cook
7583306368045843201,tiktok,IVANKA trump,🥰,2026-01-28T13:51:41.584986,0,7582683329170803989,https://www.tiktok.com/@hichamcook/video/7582683329170803989?lang=en,Hichem Cook
7583099746492842760,tiktok,Jyctvbtcrvt,♥♥♥,2026-01-28T13:51:47.707583,0,7582683329170803989,https://www.tiktok.com/@hichamcook/video/7582683329170803989?lang=en,Hichem Cook
7583087489330447126,tiktok,Sirine$$Sirine,🥰🥰🥰,2026-01-28T13:51:47.707595,0,7582683329170803989,https://www.tiktok.com/@hichamcook/video/7582683329170803989?lang=en,Hichem Cook
7583043263642125078,tiktok,bleuse,🥰🥰🥰,2026-01-28T13:51:47.707598,0,7582683329170803989,https://www.tiktok.com/@hichamcook/video/7582683329170803989?lang=en,Hichem Cook
7582974576163111736,tiktok,👑💫timaksi💫,♥️♥️♥️,2026-01-28T13:51:47.707600,0,7582683329170803989,https://www.tiktok.com/@hichamcook/video/7582683329170803989?lang=en,Hichem Cook
7582939716195910407,tiktok,moratti zak,😁😁😁,2026-01-28T13:51:47.707602,0,7582683329170803989,https://www.tiktok.com/@hichamcook/video/7582683329170803989?lang=en,Hichem Cook
7582743994570015495,tiktok,Mokhtar mokhtar,💕💕💕,2026-01-28T13:51:47.707605,0,7582683329170803989,https://www.tiktok.com/@hichamcook/video/7582683329170803989?lang=en,Hichem Cook
7582731937706820373,tiktok,point de Final,🥺🥺🥺,2026-01-28T13:51:47.707607,0,7582683329170803989,https://www.tiktok.com/@hichamcook/video/7582683329170803989?lang=en,Hichem Cook
7582724519132807939,tiktok,mouhemd82,😳😳😳,2026-01-28T13:51:47.707609,0,7582683329170803989,https://www.tiktok.com/@hichamcook/video/7582683329170803989?lang=en,Hichem Cook
7582721173054571272,tiktok,شمس الضحى785,🥰🥰🥰,2026-01-28T13:51:47.707611,0,7582683329170803989,https://www.tiktok.com/@hichamcook/video/7582683329170803989?lang=en,Hichem Cook
7582964912898261776,tiktok,aziizlyyiz6,Khls ers whdoukhar,2026-01-28T13:51:47.707613,0,7582683329170803989,https://www.tiktok.com/@hichamcook/video/7582683329170803989?lang=en,Hichem Cook
7582736223354323730,tiktok,Anonym anonym,Est koi cette sauce bizzar,2026-01-28T13:51:47.707615,0,7582683329170803989,https://www.tiktok.com/@hichamcook/video/7582683329170803989?lang=en,Hichem Cook
7599589342709728022,tiktok,Titou Titou💯🇩🇿🇪🇺,المشوي عمرك الا تسقسيه معلومة هادي خلي المشوي وحده وراك معا واحد عارف واش راه يهدر,2026-01-28T13:51:47.707618,1,7582683329170803989,https://www.tiktok.com/@hichamcook/video/7582683329170803989?lang=en,Hichem Cook
7582710702286144277,tiktok,Sohaib dz,صوص بني بني. بصوت هداك السوري لي يعلق على اكل الشوارع الهند😂,2026-01-28T13:51:47.707620,2,7582683329170803989,https://www.tiktok.com/@hichamcook/video/7582683329170803989?lang=en,Hichem Cook
7598943222953624340,tiktok,Karim,عيط دوموندا لحم ❌ المكالمة التي حطمت حياة شخص ✅,2026-01-28T13:51:47.707622,3,7582683329170803989,https://www.tiktok.com/@hichamcook/video/7582683329170803989?lang=en,Hichem Cook
7597862807057744648,tiktok,الخاااال,و جيت انا والله مايكلوه خسارة فيهم,2026-01-28T13:51:47.707625,1,7582683329170803989,https://www.tiktok.com/@hichamcook/video/7582683329170803989?lang=en,Hichem Cook
7582736009511813906,tiktok,Mounir ♓,عرسو كومبلي مسقاملوش كيما ديباناج هدا ههههه,2026-01-28T13:51:47.707627,4,7582683329170803989,https://www.tiktok.com/@hichamcook/video/7582683329170803989?lang=en,Hichem Cook
7594930725348999958,tiktok,Giovani Chef,يخلعوني لي مزالو يديرو العرس والله تحير,2026-01-28T13:51:47.707629,1,7582683329170803989,https://www.tiktok.com/@hichamcook/video/7582683329170803989?lang=en,Hichem Cook
7583699241475965697,tiktok,Aissa.guendouz³⁴,كون شريتلهم بيكانطو بيكانطو تستقاملك خير,2026-01-28T13:51:47.707631,1,7582683329170803989,https://www.tiktok.com/@hichamcook/video/7582683329170803989?lang=en,Hichem Cook
7583121320758887186,tiktok,qweennoir,مشوي خصرته بالمرقة,2026-01-28T13:51:47.707633,1,7582683329170803989,https://www.tiktok.com/@hichamcook/video/7582683329170803989?lang=en,Hichem Cook
7582949861364974343,tiktok,Abba Jaguar,ضربو على الراس *5 😂,2026-01-28T13:51:48.865786,1,7582683329170803989,https://www.tiktok.com/@hichamcook/video/7582683329170803989?lang=en,Hichem Cook
7582892064485819192,tiktok,Bilal,شعبنا توكلو لحم الغزال هادرين فيك هادرين نحط دجاج وخلاصة الحكاية,2026-01-28T13:51:48.865793,1,7582683329170803989,https://www.tiktok.com/@hichamcook/video/7582683329170803989?lang=en,Hichem Cook
7582715356114060052,tiktok,Ahmad Amin Ahmed,ديباناه بسومة كي شغل عاود كامل العرس . كون ألي ما تعشاوش قالهم غدوا أرواحو نكملو ألعرس تستقاملو خير.,2026-01-28T13:51:48.865796,1,7582683329170803989,https://www.tiktok.com/@hichamcook/video/7582683329170803989?lang=en,Hichem Cook
7597965673498837778,tiktok,Ahmed Midou,يستقام كثر من مهر تاع مراة,2026-01-28T13:51:48.865798,0,7582683329170803989,https://www.tiktok.com/@hichamcook/video/7582683329170803989?lang=en,Hichem Cook
7597898763722539783,tiktok,♗.𝐒Ⓐ𝓂Ꭵℝ ᵐ𝓱𝕓 .♗,السيد قالك بطل الزواج,2026-01-28T13:51:48.865800,0,7582683329170803989,https://www.tiktok.com/@hichamcook/video/7582683329170803989?lang=en,Hichem Cook
7597583776260113159,tiktok,كورة على السريع⚽️,هما يفرحو وهو يبكي في تالي كي يجي بخلص,2026-01-28T13:51:48.865801,0,7582683329170803989,https://www.tiktok.com/@hichamcook/video/7582683329170803989?lang=en,Hichem Cook
7596027163364115218,tiktok,Ayoub Guendouzi,هو يستنا و حاصل و أنت تدير فليفيديو 😂😂,2026-01-28T13:51:48.865803,0,7582683329170803989,https://www.tiktok.com/@hichamcook/video/7582683329170803989?lang=en,Hichem Cook
7591619668549632791,tiktok,Hamid madrid,شعل فرعته مسكين شويته فالسومة باينة🤔,2026-01-28T13:51:48.865805,0,7582683329170803989,https://www.tiktok.com/@hichamcook/video/7582683329170803989?lang=en,Hichem Cook
7589760536554259220,tiktok,♡♡,قيس ما يزيد يجيب دوزيام,2026-01-28T13:51:48.865807,0,7582683329170803989,https://www.tiktok.com/@hichamcook/video/7582683329170803989?lang=en,Hichem Cook
7587307352190141198,tiktok,ahmed,قلي برك وشحال كسلتو,2026-01-28T13:51:48.865808,0,7582683329170803989,https://www.tiktok.com/@hichamcook/video/7582683329170803989?lang=en,Hichem Cook
7585894097387766548,tiktok,Kwînē hôü,ايما 100مليون,2026-01-28T13:51:48.865810,0,7582683329170803989,https://www.tiktok.com/@hichamcook/video/7582683329170803989?lang=en,Hichem Cook
7585721662634246919,tiktok,Fares Fares,نذبحلهم زريبة تع نعاج ونزيد نطيبلهم او متسقامش كما هذو بلوات ليدبانتو بيهم,2026-01-28T13:51:48.865812,0,7582683329170803989,https://www.tiktok.com/@hichamcook/video/7582683329170803989?lang=en,Hichem Cook
7584389283244196625,tiktok,Kalehd,هشام دكولك 😂😂,2026-01-28T13:51:48.865816,0,7582683329170803989,https://www.tiktok.com/@hichamcook/video/7582683329170803989?lang=en,Hichem Cook
7584244752841999124,tiktok,kouka,راني جيعانة والمشوي هذا ماشهانيش قلبي دار,2026-01-28T13:51:48.865818,0,7582683329170803989,https://www.tiktok.com/@hichamcook/video/7582683329170803989?lang=en,Hichem Cook
7584187074743141127,tiktok,Mohamed,مليح شرا خروف وطيبوا يسقاملوا قل,2026-01-28T13:51:48.865820,0,7582683329170803989,https://www.tiktok.com/@hichamcook/video/7582683329170803989?lang=en,Hichem Cook
7583733864427635464,tiktok,Toufik To,لوكان شرالهم كامل فيات 500 تستقاملو خير.,2026-01-28T13:51:48.865822,0,7582683329170803989,https://www.tiktok.com/@hichamcook/video/7582683329170803989?lang=en,Hichem Cook
7583623206800966408,tiktok,Sofi zair,مادام قادر يعيط لهشام كوك لاه مطيبش بزيادة،،، دك يحسبهالو قيمة كبش بصوالحو 😂😂,2026-01-28T13:51:48.865823,0,7582683329170803989,https://www.tiktok.com/@hichamcook/video/7582683329170803989?lang=en,Hichem Cook
7583438533211194120,tiktok,akram caporal,مول العرس قالك راه يحوس على بنكة ديبانيه باه يسلكك,2026-01-28T13:51:48.865825,0,7582683329170803989,https://www.tiktok.com/@hichamcook/video/7582683329170803989?lang=en,Hichem Cook
7583387197425943303,tiktok,s.d 16 🇩🇿♥️🔨,مول العرس اكون ندم 🤣,2026-01-28T13:51:48.865827,0,7582683329170803989,https://www.tiktok.com/@hichamcook/video/7582683329170803989?lang=en,Hichem Cook
7583316244561511190,tiktok,mannita,يجب مراجعة ماذا ناكل و الاستشار،ليس كل ماهو شهي صحي،,2026-01-28T13:51:48.865829,0,7582683329170803989,https://www.tiktok.com/@hichamcook/video/7582683329170803989?lang=en,Hichem Cook
7583298096789750544,tiktok,ARMANi,ماتقوليش خلص مليار برك 😅😅😅,2026-01-28T13:51:50.286091,0,7582683329170803989,https://www.tiktok.com/@hichamcook/video/7582683329170803989?lang=en,Hichem Cook
7583131395196011284,tiktok,Plomberie Pro hand,تستقام كثر من عرسو وكرية تع دار ومهر تع مراة😂,2026-01-28T13:51:50.286099,0,7582683329170803989,https://www.tiktok.com/@hichamcook/video/7582683329170803989?lang=en,Hichem Cook
7583124067550741268,tiktok,Kenza Zoza,والله لوكان تزيد تخلصني مناكل عندك,2026-01-28T13:51:50.286102,0,7582683329170803989,https://www.tiktok.com/@hichamcook/video/7582683329170803989?lang=en,Hichem Cook
7583120668716172064,tiktok,user29477687116794,دوك فهمت علاه نهار العيد الكبير الكباش مكانش والسوما نار,2026-01-28T13:51:50.286104,0,7582683329170803989,https://www.tiktok.com/@hichamcook/video/7582683329170803989?lang=en,Hichem Cook
7583120214973039368,tiktok,salimmokhtari0,نتي تان تروح فرحان😂😂😂😂,2026-01-28T13:51:50.286106,0,7582683329170803989,https://www.tiktok.com/@hichamcook/video/7582683329170803989?lang=en,Hichem Cook
7583117188442096391,tiktok,sami zine,إحشي لأولادنا إحشي,2026-01-28T13:51:50.286108,0,7582683329170803989,https://www.tiktok.com/@hichamcook/video/7582683329170803989?lang=en,Hichem Cook
7583092386500707088,tiktok,Azzedine la Martina,مشوي بلا صوص زعمة ولا خريرة,2026-01-28T13:51:50.286110,0,7582683329170803989,https://www.tiktok.com/@hichamcook/video/7582683329170803989?lang=en,Hichem Cook
7583090588234171147,tiktok,Mohamed Elamari,راح يطلق باينة,2026-01-28T13:51:50.286112,0,7582683329170803989,https://www.tiktok.com/@hichamcook/video/7582683329170803989?lang=en,Hichem Cook
7583072453306467090,tiktok,Pierrekadder Kadder,hicham khera,2026-01-28T13:51:50.286115,0,7582683329170803989,https://www.tiktok.com/@hichamcook/video/7582683329170803989?lang=en,Hichem Cook
7583038653526934279,tiktok,Mostafa Mami,سقامله زوج عراس في عرس واحد,2026-01-28T13:51:50.286116,0,7582683329170803989,https://www.tiktok.com/@hichamcook/video/7582683329170803989?lang=en,Hichem Cook
7583038299666514695,tiktok,farouk,ديبانيه بصح تنحيله الجلد هههههه,2026-01-28T13:51:50.286118,0,7582683329170803989,https://www.tiktok.com/@hichamcook/video/7582683329170803989?lang=en,Hichem Cook
7582992939035493136,tiktok,Chamsou Madrid,باين ضربتهولو مسكين,2026-01-28T13:51:50.286120,0,7582683329170803989,https://www.tiktok.com/@hichamcook/video/7582683329170803989?lang=en,Hichem Cook
7582634339357590292,tiktok,lyly alger🇩🇿,يستقاملو زوج عراس و ختانة و 3 فاتحات,2026-01-28T13:51:50.286122,0,7582683329170803989,https://www.tiktok.com/@hichamcook/video/7582683329170803989?lang=en,Hichem Cook
7582970576688694034,tiktok,GX,الديباناج اسقاملو كثر من العرس😭,2026-01-28T13:51:50.286124,0,7582683329170803989,https://www.tiktok.com/@hichamcook/video/7582683329170803989?lang=en,Hichem Cook
7582945833784722232,tiktok,Youcef 29,عيطلو ربراب,2026-01-28T13:51:50.286127,0,7582683329170803989,https://www.tiktok.com/@hichamcook/video/7582683329170803989?lang=en,Hichem Cook
7582941578550772502,tiktok,Mohamed moh,انا حسبتك بغيت تمدها صدقا في سبيل الله,2026-01-28T13:51:50.286129,0,7582683329170803989,https://www.tiktok.com/@hichamcook/video/7582683329170803989?lang=en,Hichem Cook
7582932282269745941,tiktok,Pubggaming,الخدامين لور بانولي هلكهم بالخدمة مساكن و الخلاص باين مايخلصهمش مليح,2026-01-28T13:51:50.286131,0,7582683329170803989,https://www.tiktok.com/@hichamcook/video/7582683329170803989?lang=en,Hichem Cook
7582923204004954887,tiktok,zizo zizo,مام نت تفرح معاهم,2026-01-28T13:51:50.286133,0,7582683329170803989,https://www.tiktok.com/@hichamcook/video/7582683329170803989?lang=en,Hichem Cook
7582915348555547399,tiktok,ألا بذكر الله تطمئن القلوب,هذي ديبناح برك ياه خلي,2026-01-28T13:51:50.286135,0,7582683329170803989,https://www.tiktok.com/@hichamcook/video/7582683329170803989?lang=en,Hichem Cook
7582900567011148556,tiktok,abdou ❤️💪,سقاملو كثر من العرس من الخطبة للعشاء,2026-01-28T13:51:51.812427,0,7582683329170803989,https://www.tiktok.com/@hichamcook/video/7582683329170803989?lang=en,Hichem Cook
7582828026460996374,tiktok,Hamdaoui Abdessamad,المخوي هدا ماشي المشوي 😂😂😂,2026-01-28T13:51:51.812441,0,7582683329170803989,https://www.tiktok.com/@hichamcook/video/7582683329170803989?lang=en,Hichem Cook
7582792962393555733,tiktok,Amine alg,هذا راح يستقامولو قيس 3 عراس 😂😂😂😂,2026-01-28T13:51:51.812443,0,7582683329170803989,https://www.tiktok.com/@hichamcook/video/7582683329170803989?lang=en,Hichem Cook
7582791577668731649,tiktok,Amel Love,تحصل روحك آفي,2026-01-28T13:51:51.812445,0,7582683329170803989,https://www.tiktok.com/@hichamcook/video/7582683329170803989?lang=en,Hichem Cook
7582783156194837266,tiktok,muni13,والله بدون دراهم مايتاكل,2026-01-28T13:51:51.812447,0,7582683329170803989,https://www.tiktok.com/@hichamcook/video/7582683329170803989?lang=en,Hichem Cook
7582770558828757777,tiktok,zineb mhd,ياحي راك زدت حضلتو,2026-01-28T13:51:51.812449,0,7582683329170803989,https://www.tiktok.com/@hichamcook/video/7582683329170803989?lang=en,Hichem Cook
7582764577982677816,tiktok,𝐒𝐚𝐦𝐞𝐞𝐫 / 🇮🇹🎻,تبريحة تاع عنتر ×7,2026-01-28T13:51:51.812451,0,7582683329170803989,https://www.tiktok.com/@hichamcook/video/7582683329170803989?lang=en,Hichem Cook
7582757344762462998,tiktok,Ahmed,راح تسلخو بين,2026-01-28T13:51:51.812452,0,7582683329170803989,https://www.tiktok.com/@hichamcook/video/7582683329170803989?lang=en,Hichem Cook
7582750561985987336,tiktok,hassanhamdi345,مكاش منها ههه,2026-01-28T13:51:51.812454,0,7582683329170803989,https://www.tiktok.com/@hichamcook/video/7582683329170803989?lang=en,Hichem Cook
7582750325494547211,tiktok,ْ,دخلولو قبل ما يدخلو العروس 😑,2026-01-28T13:51:51.812456,0,7582683329170803989,https://www.tiktok.com/@hichamcook/video/7582683329170803989?lang=en,Hichem Cook
7582749624860427030,tiktok,sousou,انت تدرب لراس خو 😂😂😂,2026-01-28T13:51:51.812458,0,7582683329170803989,https://www.tiktok.com/@hichamcook/video/7582683329170803989?lang=en,Hichem Cook
7582749456211346183,tiktok,لُيَيَآم,دراهم التاوسة داهم هشام كوك 😂,2026-01-28T13:51:51.812459,0,7582683329170803989,https://www.tiktok.com/@hichamcook/video/7582683329170803989?lang=en,Hichem Cook
7582747142488785666,tiktok,مراد,المهم يخبطو بسومة الدم ما يسيلس😌,2026-01-28T13:51:51.812461,0,7582683329170803989,https://www.tiktok.com/@hichamcook/video/7582683329170803989?lang=en,Hichem Cook
7582746068195033877,tiktok,Hicham🇩🇿💪🇩🇿,عندي طهارة في تلمسان و كملي اللحم,2026-01-28T13:51:51.812463,0,7582683329170803989,https://www.tiktok.com/@hichamcook/video/7582683329170803989?lang=en,Hichem Cook
7582745275917026066,tiktok,AKRÆM,ديباناج تاعك هدا انا ندير بيه شوفة ولفاتحة ولعقود ولعرس تاعي وتع لمدام,2026-01-28T13:51:51.812465,0,7582683329170803989,https://www.tiktok.com/@hichamcook/video/7582683329170803989?lang=en,Hichem Cook
7582743673085608722,tiktok,kamel zebra,depaneheh fi tunel,2026-01-28T13:51:51.812466,0,7582683329170803989,https://www.tiktok.com/@hichamcook/video/7582683329170803989?lang=en,Hichem Cook
7582742999437869845,tiktok,rachidchraa7,مسكين تسقاملو قد عرس وحداخر بالمشكلة والشرط وكلش هههه,2026-01-28T13:51:51.812468,0,7582683329170803989,https://www.tiktok.com/@hichamcook/video/7582683329170803989?lang=en,Hichem Cook
7582741947169768213,tiktok,wida🇩🇿,عرس وليد تبون,2026-01-28T13:51:51.812470,0,7582683329170803989,https://www.tiktok.com/@hichamcook/video/7582683329170803989?lang=en,Hichem Cook
7582740994367783698,tiktok,user81128590930551,لاصوص تاع عدس,2026-01-28T13:51:51.812471,0,7582683329170803989,https://www.tiktok.com/@hichamcook/video/7582683329170803989?lang=en,Hichem Cook
7582742732243157778,tiktok,abdo marsa,الاسعار في متناول ميسي,2026-01-28T13:51:51.812473,0,7582683329170803989,https://www.tiktok.com/@hichamcook/video/7582683329170803989?lang=en,Hichem Cook
7582738350361182983,tiktok,everandnever27,الدريبزان يتكلم,2026-01-28T13:51:52.933034,0,7582683329170803989,https://www.tiktok.com/@hichamcook/video/7582683329170803989?lang=en,Hichem Cook
7582738030012891922,tiktok,perlerose86,انت فان فالبركة عليك الدراهم,2026-01-28T13:51:52.933043,0,7582683329170803989,https://www.tiktok.com/@hichamcook/video/7582683329170803989?lang=en,Hichem Cook
7582735934221140754,tiktok,MHD X GAME 👾🎮🕹️🖥️⌨️,كتبلو مورصو من الجزائر العاصمة بإسمو,2026-01-28T13:51:52.933045,0,7582683329170803989,https://www.tiktok.com/@hichamcook/video/7582683329170803989?lang=en,Hichem Cook
7582735671325000466,tiktok,Sami Farid,هاذو يسقامولو كثر من العرس لي دارو,2026-01-28T13:51:52.933047,0,7582683329170803989,https://www.tiktok.com/@hichamcook/video/7582683329170803989?lang=en,Hichem Cook
7582735300636869384,tiktok,Cherif dellali,شويت السيد بصحتك,2026-01-28T13:51:52.933049,0,7582683329170803989,https://www.tiktok.com/@hichamcook/video/7582683329170803989?lang=en,Hichem Cook
7582732470284059408,tiktok,MiDou,سقاملو كثر من العرس 🤣🤣,2026-01-28T13:51:52.933051,0,7582683329170803989,https://www.tiktok.com/@hichamcook/video/7582683329170803989?lang=en,Hichem Cook
7582732266039001912,tiktok,faridbdzr9o,Masfof dir?,2026-01-28T13:51:52.933052,0,7582683329170803989,https://www.tiktok.com/@hichamcook/video/7582683329170803989?lang=en,Hichem Cook
7582723603897271047,tiktok,goléand22,عيطولك صحاب شكارة,2026-01-28T13:51:52.933054,0,7582683329170803989,https://www.tiktok.com/@hichamcook/video/7582683329170803989?lang=en,Hichem Cook
7582722911900549906,tiktok,mesli karima,هشام راهو هنا ودراهمك تان لازم يكونو حاضرين السيد وكل كامل الناس ما ستقاملوش واش يستقام للشوية لي بقاو 😂,2026-01-28T13:51:52.933056,0,7582683329170803989,https://www.tiktok.com/@hichamcook/video/7582683329170803989?lang=en,Hichem Cook
7582721007245984530,tiktok,Aÿ la,هوما يروحو فرحانين وهو يبكي 😅,2026-01-28T13:51:52.933058,0,7582683329170803989,https://www.tiktok.com/@hichamcook/video/7582683329170803989?lang=en,Hichem Cook
7582711816141816577,tiktok,H&B BVB,زعيم البنادم هاذا المثل الحقيقي تع دور زربوطك نتحيلك✌,2026-01-28T13:51:52.933059,0,7582683329170803989,https://www.tiktok.com/@hichamcook/video/7582683329170803989?lang=en,Hichem Cook
7582707048874476296,tiktok,🕊🕊,علاه عليه هكذا 😳,2026-01-28T13:51:52.933061,0,7582683329170803989,https://www.tiktok.com/@hichamcook/video/7582683329170803989?lang=en,Hichem Cook
7582703708800566037,tiktok,Îs Ço,يضربو ب100 مليون 😂,2026-01-28T13:51:52.933063,0,7582683329170803989,https://www.tiktok.com/@hichamcook/video/7582683329170803989?lang=en,Hichem Cook
7582703013547344662,tiktok,user45569117654480,راحت عليه مسكين 100مليون فاللعب 😔😔😔,2026-01-28T13:51:52.933064,0,7582683329170803989,https://www.tiktok.com/@hichamcook/video/7582683329170803989?lang=en,Hichem Cook
7582702732281299730,tiktok,Ramy Ge,هما يروحو فرحانين وهو يرووح يبكي,2026-01-28T13:51:52.933066,0,7582683329170803989,https://www.tiktok.com/@hichamcook/video/7582683329170803989?lang=en,Hichem Cook
7582701839685419778,tiktok,Youcef._02,دبناه ب30مليون😂😂,2026-01-28T13:51:52.933067,0,7582683329170803989,https://www.tiktok.com/@hichamcook/video/7582683329170803989?lang=en,Hichem Cook
7582701276002239248,tiktok,Bilal Loka,نتا كيما ديباناج تاع لوتوروت,2026-01-28T13:51:52.933069,0,7582683329170803989,https://www.tiktok.com/@hichamcook/video/7582683329170803989?lang=en,Hichem Cook
7582700467295503125,tiktok,Amin Zergat🇩🇿❤️,ديباناج تع 69مليون,2026-01-28T13:51:52.933071,0,7582683329170803989,https://www.tiktok.com/@hichamcook/video/7582683329170803989?lang=en,Hichem Cook
7582700357052121863,tiktok,👑 king 👑👑👑,دراهم برك,2026-01-28T13:51:52.933072,0,7582683329170803989,https://www.tiktok.com/@hichamcook/video/7582683329170803989?lang=en,Hichem Cook
7582698518940009217,tiktok,mimi ❤️🤞,دوك يديبانيوه ب 60 مليون مسكين 😭😂,2026-01-28T13:51:52.933074,0,7582683329170803989,https://www.tiktok.com/@hichamcook/video/7582683329170803989?lang=en,Hichem Cook
7582697565872063254,tiktok,Sami,كي شغل العريس تزوح مرتين😂,2026-01-28T13:51:53.837318,0,7582683329170803989,https://www.tiktok.com/@hichamcook/video/7582683329170803989?lang=en,Hichem Cook
7581579240401027848,tiktok,Raouf,egg Berger خبز بالبيض,2026-01-28T13:52:06.690600,54,7581558363994033428,https://www.tiktok.com/@hichamcook/video/7581558363994033428?lang=en,Hichem Cook
7581560048930407186,tiktok,nbi,أنا نديهم قاع في نهار واحد,2026-01-28T13:52:06.690621,45,7581558363994033428,https://www.tiktok.com/@hichamcook/video/7581558363994033428?lang=en,Hichem Cook
7595307351458087696,tiktok,ايمن ايمن,كاره من حياتي انا ندير في سطوري,2026-01-28T13:52:06.690624,0,7581558363994033428,https://www.tiktok.com/@hichamcook/video/7581558363994033428?lang=en,Hichem Cook
7594923226993509137,tiktok,aya kh,ماشي تبهديلة يلقاوني دايما جاية نأكل نبان طلابة لي يخدمو عندك يولو كي يشوفوني يقولولي نا غالقين 😭😭,2026-01-28T13:52:06.690626,0,7581558363994033428,https://www.tiktok.com/@hichamcook/video/7581558363994033428?lang=en,Hichem Cook
7582109915583267592,tiktok,farah,وكي ندير كون نربح وانا في سطيف واش يجيبني للشراقة 😔,2026-01-28T13:52:06.690628,1,7581558363994033428,https://www.tiktok.com/@hichamcook/video/7581558363994033428?lang=en,Hichem Cook
7581578740468531990,tiktok,P I K U L U 🪩,مارانا موالفين بيه مرانا موالفين نربحو 😅,2026-01-28T13:52:06.690630,0,7581558363994033428,https://www.tiktok.com/@hichamcook/video/7581558363994033428?lang=en,Hichem Cook
7581751210898834198,tiktok,❄️ Zohuir akram,عتدي فكرة شابا هاذي لاكموند مدها انسان برا فشارع لا مشرد عام كامل احسن انسانية وأجر عند ربي,2026-01-28T13:52:06.690632,3,7581558363994033428,https://www.tiktok.com/@hichamcook/video/7581558363994033428?lang=en,Hichem Cook
7582214518282175253,tiktok,MCA,نشاء الله انا فيها خير,2026-01-28T13:52:06.690633,0,7581558363994033428,https://www.tiktok.com/@hichamcook/video/7581558363994033428?lang=en,Hichem Cook
7583367235927212816,tiktok,user9281619143173,اسمحلي ما نقدرش عام كامل وانا نرهج في روحي,2026-01-28T13:52:06.690635,1,7581558363994033428,https://www.tiktok.com/@hichamcook/video/7581558363994033428?lang=en,Hichem Cook
7581568321779958545,tiktok,Aymen.Abdulaziz,كون نربح صدقها على واحد من لي يباتو برا تما يجي ياكل عام باطل تما,2026-01-28T13:52:06.690636,32,7581558363994033428,https://www.tiktok.com/@hichamcook/video/7581558363994033428?lang=en,Hichem Cook
7584048914769740564,tiktok,oumyasserzakaria,خسار منقدرش انجي معنديش طونوبيل والله يشهي,2026-01-28T13:52:06.690638,0,7581558363994033428,https://www.tiktok.com/@hichamcook/video/7581558363994033428?lang=en,Hichem Cook
7582049332543832854,tiktok,lifegoeson,الفائز بعد سنة,2026-01-28T13:52:06.690640,6,7581558363994033428,https://www.tiktok.com/@hichamcook/video/7581558363994033428?lang=en,Hichem Cook
7587934242749186836,tiktok,Haibara AI,طاقيتهم قالولي منيتك و بلوكاوني 🥲,2026-01-28T13:52:06.690652,0,7581558363994033428,https://www.tiktok.com/@hichamcook/video/7581558363994033428?lang=en,Hichem Cook
7581563243589239574,tiktok,inzo.algerino🇩🇿🇩🇿,كان نربح نصدقو والله,2026-01-28T13:52:06.690654,56,7581558363994033428,https://www.tiktok.com/@hichamcook/video/7581558363994033428?lang=en,Hichem Cook
7585730704416817938,tiktok,Azdg67,كاين كفاه يعرف بلي درتها في ستوري؟,2026-01-28T13:52:06.690655,0,7581558363994033428,https://www.tiktok.com/@hichamcook/video/7581558363994033428?lang=en,Hichem Cook
7582190788944085767,tiktok,ayatresore,معليش كل شهر نجي ندي 30,2026-01-28T13:52:06.690657,0,7581558363994033428,https://www.tiktok.com/@hichamcook/video/7581558363994033428?lang=en,Hichem Cook
7586981572546626320,tiktok,Azhia Nedj,c'est vraiment la chute😁,2026-01-28T13:52:06.690659,0,7581558363994033428,https://www.tiktok.com/@hichamcook/video/7581558363994033428?lang=en,Hichem Cook
7581575544521818898,tiktok,Megaphone cheraga,خويا هشام دار الريجيم ولي يربح راح يسمان 🤣🤣,2026-01-28T13:52:06.690660,0,7581558363994033428,https://www.tiktok.com/@hichamcook/video/7581558363994033428?lang=en,Hichem Cook
7581576431550841607,tiktok,Mohamed Slimani,وانا راني نسكن في غرداية كيفاش 🙄,2026-01-28T13:52:06.690662,0,7581558363994033428,https://www.tiktok.com/@hichamcook/video/7581558363994033428?lang=en,Hichem Cook
7581989181183968012,tiktok,Lyly❤️,هادي مليحة لوليد ختي 🤣🤣🤣,2026-01-28T13:52:06.690664,0,7581558363994033428,https://www.tiktok.com/@hichamcook/video/7581558363994033428?lang=en,Hichem Cook
7581747615640093463,tiktok,elmardja flash,انت زعيم....,2026-01-28T13:52:07.563356,1,7581558363994033428,https://www.tiktok.com/@hichamcook/video/7581558363994033428?lang=en,Hichem Cook
7582219961906823943,tiktok,mohamed.rdj6,😂😂😂انا 😂😂,2026-01-28T13:52:07.563363,1,7581558363994033428,https://www.tiktok.com/@hichamcook/video/7581558363994033428?lang=en,Hichem Cook
7594902884778853138,tiktok,.,هههه نجي ناكل,2026-01-28T13:52:07.563365,0,7581558363994033428,https://www.tiktok.com/@hichamcook/video/7581558363994033428?lang=en,Hichem Cook
7582345177851773703,tiktok,0542835901 imo reghaia,انا. اسمحولي شبعان مانقدرش نشارك,2026-01-28T13:52:07.563368,0,7581558363994033428,https://www.tiktok.com/@hichamcook/video/7581558363994033428?lang=en,Hichem Cook
7582110239734924054,tiktok,Tadmait Tadmait,Of of of,2026-01-28T13:52:07.563370,1,7581558363994033428,https://www.tiktok.com/@hichamcook/video/7581558363994033428?lang=en,Hichem Cook
7581708648272724758,tiktok,Yanis Sinay,نتا تدير سبور تنحي الدوارة وانا تخرجني دوارة كل يوم ناكل هذا,2026-01-28T13:52:07.563372,0,7581558363994033428,https://www.tiktok.com/@hichamcook/video/7581558363994033428?lang=en,Hichem Cook
7581590061881131784,tiktok,dida♡dida,و كاين توصيل لي بعيد باه نشارك ولا مايشقاش,2026-01-28T13:52:07.563374,0,7581558363994033428,https://www.tiktok.com/@hichamcook/video/7581558363994033428?lang=en,Hichem Cook
7581560021021672200,tiktok,نو🌛👸,حتى وكون نربح والله مانقدر نجي عام كامل ناكل هههههههه,2026-01-28T13:52:07.563376,0,7581558363994033428,https://www.tiktok.com/@hichamcook/video/7581558363994033428?lang=en,Hichem Cook
7581580230226985749,tiktok,ka_yxi,Double egg? 😭🤣,2026-01-28T13:52:07.563377,0,7581558363994033428,https://www.tiktok.com/@hichamcook/video/7581558363994033428?lang=en,Hichem Cook
7581585949845062408,tiktok,Melina,انا نديهم دراهم كل يوم 😂,2026-01-28T13:52:07.563379,1,7581558363994033428,https://www.tiktok.com/@hichamcook/video/7581558363994033428?lang=en,Hichem Cook
7581818590305338115,tiktok,Nilya,مانجي نلحق لشراقة نكون خسرت متين نالف خويا هشام ابعتهولنا لدار ههههههه,2026-01-28T13:52:07.563381,0,7581558363994033428,https://www.tiktok.com/@hichamcook/video/7581558363994033428?lang=en,Hichem Cook
7582317618204967696,tiktok,Ŕãĥłª møhąməd ęł æmįn,من مستغانم نجي ناكل ونرجع كل يوم تسما نخلي خدمتي وصواحي على برڤر بارد,2026-01-28T13:52:07.563383,0,7581558363994033428,https://www.tiktok.com/@hichamcook/video/7581558363994033428?lang=en,Hichem Cook
7582577212911010577,tiktok,Ôthmàne Kb 18💚🤍,ديرها لجماعة آلجي دوك وانا نديبلاصي على جال البرغر تاعك 400 كلم 😂,2026-01-28T13:52:07.563385,0,7581558363994033428,https://www.tiktok.com/@hichamcook/video/7581558363994033428?lang=en,Hichem Cook
7581568593680696082,tiktok,milissa09,jasmin,2026-01-28T13:52:07.563387,0,7581558363994033428,https://www.tiktok.com/@hichamcook/video/7581558363994033428?lang=en,Hichem Cook
7581579506672501526,tiktok,mazagran,سوما خو,2026-01-28T13:52:07.563389,0,7581558363994033428,https://www.tiktok.com/@hichamcook/video/7581558363994033428?lang=en,Hichem Cook
7581996470879290119,tiktok,Abdoune Ab,لالا صحا,2026-01-28T13:52:07.563390,0,7581558363994033428,https://www.tiktok.com/@hichamcook/video/7581558363994033428?lang=en,Hichem Cook
7581581708702958344,tiktok,akram,رجعتني من البوطي,2026-01-28T13:52:07.563392,2,7581558363994033428,https://www.tiktok.com/@hichamcook/video/7581558363994033428?lang=en,Hichem Cook
7581608770083504916,tiktok,Said 🚶🏻,مليحة,2026-01-28T13:52:07.563394,0,7581558363994033428,https://www.tiktok.com/@hichamcook/video/7581558363994033428?lang=en,Hichem Cook
7581592314751386389,tiktok,ty,لي يربح يدي قاع مجموع و يصدقو على محتاجين لي يرقدو برا في هذا البرد,2026-01-28T13:52:07.563396,10,7581558363994033428,https://www.tiktok.com/@hichamcook/video/7581558363994033428?lang=en,Hichem Cook
7582626447735669521,tiktok,اسحاق,هههههههه,2026-01-28T13:52:07.563397,0,7581558363994033428,https://www.tiktok.com/@hichamcook/video/7581558363994033428?lang=en,Hichem Cook
7581677384701641479,tiktok,TIKTOK,تسما نجي من الجلفة ناكل دوبل بيض ونرجع ولا كفاه,2026-01-28T13:52:08.701766,0,7581558363994033428,https://www.tiktok.com/@hichamcook/video/7581558363994033428?lang=en,Hichem Cook
7582219913109701383,tiktok,mohamed.rdj6,انا,2026-01-28T13:52:08.701775,5,7581558363994033428,https://www.tiktok.com/@hichamcook/video/7581558363994033428?lang=en,Hichem Cook
7581672784892756743,tiktok,👾khalil👾,نشاله,2026-01-28T13:52:08.701777,0,7581558363994033428,https://www.tiktok.com/@hichamcook/video/7581558363994033428?lang=en,Hichem Cook
7600198795410916116,tiktok,Mezianesami02,@Nayar 🇩🇿 @Hichem🖤,2026-01-28T13:52:08.701779,0,7581558363994033428,https://www.tiktok.com/@hichamcook/video/7581558363994033428?lang=en,Hichem Cook
7583081518378894091,tiktok,🇪🇸🇩🇿,@𝓨🍀 @Wopluuu @amaaaar.m @aneshathat,2026-01-28T13:52:08.701781,0,7581558363994033428,https://www.tiktok.com/@hichamcook/video/7581558363994033428?lang=en,Hichem Cook
7584127350563898119,tiktok,بنت الفيرمة,@🍓ŘåhiL @∞𝑠𝑜𝑢𝑠𝑜𝑢 𝑏𝑜𝑢∞︎︎,2026-01-28T13:52:08.701782,2,7581558363994033428,https://www.tiktok.com/@hichamcook/video/7581558363994033428?lang=en,Hichem Cook
7581633311949193991,tiktok,Yasser.16,@𝐵𝐻𝒞𝐸𝑅 ✨ @walid az 16,2026-01-28T13:52:08.701783,1,7581558363994033428,https://www.tiktok.com/@hichamcook/video/7581558363994033428?lang=en,Hichem Cook
7581593511780664072,tiktok,loudi,@DÏ Dã😂,2026-01-28T13:52:08.701784,0,7581558363994033428,https://www.tiktok.com/@hichamcook/video/7581558363994033428?lang=en,Hichem Cook
7582759713457505046,tiktok,🇩🇿Ⓜ️ohmed wlhmr🅰️waz🇩🇪,@💎wahrann💎 @Mimou MiLoud❤️✌️,2026-01-28T13:52:08.701786,1,7581558363994033428,https://www.tiktok.com/@hichamcook/video/7581558363994033428?lang=en,Hichem Cook
7581578718134371128,tiktok,AbdElGhani,@wailo_b @A M❗️R,2026-01-28T13:52:08.701787,2,7581558363994033428,https://www.tiktok.com/@hichamcook/video/7581558363994033428?lang=en,Hichem Cook
7581563926099149585,tiktok,inconnue,@katti fidele @🌺Wiwi🫀🧜,2026-01-28T13:52:08.701788,1,7581558363994033428,https://www.tiktok.com/@hichamcook/video/7581558363994033428?lang=en,Hichem Cook
7581560222599922449,tiktok,™الشيخ كلا,@المفنش كلا @BLU🌸ALEX!ㅤ㊧,2026-01-28T13:52:08.701789,1,7581558363994033428,https://www.tiktok.com/@hichamcook/video/7581558363994033428?lang=en,Hichem Cook
7581560120329863954,tiktok,🌹🇩🇿جزائرية🌹🇩🇿,@Ámer-16,2026-01-28T13:52:08.701791,1,7581558363994033428,https://www.tiktok.com/@hichamcook/video/7581558363994033428?lang=en,Hichem Cook
7581598473742320404,tiktok,Sissi gentillesse,@𝑳𝒂 𝑴 🤎🌷,2026-01-28T13:52:08.701792,0,7581558363994033428,https://www.tiktok.com/@hichamcook/video/7581558363994033428?lang=en,Hichem Cook
7581576643043803912,tiktok,فلاشة 🧚,@sara sarita,2026-01-28T13:52:08.701794,0,7581558363994033428,https://www.tiktok.com/@hichamcook/video/7581558363994033428?lang=en,Hichem Cook
7581568739381887751,tiktok,Sparrow,@AmineSparrow3 @Amari Bouziani,2026-01-28T13:52:08.701795,0,7581558363994033428,https://www.tiktok.com/@hichamcook/video/7581558363994033428?lang=en,Hichem Cook
7600080209144644359,tiktok,Wa Lid,@Solo 1×1=1 @Wassim Amar @عبدو,2026-01-28T13:52:08.701796,1,7581558363994033428,https://www.tiktok.com/@hichamcook/video/7581558363994033428?lang=en,Hichem Cook
7581609853363684107,tiktok,aissousadani,@👻 Malik Menad 🔱 @Sa Mir blk fiha khir 😂❤,2026-01-28T13:52:08.701797,2,7581558363994033428,https://www.tiktok.com/@hichamcook/video/7581558363994033428?lang=en,Hichem Cook
7581578951018251019,tiktok,AbdElGhani,@❤️ANES🖤 @bedo_sh14,2026-01-28T13:52:08.701799,2,7581558363994033428,https://www.tiktok.com/@hichamcook/video/7581558363994033428?lang=en,Hichem Cook
7581839995783873298,tiktok,القرءان الكريم,هههه,2026-01-28T13:52:08.725488,0,7581558363994033428,https://www.tiktok.com/@hichamcook/video/7581558363994033428?lang=en,Hichem Cook
7581560227863773959,tiktok,🌹🇩🇿جزائرية🌹🇩🇿,@nour•023 @⚡𝑽𝑬𝑿𝑨⚡ @Ámer-16,2026-01-28T13:52:09.630128,2,7581558363994033428,https://www.tiktok.com/@hichamcook/video/7581558363994033428?lang=en,Hichem Cook
7581560135392740114,tiktok,🌹🇩🇿جزائرية🌹🇩🇿,@nour•023,2026-01-28T13:52:09.630142,2,7581558363994033428,https://www.tiktok.com/@hichamcook/video/7581558363994033428?lang=en,Hichem Cook
7584782205215294209,tiktok,Islam Mecheddal,@Bilal Taourirt @Latif 🤣,2026-01-28T13:52:09.630145,1,7581558363994033428,https://www.tiktok.com/@hichamcook/video/7581558363994033428?lang=en,Hichem Cook
7581859377993401104,tiktok,kiki hmd,@dfabizar @قهوة بالنعناع باتا,2026-01-28T13:52:09.630147,1,7581558363994033428,https://www.tiktok.com/@hichamcook/video/7581558363994033428?lang=en,Hichem Cook
7581804764872426248,tiktok,manil🧑🏻‍🎨,@Wail_ko @⚔️ana t5rj 3liya,2026-01-28T13:52:09.630148,1,7581558363994033428,https://www.tiktok.com/@hichamcook/video/7581558363994033428?lang=en,Hichem Cook
7581648917264139009,tiktok,AL-aaaa22,@ＷＡＨＡＢ @Iyad ملور,2026-01-28T13:52:09.630150,1,7581558363994033428,https://www.tiktok.com/@hichamcook/video/7581558363994033428?lang=en,Hichem Cook
7581593295986443025,tiktok,Moumen djendel,@Hicham @rahim35,2026-01-28T13:52:09.630152,1,7581558363994033428,https://www.tiktok.com/@hichamcook/video/7581558363994033428?lang=en,Hichem Cook
7581592993225999120,tiktok,Moumen djendel,@wassim @Hicham,2026-01-28T13:52:09.630153,1,7581558363994033428,https://www.tiktok.com/@hichamcook/video/7581558363994033428?lang=en,Hichem Cook
7581592307545391893,tiktok,user812446,@عبد العزيز ⚜️@Amine Toua 🛵🛵🛵,2026-01-28T13:52:09.630155,1,7581558363994033428,https://www.tiktok.com/@hichamcook/video/7581558363994033428?lang=en,Hichem Cook
7581573568707576577,tiktok,Zaza Mohamed,@Sofiane @Hcinou08,2026-01-28T13:52:09.630156,1,7581558363994033428,https://www.tiktok.com/@hichamcook/video/7581558363994033428?lang=en,Hichem Cook
7581571126158803719,tiktok,aliali,@Lotfiiiii🖤 @Nisrine @Hafid,2026-01-28T13:52:09.630158,1,7581558363994033428,https://www.tiktok.com/@hichamcook/video/7581558363994033428?lang=en,Hichem Cook
7581568353437811464,tiktok,Giraya Giraya,@saiftne @zakaria adjabi,2026-01-28T13:52:09.630159,1,7581558363994033428,https://www.tiktok.com/@hichamcook/video/7581558363994033428?lang=en,Hichem Cook
7581561538423898900,tiktok,idris_x_16,@samy ghersi @Ñãsër Ñãsër,2026-01-28T13:52:09.630161,1,7581558363994033428,https://www.tiktok.com/@hichamcook/video/7581558363994033428?lang=en,Hichem Cook
7581560143390278407,tiktok,🌹🇩🇿جزائرية🌹🇩🇿,@⚡𝑽𝑬𝑿𝑨⚡,2026-01-28T13:52:09.630163,1,7581558363994033428,https://www.tiktok.com/@hichamcook/video/7581558363994033428?lang=en,Hichem Cook
7581560128814564114,tiktok,كان مزاجها زنجبيلا,@المداني الاغواطي @photographe_roma @Karakou de princesse @bi_ba_photographe @ارحي مايباتش للسيارت 24/24h @ladys robe,2026-01-28T13:52:09.630164,1,7581558363994033428,https://www.tiktok.com/@hichamcook/video/7581558363994033428?lang=en,Hichem Cook
7599341929725772560,tiktok,oum Yassine,🥰🥰🥰,2026-01-28T13:52:09.630166,0,7581558363994033428,https://www.tiktok.com/@hichamcook/video/7581558363994033428?lang=en,Hichem Cook
7597493679965291271,tiktok,Sïlïnã Sïlïnã,❤❤❤,2026-01-28T13:52:09.630169,0,7581558363994033428,https://www.tiktok.com/@hichamcook/video/7581558363994033428?lang=en,Hichem Cook
7593863923637125906,tiktok,Lakhdar Manouni,@ÃβĎĹĤϻĮĎ ﷼♕♡ @Khaled baj,2026-01-28T13:52:09.630171,0,7581558363994033428,https://www.tiktok.com/@hichamcook/video/7581558363994033428?lang=en,Hichem Cook
7591969790904222471,tiktok,Moad Moad,🥰🥰🥰🥰🥰🥰🥰,2026-01-28T13:52:09.630172,0,7581558363994033428,https://www.tiktok.com/@hichamcook/video/7581558363994033428?lang=en,Hichem Cook
7590839640292246292,tiktok,Pipo,😂,2026-01-28T13:52:09.630174,0,7581558363994033428,https://www.tiktok.com/@hichamcook/video/7581558363994033428?lang=en,Hichem Cook
7589525232534160148,tiktok,Fleur blanche 🌷🤍,@tttt @Ishak Boukhalfa @…✨,2026-01-28T13:52:10.526416,0,7581558363994033428,https://www.tiktok.com/@hichamcook/video/7581558363994033428?lang=en,Hichem Cook
7589413138601329424,tiktok,youceef,♥,2026-01-28T13:52:10.526426,0,7581558363994033428,https://www.tiktok.com/@hichamcook/video/7581558363994033428?lang=en,Hichem Cook
7588566706919834388,tiktok,𝑎𝑚𝑎𝑟 𝑙𝑒ℎ𝑧𝑖𝑒𝑙,❤️❤️❤️,2026-01-28T13:52:10.526429,0,7581558363994033428,https://www.tiktok.com/@hichamcook/video/7581558363994033428?lang=en,Hichem Cook
7588218823128744760,tiktok,Noura C.A.M,🥰,2026-01-28T13:52:10.526431,0,7581558363994033428,https://www.tiktok.com/@hichamcook/video/7581558363994033428?lang=en,Hichem Cook
7588196209043997447,tiktok,незнакомец,🥰,2026-01-28T13:52:10.526433,0,7581558363994033428,https://www.tiktok.com/@hichamcook/video/7581558363994033428?lang=en,Hichem Cook
7588058300643853076,tiktok,tassili annaba,❤️,2026-01-28T13:52:10.526435,0,7581558363994033428,https://www.tiktok.com/@hichamcook/video/7581558363994033428?lang=en,Hichem Cook
7587483598359479048,tiktok,Samir Essghire,🥰,2026-01-28T13:52:10.526437,0,7581558363994033428,https://www.tiktok.com/@hichamcook/video/7581558363994033428?lang=en,Hichem Cook
7584840368912499478,tiktok,Sirine$$Sirine,🥰🥰🥰,2026-01-28T13:52:10.526439,0,7581558363994033428,https://www.tiktok.com/@hichamcook/video/7581558363994033428?lang=en,Hichem Cook
7583783891631719186,tiktok,aaaa,@آدمــ @rivex,2026-01-28T13:52:10.526440,0,7581558363994033428,https://www.tiktok.com/@hichamcook/video/7581558363994033428?lang=en,Hichem Cook
7583640219334886145,tiktok,أمينة @ 1987,@Mohamed Benz,2026-01-28T13:52:10.526442,0,7581558363994033428,https://www.tiktok.com/@hichamcook/video/7581558363994033428?lang=en,Hichem Cook
7583640058672464656,tiktok,أمينة @ 1987,@Sana Ep Dji Cherifi,2026-01-28T13:52:10.526444,0,7581558363994033428,https://www.tiktok.com/@hichamcook/video/7581558363994033428?lang=en,Hichem Cook
7583640735606473473,tiktok,أمينة @ 1987,@noussa @Nina Noha,2026-01-28T13:52:10.526446,0,7581558363994033428,https://www.tiktok.com/@hichamcook/video/7581558363994033428?lang=en,Hichem Cook
7583470400241632022,tiktok,chawich,🥰🥰🥰,2026-01-28T13:52:10.526448,0,7581558363994033428,https://www.tiktok.com/@hichamcook/video/7581558363994033428?lang=en,Hichem Cook
7583424882962121479,tiktok,Seddiki Rihab,@Saf Oua @Mhamed Seddiki,2026-01-28T13:52:10.526451,0,7581558363994033428,https://www.tiktok.com/@hichamcook/video/7581558363994033428?lang=en,Hichem Cook
7583306378652140305,tiktok,IVANKA trump,🥰,2026-01-28T13:52:10.526453,0,7581558363994033428,https://www.tiktok.com/@hichamcook/video/7581558363994033428?lang=en,Hichem Cook
7583130241879982866,tiktok,🇩🇿SÛLTANE 🇦🇱,@Ragnar Ragnarok @raoufbouali697,2026-01-28T13:52:10.526455,0,7581558363994033428,https://www.tiktok.com/@hichamcook/video/7581558363994033428?lang=en,Hichem Cook
7583082187173282567,tiktok,Wopluuu,@🇪🇸🇩🇿 @𝓨🍀,2026-01-28T13:52:10.526457,0,7581558363994033428,https://www.tiktok.com/@hichamcook/video/7581558363994033428?lang=en,Hichem Cook
7583075795116753680,tiktok,𝑳𝒂 𝑴 🤎🌷,@Sissi gentillesse @mely💕✨ @lyna,2026-01-28T13:52:10.526459,0,7581558363994033428,https://www.tiktok.com/@hichamcook/video/7581558363994033428?lang=en,Hichem Cook
7582970796844385044,tiktok,Ruxim0,@🪡ania @🍈,2026-01-28T13:52:10.526461,0,7581558363994033428,https://www.tiktok.com/@hichamcook/video/7581558363994033428?lang=en,Hichem Cook
7582759730734777110,tiktok,🇩🇿Ⓜ️ohmed wlhmr🅰️waz🇩🇪,@mohamed ber @☂️ emilie l'insoumise ☂️🤲,2026-01-28T13:52:10.526462,0,7581558363994033428,https://www.tiktok.com/@hichamcook/video/7581558363994033428?lang=en,Hichem Cook
7582759600228762390,tiktok,🇩🇿Ⓜ️ohmed wlhmr🅰️waz🇩🇪,@Mimou MiLoud❤️✌️@☂️ emilie l'insoumise ☂️🤲,2026-01-28T13:52:11.357978,0,7581558363994033428,https://www.tiktok.com/@hichamcook/video/7581558363994033428?lang=en,Hichem Cook
7582520551592805138,tiktok,cat cats,@مراد مراد @محمد تامر,2026-01-28T13:52:11.357988,0,7581558363994033428,https://www.tiktok.com/@hichamcook/video/7581558363994033428?lang=en,Hichem Cook
7582280040549745428,tiktok,Anis DZ,@amir 🇳🇱🫶🇩🇿giudoum🐊 @لاكاص البيت التابعين @🇩🇿فتحي مساعدي 🇩🇿,2026-01-28T13:52:11.357990,0,7581558363994033428,https://www.tiktok.com/@hichamcook/video/7581558363994033428?lang=en,Hichem Cook
7582267992438211336,tiktok,mr zien,@Sidou ali @Mouhamed Nadji,2026-01-28T13:52:11.357992,0,7581558363994033428,https://www.tiktok.com/@hichamcook/video/7581558363994033428?lang=en,Hichem Cook
7582237165854655288,tiktok,concepteur sportif,😏😏😏,2026-01-28T13:52:11.357994,0,7581558363994033428,https://www.tiktok.com/@hichamcook/video/7581558363994033428?lang=en,Hichem Cook
7581948646130238216,tiktok,Tarek Mca,😂😂😂😂😂,2026-01-28T13:52:11.357996,0,7581558363994033428,https://www.tiktok.com/@hichamcook/video/7581558363994033428?lang=en,Hichem Cook
7581938625957446416,tiktok,اولادي حياتي,@Baya𝒏𐬠  @Laian Asil,2026-01-28T13:52:11.357998,0,7581558363994033428,https://www.tiktok.com/@hichamcook/video/7581558363994033428?lang=en,Hichem Cook
7581938655922684690,tiktok,🦩💖,@Zäki Zëd 😈🇩🇿 @لالة مارية,2026-01-28T13:52:11.358000,0,7581558363994033428,https://www.tiktok.com/@hichamcook/video/7581558363994033428?lang=en,Hichem Cook
7581852999061504788,tiktok,معا تحلى الحياة,@brahim elgoutni @Boub boub,2026-01-28T13:52:11.358002,0,7581558363994033428,https://www.tiktok.com/@hichamcook/video/7581558363994033428?lang=en,Hichem Cook
7581848901437145878,tiktok,kamel 👍,🥰🥰🥰,2026-01-28T13:52:11.358004,0,7581558363994033428,https://www.tiktok.com/@hichamcook/video/7581558363994033428?lang=en,Hichem Cook
7581840138339926802,tiktok,القرءان الكريم,@TIRAMISU Classico @الســيـاحــة ❤️‍🔥🦅,2026-01-28T13:52:11.358006,0,7581558363994033428,https://www.tiktok.com/@hichamcook/video/7581558363994033428?lang=en,Hichem Cook
7581831838849008406,tiktok,Soy anónimo,@aliliabedou @🎖آلَزٍعٌيَمً🎩35🎖 🥰,2026-01-28T13:52:11.358007,0,7581558363994033428,https://www.tiktok.com/@hichamcook/video/7581558363994033428?lang=en,Hichem Cook
7581653105097671446,tiktok,Aissa abdelli 🇩🇿,@ja wa d @Laura 🇩🇿 🇫🇷 @Śïņ Ÿørïtã,2026-01-28T13:52:11.358009,0,7581558363994033428,https://www.tiktok.com/@hichamcook/video/7581558363994033428?lang=en,Hichem Cook
7581640693056930578,tiktok,boukelamouloud,❤❤❤,2026-01-28T13:52:11.358011,0,7581558363994033428,https://www.tiktok.com/@hichamcook/video/7581558363994033428?lang=en,Hichem Cook
7581635082868900616,tiktok,هواري عبدات,@Bettini nouar @ramzitm1,2026-01-28T13:52:11.358012,0,7581558363994033428,https://www.tiktok.com/@hichamcook/video/7581558363994033428?lang=en,Hichem Cook
7581619058006164225,tiktok,David,@سليم الاكول بطل العالم 🤣🤣🤣@سليم الاكول,2026-01-28T13:52:11.358014,0,7581558363994033428,https://www.tiktok.com/@hichamcook/video/7581558363994033428?lang=en,Hichem Cook
7581618235364328200,tiktok,salas slimani,@😀 LES APACH 😀 @Mustapha Mallem,2026-01-28T13:52:11.358015,0,7581558363994033428,https://www.tiktok.com/@hichamcook/video/7581558363994033428?lang=en,Hichem Cook
7581615357879386891,tiktok,naser seghir,😳😳😳,2026-01-28T13:52:11.358017,0,7581558363994033428,https://www.tiktok.com/@hichamcook/video/7581558363994033428?lang=en,Hichem Cook
7581612557103498004,tiktok,milina,@ćélià @kamal samar 504 hhhhh,2026-01-28T13:52:11.358019,0,7581558363994033428,https://www.tiktok.com/@hichamcook/video/7581558363994033428?lang=en,Hichem Cook
7581604640899449612,tiktok,Ahmed chelihi,@äbőŭ al'awzaei @saad chelihi,2026-01-28T13:52:11.358020,0,7581558363994033428,https://www.tiktok.com/@hichamcook/video/7581558363994033428?lang=en,Hichem Cook
7581598563454698261,tiktok,Sissi gentillesse,@boutique valmira,2026-01-28T13:52:12.329669,0,7581558363994033428,https://www.tiktok.com/@hichamcook/video/7581558363994033428?lang=en,Hichem Cook
7581595274716562183,tiktok,ابو عبد الرحمان 🇩🇿,🤣🤣🤣🤣,2026-01-28T13:52:12.329678,0,7581558363994033428,https://www.tiktok.com/@hichamcook/video/7581558363994033428?lang=en,Hichem Cook
7581594509861110546,tiktok,🦢,@Ruxim0 @lydia🩰,2026-01-28T13:52:12.329680,0,7581558363994033428,https://www.tiktok.com/@hichamcook/video/7581558363994033428?lang=en,Hichem Cook
7581588338461950728,tiktok,Bilal Chandarli,@kaaster👻🤘 @siradj_benali,2026-01-28T13:52:12.329682,0,7581558363994033428,https://www.tiktok.com/@hichamcook/video/7581558363994033428?lang=en,Hichem Cook
7581578727823295253,tiktok,WaLiD 👀💯,@flicha lakmora @Islem ❤️💚,2026-01-28T13:52:12.329684,0,7581558363994033428,https://www.tiktok.com/@hichamcook/video/7581558363994033428?lang=en,Hichem Cook
7581576757057438475,tiktok,cest_toufik,@𝐑𝐀𝐘𝐀𝐍🐺 @أمين,2026-01-28T13:52:12.329686,0,7581558363994033428,https://www.tiktok.com/@hichamcook/video/7581558363994033428?lang=en,Hichem Cook
7581576721935188754,tiktok,فلاشة 🧚,@👑🇩🇿أم عبد النور🇩🇿👑 @كابي اكاديمي الصفحة الرسميه @🪽🪞🧸ألماسة🧚𝔎𝔢𝔫𝔷𝔞🧸🪞🪽 @Ibtihaj sadja,2026-01-28T13:52:12.329688,0,7581558363994033428,https://www.tiktok.com/@hichamcook/video/7581558363994033428?lang=en,Hichem Cook
7581576467097305874,tiktok,فلاشة 🧚,@Miral عام. وانا ناكل علام 😂,2026-01-28T13:52:12.329690,0,7581558363994033428,https://www.tiktok.com/@hichamcook/video/7581558363994033428?lang=en,Hichem Cook
7581576390777357063,tiktok,فلاشة 🧚,@Miral,2026-01-28T13:52:12.329692,0,7581558363994033428,https://www.tiktok.com/@hichamcook/video/7581558363994033428?lang=en,Hichem Cook
7581575058860212999,tiktok,nani Spin,@Assil Moh @radouane Bouslama,2026-01-28T13:52:12.329694,0,7581558363994033428,https://www.tiktok.com/@hichamcook/video/7581558363994033428?lang=en,Hichem Cook
7581574578423087892,tiktok,Sa My,@hicham box💪 @Le S 🏴‍☠️ n9asmou 365 youm ela 3 tih fayta 100 youm nrouho koul youm hâta tkhallas 😂😂😂,2026-01-28T13:52:12.329696,0,7581558363994033428,https://www.tiktok.com/@hichamcook/video/7581558363994033428?lang=en,Hichem Cook
7581573821598663442,tiktok,𝐌𝐀𝐋𝐄𝐊,@islam.souag @FO U ZI,2026-01-28T13:52:12.329697,0,7581558363994033428,https://www.tiktok.com/@hichamcook/video/7581558363994033428?lang=en,Hichem Cook
7581572218091029255,tiktok,mouhmedarizki,😂😂😂,2026-01-28T13:52:12.329699,0,7581558363994033428,https://www.tiktok.com/@hichamcook/video/7581558363994033428?lang=en,Hichem Cook
7581571268907287304,tiktok,Moh Madrid8488,❤️❤️❤️,2026-01-28T13:52:12.329701,0,7581558363994033428,https://www.tiktok.com/@hichamcook/video/7581558363994033428?lang=en,Hichem Cook
7581568371650151175,tiktok,شمس الضحى785,🥰🥰🥰,2026-01-28T13:52:12.329702,0,7581558363994033428,https://www.tiktok.com/@hichamcook/video/7581558363994033428?lang=en,Hichem Cook
7581567827758760712,tiktok,Kakashi 🖤,@KarimStream @KASTER GAMING,2026-01-28T13:52:12.329704,0,7581558363994033428,https://www.tiktok.com/@hichamcook/video/7581558363994033428?lang=en,Hichem Cook
7581566856651080466,tiktok,Àlilo Çhînkû,@Oussa Ma @ @⚡LeR⚡,2026-01-28T13:52:12.329706,0,7581558363994033428,https://www.tiktok.com/@hichamcook/video/7581558363994033428?lang=en,Hichem Cook
7581566265501172487,tiktok,elbrag,@s-n-pub @Achouche Mohamed,2026-01-28T13:52:12.329708,0,7581558363994033428,https://www.tiktok.com/@hichamcook/video/7581558363994033428?lang=en,Hichem Cook
7581565859769631496,tiktok,Rabah,@Anime Slaayer @The_mask,2026-01-28T13:52:12.329709,0,7581558363994033428,https://www.tiktok.com/@hichamcook/video/7581558363994033428?lang=en,Hichem Cook
7581562523587642130,tiktok,Sandra Nina,@Rachid Meddahi @Djamel Benrabha,2026-01-28T13:52:12.329711,0,7581558363994033428,https://www.tiktok.com/@hichamcook/video/7581558363994033428?lang=en,Hichem Cook
7581560370075583253,tiktok,pànàmê 🇲🇫🥀🗼,😂😂😂,2026-01-28T13:52:13.461034,0,7581558363994033428,https://www.tiktok.com/@hichamcook/video/7581558363994033428?lang=en,Hichem Cook
7581583239259063047,tiktok,Djamal Dinne Salah,@TOUMI 🔰 @mouhamed amairia,2026-01-28T13:52:13.461043,1,7581558363994033428,https://www.tiktok.com/@hichamcook/video/7581558363994033428?lang=en,Hichem Cook
7581571885117309707,tiktok,Kops Mehdi,Asooma,2026-01-28T13:52:13.461046,0,7581558363994033428,https://www.tiktok.com/@hichamcook/video/7581558363994033428?lang=en,Hichem Cook
7582222761672622851,tiktok,DA3EDI KAN !!,dajehnith,2026-01-28T13:52:13.461048,0,7581558363994033428,https://www.tiktok.com/@hichamcook/video/7581558363994033428?lang=en,Hichem Cook
7581586608425878293,tiktok,Yacin bk,Laziz,2026-01-28T13:52:13.461050,0,7581558363994033428,https://www.tiktok.com/@hichamcook/video/7581558363994033428?lang=en,Hichem Cook
7581576349384475399,tiktok,فلاشة 🧚,@𝓜𝓲 𝓵𝓵𝓲𝔁𝓪'𝓼 𝓼𝔀𝓮𝓮𝓽,2026-01-28T13:52:13.461052,0,7581558363994033428,https://www.tiktok.com/@hichamcook/video/7581558363994033428?lang=en,Hichem Cook
7581585534386488085,tiktok,🔥✓[الجوكر]✓🔥🇩🇿,عزة نفسي متسمحليش خويا روجي على جال زوج حبات فريت وبرڨر بالييض 😏😏,2026-01-28T13:52:13.461054,2,7581558363994033428,https://www.tiktok.com/@hichamcook/video/7581558363994033428?lang=en,Hichem Cook
7585363052561269525,tiktok,Sophie 😍,و عام وهو اشوف وجهك 🤣,2026-01-28T13:52:13.461055,0,7581558363994033428,https://www.tiktok.com/@hichamcook/video/7581558363994033428?lang=en,Hichem Cook
7585309719496426262,tiktok,Arkitecto Solo,دوبارة عندك,2026-01-28T13:52:13.461057,0,7581558363994033428,https://www.tiktok.com/@hichamcook/video/7581558363994033428?lang=en,Hichem Cook
7582598207940182802,tiktok,أماني1975,باش نشقى للشراقة في طرنسبور ناكل بدراهم الطراجي زوج طاكوس مفرمجين قدام الدار ونزيد نديسر,2026-01-28T13:52:13.461059,0,7581558363994033428,https://www.tiktok.com/@hichamcook/video/7581558363994033428?lang=en,Hichem Cook
7582309835597841163,tiktok,AC Capello,سكر يا سكر 💪❣💪❣️يفشلني هاد لبنادم,2026-01-28T13:52:13.461061,0,7581558363994033428,https://www.tiktok.com/@hichamcook/video/7581558363994033428?lang=en,Hichem Cook
7582253968610738957,tiktok,nadjme✨,خبز بلبيض,2026-01-28T13:52:13.461063,0,7581558363994033428,https://www.tiktok.com/@hichamcook/video/7581558363994033428?lang=en,Hichem Cook
7581974163600327446,tiktok,lotfi,هكذا بعد 365 يوم تربح مرض السكر😂😂😂,2026-01-28T13:52:13.461064,0,7581558363994033428,https://www.tiktok.com/@hichamcook/video/7581558363994033428?lang=en,Hichem Cook
7581921152889864967,tiktok,Maria kannika,لي يربح يولي كي يروح و يشوفوه راه المحل يستغفرو ههههههه,2026-01-28T13:52:13.461066,0,7581558363994033428,https://www.tiktok.com/@hichamcook/video/7581558363994033428?lang=en,Hichem Cook
7581905362166317836,tiktok,miloulou,طاحلك السوووووق😁😁,2026-01-28T13:52:13.461068,0,7581558363994033428,https://www.tiktok.com/@hichamcook/video/7581558363994033428?lang=en,Hichem Cook
7581830003828261639,tiktok,Mohamed Hellale,mi lzme fetore wa3cha 😂😂😂,2026-01-28T13:52:13.461069,0,7581558363994033428,https://www.tiktok.com/@hichamcook/video/7581558363994033428?lang=en,Hichem Cook
7581762391210607382,tiktok,MSB,كل يوم ؟؟ همبرجر 5 او 6 مرات يطلبهم دراهم,2026-01-28T13:52:13.461071,0,7581558363994033428,https://www.tiktok.com/@hichamcook/video/7581558363994033428?lang=en,Hichem Cook
7580812076118934280,tiktok,مملكة الكرانتيكا أبو الارقم,ههههه,2026-01-28T13:52:26.359248,201,7580806259352358164,https://www.tiktok.com/@hichamcook/video/7580806259352358164?lang=en,Hichem Cook
7580821802743153416,tiktok,للحياة بقية,هههههه 250جبلي 3جاجات ندوزن بيهم شهر,2026-01-28T13:52:26.359262,81,7580806259352358164,https://www.tiktok.com/@hichamcook/video/7580806259352358164?lang=en,Hichem Cook
7598279219495994113,tiktok,🏕️,ليفريزو كاين هشام؟؟,2026-01-28T13:52:26.359264,0,7580806259352358164,https://www.tiktok.com/@hichamcook/video/7580806259352358164?lang=en,Hichem Cook
7581991204117807893,tiktok,Yousra B maths,ياخي مزال العرض غدوة؟,2026-01-28T13:52:26.359266,1,7580806259352358164,https://www.tiktok.com/@hichamcook/video/7580806259352358164?lang=en,Hichem Cook
7581207598616232722,tiktok,rip_mango67 🥭☭,ياك مقسومة هشام,2026-01-28T13:52:26.359268,85,7580806259352358164,https://www.tiktok.com/@hichamcook/video/7580806259352358164?lang=en,Hichem Cook
7583438865513710354,tiktok,parano dz (31)☠️,يرضا علينا ربي مشي نسانا😘,2026-01-28T13:52:26.359270,0,7580806259352358164,https://www.tiktok.com/@hichamcook/video/7580806259352358164?lang=en,Hichem Cook
7582360468921025287,tiktok,wslll🥰🥰,ام محمد راهي في قلبك ياك,2026-01-28T13:52:26.359274,0,7580806259352358164,https://www.tiktok.com/@hichamcook/video/7580806259352358164?lang=en,Hichem Cook
7580807721172108049,tiktok,💙🧡(abdrhim)🤪🤪•••,هشام نتحداك بيتزا ب 200,2026-01-28T13:52:26.359307,4,7580806259352358164,https://www.tiktok.com/@hichamcook/video/7580806259352358164?lang=en,Hichem Cook
7581169151247745799,tiktok,x-Abdo18,تحيا بيزا تع أفرنك,2026-01-28T13:52:26.359314,1,7580806259352358164,https://www.tiktok.com/@hichamcook/video/7580806259352358164?lang=en,Hichem Cook
7581579545901597458,tiktok,اسحاق,250نجيب بيها 5جاج محمر راه داير عندنا 50,2026-01-28T13:52:26.359316,4,7580806259352358164,https://www.tiktok.com/@hichamcook/video/7580806259352358164?lang=en,Hichem Cook
7596764416566952726,tiktok,le Roi d'Alsace.,هشام انا داير نقاب و ستار ما نقدرش نأكل هاذي البيتزا 💀,2026-01-28T13:52:26.359318,0,7580806259352358164,https://www.tiktok.com/@hichamcook/video/7580806259352358164?lang=en,Hichem Cook
7580823771650474770,tiktok,🇩🇿🇪🇸Hi Cham🇩🇿🇪🇸,بلا أمممممم شحال ؟,2026-01-28T13:52:26.359320,18,7580806259352358164,https://www.tiktok.com/@hichamcook/video/7580806259352358164?lang=en,Hichem Cook
7583298748630565652,tiktok,Ayo ub,250 نشري بيها سنكوشي,2026-01-28T13:52:26.359322,2,7580806259352358164,https://www.tiktok.com/@hichamcook/video/7580806259352358164?lang=en,Hichem Cook
7583416239121908500,tiktok,mamati,250نجيب بيهااا ليطرونش ستاك...نقلي وناكل حتي نطرطق😂😂😂😂😂😂تحيااا,2026-01-28T13:52:26.359324,1,7580806259352358164,https://www.tiktok.com/@hichamcook/video/7580806259352358164?lang=en,Hichem Cook
7581173587664995090,tiktok,Nadir Haddouche,بسم الله ماشاء الله ربي يعينك ❤️,2026-01-28T13:52:26.359326,0,7580806259352358164,https://www.tiktok.com/@hichamcook/video/7580806259352358164?lang=en,Hichem Cook
7580811797671904021,tiktok,أَنــْوَرْ •,لعزيز ياخو,2026-01-28T13:52:26.359327,342,7580806259352358164,https://www.tiktok.com/@hichamcook/video/7580806259352358164?lang=en,Hichem Cook
7580849120547734328,tiktok,"""تيارتي""w͠dㅤ",,2026-01-28T13:52:26.359329,47,7580806259352358164,https://www.tiktok.com/@hichamcook/video/7580806259352358164?lang=en,Hichem Cook
7583303290470286088,tiktok,Aymen Zn😈,بيناتنا خوتي هاديك هيا,2026-01-28T13:52:26.359334,7,7580806259352358164,https://www.tiktok.com/@hichamcook/video/7580806259352358164?lang=en,Hichem Cook
7584271555925164818,tiktok,Kakhder Benhled,زيد معها قرعا ليموناد تولي تحف,2026-01-28T13:52:26.359337,0,7580806259352358164,https://www.tiktok.com/@hichamcook/video/7580806259352358164?lang=en,Hichem Cook
7581546909878584085,tiktok,User user,لي يحب لاكلاص يروح عند هشام,2026-01-28T13:52:26.359339,0,7580806259352358164,https://www.tiktok.com/@hichamcook/video/7580806259352358164?lang=en,Hichem Cook
7581084394660627218,tiktok,Gobs Gobs,poulet fi mai 🤣🤣🤣 lala poulet fi juillet 🤣🤣🤣,2026-01-28T13:52:27.488223,2,7580806259352358164,https://www.tiktok.com/@hichamcook/video/7580806259352358164?lang=en,Hichem Cook
7580879919463514902,tiktok,max la menace,250الف عند السنكوشي تاكل بيها 2 هكتارات,2026-01-28T13:52:27.488232,24,7580806259352358164,https://www.tiktok.com/@hichamcook/video/7580806259352358164?lang=en,Hichem Cook
7585464235087905558,tiktok,Berny,"merguez, thon,camembert 😂 zidelha Nutella ou 9albelouze",2026-01-28T13:52:27.488234,0,7580806259352358164,https://www.tiktok.com/@hichamcook/video/7580806259352358164?lang=en,Hichem Cook
7585169597318464263,tiktok,😎🍯SUf i@ne💪💖,ياحفيظ!! يااسعاار هاهي,2026-01-28T13:52:27.488235,1,7580806259352358164,https://www.tiktok.com/@hichamcook/video/7580806259352358164?lang=en,Hichem Cook
7580843583307416327,tiktok,ابو عبد الرحمان 🇩🇿,توصيل عليك هشام غير هنا jolie vue,2026-01-28T13:52:27.488236,0,7580806259352358164,https://www.tiktok.com/@hichamcook/video/7580806259352358164?lang=en,Hichem Cook
7582710084381147912,tiktok,🅐🅞🅤🅓🅘 Rs,مليحة بيتزا 🍕 بالعظام خير من هدي,2026-01-28T13:52:27.488238,0,7580806259352358164,https://www.tiktok.com/@hichamcook/video/7580806259352358164?lang=en,Hichem Cook
7583106732861784849,tiktok,𝐙🪼,w ta3 wahrn nsitha kho,2026-01-28T13:52:27.488240,0,7580806259352358164,https://www.tiktok.com/@hichamcook/video/7580806259352358164?lang=en,Hichem Cook
7580861882522321682,tiktok,Samir Merzoug,والكامومبير راه فل وسط نتعاركو عليه😁😅,2026-01-28T13:52:27.488241,5,7580806259352358164,https://www.tiktok.com/@hichamcook/video/7580806259352358164?lang=en,Hichem Cook
7583031518366417682,tiktok,AYOUB,,2026-01-28T13:52:27.488242,1,7580806259352358164,https://www.tiktok.com/@hichamcook/video/7580806259352358164?lang=en,Hichem Cook
7581008235755668245,tiktok,abdelhalim,250 الف نسالك بها لكراء تاع شهر غند الدولة 😆😅😂🤣,2026-01-28T13:52:27.488244,0,7580806259352358164,https://www.tiktok.com/@hichamcook/video/7580806259352358164?lang=en,Hichem Cook
7584973369608962828,tiktok,hasoun👑🩷,كون قطعهتا نيشان نشريها,2026-01-28T13:52:27.488245,0,7580806259352358164,https://www.tiktok.com/@hichamcook/video/7580806259352358164?lang=en,Hichem Cook
7580897374677877507,tiktok,moussa__ta9,2500 نروح بيها حراق في indrive,2026-01-28T13:52:27.488246,1,7580806259352358164,https://www.tiktok.com/@hichamcook/video/7580806259352358164?lang=en,Hichem Cook
7585559556639572756,tiktok,Yacine Ketani,سطار لازم يكون كلاس,2026-01-28T13:52:27.488248,0,7580806259352358164,https://www.tiktok.com/@hichamcook/video/7580806259352358164?lang=en,Hichem Cook
7584845716808663825,tiktok,Ryane,Nn hadak howa le prix wa7da rahi b 600 da,2026-01-28T13:52:27.488249,0,7580806259352358164,https://www.tiktok.com/@hichamcook/video/7580806259352358164?lang=en,Hichem Cook
7581156711722926866,tiktok,Smail Assas,الله يبارك تستاهل والله بيتزا ماتسواش يقولك 150 كليت عندك كلش فور🥰,2026-01-28T13:52:27.488250,0,7580806259352358164,https://www.tiktok.com/@hichamcook/video/7580806259352358164?lang=en,Hichem Cook
7580861153431307015,tiktok,abstyle.25,جربهالنا فالنيقاب ماجيك,2026-01-28T13:52:27.488252,7,7580806259352358164,https://www.tiktok.com/@hichamcook/video/7580806259352358164?lang=en,Hichem Cook
7583010820407362315,tiktok,DM,ماهيش أمي باه ترضا عليا,2026-01-28T13:52:27.488253,0,7580806259352358164,https://www.tiktok.com/@hichamcook/video/7580806259352358164?lang=en,Hichem Cook
7587028351589008135,tiktok,🦋Mími🦋,حلمى ناكول عندو أن شاءالله يارب 🤲🏻 نزورو مع زوجى,2026-01-28T13:52:27.488256,0,7580806259352358164,https://www.tiktok.com/@hichamcook/video/7580806259352358164?lang=en,Hichem Cook
7580924274454692609,tiktok,Dz,250 تعيشني عام كامل ههههه😁😁,2026-01-28T13:52:27.488257,0,7580806259352358164,https://www.tiktok.com/@hichamcook/video/7580806259352358164?lang=en,Hichem Cook
7581079874495218434,tiktok,Djebril Djebriil,منستناش مرتي ترضا عليا بل عكس أنا لي لازم نرضى عليها رجال مش كيف كيف ✌️,2026-01-28T13:52:28.686212,1,7580806259352358164,https://www.tiktok.com/@hichamcook/video/7580806259352358164?lang=en,Hichem Cook
7581504185889506069,tiktok,nocha,2500 nachri bihom 3 jajat ychadoli 20 djour ntayab bihom makla skhona l radjli w wlidati khir,2026-01-28T13:52:28.686228,0,7580806259352358164,https://www.tiktok.com/@hichamcook/video/7580806259352358164?lang=en,Hichem Cook
7581140463853634311,tiktok,🔱 Djamelito 🔱,خويا هشام نتا دوبلي و هنا لالا !؟ 😂😂,2026-01-28T13:52:28.686235,0,7580806259352358164,https://www.tiktok.com/@hichamcook/video/7580806259352358164?lang=en,Hichem Cook
7580816925275865864,tiktok,213-27,هههه يحكي عن تجربة😂,2026-01-28T13:52:28.686238,1,7580806259352358164,https://www.tiktok.com/@hichamcook/video/7580806259352358164?lang=en,Hichem Cook
7580815452440871688,tiktok,Youcef Avm,lah ybarak khiiir m nta3 bazoka b malyar khtraaa,2026-01-28T13:52:28.686240,0,7580806259352358164,https://www.tiktok.com/@hichamcook/video/7580806259352358164?lang=en,Hichem Cook
7580836602043482898,tiktok,Oussama aissa,ربي يباركلك في رزقك أتهلى فالشعب هشام ربي يرزقك ماخير إن شاء الله,2026-01-28T13:52:28.686242,0,7580806259352358164,https://www.tiktok.com/@hichamcook/video/7580806259352358164?lang=en,Hichem Cook
7580898080981041976,tiktok,farid yamani,,2026-01-28T13:52:28.686245,0,7580806259352358164,https://www.tiktok.com/@hichamcook/video/7580806259352358164?lang=en,Hichem Cook
7580821748192641810,tiktok,chacal,2500 ندخل شريك مع ربراب,2026-01-28T13:52:28.686247,2,7580806259352358164,https://www.tiktok.com/@hichamcook/video/7580806259352358164?lang=en,Hichem Cook
7583986681684017928,tiktok,Y🅾️seph 🅱️arber ✂️,la pizza,2026-01-28T13:52:28.686249,1,7580806259352358164,https://www.tiktok.com/@hichamcook/video/7580806259352358164?lang=en,Hichem Cook
7580808342281732871,tiktok,Sergio Tacchini Baraki,نحب الحوت سمحلي,2026-01-28T13:52:28.686252,3,7580806259352358164,https://www.tiktok.com/@hichamcook/video/7580806259352358164?lang=en,Hichem Cook
7585590257149379349,tiktok,SaintFranchi,"I mean, that sounds like a fair deal all those ingredients n the size of the pizza yeah that’s a fair price",2026-01-28T13:52:28.686254,0,7580806259352358164,https://www.tiktok.com/@hichamcook/video/7580806259352358164?lang=en,Hichem Cook
7582373451928339221,tiktok,🦝CHAHINE🐺🇮🇹,هل سناريو سيعيد نفسه ؟,2026-01-28T13:52:28.686256,0,7580806259352358164,https://www.tiktok.com/@hichamcook/video/7580806259352358164?lang=en,Hichem Cook
7580977871805367048,tiktok,Omjana Promath,ووهران؟,2026-01-28T13:52:28.686259,0,7580806259352358164,https://www.tiktok.com/@hichamcook/video/7580806259352358164?lang=en,Hichem Cook
7587766355915440918,tiktok,Dino Dino,نجي للقبة نشله نلقى الباركينج برك,2026-01-28T13:52:28.686261,0,7580806259352358164,https://www.tiktok.com/@hichamcook/video/7580806259352358164?lang=en,Hichem Cook
7580819409753621266,tiktok,Mmm,وشحال راني حابة نجي نفطر عندو 👌,2026-01-28T13:52:28.686264,0,7580806259352358164,https://www.tiktok.com/@hichamcook/video/7580806259352358164?lang=en,Hichem Cook
7580930955930714902,tiktok,Toji__shid,لعزيز ديرلنا توصيل لتندوف و مدابيك توصل حامية,2026-01-28T13:52:28.686266,0,7580806259352358164,https://www.tiktok.com/@hichamcook/video/7580806259352358164?lang=en,Hichem Cook
7581547448695964434,tiktok,Rania Lehamel,شهتني,2026-01-28T13:52:28.686268,0,7580806259352358164,https://www.tiktok.com/@hichamcook/video/7580806259352358164?lang=en,Hichem Cook
7583629742121976584,tiktok,youba🔥🇦🇱,ديرنا فيك تيقة لعزيز,2026-01-28T13:52:28.686271,0,7580806259352358164,https://www.tiktok.com/@hichamcook/video/7580806259352358164?lang=en,Hichem Cook
7580907349168112400,tiktok,kamal-kd,Dirlna fi wahran (oran),2026-01-28T13:52:28.686273,0,7580806259352358164,https://www.tiktok.com/@hichamcook/video/7580806259352358164?lang=en,Hichem Cook
7581842928592323348,tiktok,Toni,تبيع بالعضة خويا هشام 😁,2026-01-28T13:52:28.686275,0,7580806259352358164,https://www.tiktok.com/@hichamcook/video/7580806259352358164?lang=en,Hichem Cook
7582557313404617490,tiktok,💫  𝑹𝑨𝑶𝑼𝑭  💫,منسحقوش حمزة ياك؟ [sticker],2026-01-28T13:52:28.690765,0,7580806259352358164,https://www.tiktok.com/@hichamcook/video/7580806259352358164?lang=en,Hichem Cook
7585651810809348882,tiktok,cylia821,Klit andkoum f le restaurant de elachour vraiment très bon est propre et frais et service rapide,2026-01-28T13:52:28.690774,0,7580806259352358164,https://www.tiktok.com/@hichamcook/video/7580806259352358164?lang=en,Hichem Cook
7581256135957725953,tiktok,sidou,9n3ni ki 9al promo,2026-01-28T13:52:28.690776,0,7580806259352358164,https://www.tiktok.com/@hichamcook/video/7580806259352358164?lang=en,Hichem Cook
7581157528383537928,tiktok,MOHAMED BAKOUR,livraison l bejaia kayenn?,2026-01-28T13:52:28.690778,0,7580806259352358164,https://www.tiktok.com/@hichamcook/video/7580806259352358164?lang=en,Hichem Cook
7581107428651238145,tiktok,Moham Med,هشام خويا مخصكمش بيتزايرو,2026-01-28T13:52:28.690780,0,7580806259352358164,https://www.tiktok.com/@hichamcook/video/7580806259352358164?lang=en,Hichem Cook
7581592998148883220,tiktok,Mohamed iyad,250 الف ناكل بيها شهر عند سنكوشي,2026-01-28T13:52:28.690782,0,7580806259352358164,https://www.tiktok.com/@hichamcook/video/7580806259352358164?lang=en,Hichem Cook
7581077694894736149,tiktok,luna,كيراهي فخاطري بيزا,2026-01-28T13:52:28.690785,0,7580806259352358164,https://www.tiktok.com/@hichamcook/video/7580806259352358164?lang=en,Hichem Cook
7581397919343297288,tiktok,M. D🇩🇿🖤⚜️,250 الف نجيب سنكوشي هو يطيب وانا ناكل لمدة 10 سنوات,2026-01-28T13:52:28.690787,0,7580806259352358164,https://www.tiktok.com/@hichamcook/video/7580806259352358164?lang=en,Hichem Cook
7582748648384905991,tiktok,Abdenour Djerourou,اسعار جيدة و الله العضيم بيتزا و داك طاكةس اللي درتو تاع ٨ بار,2026-01-28T13:52:28.690789,0,7580806259352358164,https://www.tiktok.com/@hichamcook/video/7580806259352358164?lang=en,Hichem Cook
7582878534859932423,tiktok,mourahzinedine ⵣ,مليحة ماشي غالية ❤👑,2026-01-28T13:52:28.690791,0,7580806259352358164,https://www.tiktok.com/@hichamcook/video/7580806259352358164?lang=en,Hichem Cook
7582269204281508628,tiktok,om❤djoudlouliahiba❤,كاين ليفريزون فلقبة,2026-01-28T13:52:28.690793,0,7580806259352358164,https://www.tiktok.com/@hichamcook/video/7580806259352358164?lang=en,Hichem Cook
7581164219404600086,tiktok,yamel13,😂😂😂😂😂Pitzza multi face,2026-01-28T13:52:29.662867,0,7580806259352358164,https://www.tiktok.com/@hichamcook/video/7580806259352358164?lang=en,Hichem Cook
7584567602460476178,tiktok,🌪️⚡younes assel🌪️⚡,راهو راضي عليك😂😂,2026-01-28T13:52:29.662884,0,7580806259352358164,https://www.tiktok.com/@hichamcook/video/7580806259352358164?lang=en,Hichem Cook
7580807978731815681,tiktok,Plombier GO,هشام لعزيز ❤️,2026-01-28T13:52:29.662888,0,7580806259352358164,https://www.tiktok.com/@hichamcook/video/7580806259352358164?lang=en,Hichem Cook
7580975904391168786,tiktok,هناء,كاين توصيل,2026-01-28T13:52:29.662891,0,7580806259352358164,https://www.tiktok.com/@hichamcook/video/7580806259352358164?lang=en,Hichem Cook
7587103765225947925,tiktok,wiwi_[wissam]🇩🇿🇪🇸,5oya win jaya restaurant dyalk?,2026-01-28T13:52:29.662894,0,7580806259352358164,https://www.tiktok.com/@hichamcook/video/7580806259352358164?lang=en,Hichem Cook
7581426331259683595,tiktok,💞Rafik Amine 💞,كملها الجمعة نجيب الاولاد ونجي هشام,2026-01-28T13:52:29.662896,0,7580806259352358164,https://www.tiktok.com/@hichamcook/video/7580806259352358164?lang=en,Hichem Cook
7580817719059022604,tiktok,soumina,250 ناكلها هبرة لحم موش عجتاجن,2026-01-28T13:52:29.662900,0,7580806259352358164,https://www.tiktok.com/@hichamcook/video/7580806259352358164?lang=en,Hichem Cook
7581147623102694165,tiktok,🇩🇿mimi 🇩🇿,فرع وهران نفس شي كاين برومو,2026-01-28T13:52:29.662904,0,7580806259352358164,https://www.tiktok.com/@hichamcook/video/7580806259352358164?lang=en,Hichem Cook
7581600817331061507,tiktok,Dovvparis,90% khir la pâte ou 10% ingrédients 😏,2026-01-28T13:52:29.662907,0,7580806259352358164,https://www.tiktok.com/@hichamcook/video/7580806259352358164?lang=en,Hichem Cook
7580823285869511432,tiktok,tayeb,es que fe oran,2026-01-28T13:52:29.662909,0,7580806259352358164,https://www.tiktok.com/@hichamcook/video/7580806259352358164?lang=en,Hichem Cook
7581509292642108182,tiktok,sarahdeese,allah ykhalili sahti ouyadiya pizza fi dari allah allah min arwa3 mayakoun 👌 250 mil t serieux,2026-01-28T13:52:29.662912,0,7580806259352358164,https://www.tiktok.com/@hichamcook/video/7580806259352358164?lang=en,Hichem Cook
7580818349103153937,tiktok,moumen_ama_,شابا,2026-01-28T13:52:29.662914,0,7580806259352358164,https://www.tiktok.com/@hichamcook/video/7580806259352358164?lang=en,Hichem Cook
7580828608307806984,tiktok,roberto123976,كلينا في باب الزوار,2026-01-28T13:52:29.662916,0,7580806259352358164,https://www.tiktok.com/@hichamcook/video/7580806259352358164?lang=en,Hichem Cook
7580808848489235201,tiktok,soloakram68,توصيل لوهران كاين,2026-01-28T13:52:29.662919,0,7580806259352358164,https://www.tiktok.com/@hichamcook/video/7580806259352358164?lang=en,Hichem Cook
7581142064176907026,tiktok,Abd Mounim Hani,وين جايا ريسطورو,2026-01-28T13:52:29.846500,0,7580806259352358164,https://www.tiktok.com/@hichamcook/video/7580806259352358164?lang=en,Hichem Cook
7582463043650650881,tiktok,Yas,خصني نتزوج مع شاف باش يطيبلي هاذ طياب بنين,2026-01-28T13:52:29.846509,0,7580806259352358164,https://www.tiktok.com/@hichamcook/video/7580806259352358164?lang=en,Hichem Cook
7581616234854433543,tiktok,ÁMĨ ŇË,وحدي متشبعنيش,2026-01-28T13:52:29.846512,0,7580806259352358164,https://www.tiktok.com/@hichamcook/video/7580806259352358164?lang=en,Hichem Cook
7585283683326968596,tiktok,Appuyez sur un élément pour le,الله يبارك,2026-01-28T13:52:29.846513,0,7580806259352358164,https://www.tiktok.com/@hichamcook/video/7580806259352358164?lang=en,Hichem Cook
7582729605054087944,tiktok,lila_h22,ندخل لاباج نجوع ونخرج ويكتا تفتح فروع في مستغانم,2026-01-28T13:52:29.846515,0,7580806259352358164,https://www.tiktok.com/@hichamcook/video/7580806259352358164?lang=en,Hichem Cook
7581180364379849493,tiktok,aissawes,حنا ب150 عندنا,2026-01-28T13:52:29.846517,0,7580806259352358164,https://www.tiktok.com/@hichamcook/video/7580806259352358164?lang=en,Hichem Cook
7581098562605286156,tiktok,ٕ,,2026-01-28T13:52:29.846518,0,7580806259352358164,https://www.tiktok.com/@hichamcook/video/7580806259352358164?lang=en,Hichem Cook
7581162861793510157,tiktok,SamiDrik♓🇺🇸,95000 k calories,2026-01-28T13:52:29.846519,0,7580806259352358164,https://www.tiktok.com/@hichamcook/video/7580806259352358164?lang=en,Hichem Cook
7581178848096895766,tiktok,akuma.ryu.08,تبان تشهي,2026-01-28T13:52:29.846521,0,7580806259352358164,https://www.tiktok.com/@hichamcook/video/7580806259352358164?lang=en,Hichem Cook
7586644938021307144,tiktok,صدام الجزائري.,😂😂😂😂 فووووور بزااف. هشام ربي يعاونك,2026-01-28T13:52:29.846524,0,7580806259352358164,https://www.tiktok.com/@hichamcook/video/7580806259352358164?lang=en,Hichem Cook
7592184763982856968,tiktok,user3086961806375,كاين في وهران,2026-01-28T13:52:29.846526,0,7580806259352358164,https://www.tiktok.com/@hichamcook/video/7580806259352358164?lang=en,Hichem Cook
7581167820094259990,tiktok,Sarah,Plus cholestérol,2026-01-28T13:52:29.846527,0,7580806259352358164,https://www.tiktok.com/@hichamcook/video/7580806259352358164?lang=en,Hichem Cook
7580893540667638546,tiktok,kameliakami,alh iberk 250 hadik hiya,2026-01-28T13:52:30.827523,0,7580806259352358164,https://www.tiktok.com/@hichamcook/video/7580806259352358164?lang=en,Hichem Cook
7580890031403287303,tiktok,TAKISHI PIZZA 🐢,a la my p,2026-01-28T13:52:30.827532,0,7580806259352358164,https://www.tiktok.com/@hichamcook/video/7580806259352358164?lang=en,Hichem Cook
7580835036351070994,tiktok,Fa Ti,أنا ناكل الوسط,2026-01-28T13:52:30.827536,0,7580806259352358164,https://www.tiktok.com/@hichamcook/video/7580806259352358164?lang=en,Hichem Cook
7580834021295784721,tiktok,sidahmedorif,🤣🤣🤣 hahaha Bismillah macha Allah,2026-01-28T13:52:30.827538,0,7580806259352358164,https://www.tiktok.com/@hichamcook/video/7580806259352358164?lang=en,Hichem Cook
7580824190199563024,tiktok,iman,احسن شاف ♥,2026-01-28T13:52:30.827539,0,7580806259352358164,https://www.tiktok.com/@hichamcook/video/7580806259352358164?lang=en,Hichem Cook
7581509765596660502,tiktok,Alain bylka,2000da c bien,2026-01-28T13:52:30.827541,0,7580806259352358164,https://www.tiktok.com/@hichamcook/video/7580806259352358164?lang=en,Hichem Cook
7581162368158794498,tiktok,Algérie-Actu,راك تخلص شويا الضرائب !؟,2026-01-28T13:52:31.472029,0,7580806259352358164,https://www.tiktok.com/@hichamcook/video/7580806259352358164?lang=en,Hichem Cook
7581127267431449362,tiktok,Mod Lux,غالية خونا,2026-01-28T13:52:31.472220,0,7580806259352358164,https://www.tiktok.com/@hichamcook/video/7580806259352358164?lang=en,Hichem Cook
7583759243279467271,tiktok,⚜️BOUZID⚜️,رانا دايرين فيك ثقة هشام .,2026-01-28T13:52:31.472228,0,7580806259352358164,https://www.tiktok.com/@hichamcook/video/7580806259352358164?lang=en,Hichem Cook
7581167917267174166,tiktok,sofianedouidi,c chère mon frère,2026-01-28T13:52:31.472230,0,7580806259352358164,https://www.tiktok.com/@hichamcook/video/7580806259352358164?lang=en,Hichem Cook
7585969295840101136,tiktok,user67330988411841,غالية,2026-01-28T13:52:31.472244,0,7580806259352358164,https://www.tiktok.com/@hichamcook/video/7580806259352358164?lang=en,Hichem Cook
7581776342472311560,tiktok,اسحاق,باينة 😊,2026-01-28T13:52:31.472248,0,7580806259352358164,https://www.tiktok.com/@hichamcook/video/7580806259352358164?lang=en,Hichem Cook
7582383707052475143,tiktok,Fou Fou,وين محل,2026-01-28T13:52:31.472250,0,7580806259352358164,https://www.tiktok.com/@hichamcook/video/7580806259352358164?lang=en,Hichem Cook
7582704561024238343,tiktok,rorocil,تشهي 😋😋,2026-01-28T13:52:31.472254,0,7580806259352358164,https://www.tiktok.com/@hichamcook/video/7580806259352358164?lang=en,Hichem Cook
7581443889988272914,tiktok,dj hocine chic choc,Merhi hhh,2026-01-28T13:52:31.472256,0,7580806259352358164,https://www.tiktok.com/@hichamcook/video/7580806259352358164?lang=en,Hichem Cook
7581125926626607879,tiktok,minou,بالتوفيق,2026-01-28T13:52:31.472258,0,7580806259352358164,https://www.tiktok.com/@hichamcook/video/7580806259352358164?lang=en,Hichem Cook
7581568201261581078,tiktok,Fouaz Hebbir,,2026-01-28T13:52:31.472259,0,7580806259352358164,https://www.tiktok.com/@hichamcook/video/7580806259352358164?lang=en,Hichem Cook
7581905313566294792,tiktok,ikram koki,مممممم😂😂😂😂,2026-01-28T13:52:31.472261,0,7580806259352358164,https://www.tiktok.com/@hichamcook/video/7580806259352358164?lang=en,Hichem Cook
7584822482327372562,tiktok,"""تيارتي""w͠dㅤ", [sticker],2026-01-28T13:52:31.472263,0,7580806259352358164,https://www.tiktok.com/@hichamcook/video/7580806259352358164?lang=en,Hichem Cook
7581503974768182032,tiktok,Abdelghani 300c,,2026-01-28T13:52:31.472265,0,7580806259352358164,https://www.tiktok.com/@hichamcook/video/7580806259352358164?lang=en,Hichem Cook
7581178208525124368,tiktok,Erling Haaland,بزااف,2026-01-28T13:52:31.472266,0,7580806259352358164,https://www.tiktok.com/@hichamcook/video/7580806259352358164?lang=en,Hichem Cook
7580817696612729621,tiktok,ْ,درنا فيك تقة لعزيز,2026-01-28T13:52:31.472268,1,7580806259352358164,https://www.tiktok.com/@hichamcook/video/7580806259352358164?lang=en,Hichem Cook
7581784641431683862,tiktok,bonoo.U2,c'est pas une pizza ça !!!! c'est de la bouffe,2026-01-28T13:52:31.472270,0,7580806259352358164,https://www.tiktok.com/@hichamcook/video/7580806259352358164?lang=en,Hichem Cook
7581539837812917014,tiktok,ooazrrrr,il y a rien comme viande sur la pizza,2026-01-28T13:52:31.472272,0,7580806259352358164,https://www.tiktok.com/@hichamcook/video/7580806259352358164?lang=en,Hichem Cook
7580846214149751569,tiktok,شاف كنزة💗,حجا شابة ربي يوفقك,2026-01-28T13:52:32.631232,0,7580806259352358164,https://www.tiktok.com/@hichamcook/video/7580806259352358164?lang=en,Hichem Cook
7580814864982737685,tiktok,Sarah Jasmine,خليها لسبت لجاية كي خلاصو الاختبارات,2026-01-28T13:52:32.631241,0,7580806259352358164,https://www.tiktok.com/@hichamcook/video/7580806259352358164?lang=en,Hichem Cook
7580824830506091271,tiktok,darcku,ديرلنا برومو في وهران,2026-01-28T13:52:32.631244,0,7580806259352358164,https://www.tiktok.com/@hichamcook/video/7580806259352358164?lang=en,Hichem Cook
7580830262905619217,tiktok,grea_T_ahero,disponible fi oran,2026-01-28T13:52:32.631247,0,7580806259352358164,https://www.tiktok.com/@hichamcook/video/7580806259352358164?lang=en,Hichem Cook
7580890234419987218,tiktok,🇩🇿❤️Wail benseghir🌹🖤,كاين توصيل لأدرار,2026-01-28T13:52:32.631250,0,7580806259352358164,https://www.tiktok.com/@hichamcook/video/7580806259352358164?lang=en,Hichem Cook
7580808430522319624,tiktok,T_/)/)erzak🇩🇿,فخامة,2026-01-28T13:52:32.631252,0,7580806259352358164,https://www.tiktok.com/@hichamcook/video/7580806259352358164?lang=en,Hichem Cook
7580807820867650322,tiktok,younes99be,باين بنين,2026-01-28T13:52:32.631255,0,7580806259352358164,https://www.tiktok.com/@hichamcook/video/7580806259352358164?lang=en,Hichem Cook
7580999329441219335,tiktok,Sou Ben,👍توب,2026-01-28T13:52:32.925472,0,7580806259352358164,https://www.tiktok.com/@hichamcook/video/7580806259352358164?lang=en,Hichem Cook
7580842708206764822,tiktok,Azzeddine Mataam,جيبها معاك هههههههه,2026-01-28T13:52:32.925487,0,7580806259352358164,https://www.tiktok.com/@hichamcook/video/7580806259352358164?lang=en,Hichem Cook
7580835276219056917,tiktok,👑👑Diamond Naziha💎💎💎👑👑,فهذي جبتها نيشان,2026-01-28T13:52:32.925490,0,7580806259352358164,https://www.tiktok.com/@hichamcook/video/7580806259352358164?lang=en,Hichem Cook
7580807931119272722,tiktok,M🥷🖤,,2026-01-28T13:52:33.644882,0,7580806259352358164,https://www.tiktok.com/@hichamcook/video/7580806259352358164?lang=en,Hichem Cook
7580819199090787079,tiktok,مول سيرتا 79 💪,30نلف متجيبليش بيتزا ولا كيفاه طلعني,2026-01-28T13:52:33.644894,0,7580806259352358164,https://www.tiktok.com/@hichamcook/video/7580806259352358164?lang=en,Hichem Cook
7580811315523699478,tiktok,zaza,2500dz hachouma wallah,2026-01-28T13:52:33.644897,1,7580806259352358164,https://www.tiktok.com/@hichamcook/video/7580806259352358164?lang=en,Hichem Cook
7580809861781390087,tiktok,Kader staoueli,,2026-01-28T13:52:33.644899,2,7580806259352358164,https://www.tiktok.com/@hichamcook/video/7580806259352358164?lang=en,Hichem Cook
7581060388800873234,tiktok,wafa.lolitta,a quel heure taghal9o 🙄🙄,2026-01-28T13:52:33.644902,0,7580806259352358164,https://www.tiktok.com/@hichamcook/video/7580806259352358164?lang=en,Hichem Cook
7580806045091693320,tiktok,Kœkį31,تشهي يعطيك الصحة ❤️,2026-01-28T13:52:33.644904,4,7580806259352358164,https://www.tiktok.com/@hichamcook/video/7580806259352358164?lang=en,Hichem Cook
7580812623051211576,tiktok,imad seba,درنا فيك تقة لعزيز,2026-01-28T13:52:33.644906,1,7580806259352358164,https://www.tiktok.com/@hichamcook/video/7580806259352358164?lang=en,Hichem Cook
7582310547745719048,tiktok,Ibra_him__21,,2026-01-28T13:52:39.492817,0,7580806259352358164,https://www.tiktok.com/@hichamcook/video/7580806259352358164?lang=en,Hichem Cook
7580849306283639569,tiktok,Sila Sisi,@Rafik lancien ta3radna?,2026-01-28T13:52:39.492836,0,7580806259352358164,https://www.tiktok.com/@hichamcook/video/7580806259352358164?lang=en,Hichem Cook
7596752104249721608,tiktok,عادل❤️‍🔥🤲,🥰🥰🥰,2026-01-28T13:52:39.492838,0,7580806259352358164,https://www.tiktok.com/@hichamcook/video/7580806259352358164?lang=en,Hichem Cook
7595536656553116432,tiktok,شہريہفة وأفتہخہࢪ,❤️❤️❤️,2026-01-28T13:52:39.492840,0,7580806259352358164,https://www.tiktok.com/@hichamcook/video/7580806259352358164?lang=en,Hichem Cook
7594626756880483094,tiktok,kabyle.kabyle,🤣🤣🤣🤣🤣🤣🤣,2026-01-28T13:52:39.492841,0,7580806259352358164,https://www.tiktok.com/@hichamcook/video/7580806259352358164?lang=en,Hichem Cook
7594215562852696840,tiktok,khaledkhouri3,❤️❤️❤️,2026-01-28T13:52:39.492843,0,7580806259352358164,https://www.tiktok.com/@hichamcook/video/7580806259352358164?lang=en,Hichem Cook
7593736769990050576,tiktok,s....31,❤️❤️❤️,2026-01-28T13:52:39.492844,0,7580806259352358164,https://www.tiktok.com/@hichamcook/video/7580806259352358164?lang=en,Hichem Cook
7593498952809923346,tiktok,NOURA YMMEL,😁,2026-01-28T13:52:39.492846,0,7580806259352358164,https://www.tiktok.com/@hichamcook/video/7580806259352358164?lang=en,Hichem Cook
7593457033636168455,tiktok,Sdk Brahim,😁,2026-01-28T13:52:39.492847,0,7580806259352358164,https://www.tiktok.com/@hichamcook/video/7580806259352358164?lang=en,Hichem Cook
7589617737359409937,tiktok,على باب الله,🥰🥰🥰,2026-01-28T13:52:39.492848,0,7580806259352358164,https://www.tiktok.com/@hichamcook/video/7580806259352358164?lang=en,Hichem Cook
7588867871654331157,tiktok,𝑎𝑚𝑎𝑟 𝑙𝑒ℎ𝑧𝑖𝑒𝑙,❤️❤️❤️,2026-01-28T13:52:39.492850,0,7580806259352358164,https://www.tiktok.com/@hichamcook/video/7580806259352358164?lang=en,Hichem Cook
7588219191862625080,tiktok,Noura C.A.M,👑,2026-01-28T13:52:39.492851,0,7580806259352358164,https://www.tiktok.com/@hichamcook/video/7580806259352358164?lang=en,Hichem Cook
7588219175828685624,tiktok,Noura C.A.M,🥰,2026-01-28T13:52:39.492856,0,7580806259352358164,https://www.tiktok.com/@hichamcook/video/7580806259352358164?lang=en,Hichem Cook
7586976935831126792,tiktok,Ripou Oudini,🌹🌹🌹,2026-01-28T13:52:39.492857,0,7580806259352358164,https://www.tiktok.com/@hichamcook/video/7580806259352358164?lang=en,Hichem Cook
7585966800745874194,tiktok,🌹✨️𝓡𝓸𝓼𝓮✨️🌹,😂🤣,2026-01-28T13:52:39.492859,0,7580806259352358164,https://www.tiktok.com/@hichamcook/video/7580806259352358164?lang=en,Hichem Cook
7585807959637263124,tiktok,Youcef,🥰,2026-01-28T13:52:39.492860,0,7580806259352358164,https://www.tiktok.com/@hichamcook/video/7580806259352358164?lang=en,Hichem Cook
7585683468614517522,tiktok,Khouloud Djilali,🥰,2026-01-28T13:52:39.492861,0,7580806259352358164,https://www.tiktok.com/@hichamcook/video/7580806259352358164?lang=en,Hichem Cook
7585290315499225876,tiktok,🌸Imane🌸,😅,2026-01-28T13:52:39.492862,0,7580806259352358164,https://www.tiktok.com/@hichamcook/video/7580806259352358164?lang=en,Hichem Cook
7584525810960384785,tiktok,amine,😂,2026-01-28T13:52:39.492863,0,7580806259352358164,https://www.tiktok.com/@hichamcook/video/7580806259352358164?lang=en,Hichem Cook
7584367791153038096,tiktok,Bushra 🇩🇿,😂😂😂😂😂😂😂😂😂😂😂,2026-01-28T13:52:39.492865,0,7580806259352358164,https://www.tiktok.com/@hichamcook/video/7580806259352358164?lang=en,Hichem Cook
7583677429589279506,tiktok,Anise 🖤🔥,😁,2026-01-28T13:52:40.332749,0,7580806259352358164,https://www.tiktok.com/@hichamcook/video/7580806259352358164?lang=en,Hichem Cook
7583380156950201096,tiktok,يوسف,💀💀💀,2026-01-28T13:52:40.332757,0,7580806259352358164,https://www.tiktok.com/@hichamcook/video/7580806259352358164?lang=en,Hichem Cook
7583306533905236737,tiktok,IVANKA trump,🥰,2026-01-28T13:52:40.332760,0,7580806259352358164,https://www.tiktok.com/@hichamcook/video/7580806259352358164?lang=en,Hichem Cook
7582959878470337281,tiktok,Moha,😂,2026-01-28T13:52:40.332762,0,7580806259352358164,https://www.tiktok.com/@hichamcook/video/7580806259352358164?lang=en,Hichem Cook
7582959875706848001,tiktok,Moha,🥰,2026-01-28T13:52:40.332764,0,7580806259352358164,https://www.tiktok.com/@hichamcook/video/7580806259352358164?lang=en,Hichem Cook
7582911441310434066,tiktok,Ramo,🤐🤐🤐🤐🤐,2026-01-28T13:52:40.332767,0,7580806259352358164,https://www.tiktok.com/@hichamcook/video/7580806259352358164?lang=en,Hichem Cook
7582220963702866696,tiktok,Salim_Amara,❤❤❤,2026-01-28T13:52:40.332769,0,7580806259352358164,https://www.tiktok.com/@hichamcook/video/7580806259352358164?lang=en,Hichem Cook
7581835292949660437,tiktok,ghanou😍🪡,@H😻 chdrna😂,2026-01-28T13:52:40.332771,0,7580806259352358164,https://www.tiktok.com/@hichamcook/video/7580806259352358164?lang=en,Hichem Cook
7581744577707754247,tiktok,djawad 31,❤,2026-01-28T13:52:40.332774,0,7580806259352358164,https://www.tiktok.com/@hichamcook/video/7580806259352358164?lang=en,Hichem Cook
7581580391385137927,tiktok,وبشر الصابرين,🥰,2026-01-28T13:52:40.332776,0,7580806259352358164,https://www.tiktok.com/@hichamcook/video/7580806259352358164?lang=en,Hichem Cook
7581537830884131592,tiktok,Oum Chamseddin,❤️❤️❤️,2026-01-28T13:52:40.332778,0,7580806259352358164,https://www.tiktok.com/@hichamcook/video/7580806259352358164?lang=en,Hichem Cook
7581508125981098770,tiktok,EDUCA+,250 ألف ناكل كويس تاع @Phobia Isaac,2026-01-28T13:52:40.332780,0,7580806259352358164,https://www.tiktok.com/@hichamcook/video/7580806259352358164?lang=en,Hichem Cook
7581491552813220624,tiktok,2pak,😂😂😂,2026-01-28T13:52:40.332782,0,7580806259352358164,https://www.tiktok.com/@hichamcook/video/7580806259352358164?lang=en,Hichem Cook
7581430205978346251,tiktok,didou_015❤️‍🔥♓️,😁😁😁,2026-01-28T13:52:40.332784,0,7580806259352358164,https://www.tiktok.com/@hichamcook/video/7580806259352358164?lang=en,Hichem Cook
7581425430360605448,tiktok,👑 Faycal 👑,🥰,2026-01-28T13:52:40.332786,0,7580806259352358164,https://www.tiktok.com/@hichamcook/video/7580806259352358164?lang=en,Hichem Cook
7581190660100440853,tiktok,Yasmine yasmin,🥰,2026-01-28T13:52:40.332788,0,7580806259352358164,https://www.tiktok.com/@hichamcook/video/7580806259352358164?lang=en,Hichem Cook
7581108042143367944,tiktok,Lyã Sõ ✨,😂😂😂,2026-01-28T13:52:40.332791,0,7580806259352358164,https://www.tiktok.com/@hichamcook/video/7580806259352358164?lang=en,Hichem Cook
7581057077180728072,tiktok,EDUCA+,250 ألف ناكل كويس تاع @Phobia Isaac,2026-01-28T13:52:40.332793,0,7580806259352358164,https://www.tiktok.com/@hichamcook/video/7580806259352358164?lang=en,Hichem Cook
7580999236213981959,tiktok,Sou Ben,🥰🥰🥰,2026-01-28T13:52:40.332795,0,7580806259352358164,https://www.tiktok.com/@hichamcook/video/7580806259352358164?lang=en,Hichem Cook
7580888888483529479,tiktok,شمس الضحى785,🥰🥰🥰,2026-01-28T13:52:40.332797,0,7580806259352358164,https://www.tiktok.com/@hichamcook/video/7580806259352358164?lang=en,Hichem Cook
7580869667884794625,tiktok,younes la classe,💚💚💚,2026-01-28T13:52:41.237009,0,7580806259352358164,https://www.tiktok.com/@hichamcook/video/7580806259352358164?lang=en,Hichem Cook
7580859012012262164,tiktok,Øbêîdã,💔💔💔,2026-01-28T13:52:41.237017,0,7580806259352358164,https://www.tiktok.com/@hichamcook/video/7580806259352358164?lang=en,Hichem Cook
7580832282525614866,tiktok,Bazookadz,😂😂,2026-01-28T13:52:41.237019,0,7580806259352358164,https://www.tiktok.com/@hichamcook/video/7580806259352358164?lang=en,Hichem Cook
7580830002335318804,tiktok,Tuba Maya,❤️❤️❤️,2026-01-28T13:52:41.237021,0,7580806259352358164,https://www.tiktok.com/@hichamcook/video/7580806259352358164?lang=en,Hichem Cook
7580828532327072519,tiktok,Maria allouane😍🥰,🥰🥰🥰,2026-01-28T13:52:41.237023,0,7580806259352358164,https://www.tiktok.com/@hichamcook/video/7580806259352358164?lang=en,Hichem Cook
7580828505245500168,tiktok,Maria allouane😍🥰,❤❤❤,2026-01-28T13:52:41.237025,0,7580806259352358164,https://www.tiktok.com/@hichamcook/video/7580806259352358164?lang=en,Hichem Cook
7580822685791339271,tiktok,Yasser 🥀🥊,2700 3am w ana nkol end @Adem❤️,2026-01-28T13:52:41.237027,0,7580806259352358164,https://www.tiktok.com/@hichamcook/video/7580806259352358164?lang=en,Hichem Cook
7580820290213790471,tiktok,عبدو 025,👍👍👍,2026-01-28T13:52:41.237028,0,7580806259352358164,https://www.tiktok.com/@hichamcook/video/7580806259352358164?lang=en,Hichem Cook
7580814684871377682,tiktok,Boucherie Arfi,❤️❤️❤️,2026-01-28T13:52:41.237030,0,7580806259352358164,https://www.tiktok.com/@hichamcook/video/7580806259352358164?lang=en,Hichem Cook
7580808814896874247,tiktok,Adel Boudhar,❤❤❤,2026-01-28T13:52:41.237032,0,7580806259352358164,https://www.tiktok.com/@hichamcook/video/7580806259352358164?lang=en,Hichem Cook
7580808725503263495,tiktok,bs_midou,♥♥♥,2026-01-28T13:52:41.237033,0,7580806259352358164,https://www.tiktok.com/@hichamcook/video/7580806259352358164?lang=en,Hichem Cook
7580807699605848839,tiktok,ya...mem🪽,اللهم فاطر السماوات والأرض عالم الغيب والشهادة رب كل شئ ومليكه اشهد ان لا الله الا أنت أعوذ بك من شر نفسي ومن شر الشيطان وشركه أن اقترف على نفسي سوء أو اجره إلى مسلم,2026-01-28T13:52:41.237035,2,7580806259352358164,https://www.tiktok.com/@hichamcook/video/7580806259352358164?lang=en,Hichem Cook
7580850761615278878,tiktok,djamal,tres tres mauvaise nocive pour voter santer 🥺🥺,2026-01-28T13:52:41.237037,1,7580806259352358164,https://www.tiktok.com/@hichamcook/video/7580806259352358164?lang=en,Hichem Cook
7581565814664250134,tiktok,T B131,"this food not all' healthy,it's like Macdonald food : crap foods",2026-01-28T13:52:41.237039,0,7580806259352358164,https://www.tiktok.com/@hichamcook/video/7580806259352358164?lang=en,Hichem Cook
7581161572967482133,tiktok,ys.dny,kon tziid meaha jus twli mliha,2026-01-28T13:52:41.237040,0,7580806259352358164,https://www.tiktok.com/@hichamcook/video/7580806259352358164?lang=en,Hichem Cook
7580908060051718919,tiktok,Sa ho54,تقعد وحدك مانجيش ليك,2026-01-28T13:52:41.237042,2,7580806259352358164,https://www.tiktok.com/@hichamcook/video/7580806259352358164?lang=en,Hichem Cook
7585139175768441611,tiktok,ƓooƓŁƐ\غوغل🇩🇿,😂😂😂😂😂😂😂😂😂كرشي,2026-01-28T13:52:41.237044,1,7580806259352358164,https://www.tiktok.com/@hichamcook/video/7580806259352358164?lang=en,Hichem Cook
7580835067078984456,tiktok,mina🦚,الميڨا من اليوم لازم تتباع بالقطر شحال فيه,2026-01-28T13:52:41.237046,0,7580806259352358164,https://www.tiktok.com/@hichamcook/video/7580806259352358164?lang=en,Hichem Cook
7598527596515722006,tiktok,La Luna,الناس راهي تشكي قالو راك طيب غالي بزاف,2026-01-28T13:52:41.237047,0,7580806259352358164,https://www.tiktok.com/@hichamcook/video/7580806259352358164?lang=en,Hichem Cook
7586460082239226642,tiktok,Saad San120,يا أخي رقم هاتف باه نحجز و انشاء الله نلقاها كما نتاع الفيديو,2026-01-28T13:52:41.237049,0,7580806259352358164,https://www.tiktok.com/@hichamcook/video/7580806259352358164?lang=en,Hichem Cook
7584999012316234497,tiktok,Rahyme,تسما نوكل مرتي pizza عند هشام كوك باش مرتي ترضا عليا ؟؟؟ 😣,2026-01-28T13:52:42.366318,0,7580806259352358164,https://www.tiktok.com/@hichamcook/video/7580806259352358164?lang=en,Hichem Cook
7583310752678691602,tiktok,Mahoma To,قسمها مليح خو,2026-01-28T13:52:42.366327,0,7580806259352358164,https://www.tiktok.com/@hichamcook/video/7580806259352358164?lang=en,Hichem Cook
7582279036803892000,tiktok,Chacha Oran,نتا خلعك كومبار ومخلعتكش 250,2026-01-28T13:52:42.366329,0,7580806259352358164,https://www.tiktok.com/@hichamcook/video/7580806259352358164?lang=en,Hichem Cook
7581880021226144534,tiktok,karim,Poison free.,2026-01-28T13:52:42.366331,0,7580806259352358164,https://www.tiktok.com/@hichamcook/video/7580806259352358164?lang=en,Hichem Cook
7581525947502461718,tiktok,G S 💎,أعطيها لمرتك تحب تأكل,2026-01-28T13:52:42.366332,0,7580806259352358164,https://www.tiktok.com/@hichamcook/video/7580806259352358164?lang=en,Hichem Cook
7581440975484486422,tiktok,مراد,ما يوافقكش😅 هو برك لي يدير 😂وسواردك فرنيهم عندو😌باه يصرف هو على شيكورتو,2026-01-28T13:52:42.366334,0,7580806259352358164,https://www.tiktok.com/@hichamcook/video/7580806259352358164?lang=en,Hichem Cook
7581166308500030230,tiktok,abdelghani Boussaid,Houwa hlel 3lih 2 eme femme hhhh,2026-01-28T13:52:42.366336,0,7580806259352358164,https://www.tiktok.com/@hichamcook/video/7580806259352358164?lang=en,Hichem Cook
7581147428011639574,tiktok,Amine,kerahtouna fi lebled,2026-01-28T13:52:42.366337,0,7580806259352358164,https://www.tiktok.com/@hichamcook/video/7580806259352358164?lang=en,Hichem Cook
7581047253598470930,tiktok,Riri nina,الدراري راهم مع ليڨزاما عاودها كي يكملو نجيبهم,2026-01-28T13:52:42.366338,0,7580806259352358164,https://www.tiktok.com/@hichamcook/video/7580806259352358164?lang=en,Hichem Cook
7580878049101988615,tiktok,ْ,😂😂😂,2026-01-28T13:52:42.366340,0,7580806259352358164,https://www.tiktok.com/@hichamcook/video/7580806259352358164?lang=en,Hichem Cook
7580877088711246614,tiktok,R🇩🇿,Une pizza de doberman,2026-01-28T13:52:42.366341,0,7580806259352358164,https://www.tiktok.com/@hichamcook/video/7580806259352358164?lang=en,Hichem Cook
7580867318902948630,tiktok,كرباش,كما ارضات عليك انت الأولى 🤣🤣🤣,2026-01-28T13:52:42.366343,0,7580806259352358164,https://www.tiktok.com/@hichamcook/video/7580806259352358164?lang=en,Hichem Cook
7580851510519694087,tiktok,mekyx°,دار اممم تع بنمري,2026-01-28T13:52:42.366344,0,7580806259352358164,https://www.tiktok.com/@hichamcook/video/7580806259352358164?lang=en,Hichem Cook
7580830377960817430,tiktok,Sigi helvetic,كوليسترول 😂🇨🇭😂🇨🇭😂👍,2026-01-28T13:52:42.366346,0,7580806259352358164,https://www.tiktok.com/@hichamcook/video/7580806259352358164?lang=en,Hichem Cook
7580829730793079570,tiktok,zina,250 الف نشوفها رخيصة,2026-01-28T13:52:42.366347,0,7580806259352358164,https://www.tiktok.com/@hichamcook/video/7580806259352358164?lang=en,Hichem Cook
7584801042954732296,tiktok,Sofiane Guenad,باش هي ترضى عليا 🤔🤔🤔 نوغمالمو هي تنقي الدوارة و تشوط البوزولوف و دير فطور شباب و تكون هي شابة و بلاك انا نرضى عليها 😏😏😏😏,2026-01-28T13:52:42.366349,0,7580806259352358164,https://www.tiktok.com/@hichamcook/video/7580806259352358164?lang=en,Hichem Cook
7581178595089957650,tiktok,M. D🇩🇿🖤⚜️,كانت غالية بصح كي زدتلها السيطرو هديك هي,2026-01-28T13:52:58.767090,145,7581177234438753556,https://www.tiktok.com/@hichamcook/video/7581177234438753556?lang=en,Hichem Cook
7581206790176506625,tiktok,🇪🇦abdellah🇵🇹,هاذيك هي خاوتي ليم راه غالي,2026-01-28T13:52:58.767475,23,7581177234438753556,https://www.tiktok.com/@hichamcook/video/7581177234438753556?lang=en,Hichem Cook
7599823863136879367,tiktok,Rosa,كل حبة ب 1000,2026-01-28T13:52:58.767478,0,7581177234438753556,https://www.tiktok.com/@hichamcook/video/7581177234438753556?lang=en,Hichem Cook
7582734278249775893,tiktok,َ,بلا قارص شحال 😂,2026-01-28T13:52:58.767480,0,7581177234438753556,https://www.tiktok.com/@hichamcook/video/7581177234438753556?lang=en,Hichem Cook
7581246923979047681,tiktok,mouhfegas,كون ماشي بروموسيون شحال,2026-01-28T13:52:58.767482,1,7581177234438753556,https://www.tiktok.com/@hichamcook/video/7581177234438753556?lang=en,Hichem Cook
7581033133065470738,tiktok,محمد صقر,500ناكل بيها حورية بحر بلا طياب😂,2026-01-28T13:52:58.767483,25,7581177234438753556,https://www.tiktok.com/@hichamcook/video/7581177234438753556?lang=en,Hichem Cook
7582344117712765716,tiktok,Lamine tamen,500الف تاكل 10هكتار بيتزا 🍕 عند سنكوشي,2026-01-28T13:52:58.767485,1,7581177234438753556,https://www.tiktok.com/@hichamcook/video/7581177234438753556?lang=en,Hichem Cook
7581521756381774608,tiktok,Tek9,شحال بلا سيطرون,2026-01-28T13:52:58.767486,1,7581177234438753556,https://www.tiktok.com/@hichamcook/video/7581177234438753556?lang=en,Hichem Cook
7581544518199116566,tiktok,ilyas59995,في فرانسا وماعندناش هاذ البري والله,2026-01-28T13:52:58.767488,2,7581177234438753556,https://www.tiktok.com/@hichamcook/video/7581177234438753556?lang=en,Hichem Cook
7581188217987875592,tiktok,SIFOU23🇲🇨,خسبت 250 نلف😂😂😂,2026-01-28T13:52:58.767489,7,7581177234438753556,https://www.tiktok.com/@hichamcook/video/7581177234438753556?lang=en,Hichem Cook
7581348724304134928,tiktok,🇬🇷abderrahmene benhalima🇬🇷,أو كي تهدر بالعربية شحال؟,2026-01-28T13:52:58.767491,1,7581177234438753556,https://www.tiktok.com/@hichamcook/video/7581177234438753556?lang=en,Hichem Cook
7584478167063872263,tiktok,Mohamed mahmoudi,500 الف نشري بيها صندوڨ سردينة نوكل فيلاج,2026-01-28T13:52:58.767492,1,7581177234438753556,https://www.tiktok.com/@hichamcook/video/7581177234438753556?lang=en,Hichem Cook
7581204172143887122,tiktok,Boubekri Boubekri,500 الف تحكملي شهر كل يوم نص لوبيا ونزيد,2026-01-28T13:52:58.767494,1,7581177234438753556,https://www.tiktok.com/@hichamcook/video/7581177234438753556?lang=en,Hichem Cook
7581181415590773522,tiktok,༄ᵈᶻ ᭄✿K_R࿐,500الف ناكل بيها عند سلطع برغر ❤️,2026-01-28T13:52:58.767495,1,7581177234438753556,https://www.tiktok.com/@hichamcook/video/7581177234438753556?lang=en,Hichem Cook
7582670633793258251,tiktok,Younes 🇩🇿,يا حصراه حسبتها ب 250,2026-01-28T13:52:58.767497,0,7581177234438753556,https://www.tiktok.com/@hichamcook/video/7581177234438753556?lang=en,Hichem Cook
7582269945754714900,tiktok,le routier,خمسميتالف نشري المحيط الهادئ وكل يوم ناكول,2026-01-28T13:52:58.767498,0,7581177234438753556,https://www.tiktok.com/@hichamcook/video/7581177234438753556?lang=en,Hichem Cook
7582346754835579655,tiktok,Rad. .wan,500 نتا معاها تخدم عندي ولا وحدها,2026-01-28T13:52:58.767500,0,7581177234438753556,https://www.tiktok.com/@hichamcook/video/7581177234438753556?lang=en,Hichem Cook
7587206422698574599,tiktok,Fœuzï FØUfæ,بلا سيطرون شحال,2026-01-28T13:52:58.767501,1,7581177234438753556,https://www.tiktok.com/@hichamcook/video/7581177234438753556?lang=en,Hichem Cook
7581511162442351378,tiktok,Nassim,كونجلي congelé,2026-01-28T13:52:58.767503,0,7581177234438753556,https://www.tiktok.com/@hichamcook/video/7581177234438753556?lang=en,Hichem Cook
7581507684827415314,tiktok,الشطية الشلف 02,500 ألف تهبط لابيشري تدخل معاهم شريك,2026-01-28T13:52:58.767504,3,7581177234438753556,https://www.tiktok.com/@hichamcook/video/7581177234438753556?lang=en,Hichem Cook
7581470544487908103,tiktok,Hakim Bourekoua,بلا حبة زيتون هاديك شحال يستقام,2026-01-28T13:52:59.691351,0,7581177234438753556,https://www.tiktok.com/@hichamcook/video/7581177234438753556?lang=en,Hichem Cook
7581535917337658128,tiktok,boss boss,hadi pr 2 enfants ..bref l7out ghali 3labmna mais matl3nch b les parole khouya,2026-01-28T13:52:59.691364,0,7581177234438753556,https://www.tiktok.com/@hichamcook/video/7581177234438753556?lang=en,Hichem Cook
7599359605277737749,tiktok,Mon Îr,أسعار في متناول لاعبيي ريال مدريد,2026-01-28T13:52:59.691368,0,7581177234438753556,https://www.tiktok.com/@hichamcook/video/7581177234438753556?lang=en,Hichem Cook
7600221051541127943,tiktok,Mohamed Touchi,بلا قارص شحال,2026-01-28T13:52:59.691371,0,7581177234438753556,https://www.tiktok.com/@hichamcook/video/7581177234438753556?lang=en,Hichem Cook
7582200809636807432,tiktok,khalinimani,restaurant l'espadonier el achour Haya Soma khir,2026-01-28T13:52:59.691373,0,7581177234438753556,https://www.tiktok.com/@hichamcook/video/7581177234438753556?lang=en,Hichem Cook
7581626396847358728,tiktok,عبدالقادر,كنت حسبها غالية مي كي زاد ليمون ديك هي سومتها خويا,2026-01-28T13:52:59.691376,0,7581177234438753556,https://www.tiktok.com/@hichamcook/video/7581177234438753556?lang=en,Hichem Cook
7581290983565034260,tiktok,Eddÿ Föu,قولي بلا هديك حبة زيتون و القارص شعال ؟,2026-01-28T13:52:59.691379,0,7581177234438753556,https://www.tiktok.com/@hichamcook/video/7581177234438753556?lang=en,Hichem Cook
7581462640570090262,tiktok,enarkom,اقسم بالله في بني صاف 250 الف,2026-01-28T13:52:59.691382,0,7581177234438753556,https://www.tiktok.com/@hichamcook/video/7581177234438753556?lang=en,Hichem Cook
7581541682644452103,tiktok,user4341111973741,en réalité c'est pas des promotions. les prix d'avant c'était vraiment exagéré,2026-01-28T13:52:59.691385,0,7581177234438753556,https://www.tiktok.com/@hichamcook/video/7581177234438753556?lang=en,Hichem Cook
7581285639716897554,tiktok,Ahmed sba,كاران كين بروموسيو هيشام؟,2026-01-28T13:52:59.691387,0,7581177234438753556,https://www.tiktok.com/@hichamcook/video/7581177234438753556?lang=en,Hichem Cook
7581529039296824072,tiktok,Bilal afraou,500 الف ناكل بها شهر عند المندبة,2026-01-28T13:52:59.691390,0,7581177234438753556,https://www.tiktok.com/@hichamcook/video/7581177234438753556?lang=en,Hichem Cook
7581541450053403410,tiktok,...... VIDA LOCA....,صبح شريت 2 حبات تاع حوت باكورة..بونيط 130 الف في زوج ناكل فيهم ثلثيام,2026-01-28T13:52:59.691392,0,7581177234438753556,https://www.tiktok.com/@hichamcook/video/7581177234438753556?lang=en,Hichem Cook
7589267335938016008,tiktok,Kader Blouz,500 نزيد شوية نشري فولكة ونصيدو أنا😁,2026-01-28T13:52:59.691396,0,7581177234438753556,https://www.tiktok.com/@hichamcook/video/7581177234438753556?lang=en,Hichem Cook
7581408989204759308,tiktok,la rosa,هادوك هو تزيدو عليها😁😁😁😁😁,2026-01-28T13:52:59.691398,0,7581177234438753556,https://www.tiktok.com/@hichamcook/video/7581177234438753556?lang=en,Hichem Cook
7582192928245875474,tiktok,The penther,وكي تنحي زوج حبات تع زيتون شحال,2026-01-28T13:52:59.691401,0,7581177234438753556,https://www.tiktok.com/@hichamcook/video/7581177234438753556?lang=en,Hichem Cook
7581270676507443986,tiktok,yousef 🇩🇿🇩🇿🇩🇿,خطرة كريت لبحر عام مسقامليش 500الف,2026-01-28T13:52:59.691404,0,7581177234438753556,https://www.tiktok.com/@hichamcook/video/7581177234438753556?lang=en,Hichem Cook
7581504908068537110,tiktok,Mehdi ♐,5000 دج 5 أيام و انا ناكل في داري,2026-01-28T13:52:59.691407,0,7581177234438753556,https://www.tiktok.com/@hichamcook/video/7581177234438753556?lang=en,Hichem Cook
7589729852996436753,tiktok,Mîdôũ😜,dmg ki jat promo si nn nji,2026-01-28T13:52:59.691409,0,7581177234438753556,https://www.tiktok.com/@hichamcook/video/7581177234438753556?lang=en,Hichem Cook
7581268882800542482,tiktok,🇧🇪Y🇧🇪,هادي برومو ب 500 ؟ تسما كانت اقل شيء ب 750 ؟ نشري بيها البحر الابيض المتوسط و نصيد وحدي,2026-01-28T13:52:59.691412,1,7581177234438753556,https://www.tiktok.com/@hichamcook/video/7581177234438753556?lang=en,Hichem Cook
7581598550023799574,tiktok,🖤charle black🖤,افتح عندنا فجيجل ناكلو عندك دايمن اسعار فالمتناول,2026-01-28T13:52:59.691415,0,7581177234438753556,https://www.tiktok.com/@hichamcook/video/7581177234438753556?lang=en,Hichem Cook
7581233171134251832,tiktok,EL KATALOUNI,تعجبني كي تقولهم نزيدولها السيترون,2026-01-28T13:53:00.556532,0,7581177234438753556,https://www.tiktok.com/@hichamcook/video/7581177234438753556?lang=en,Hichem Cook
7581268746448552712,tiktok,شعيب,يا خويا خاصني خدمة جاوبني ايه ولا لالا راني بعثتلك بريفي,2026-01-28T13:53:00.556548,0,7581177234438753556,https://www.tiktok.com/@hichamcook/video/7581177234438753556?lang=en,Hichem Cook
7582757487859843853,tiktok,Amel Washington,🤣🤣🤣🤣🤣🤣🤣 حبيت نشوف 🫏 لي راه ياكل عندو بهاذا سعر,2026-01-28T13:53:00.556551,0,7581177234438753556,https://www.tiktok.com/@hichamcook/video/7581177234438753556?lang=en,Hichem Cook
7581621277325312785,tiktok,Sneipēr.,قاله برومسيون.,2026-01-28T13:53:00.556553,0,7581177234438753556,https://www.tiktok.com/@hichamcook/video/7581177234438753556?lang=en,Hichem Cook
7581242351089238792,tiktok,R A M Z I,كي نجيب معايا الكسرة ونشڨّف المقلة شحال تسقاملي !!؟؟,2026-01-28T13:53:00.556554,0,7581177234438753556,https://www.tiktok.com/@hichamcook/video/7581177234438753556?lang=en,Hichem Cook
7581243678099931926,tiktok,max la menace,500الف ناكل كويس تاع محمد رغيس,2026-01-28T13:53:00.556557,0,7581177234438753556,https://www.tiktok.com/@hichamcook/video/7581177234438753556?lang=en,Hichem Cook
7581220055998038791,tiktok,DEKKICHEABDERRAHMANE,لازم زوج كيلو روز,2026-01-28T13:53:00.556558,0,7581177234438753556,https://www.tiktok.com/@hichamcook/video/7581177234438753556?lang=en,Hichem Cook
7581232004307665684,tiktok,Hicham Pêcheur,والله غير نشري كيلو صبادو او كيلو كريفيت او كيلو دوراد والله والله يفيضو دراهم,2026-01-28T13:53:00.556560,0,7581177234438753556,https://www.tiktok.com/@hichamcook/video/7581177234438753556?lang=en,Hichem Cook
7581221788228240136,tiktok,yahya🇩🇿,500 نشري 10 كيلو داندو,2026-01-28T13:53:00.556562,0,7581177234438753556,https://www.tiktok.com/@hichamcook/video/7581177234438753556?lang=en,Hichem Cook
7581228390397821716,tiktok,Mohamed iyad,يا خويا هشام 500 الف ناكل بيها شهرين طرنطيطة عند قديرو تع فروجة البليدة,2026-01-28T13:53:00.556564,0,7581177234438753556,https://www.tiktok.com/@hichamcook/video/7581177234438753556?lang=en,Hichem Cook
7581252968252883719,tiktok,myouz bahi,غير الطبسي خاوي شعال تنقاملي,2026-01-28T13:53:00.556565,0,7581177234438753556,https://www.tiktok.com/@hichamcook/video/7581177234438753556?lang=en,Hichem Cook
7582384339087426312,tiktok,MHD X GAME 👾🎮🕹️🖥️⌨️,و بلا سيترون شحال ؟,2026-01-28T13:53:00.556567,0,7581177234438753556,https://www.tiktok.com/@hichamcook/video/7581177234438753556?lang=en,Hichem Cook
7581204805735039766,tiktok,haydara,تسما المقلة المحروقة انتاعي نزيد نفوت بيها 2026,2026-01-28T13:53:00.556569,1,7581177234438753556,https://www.tiktok.com/@hichamcook/video/7581177234438753556?lang=en,Hichem Cook
7582962491169997576,tiktok,CLIM AUTO BRAHIM,كاين في باطوا كاسي .بلا حوت 3عيباد والله ما تكملوه معمر حوت ربي يبارك,2026-01-28T13:53:00.556571,0,7581177234438753556,https://www.tiktok.com/@hichamcook/video/7581177234438753556?lang=en,Hichem Cook
7581501560985010966,tiktok,ًSidUK123,Les gants sont trop trop chère pour ce restaurant,2026-01-28T13:53:00.556572,0,7581177234438753556,https://www.tiktok.com/@hichamcook/video/7581177234438753556?lang=en,Hichem Cook
7581253287182304018,tiktok,ah FL,بلا سلاد و الروز 1500 مليحا خاوتي,2026-01-28T13:53:00.556574,0,7581177234438753556,https://www.tiktok.com/@hichamcook/video/7581177234438753556?lang=en,Hichem Cook
7584973775412380427,tiktok,hasoun👑🩷,ليم داخل معاهم. ولا نخلصوه وحده,2026-01-28T13:53:00.556575,0,7581177234438753556,https://www.tiktok.com/@hichamcook/video/7581177234438753556?lang=en,Hichem Cook
7581244782769521415,tiktok,faridmalki60,كنت راح نقولك غالية بصح كي شفتك درت القارص قلت هاذيك هي😁,2026-01-28T13:53:00.556577,0,7581177234438753556,https://www.tiktok.com/@hichamcook/video/7581177234438753556?lang=en,Hichem Cook
7581449102451720978,tiktok,Abd Ellah,هادي كي تنوي دوقها تكمل مشي 2persen,2026-01-28T13:53:00.556579,0,7581177234438753556,https://www.tiktok.com/@hichamcook/video/7581177234438753556?lang=en,Hichem Cook
7581181579692327688,tiktok,Fayçal,بلا سيترون شحال خويا هشام,2026-01-28T13:53:00.556581,3,7581177234438753556,https://www.tiktok.com/@hichamcook/video/7581177234438753556?lang=en,Hichem Cook
7582332983929520903,tiktok,Younes parisien 🇩🇿🇨🇵,بلا سيترون شحال,2026-01-28T13:53:00.624252,0,7581177234438753556,https://www.tiktok.com/@hichamcook/video/7581177234438753556?lang=en,Hichem Cook
7581218862369506056,tiktok,ْ,سي هشام هذه شخصين ولا قطين,2026-01-28T13:53:01.228247,0,7581177234438753556,https://www.tiktok.com/@hichamcook/video/7581177234438753556?lang=en,Hichem Cook
7581214055197590294,tiktok,inconnu,كنورث نجي لعندك,2026-01-28T13:53:01.228256,0,7581177234438753556,https://www.tiktok.com/@hichamcook/video/7581177234438753556?lang=en,Hichem Cook
7582157931283677960,tiktok,salih,😂😂😂😂وكاين ليكول عندك ؟؟,2026-01-28T13:53:01.228258,0,7581177234438753556,https://www.tiktok.com/@hichamcook/video/7581177234438753556?lang=en,Hichem Cook
7581198817220723472,tiktok,0901090,وبلا زيتون بشحال,2026-01-28T13:53:01.228259,0,7581177234438753556,https://www.tiktok.com/@hichamcook/video/7581177234438753556?lang=en,Hichem Cook
7581195373269058311,tiktok,عو,منك سيريو 500 الف.,2026-01-28T13:53:01.228261,0,7581177234438753556,https://www.tiktok.com/@hichamcook/video/7581177234438753556?lang=en,Hichem Cook
7581208886163538696,tiktok,Kouachi خالد,كاين توصيل لسطيف,2026-01-28T13:53:01.228263,0,7581177234438753556,https://www.tiktok.com/@hichamcook/video/7581177234438753556?lang=en,Hichem Cook
7581197585000940306,tiktok,Mano,5000 و زيد ديرلها برومصيو,2026-01-28T13:53:01.228264,0,7581177234438753556,https://www.tiktok.com/@hichamcook/video/7581177234438753556?lang=en,Hichem Cook
7581218843692319510,tiktok,sala.zs,win raho crevettes 🤣?,2026-01-28T13:53:01.228266,0,7581177234438753556,https://www.tiktok.com/@hichamcook/video/7581177234438753556?lang=en,Hichem Cook
7581195721560261397,tiktok,Ragnar,500الف ناكل بيها كويس اناس عبدلي,2026-01-28T13:53:01.228267,0,7581177234438753556,https://www.tiktok.com/@hichamcook/video/7581177234438753556?lang=en,Hichem Cook
7591972133379736328,tiktok,issam23,شحال بلا سيترون,2026-01-28T13:53:01.228268,0,7581177234438753556,https://www.tiktok.com/@hichamcook/video/7581177234438753556?lang=en,Hichem Cook
7581531092504511250,tiktok,🌒💯 عاطف,كنت حاسبها غالية كي زدت السيطرو هذاك هو سوا سوا,2026-01-28T13:53:01.228270,0,7581177234438753556,https://www.tiktok.com/@hichamcook/video/7581177234438753556?lang=en,Hichem Cook
7581461915571045138,tiktok,الإســـــــلام ديـــن الحق🫂☝️,شوف فرنسي وشوي عربية مليون,2026-01-28T13:53:01.228271,0,7581177234438753556,https://www.tiktok.com/@hichamcook/video/7581177234438753556?lang=en,Hichem Cook
7582209117772563220,tiktok,mazin ben zahra,امنيتي نجي ناكل عندك انا متابع تاعك من بكري,2026-01-28T13:53:01.228272,0,7581177234438753556,https://www.tiktok.com/@hichamcook/video/7581177234438753556?lang=en,Hichem Cook
7581492783979954966,tiktok,Mohamed Bekai,بلا سيطرون بشحال 😂,2026-01-28T13:53:01.228274,0,7581177234438753556,https://www.tiktok.com/@hichamcook/video/7581177234438753556?lang=en,Hichem Cook
7581533396996981512,tiktok,fethi_mohib_eddine,plat hadak ki nkamal nakol nadih m3aya ?,2026-01-28T13:53:01.228275,0,7581177234438753556,https://www.tiktok.com/@hichamcook/video/7581177234438753556?lang=en,Hichem Cook
7581194534262063890,tiktok,Riad Madrid,ليسبادو شحال للغرام خويا هشام !؟ 😂,2026-01-28T13:53:01.228278,0,7581177234438753556,https://www.tiktok.com/@hichamcook/video/7581177234438753556?lang=en,Hichem Cook
7582721878143025928,tiktok,Mohamed lamine🇩🇿🇹🇹,Vive foufou khoua,2026-01-28T13:53:01.228280,0,7581177234438753556,https://www.tiktok.com/@hichamcook/video/7581177234438753556?lang=en,Hichem Cook
7581441676176327446,tiktok,Radouane Bebeto,c cher,2026-01-28T13:53:01.228281,0,7581177234438753556,https://www.tiktok.com/@hichamcook/video/7581177234438753556?lang=en,Hichem Cook
7587576693054194450,tiktok,Ilyes Haddadou,بلا سيترو شحال,2026-01-28T13:53:01.228283,0,7581177234438753556,https://www.tiktok.com/@hichamcook/video/7581177234438753556?lang=en,Hichem Cook
7581253495053189909,tiktok,Omar Omar,تسمى لوكان زادها رشة معدنوس تولي مليون😳😳,2026-01-28T13:53:02.325926,0,7581177234438753556,https://www.tiktok.com/@hichamcook/video/7581177234438753556?lang=en,Hichem Cook
7581234135915299591,tiktok,🌹 Fares 🌹,بلا قارص شحال تطيحلي؟,2026-01-28T13:53:02.325940,2,7581177234438753556,https://www.tiktok.com/@hichamcook/video/7581177234438753556?lang=en,Hichem Cook
7582344411612267282,tiktok,0542835901 imo reghaia,كي. تزيد الملح. شحال تولي,2026-01-28T13:53:02.325943,0,7581177234438753556,https://www.tiktok.com/@hichamcook/video/7581177234438753556?lang=en,Hichem Cook
7581614435157951239,tiktok,Mohamed@algeria,شحال بلا السيترون 🍋,2026-01-28T13:53:02.325944,0,7581177234438753556,https://www.tiktok.com/@hichamcook/video/7581177234438753556?lang=en,Hichem Cook
7581600827162084104,tiktok,Sofian jouker,وبلى سيطرو شعال,2026-01-28T13:53:02.325946,0,7581177234438753556,https://www.tiktok.com/@hichamcook/video/7581177234438753556?lang=en,Hichem Cook
7582934410694591240,tiktok,Nabil Adam Mouh,وين راهوا عايش هدا,2026-01-28T13:53:02.325947,0,7581177234438753556,https://www.tiktok.com/@hichamcook/video/7581177234438753556?lang=en,Hichem Cook
7582336216223728404,tiktok,user4030655098878,500تالف عند فوفو ناكل بيها سمانة,2026-01-28T13:53:02.325949,0,7581177234438753556,https://www.tiktok.com/@hichamcook/video/7581177234438753556?lang=en,Hichem Cook
7581786308226466578,tiktok,nadir nadir,ديرنا برومو ف لفريت تعيش,2026-01-28T13:53:02.325950,0,7581177234438753556,https://www.tiktok.com/@hichamcook/video/7581177234438753556?lang=en,Hichem Cook
7581503186328027912,tiktok,بن سلامة لتحطيم الاسعار,500ندخل شريك معا مول لحوت 😂,2026-01-28T13:53:02.325953,0,7581177234438753556,https://www.tiktok.com/@hichamcook/video/7581177234438753556?lang=en,Hichem Cook
7582983686747259649,tiktok,Cirta tnty,مع السترون ثاني ..,2026-01-28T13:53:02.325955,0,7581177234438753556,https://www.tiktok.com/@hichamcook/video/7581177234438753556?lang=en,Hichem Cook
7582269755898790676,tiktok,le routier,ولي ماعندوش كيفاش يشوف برك 😅,2026-01-28T13:53:02.325956,0,7581177234438753556,https://www.tiktok.com/@hichamcook/video/7581177234438753556?lang=en,Hichem Cook
7581532640403538695,tiktok,Céline 🥰🥰,هاديك هيا الليم راه 2500 للكيلو😒,2026-01-28T13:53:02.325958,0,7581177234438753556,https://www.tiktok.com/@hichamcook/video/7581177234438753556?lang=en,Hichem Cook
7581530192054797078,tiktok,tgr.foued,كي زدتلها القارص جات قد قد,2026-01-28T13:53:02.325959,0,7581177234438753556,https://www.tiktok.com/@hichamcook/video/7581177234438753556?lang=en,Hichem Cook
7581480506237453077,tiktok,fahd,5000 دج تشريلي مصروف للحوش تع 10 ايام كروط و فطور و عشاء 💝,2026-01-28T13:53:02.325961,0,7581177234438753556,https://www.tiktok.com/@hichamcook/video/7581177234438753556?lang=en,Hichem Cook
7581235597244400401,tiktok,Ha Roune,مانحبش الري 🤣,2026-01-28T13:53:02.325963,0,7581177234438753556,https://www.tiktok.com/@hichamcook/video/7581177234438753556?lang=en,Hichem Cook
7581227624267039510,tiktok,ponsi 320,,2026-01-28T13:53:02.325964,0,7581177234438753556,https://www.tiktok.com/@hichamcook/video/7581177234438753556?lang=en,Hichem Cook
7581195698148229908,tiktok,le L 👑,hhhh ارواح والله واش درت كامل بي 2500,2026-01-28T13:53:02.325966,0,7581177234438753556,https://www.tiktok.com/@hichamcook/video/7581177234438753556?lang=en,Hichem Cook
7581200476302426897,tiktok,❄️Lé..K🔥,بلا سيطرو شحال حبيبنا🙂,2026-01-28T13:53:02.325967,0,7581177234438753556,https://www.tiktok.com/@hichamcook/video/7581177234438753556?lang=en,Hichem Cook
7581297825847526166,tiktok,Ak-47,والله بزاف خونا راك في البلاد تحسب بالأورو؟؟؟,2026-01-28T13:53:02.325968,0,7581177234438753556,https://www.tiktok.com/@hichamcook/video/7581177234438753556?lang=en,Hichem Cook
7581497809771463447,tiktok,Salah eddine Gamoura,le poisson n est pas voilé,2026-01-28T13:53:02.325970,0,7581177234438753556,https://www.tiktok.com/@hichamcook/video/7581177234438753556?lang=en,Hichem Cook
7581269464769381142,tiktok,Djahid Ch,bled cher,2026-01-28T13:53:03.278776,0,7581177234438753556,https://www.tiktok.com/@hichamcook/video/7581177234438753556?lang=en,Hichem Cook
7581194580529234699,tiktok,moon_قمر,مشاء الله,2026-01-28T13:53:03.278788,0,7581177234438753556,https://www.tiktok.com/@hichamcook/video/7581177234438753556?lang=en,Hichem Cook
7581786002546426631,tiktok,Koki♥🫀🌺🍎,هادي متشبعنيش 🤣,2026-01-28T13:53:03.278790,0,7581177234438753556,https://www.tiktok.com/@hichamcook/video/7581177234438753556?lang=en,Hichem Cook
7599427592810906388,tiktok,البشير اللكلاص,الله يعاونك,2026-01-28T13:53:03.278792,0,7581177234438753556,https://www.tiktok.com/@hichamcook/video/7581177234438753556?lang=en,Hichem Cook
7581466854847562518,tiktok,sidveto5,,2026-01-28T13:53:03.278794,0,7581177234438753556,https://www.tiktok.com/@hichamcook/video/7581177234438753556?lang=en,Hichem Cook
7581836594086200080,tiktok,kader kadi,لوكان مزدتش سيطرو كنت غدي منجيش,2026-01-28T13:53:03.278796,0,7581177234438753556,https://www.tiktok.com/@hichamcook/video/7581177234438753556?lang=en,Hichem Cook
7581672783068807943,tiktok,Mokhtar 17,بلا قارص شحال؟,2026-01-28T13:53:03.278798,0,7581177234438753556,https://www.tiktok.com/@hichamcook/video/7581177234438753556?lang=en,Hichem Cook
7581197406982308664,tiktok,user3157806268398,500ألف ناكل هكتار بيتزا عند سنكوشي,2026-01-28T13:53:03.278800,3,7581177234438753556,https://www.tiktok.com/@hichamcook/video/7581177234438753556?lang=en,Hichem Cook
7582243140708303623,tiktok,❤️💫_sido_💫❤️,شحال بلا قارص,2026-01-28T13:53:03.278802,0,7581177234438753556,https://www.tiktok.com/@hichamcook/video/7581177234438753556?lang=en,Hichem Cook
7581615858880578325,tiktok,Naim nazim,رك لاباس عليك خويا,2026-01-28T13:53:03.278805,0,7581177234438753556,https://www.tiktok.com/@hichamcook/video/7581177234438753556?lang=en,Hichem Cook
7582281780302349074,tiktok,Abd elghefour,الله غالب كي ناس ولات تتتعشى بخمسمياتاف انا كنت راقد كي نضت انخلعت اسمحلي عمي هشام بصحتك,2026-01-28T13:53:03.278806,0,7581177234438753556,https://www.tiktok.com/@hichamcook/video/7581177234438753556?lang=en,Hichem Cook
7581226580200293132,tiktok,#Expert automobile ⁉️chez HS,هاكا ترونش تاع ليم 🍋‍🟩 راك حاسبه ترونت ميل هشام خويا,2026-01-28T13:53:03.278808,0,7581177234438753556,https://www.tiktok.com/@hichamcook/video/7581177234438753556?lang=en,Hichem Cook
7581842871964222228,tiktok,Toni,تبيع بالعضة خويا هشام 😁,2026-01-28T13:53:03.278810,0,7581177234438753556,https://www.tiktok.com/@hichamcook/video/7581177234438753556?lang=en,Hichem Cook
7582289398297789204,tiktok,OM Ayoub,غالية بصح مع سيترون ادك هو صوا صوا😁😁,2026-01-28T13:53:03.278812,0,7581177234438753556,https://www.tiktok.com/@hichamcook/video/7581177234438753556?lang=en,Hichem Cook
7581418231404397319,tiktok,ⵣ% ĞhïLêš_Łä3đami 🥂,hadi hiya m3a citron 🍋,2026-01-28T13:53:03.278814,0,7581177234438753556,https://www.tiktok.com/@hichamcook/video/7581177234438753556?lang=en,Hichem Cook
7589651481830621974,tiktok,Mohamed @🇫🇷,😂 والله لي رها ياكل ثم بصحتو,2026-01-28T13:53:03.278816,0,7581177234438753556,https://www.tiktok.com/@hichamcook/video/7581177234438753556?lang=en,Hichem Cook
7581270696064893714,tiktok,Boubaker 😈,C Cher,2026-01-28T13:53:03.278817,0,7581177234438753556,https://www.tiktok.com/@hichamcook/video/7581177234438753556?lang=en,Hichem Cook
7581277507883156232,tiktok,Firase Sayde,احسن مطعم لديه ديكور فخم واسعار معقولة في متناول لاعبين المنتخب الوطني ولاعبين اندية القسم المحترف الاول,2026-01-28T13:53:03.278819,0,7581177234438753556,https://www.tiktok.com/@hichamcook/video/7581177234438753556?lang=en,Hichem Cook
7581267530083386134,tiktok,chef cheriet,الله يرحم والديك انت طباخ ؟,2026-01-28T13:53:03.278821,0,7581177234438753556,https://www.tiktok.com/@hichamcook/video/7581177234438753556?lang=en,Hichem Cook
7581242559852757781,tiktok,Khaled Djahra,عههههههههههههههههههه,2026-01-28T13:53:03.278823,0,7581177234438753556,https://www.tiktok.com/@hichamcook/video/7581177234438753556?lang=en,Hichem Cook
7581813916087517974,tiktok,Madame pistache,5000 dinars c’est le prix d’un plateau pour 2 3 personnes !!!! Mais qui achete a ce prix ??,2026-01-28T13:53:03.947396,0,7581177234438753556,https://www.tiktok.com/@hichamcook/video/7581177234438753556?lang=en,Hichem Cook
7581614358840312578,tiktok,🅛🅐🅜 🅑🅨🅛🅚🅐 ⵣ,هاذيك هي خاوتي ليم راه غالي,2026-01-28T13:53:03.947410,0,7581177234438753556,https://www.tiktok.com/@hichamcook/video/7581177234438753556?lang=en,Hichem Cook
7581462100117226262,tiktok,Droit au but,C’est abusé au niveau du prix,2026-01-28T13:53:03.947422,0,7581177234438753556,https://www.tiktok.com/@hichamcook/video/7581177234438753556?lang=en,Hichem Cook
7581500894271062804,tiktok,Adda,trop trop Trop trooooooppppp chere,2026-01-28T13:53:04.845759,0,7581177234438753556,https://www.tiktok.com/@hichamcook/video/7581177234438753556?lang=en,Hichem Cook
7581508020690453266,tiktok,EDUCA+,,2026-01-28T13:53:04.845770,0,7581177234438753556,https://www.tiktok.com/@hichamcook/video/7581177234438753556?lang=en,Hichem Cook
7581752554485646087,tiktok,التمساح,500الف,2026-01-28T13:53:04.845772,0,7581177234438753556,https://www.tiktok.com/@hichamcook/video/7581177234438753556?lang=en,Hichem Cook
7593735368778744599,tiktok,2345,wach rak manaytek 5000 dn,2026-01-28T13:53:04.845774,0,7581177234438753556,https://www.tiktok.com/@hichamcook/video/7581177234438753556?lang=en,Hichem Cook
7581719287582229270,tiktok,ATH🇩🇿🇬🇷,kitkamal hicham khalili tabsi nghamas fih ba 100dn ma3lich??,2026-01-28T13:53:04.845776,0,7581177234438753556,https://www.tiktok.com/@hichamcook/video/7581177234438753556?lang=en,Hichem Cook
7581508769827504918,tiktok,Alain bylka,Mais c très chere frero,2026-01-28T13:53:04.845778,0,7581177234438753556,https://www.tiktok.com/@hichamcook/video/7581177234438753556?lang=en,Hichem Cook
7581996831406818050,tiktok,T B131,"Expendables,? 2 slices espadon , 1 dorade and few prawns :da 5000 😳",2026-01-28T13:53:04.845781,0,7581177234438753556,https://www.tiktok.com/@hichamcook/video/7581177234438753556?lang=en,Hichem Cook
7581262586853557015,tiktok,ramirochernan,la hana manich dacord 😳,2026-01-28T13:53:04.845783,0,7581177234438753556,https://www.tiktok.com/@hichamcook/video/7581177234438753556?lang=en,Hichem Cook
7584248978876465942,tiktok,Cheymim🫶🏼,Ça va pas les prix ???? Même en France ils osent pas,2026-01-28T13:53:04.845784,0,7581177234438753556,https://www.tiktok.com/@hichamcook/video/7581177234438753556?lang=en,Hichem Cook
7581633785949078290,tiktok,Michel Arka,awdi ghali bezaf je vais travaillé 3 jours travaux forcer en plus promtions je conseille tous le monde a ne pas venir au restaurant,2026-01-28T13:53:04.845786,0,7581177234438753556,https://www.tiktok.com/@hichamcook/video/7581177234438753556?lang=en,Hichem Cook
7584566662670779144,tiktok,Nori Norey Noré,Cétron 😂😂😂,2026-01-28T13:53:04.845788,0,7581177234438753556,https://www.tiktok.com/@hichamcook/video/7581177234438753556?lang=en,Hichem Cook
7581522608660185878,tiktok,djigou.B,Kache djilbabe,2026-01-28T13:53:04.845790,0,7581177234438753556,https://www.tiktok.com/@hichamcook/video/7581177234438753556?lang=en,Hichem Cook
7581194927641608981,tiktok,Ivar 0007,بلا سيترون برك شحال عندي 200 الف برك,2026-01-28T13:53:04.845791,1,7581177234438753556,https://www.tiktok.com/@hichamcook/video/7581177234438753556?lang=en,Hichem Cook
7582024090111869718,tiktok,Luka Lids,9iww,2026-01-28T13:53:04.845793,0,7581177234438753556,https://www.tiktok.com/@hichamcook/video/7581177234438753556?lang=en,Hichem Cook
7582292199409648391,tiktok,لصنامي،02,الرشة تاع المعدنوس مكاش غالية خويا,2026-01-28T13:53:04.845795,0,7581177234438753556,https://www.tiktok.com/@hichamcook/video/7581177234438753556?lang=en,Hichem Cook
7581516936199029511,tiktok,amine.harrachi1,Khalya bzafe,2026-01-28T13:53:04.845796,0,7581177234438753556,https://www.tiktok.com/@hichamcook/video/7581177234438753556?lang=en,Hichem Cook
7581216151369302816,tiktok,imed eddine achir,Bla çitron che7al,2026-01-28T13:53:04.845798,0,7581177234438753556,https://www.tiktok.com/@hichamcook/video/7581177234438753556?lang=en,Hichem Cook
7581247955685671682,tiktok,Nasro3127,😅😅😅😂😂😂😂500,2026-01-28T13:53:04.845800,0,7581177234438753556,https://www.tiktok.com/@hichamcook/video/7581177234438753556?lang=en,Hichem Cook
7581178596036477704,tiktok,hok,اول,2026-01-28T13:53:04.845801,1,7581177234438753556,https://www.tiktok.com/@hichamcook/video/7581177234438753556?lang=en,Hichem Cook
7581996998120538902,tiktok,T B131,"expensive,: c'est cher",2026-01-28T13:53:05.885738,0,7581177234438753556,https://www.tiktok.com/@hichamcook/video/7581177234438753556?lang=en,Hichem Cook
7581205664816792322,tiktok,djamel dz,ylikelkom kanoune come en Europe il vérifie les prix parapor consomation,2026-01-28T13:53:05.885745,0,7581177234438753556,https://www.tiktok.com/@hichamcook/video/7581177234438753556?lang=en,Hichem Cook
7582580003007693600,tiktok,foot,"33,00€? 😏",2026-01-28T13:53:05.885747,0,7581177234438753556,https://www.tiktok.com/@hichamcook/video/7581177234438753556?lang=en,Hichem Cook
7582286474285433603,tiktok,HACENE,اووووو,2026-01-28T13:53:05.885749,0,7581177234438753556,https://www.tiktok.com/@hichamcook/video/7581177234438753556?lang=en,Hichem Cook
7581179048152597255,tiktok,420,شحال للغرام واحد,2026-01-28T13:53:05.885751,1,7581177234438753556,https://www.tiktok.com/@hichamcook/video/7581177234438753556?lang=en,Hichem Cook
7586450365558948609,tiktok,Mohamed mohe,ربي يبارك 😂😂😂,2026-01-28T13:53:05.885753,0,7581177234438753556,https://www.tiktok.com/@hichamcook/video/7581177234438753556?lang=en,Hichem Cook
7581245166574273302,tiktok,MSB,jamais cheft des chefs yakhadmou b l'aluminium c'est toxique,2026-01-28T13:53:05.885754,1,7581177234438753556,https://www.tiktok.com/@hichamcook/video/7581177234438753556?lang=en,Hichem Cook
7581189520574612236,tiktok,Abed Nour,,2026-01-28T13:53:05.885756,0,7581177234438753556,https://www.tiktok.com/@hichamcook/video/7581177234438753556?lang=en,Hichem Cook
7581831619730129671,tiktok,mohammed€$£¥,😅قالو 500 الف,2026-01-28T13:53:05.885759,0,7581177234438753556,https://www.tiktok.com/@hichamcook/video/7581177234438753556?lang=en,Hichem Cook
7581437223435797268,tiktok,Youcef Benben,500 بزاف,2026-01-28T13:53:05.885760,0,7581177234438753556,https://www.tiktok.com/@hichamcook/video/7581177234438753556?lang=en,Hichem Cook
7591960172571509511,tiktok,SA,ههههههههههه😂,2026-01-28T13:53:05.885762,0,7581177234438753556,https://www.tiktok.com/@hichamcook/video/7581177234438753556?lang=en,Hichem Cook
7581583585812562710,tiktok,Mami Samir,قوي قوي سيطرو والخبز تاع الشعير,2026-01-28T13:53:05.885763,0,7581177234438753556,https://www.tiktok.com/@hichamcook/video/7581177234438753556?lang=en,Hichem Cook
7581243153400660757,tiktok,sofianeak16,هههههههه😂😂😂😂,2026-01-28T13:53:05.885765,0,7581177234438753556,https://www.tiktok.com/@hichamcook/video/7581177234438753556?lang=en,Hichem Cook
7581393548491571988,tiktok,🇩🇿 La martina 🇮🇹,😂😂😂😂 promo ta3 2 personne b 500alf w zid prblm wa7di nakel 2 plat tesma malyon 😂😂😂😂,2026-01-28T13:53:05.885767,0,7581177234438753556,https://www.tiktok.com/@hichamcook/video/7581177234438753556?lang=en,Hichem Cook
7582252119320396551,tiktok,فلة فلة,شحال تحسبلي هادوك الزوج طرونشات قارص تعيش ساعدني 😅😅😅😅,2026-01-28T13:53:05.885768,0,7581177234438753556,https://www.tiktok.com/@hichamcook/video/7581177234438753556?lang=en,Hichem Cook
7581178665712517895,tiktok,ʏօ ʊռɛֆ🫆🖤,,2026-01-28T13:53:05.885770,1,7581177234438753556,https://www.tiktok.com/@hichamcook/video/7581177234438753556?lang=en,Hichem Cook
7581178933354677010,tiktok,🧚🫦الانيقة🫦🌞🧚,😂😂😂,2026-01-28T13:53:05.885771,1,7581177234438753556,https://www.tiktok.com/@hichamcook/video/7581177234438753556?lang=en,Hichem Cook
7599012789726528257,tiktok,🇶🇦Johny🇩🇿,😂😂😂,2026-01-28T13:53:05.885773,0,7581177234438753556,https://www.tiktok.com/@hichamcook/video/7581177234438753556?lang=en,Hichem Cook
7596352128974684935,tiktok,Rachid Sadoudi,😂😂😂😂😂😂,2026-01-28T13:53:06.841109,0,7581177234438753556,https://www.tiktok.com/@hichamcook/video/7581177234438753556?lang=en,Hichem Cook
7594163537636000529,tiktok,****,🥰🥰🥰,2026-01-28T13:53:06.841120,0,7581177234438753556,https://www.tiktok.com/@hichamcook/video/7581177234438753556?lang=en,Hichem Cook
7588239736508252949,tiktok,EᑎGIᑎEEᖇ🍀☘️GE🇺🇲🇩🇿,😂😂😂😂😂😂😂,2026-01-28T13:53:06.841123,0,7581177234438753556,https://www.tiktok.com/@hichamcook/video/7581177234438753556?lang=en,Hichem Cook
7588219159893541643,tiktok,Noura C.A.M,🌺,2026-01-28T13:53:06.841125,0,7581177234438753556,https://www.tiktok.com/@hichamcook/video/7581177234438753556?lang=en,Hichem Cook
7588218923440456460,tiktok,Noura C.A.M,🥰,2026-01-28T13:53:06.841127,0,7581177234438753556,https://www.tiktok.com/@hichamcook/video/7581177234438753556?lang=en,Hichem Cook
7588058326686319380,tiktok,tassili annaba,❤️,2026-01-28T13:53:06.841129,0,7581177234438753556,https://www.tiktok.com/@hichamcook/video/7581177234438753556?lang=en,Hichem Cook
7587227772469150481,tiktok,yacineboudekhana🇩🇿,🔥🔥🔥,2026-01-28T13:53:06.841131,0,7581177234438753556,https://www.tiktok.com/@hichamcook/video/7581177234438753556?lang=en,Hichem Cook
7586844291251798792,tiktok,Houssm Houhou,❤️,2026-01-28T13:53:06.841134,0,7581177234438753556,https://www.tiktok.com/@hichamcook/video/7581177234438753556?lang=en,Hichem Cook
7585677949955179265,tiktok,محمد محمد,🥰🥰,2026-01-28T13:53:06.841136,0,7581177234438753556,https://www.tiktok.com/@hichamcook/video/7581177234438753556?lang=en,Hichem Cook
7583405427922486034,tiktok,samou,👌,2026-01-28T13:53:06.841138,0,7581177234438753556,https://www.tiktok.com/@hichamcook/video/7581177234438753556?lang=en,Hichem Cook
7582288950665626389,tiktok,Sidoooooo,🤣🤣🤣,2026-01-28T13:53:06.841140,0,7581177234438753556,https://www.tiktok.com/@hichamcook/video/7581177234438753556?lang=en,Hichem Cook
7582205939697337105,tiktok,Hichamcookpizza.oran,❤️❤️❤️,2026-01-28T13:53:06.841142,0,7581177234438753556,https://www.tiktok.com/@hichamcook/video/7581177234438753556?lang=en,Hichem Cook
7581980705884209927,tiktok,Toufik Toufik,😂😂😂😂😂😂😂,2026-01-28T13:53:06.841144,0,7581177234438753556,https://www.tiktok.com/@hichamcook/video/7581177234438753556?lang=en,Hichem Cook
7581627107475489556,tiktok,abid messauod,😂😂😂,2026-01-28T13:53:06.841147,0,7581177234438753556,https://www.tiktok.com/@hichamcook/video/7581177234438753556?lang=en,Hichem Cook
7581625105286693640,tiktok,Ferhat,🤣🤣🤣,2026-01-28T13:53:06.841149,0,7581177234438753556,https://www.tiktok.com/@hichamcook/video/7581177234438753556?lang=en,Hichem Cook
7581616132227154696,tiktok,Kader 29,😁😁😁😁🤣🤣🤣🤣,2026-01-28T13:53:06.841151,0,7581177234438753556,https://www.tiktok.com/@hichamcook/video/7581177234438753556?lang=en,Hichem Cook
7581602825588917010,tiktok,Mino1624,🤣🤣🤣🤣,2026-01-28T13:53:06.841153,0,7581177234438753556,https://www.tiktok.com/@hichamcook/video/7581177234438753556?lang=en,Hichem Cook
7581579874819113751,tiktok,zak,😂😂😂,2026-01-28T13:53:06.841155,0,7581177234438753556,https://www.tiktok.com/@hichamcook/video/7581177234438753556?lang=en,Hichem Cook
7581568969431499576,tiktok,Nassima Lhasbellaoui,😂😂😂😂😂,2026-01-28T13:53:06.841156,0,7581177234438753556,https://www.tiktok.com/@hichamcook/video/7581177234438753556?lang=en,Hichem Cook
7581545541662786324,tiktok,Tuba Maya,😍😍😍,2026-01-28T13:53:07.764060,0,7581177234438753556,https://www.tiktok.com/@hichamcook/video/7581177234438753556?lang=en,Hichem Cook
7581536784359113480,tiktok,user293070898,😂😂😂,2026-01-28T13:53:07.764073,0,7581177234438753556,https://www.tiktok.com/@hichamcook/video/7581177234438753556?lang=en,Hichem Cook
7581534890122838806,tiktok,hamzapanam281,😂😂😂,2026-01-28T13:53:07.764075,0,7581177234438753556,https://www.tiktok.com/@hichamcook/video/7581177234438753556?lang=en,Hichem Cook
7581516188069626631,tiktok,Ayoub Chebbi491,😅😅,2026-01-28T13:53:07.764077,0,7581177234438753556,https://www.tiktok.com/@hichamcook/video/7581177234438753556?lang=en,Hichem Cook
7581507748069491489,tiktok,HS,🤣🤣🤣🤣,2026-01-28T13:53:07.764080,0,7581177234438753556,https://www.tiktok.com/@hichamcook/video/7581177234438753556?lang=en,Hichem Cook
7581502967204430610,tiktok,madara,😂,2026-01-28T13:53:07.764082,0,7581177234438753556,https://www.tiktok.com/@hichamcook/video/7581177234438753556?lang=en,Hichem Cook
7581502380090655495,tiktok,felouahamine5,😂😂😂,2026-01-28T13:53:07.764084,0,7581177234438753556,https://www.tiktok.com/@hichamcook/video/7581177234438753556?lang=en,Hichem Cook
7581466157120946945,tiktok,Anes Begag,🤣🤣🤣,2026-01-28T13:53:07.764085,0,7581177234438753556,https://www.tiktok.com/@hichamcook/video/7581177234438753556?lang=en,Hichem Cook
7581464186767000327,tiktok,boutique Riki,😂😂😂,2026-01-28T13:53:07.764087,0,7581177234438753556,https://www.tiktok.com/@hichamcook/video/7581177234438753556?lang=en,Hichem Cook
7581415399247119112,tiktok,you cef ❤️🖤,😂😂😂😂,2026-01-28T13:53:07.764089,0,7581177234438753556,https://www.tiktok.com/@hichamcook/video/7581177234438753556?lang=en,Hichem Cook
7581390070524560146,tiktok,sali,😂,2026-01-28T13:53:07.764091,0,7581177234438753556,https://www.tiktok.com/@hichamcook/video/7581177234438753556?lang=en,Hichem Cook
7581331143329317648,tiktok,Abdesslam World,👑👑👑,2026-01-28T13:53:07.764093,0,7581177234438753556,https://www.tiktok.com/@hichamcook/video/7581177234438753556?lang=en,Hichem Cook
7581251591010616071,tiktok,mohamedkrazini88,😂😂😂😂,2026-01-28T13:53:07.764095,0,7581177234438753556,https://www.tiktok.com/@hichamcook/video/7581177234438753556?lang=en,Hichem Cook
7581244341231076114,tiktok,Dja mel جمال,💚💚💚,2026-01-28T13:53:07.764097,0,7581177234438753556,https://www.tiktok.com/@hichamcook/video/7581177234438753556?lang=en,Hichem Cook
7581242582862398228,tiktok,Khaled Djahra,😂😂😂,2026-01-28T13:53:07.764098,0,7581177234438753556,https://www.tiktok.com/@hichamcook/video/7581177234438753556?lang=en,Hichem Cook
7581239289960776465,tiktok,yacinegouti0,🤣🤣🤣🤣🤣🤣🤣,2026-01-28T13:53:07.764100,0,7581177234438753556,https://www.tiktok.com/@hichamcook/video/7581177234438753556?lang=en,Hichem Cook
7581238953102295816,tiktok,Kafi Bouricha,😁😁😁,2026-01-28T13:53:07.764102,0,7581177234438753556,https://www.tiktok.com/@hichamcook/video/7581177234438753556?lang=en,Hichem Cook
7581233002115744534,tiktok,THE MESSAGE,😂😂😂,2026-01-28T13:53:07.764103,0,7581177234438753556,https://www.tiktok.com/@hichamcook/video/7581177234438753556?lang=en,Hichem Cook
7581232243457999636,tiktok,Malekbenfica,😂😂😂😂😂😂😂😂,2026-01-28T13:53:07.764105,0,7581177234438753556,https://www.tiktok.com/@hichamcook/video/7581177234438753556?lang=en,Hichem Cook
7581225052634366738,tiktok,Adamsgh,😂😂😂,2026-01-28T13:53:07.764107,0,7581177234438753556,https://www.tiktok.com/@hichamcook/video/7581177234438753556?lang=en,Hichem Cook
7581216811397972752,tiktok,islamyoucef17,🤣🤣🤣,2026-01-28T13:53:08.997069,0,7581177234438753556,https://www.tiktok.com/@hichamcook/video/7581177234438753556?lang=en,Hichem Cook
7581207743853363986,tiktok,Ccc,🤣🤣🤣🤣,2026-01-28T13:53:08.997080,0,7581177234438753556,https://www.tiktok.com/@hichamcook/video/7581177234438753556?lang=en,Hichem Cook
7581194544306209553,tiktok,Lam Mssi,😂😂😂😂😂,2026-01-28T13:53:08.997082,0,7581177234438753556,https://www.tiktok.com/@hichamcook/video/7581177234438753556?lang=en,Hichem Cook
7581192396909069074,tiktok,Merwan Benz,😂😂😂😂,2026-01-28T13:53:08.997084,0,7581177234438753556,https://www.tiktok.com/@hichamcook/video/7581177234438753556?lang=en,Hichem Cook
7586666623383110418,tiktok,Mustapha ✌️H 💪M ❤️,Bladna li nabghoha w rabi ychdlna fiha welina nkhamo fi makltna ktar m l’avenir,2026-01-28T13:53:08.997086,0,7581177234438753556,https://www.tiktok.com/@hichamcook/video/7581177234438753556?lang=en,Hichem Cook
7581613614860600086,tiktok,Amine,Hbalt taya,2026-01-28T13:53:08.997087,0,7581177234438753556,https://www.tiktok.com/@hichamcook/video/7581177234438753556?lang=en,Hichem Cook
7581224818340397842,tiktok,Dr Menaa Hafidha,Les deux poissons q j déteste.,2026-01-28T13:53:08.997089,0,7581177234438753556,https://www.tiktok.com/@hichamcook/video/7581177234438753556?lang=en,Hichem Cook
7581221614570947344,tiktok,mimoumimou961,restaurant foufou,2026-01-28T13:53:08.997090,0,7581177234438753556,https://www.tiktok.com/@hichamcook/video/7581177234438753556?lang=en,Hichem Cook
7581186476916048647,tiktok,Kader staoueli,500 الف راك تاكل فالحلوف ديراكت,2026-01-28T13:53:08.997092,1,7581177234438753556,https://www.tiktok.com/@hichamcook/video/7581177234438753556?lang=en,Hichem Cook
7581576355603809046,tiktok,boxe anglaise,le prix c'est catastrophe et surtout le dréssage de l'assiette même un amateur il dresse pas son assiette comme ça,2026-01-28T13:53:08.997093,1,7581177234438753556,https://www.tiktok.com/@hichamcook/video/7581177234438753556?lang=en,Hichem Cook
7582989164279694087,tiktok,AZ.DZ,القارص مستود من المريخ عن طريق نازا و قالك راه ڨارني بالدهب والدهب راه غالي,2026-01-28T13:53:08.997094,1,7581177234438753556,https://www.tiktok.com/@hichamcook/video/7581177234438753556?lang=en,Hichem Cook
7581543783679591224,tiktok,🌸Bi Bicha 🌸,500نشريوها قضيان شهر,2026-01-28T13:53:08.997096,1,7581177234438753556,https://www.tiktok.com/@hichamcook/video/7581177234438753556?lang=en,Hichem Cook
7581246933932966657,tiktok,🌀🌀Hichou Tox🔥,500ناكل بيها جوري الدوسري في روحها,2026-01-28T13:53:08.997097,1,7581177234438753556,https://www.tiktok.com/@hichamcook/video/7581177234438753556?lang=en,Hichem Cook
7600064080317924116,tiktok,Days 🎀 Nyad,ههههههههههههههه قالو عند سوناكشي تكول زوج هكتارت,2026-01-28T13:53:08.997098,0,7581177234438753556,https://www.tiktok.com/@hichamcook/video/7581177234438753556?lang=en,Hichem Cook
7599775363149169426,tiktok,Amar amar,500الف راني نكري بيها سفينة نتاع صيد كاملة,2026-01-28T13:53:08.997100,0,7581177234438753556,https://www.tiktok.com/@hichamcook/video/7581177234438753556?lang=en,Hichem Cook
7596762256790487826,tiktok,Hamouda-31,اسعار في متناول قارون 😂,2026-01-28T13:53:08.997101,0,7581177234438753556,https://www.tiktok.com/@hichamcook/video/7581177234438753556?lang=en,Hichem Cook
7584606468835476231,tiktok,joujoujoujou5249,كروفات تاع مزارع 🇹🇳 لا بنة ولا طعم ولا فيتامين هذا ب شحال 😢😂😂😂,2026-01-28T13:53:08.997103,0,7581177234438753556,https://www.tiktok.com/@hichamcook/video/7581177234438753556?lang=en,Hichem Cook
7584015054463730443,tiktok,superboy,تريح غير نتا منكلش عندك,2026-01-28T13:53:08.997104,0,7581177234438753556,https://www.tiktok.com/@hichamcook/video/7581177234438753556?lang=en,Hichem Cook
7583772535604167442,tiktok,Alkaysar Lyma,غاليه بزاف هذه سومتها 250000,2026-01-28T13:53:08.997105,0,7581177234438753556,https://www.tiktok.com/@hichamcook/video/7581177234438753556?lang=en,Hichem Cook
7583442682153665300,tiktok,rami,500 الف ناكل بيها زوج كيلو لحم خروف,2026-01-28T13:53:08.997106,0,7581177234438753556,https://www.tiktok.com/@hichamcook/video/7581177234438753556?lang=en,Hichem Cook
7583316868804313864,tiktok,Mustapha la Citè,الجزائر الوحيدة لي بدراهمك ويشحولك في المأكولات لوكان يصيبو تخلصهم وميحطلك والو تحيا تونس في هدو الحوايج,2026-01-28T13:53:11.947168,0,7581177234438753556,https://www.tiktok.com/@hichamcook/video/7581177234438753556?lang=en,Hichem Cook
7583020815781298951,tiktok,hassanbwm,راك مليح 500ألف راك تبيع غالى بزاف,2026-01-28T13:53:11.947178,0,7581177234438753556,https://www.tiktok.com/@hichamcook/video/7581177234438753556?lang=en,Hichem Cook
7582937898249880338,tiktok,Samir DeBbah,لوكان تبقى غير انت,2026-01-28T13:53:11.947180,0,7581177234438753556,https://www.tiktok.com/@hichamcook/video/7581177234438753556?lang=en,Hichem Cook
7582004184192942870,tiktok,plaster UK 🇬🇧,كلها وحدك,2026-01-28T13:53:11.947182,0,7581177234438753556,https://www.tiktok.com/@hichamcook/video/7581177234438753556?lang=en,Hichem Cook
7581993364867433223,tiktok,walid fekir,كنت راح نهدر ونقول غالية بصح كي زدت معاها القارص هذيك هي كنت ظالمك 🥲,2026-01-28T13:53:11.947184,0,7581177234438753556,https://www.tiktok.com/@hichamcook/video/7581177234438753556?lang=en,Hichem Cook
7581954590994072327,tiktok,Fouad Fouad,😳😳😳500 ألف ويقول فيها بالعربية وميخافش 😳 غالية خويا 👍,2026-01-28T13:53:11.947186,0,7581177234438753556,https://www.tiktok.com/@hichamcook/video/7581177234438753556?lang=en,Hichem Cook
7581949127945323265,tiktok,moi458,قالك باسم الله 😁😂😂,2026-01-28T13:53:11.947188,0,7581177234438753556,https://www.tiktok.com/@hichamcook/video/7581177234438753556?lang=en,Hichem Cook
7581927745677738772,tiktok,Djamel.ⵣ,القارص راهو غالي بزاف عندك الحق,2026-01-28T13:53:11.947190,0,7581177234438753556,https://www.tiktok.com/@hichamcook/video/7581177234438753556?lang=en,Hichem Cook
7581888390850593558,tiktok,gg,في أوروبا و معندهمش هاذو الأسعار,2026-01-28T13:53:11.947192,0,7581177234438753556,https://www.tiktok.com/@hichamcook/video/7581177234438753556?lang=en,Hichem Cook
7581852248096555787,tiktok,Karima Karima,وكي تنحي القارص بشحال تسقاملي,2026-01-28T13:53:11.947194,0,7581177234438753556,https://www.tiktok.com/@hichamcook/video/7581177234438753556?lang=en,Hichem Cook
7581840601214485256,tiktok,Ri cki ❤️🖤,500 ألف نروح لقاع الهامور ناكل بيها مستر سلطع و نرجع,2026-01-28T13:53:11.947196,0,7581177234438753556,https://www.tiktok.com/@hichamcook/video/7581177234438753556?lang=en,Hichem Cook
7581647716540662550,tiktok,sef 31,20€ بالماكلة. بالفاطو بالديسار. بليقلاص. بالحلوة كويتو الشعب. يا رباني. ببسم. الله ماشاء. الله هاذي صادقة,2026-01-28T13:53:11.947197,0,7581177234438753556,https://www.tiktok.com/@hichamcook/video/7581177234438753556?lang=en,Hichem Cook
7581575042489287446,tiktok,Algérie-Actu,5000 ....راك تخلص الضرائب !,2026-01-28T13:53:11.947199,0,7581177234438753556,https://www.tiktok.com/@hichamcook/video/7581177234438753556?lang=en,Hichem Cook
7581574864843440898,tiktok,Algérie-Actu,القطط...,2026-01-28T13:53:11.947201,0,7581177234438753556,https://www.tiktok.com/@hichamcook/video/7581177234438753556?lang=en,Hichem Cook
7581564414810718997,tiktok,Royal Froid  Pro,مقلة المنيوم الكلاب مايكلوش فيها,2026-01-28T13:53:11.947203,0,7581177234438753556,https://www.tiktok.com/@hichamcook/video/7581177234438753556?lang=en,Hichem Cook
7581545399375463190,tiktok,🅶🆁🅰🅽🅰🅳🅰 1202,مضنيتش في زوج غادي يشبعوا... سيترو غالي بزاف,2026-01-28T13:53:11.947205,0,7581177234438753556,https://www.tiktok.com/@hichamcook/video/7581177234438753556?lang=en,Hichem Cook
7581537168125002518,tiktok,w.com,w. ri😂,2026-01-28T13:53:11.947207,0,7581177234438753556,https://www.tiktok.com/@hichamcook/video/7581177234438753556?lang=en,Hichem Cook
7581530081227539222,tiktok,Kacem mosta,غالي بزاف,2026-01-28T13:53:11.947209,0,7581177234438753556,https://www.tiktok.com/@hichamcook/video/7581177234438753556?lang=en,Hichem Cook
7581530031581004566,tiktok,Tadmait Tadmait,Vous servir de vins . .,2026-01-28T13:53:11.947211,0,7581177234438753556,https://www.tiktok.com/@hichamcook/video/7581177234438753556?lang=en,Hichem Cook
7581523444136837910,tiktok,maya maya,هههههههه و اللي يخلص ثلث ملاين فالشهر يجي ياكل ب خمسمية الف,2026-01-28T13:53:11.947212,0,7581177234438753556,https://www.tiktok.com/@hichamcook/video/7581177234438753556?lang=en,Hichem Cook
7581512231989789462,tiktok,Cherif Chemchem,500 تالف راك تبيع في الالماص ربع شهرية,2026-01-28T13:53:13.368486,0,7581177234438753556,https://www.tiktok.com/@hichamcook/video/7581177234438753556?lang=en,Hichem Cook
7581509079325344533,tiktok,Mustapha,dorade taa vivier,2026-01-28T13:53:13.368493,0,7581177234438753556,https://www.tiktok.com/@hichamcook/video/7581177234438753556?lang=en,Hichem Cook
7581500857247367958,tiktok,papita435,كولها نتا....نص مليون 😁,2026-01-28T13:53:13.368496,0,7581177234438753556,https://www.tiktok.com/@hichamcook/video/7581177234438753556?lang=en,Hichem Cook
7581498140190032696,tiktok,yassin samori,حط غير بشويا طبسي غالي 😂😂😂,2026-01-28T13:53:13.368497,0,7581177234438753556,https://www.tiktok.com/@hichamcook/video/7581177234438753556?lang=en,Hichem Cook
7581489868117099280,tiktok,Sidali Salam,القارص هو ليطلع السؤمه خويا الافريقي,2026-01-28T13:53:13.368499,0,7581177234438753556,https://www.tiktok.com/@hichamcook/video/7581177234438753556?lang=en,Hichem Cook
7581458761073197840,tiktok,SALAH EDDINE,بلا ضوء واش حال تحسبهانا,2026-01-28T13:53:13.368502,0,7581177234438753556,https://www.tiktok.com/@hichamcook/video/7581177234438753556?lang=en,Hichem Cook
7581433722688340757,tiktok,DL Boutique,علبالك عند فوفو 500 الف تجيبلك plat variée تاع 5 أشخاص والله تاكلو وتزيدو تدو معاكم هشام راك تبيع بزاف غالي,2026-01-28T13:53:13.368504,0,7581177234438753556,https://www.tiktok.com/@hichamcook/video/7581177234438753556?lang=en,Hichem Cook
7581433296895656724,tiktok,هانيبال الجزائري,كون تزيد كعبة بصلة تقداه تولي,2026-01-28T13:53:13.368506,0,7581177234438753556,https://www.tiktok.com/@hichamcook/video/7581177234438753556?lang=en,Hichem Cook
7581422431765873430,tiktok,delta force,T feu tu,2026-01-28T13:53:13.368508,0,7581177234438753556,https://www.tiktok.com/@hichamcook/video/7581177234438753556?lang=en,Hichem Cook
7581385541255938834,tiktok,Fathi Fatah,ولله حنا شعب مطرطر,2026-01-28T13:53:13.368510,0,7581177234438753556,https://www.tiktok.com/@hichamcook/video/7581177234438753556?lang=en,Hichem Cook
7581284872246493973,tiktok,hassan 22,يرحم باباك فكنا من السيطرووووو وخليها ب 50 الف للبلى 😁🤣,2026-01-28T13:53:13.368511,0,7581177234438753556,https://www.tiktok.com/@hichamcook/video/7581177234438753556?lang=en,Hichem Cook
7581274325170619144,tiktok,البانز-ELBENZ,هشام كي تشوفو يميل مع الماكلة باش يحطها في لاسيات شغل يخاف تتكسر أعرف بلي السومة في متناول كواريزما,2026-01-28T13:53:13.368513,0,7581177234438753556,https://www.tiktok.com/@hichamcook/video/7581177234438753556?lang=en,Hichem Cook
7581253253628707604,tiktok,Mahfoud 27,حبة طوراط 40 الف +شوية كروفات 150 الف + شوية إيسبادون 100 الف =290 الف والخناتش لي معاهم 100 الف =390 الف كأقصى تقدير ههههههه,2026-01-28T13:53:13.368514,0,7581177234438753556,https://www.tiktok.com/@hichamcook/video/7581177234438753556?lang=en,Hichem Cook
7581253132047565569,tiktok,jimmy's usma 16,زوج رفاعي سبادون و 5 حبات كروvات و ربع حبة دوراد...وشبيك خووو,2026-01-28T13:53:13.368516,0,7581177234438753556,https://www.tiktok.com/@hichamcook/video/7581177234438753556?lang=en,Hichem Cook
7581246556533424917,tiktok,delices maria,شاف معليه نكموندي غير ليقارنيتور ولقارس شحال يجوني ؟؟,2026-01-28T13:53:13.368517,0,7581177234438753556,https://www.tiktok.com/@hichamcook/video/7581177234438753556?lang=en,Hichem Cook
7581239628548948744,tiktok,khaled20236,موحال هادو ب 500 ألف ماشي طايبيبن يفوتو مليون,2026-01-28T13:53:13.368519,0,7581177234438753556,https://www.tiktok.com/@hichamcook/video/7581177234438753556?lang=en,Hichem Cook
7581232469941699348,tiktok,Malekbenfica,عجبني لسبادون😂😂😂😂,2026-01-28T13:53:13.368521,0,7581177234438753556,https://www.tiktok.com/@hichamcook/video/7581177234438753556?lang=en,Hichem Cook
7581230932558054165,tiktok,Adem Āđēm,غالية بزاف خويا,2026-01-28T13:53:13.368522,0,7581177234438753556,https://www.tiktok.com/@hichamcook/video/7581177234438753556?lang=en,Hichem Cook
7581230646543926034,tiktok,🇩🇿 Abd elatif ⭐4️⃣2️⃣⭐ 🇩🇿,والله غير هل كوك 😂😂,2026-01-28T13:53:13.368524,0,7581177234438753556,https://www.tiktok.com/@hichamcook/video/7581177234438753556?lang=en,Hichem Cook
7581228195908010770,tiktok,ghalem dank,ارفد سيف واخرج لطريڨ,2026-01-28T13:53:14.344022,0,7581177234438753556,https://www.tiktok.com/@hichamcook/video/7581177234438753556?lang=en,Hichem Cook
7581211003170439958,tiktok,Reda 13,هشام اقسم بالله مانجي غالي,2026-01-28T13:53:14.344032,0,7581177234438753556,https://www.tiktok.com/@hichamcook/video/7581177234438753556?lang=en,Hichem Cook
7581203902478828306,tiktok,fantôme 👻,يا حوجي 500الف لا مارهش نورمال,2026-01-28T13:53:14.344034,0,7581177234438753556,https://www.tiktok.com/@hichamcook/video/7581177234438753556?lang=en,Hichem Cook
7581204685497205515,tiktok,وليد مقران هود,500 الف هههههه ناكل خروف,2026-01-28T13:53:14.344035,0,7581177234438753556,https://www.tiktok.com/@hichamcook/video/7581177234438753556?lang=en,Hichem Cook
7581202267577139969,tiktok,محمدEss,نندب حكنوكي هههه انا,2026-01-28T13:53:14.344037,0,7581177234438753556,https://www.tiktok.com/@hichamcook/video/7581177234438753556?lang=en,Hichem Cook
7581200493134807820,tiktok,Yahia 5555@,السيطرو. غالي الله غالب,2026-01-28T13:53:14.344038,0,7581177234438753556,https://www.tiktok.com/@hichamcook/video/7581177234438753556?lang=en,Hichem Cook
7581193170211783432,tiktok,هشام 151824,تبانلي غير في الجزائر لي تلقى برومو في الماكلة 😂😂,2026-01-28T13:53:14.344040,0,7581177234438753556,https://www.tiktok.com/@hichamcook/video/7581177234438753556?lang=en,Hichem Cook
7581191432746238742,tiktok,Abdou Bere Goss,🤣🤣🤣🤣 هذا السعر في باريس ومدارش,2026-01-28T13:53:14.344042,0,7581177234438753556,https://www.tiktok.com/@hichamcook/video/7581177234438753556?lang=en,Hichem Cook
7589781377362002718,tiktok,yahia bouras placo 43,عندك دوراد حبة 60الف سبادو 100 وزيد لڨروفات 100الف 240تاع سلاطة مليحة😏,2026-01-28T13:53:14.344043,0,7581177234438753556,https://www.tiktok.com/@hichamcook/video/7581177234438753556?lang=en,Hichem Cook
7578212932561175318,tiktok,👑 rania 👑,تشهيت كروفات بصح 540بزاف,2026-01-28T13:53:28.066262,12,7578202381821676821,https://www.tiktok.com/@hichamcook/video/7578202381821676821?lang=en,Hichem Cook
7578203437729743624,tiktok,chöu bella,قاتلك ماما عمرلي تبيسي,2026-01-28T13:53:28.066636,147,7578202381821676821,https://www.tiktok.com/@hichamcook/video/7578202381821676821?lang=en,Hichem Cook
7596015099665040136,tiktok,mohamed retiti,ندير سلفية في البنك ونجي,2026-01-28T13:53:28.066640,0,7578202381821676821,https://www.tiktok.com/@hichamcook/video/7578202381821676821?lang=en,Hichem Cook
7596835763312968468,tiktok,Nassim Kazi Aoual,540 نريزرفي لبشري😂,2026-01-28T13:53:28.066642,1,7578202381821676821,https://www.tiktok.com/@hichamcook/video/7578202381821676821?lang=en,Hichem Cook
7578217834724213512,tiktok,Facha,خدمة يدي دعموني حبيباتي 🧶💞,2026-01-28T13:53:28.066644,11,7578202381821676821,https://www.tiktok.com/@hichamcook/video/7578202381821676821?lang=en,Hichem Cook
7578232519381271316,tiktok,mehdi 7,crevette في تونس باطل,2026-01-28T13:53:28.066646,1,7578202381821676821,https://www.tiktok.com/@hichamcook/video/7578202381821676821?lang=en,Hichem Cook
7578236262830785292,tiktok,abdemilano❤️🇩🇿,لي بقى فلمقلة شحال تحسبهولي 😂,2026-01-28T13:53:28.066647,0,7578202381821676821,https://www.tiktok.com/@hichamcook/video/7578202381821676821?lang=en,Hichem Cook
7578214900066714386,tiktok,ssam iss,من غير لمعدنوس وسيطرو الاخ قداه,2026-01-28T13:53:28.066649,0,7578202381821676821,https://www.tiktok.com/@hichamcook/video/7578202381821676821?lang=en,Hichem Cook
7578599004436431624,tiktok,rabie,540ألف نشكري شاكمان جنحين,2026-01-28T13:53:28.066650,1,7578202381821676821,https://www.tiktok.com/@hichamcook/video/7578202381821676821?lang=en,Hichem Cook
7578204740157948690,tiktok,Oussama King,شحال تحسبها بلا رشة تع معدنوس خويا هشام,2026-01-28T13:53:28.066651,3,7578202381821676821,https://www.tiktok.com/@hichamcook/video/7578202381821676821?lang=en,Hichem Cook
7578228759767089937,tiktok,The_Algeria_hell,هذا طبق فيه هشام ولا فيه غير كوك,2026-01-28T13:53:28.066653,0,7578202381821676821,https://www.tiktok.com/@hichamcook/video/7578202381821676821?lang=en,Hichem Cook
7578227086302806791,tiktok,jac 15,نحبط لبيشري 5000 نزهي حوت اونطيب في دار,2026-01-28T13:53:28.066654,24,7578202381821676821,https://www.tiktok.com/@hichamcook/video/7578202381821676821?lang=en,Hichem Cook
7578284757759951638,tiktok,Goody 👑,و بلا رشة معدنوس شحال؟,2026-01-28T13:53:28.066656,0,7578202381821676821,https://www.tiktok.com/@hichamcook/video/7578202381821676821?lang=en,Hichem Cook
7578221205663679234,tiktok,🦜 Coco the parrot🦜,بلا رشة المعندنوس وسيترون شحال,2026-01-28T13:53:28.066657,0,7578202381821676821,https://www.tiktok.com/@hichamcook/video/7578202381821676821?lang=en,Hichem Cook
7578555270327550727,tiktok,Nadira,خصك تحل في. وهران,2026-01-28T13:53:28.066658,2,7578202381821676821,https://www.tiktok.com/@hichamcook/video/7578202381821676821?lang=en,Hichem Cook
7578229414283674390,tiktok,🇩🇿حيدر🇩🇿,ارز و خضروات وحدهم بشحال,2026-01-28T13:53:28.066660,0,7578202381821676821,https://www.tiktok.com/@hichamcook/video/7578202381821676821?lang=en,Hichem Cook
7578236839677641490,tiktok,حمزة بهيج,540 الف ..نروح نشري دوزان تاع الصيادة ونحبط البحر نصيد العجب ونوكلو كامل الحومة,2026-01-28T13:53:28.066661,5,7578202381821676821,https://www.tiktok.com/@hichamcook/video/7578202381821676821?lang=en,Hichem Cook
7578222769742693142,tiktok,abdo Dz ⛎,في لول بانتلي غالية ايا كي زدتلها الرشة تاع المعدنوس بانتلي هذيك هي,2026-01-28T13:53:28.066663,0,7578202381821676821,https://www.tiktok.com/@hichamcook/video/7578202381821676821?lang=en,Hichem Cook
7578203731189941010,tiktok,ْ,وقيلا غي نا منعرفش ناكل كروفات😂,2026-01-28T13:53:28.066665,8,7578202381821676821,https://www.tiktok.com/@hichamcook/video/7578202381821676821?lang=en,Hichem Cook
7578262923865670407,tiktok,Sid Ali 16@,و الله حاب نسقسيكم .كاين اللي يحب légumes sautés ????,2026-01-28T13:53:28.066667,0,7578202381821676821,https://www.tiktok.com/@hichamcook/video/7578202381821676821?lang=en,Hichem Cook
7578625624190468881,tiktok,Anisgtd,وين بلاصة مطعم تعك,2026-01-28T13:53:29.030644,0,7578202381821676821,https://www.tiktok.com/@hichamcook/video/7578202381821676821?lang=en,Hichem Cook
7578228953555895048,tiktok,rachid27133,عبدو. لعب بدا يخشان,2026-01-28T13:53:29.030671,0,7578202381821676821,https://www.tiktok.com/@hichamcook/video/7578202381821676821?lang=en,Hichem Cook
7596671801091851009,tiktok,shinoussghir,5400نشري بيها لابيشري,2026-01-28T13:53:29.030674,1,7578202381821676821,https://www.tiktok.com/@hichamcook/video/7578202381821676821?lang=en,Hichem Cook
7578232485470176018,tiktok,@djoudjou1602,كي تنحي رشة تع المعدنوس شعال جي,2026-01-28T13:53:29.030676,5,7578202381821676821,https://www.tiktok.com/@hichamcook/video/7578202381821676821?lang=en,Hichem Cook
7578208597203010324,tiktok,sohiub melouk,الله يبارك👌,2026-01-28T13:53:29.030678,0,7578202381821676821,https://www.tiktok.com/@hichamcook/video/7578202381821676821?lang=en,Hichem Cook
7578280783657403157,tiktok,Sadam Kota,سومة ملبحة ربب يوفقك لاه يقولو هيشام يخلي ميغلي ماوالو,2026-01-28T13:53:29.030681,0,7578202381821676821,https://www.tiktok.com/@hichamcook/video/7578202381821676821?lang=en,Hichem Cook
7578223190427697942,tiktok,amervouh,rose royal 😑,2026-01-28T13:53:29.030683,0,7578202381821676821,https://www.tiktok.com/@hichamcook/video/7578202381821676821?lang=en,Hichem Cook
7578460224227885831,tiktok,Youcef benamane 16,تعصح كي زتلها معدنوس هديك هيا مليحة سومة,2026-01-28T13:53:29.030685,0,7578202381821676821,https://www.tiktok.com/@hichamcook/video/7578202381821676821?lang=en,Hichem Cook
7578244635907785479,tiktok,Amir  Qatar,شيف فيك تجي تسوي مطعم في قطر عندك اطباق تجنن,2026-01-28T13:53:29.030687,1,7578202381821676821,https://www.tiktok.com/@hichamcook/video/7578202381821676821?lang=en,Hichem Cook
7578223364608000791,tiktok,Mourad Slimani,Hhhhhhhhhhhh🤣🤣🤣🤣😂😂😂😂😅😅😅😅😆😆😆😆😁😁😁😁,2026-01-28T13:53:29.030689,0,7578202381821676821,https://www.tiktok.com/@hichamcook/video/7578202381821676821?lang=en,Hichem Cook
7578268465825563399,tiktok,thug life 🇩🇿🇵🇸,كي تنحيلي المعدنوس شحال تخليهولنا؟؟؟,2026-01-28T13:53:29.030691,0,7578202381821676821,https://www.tiktok.com/@hichamcook/video/7578202381821676821?lang=en,Hichem Cook
7579319669607219980,tiktok,الصمت حكمة,باغي نشري الرشة تاع المعدنوس شحال تحسبهالي,2026-01-28T13:53:29.030693,0,7578202381821676821,https://www.tiktok.com/@hichamcook/video/7578202381821676821?lang=en,Hichem Cook
7578373532602745620,tiktok,نورالدين,عمري يلا كليتها ومانعرفش ناكلها,2026-01-28T13:53:29.030695,0,7578202381821676821,https://www.tiktok.com/@hichamcook/video/7578202381821676821?lang=en,Hichem Cook
7578219559388513045,tiktok,Cynthia akssel,وإذا مش برومو بقداه,2026-01-28T13:53:29.030697,0,7578202381821676821,https://www.tiktok.com/@hichamcook/video/7578202381821676821?lang=en,Hichem Cook
7578444489754428178,tiktok,🤎𝒍𝒛𝒂_𝒃𝒆𝒍𝒍𝒂🪞,كنت رااح نقول غالية اياا كي زااد سيترو ورشة المعدنوس هذيك هيا,2026-01-28T13:53:29.030699,0,7578202381821676821,https://www.tiktok.com/@hichamcook/video/7578202381821676821?lang=en,Hichem Cook
7578265879285105419,tiktok,adel derai,Samedi au mercredi week-end lala ta3 khedma incroyable mais vrai,2026-01-28T13:53:29.030701,0,7578202381821676821,https://www.tiktok.com/@hichamcook/video/7578202381821676821?lang=en,Hichem Cook
7578217638783632136,tiktok,user4550337010194,Conglait merci beaucoup,2026-01-28T13:53:29.030703,0,7578202381821676821,https://www.tiktok.com/@hichamcook/video/7578202381821676821?lang=en,Hichem Cook
7578203553987298055,tiktok,smailtchiz6,A3redni nji 😂😂😂,2026-01-28T13:53:29.030705,0,7578202381821676821,https://www.tiktok.com/@hichamcook/video/7578202381821676821?lang=en,Hichem Cook
7578219677936386823,tiktok,moh R@€F +L,خضر مع جمبري,2026-01-28T13:53:29.030707,0,7578202381821676821,https://www.tiktok.com/@hichamcook/video/7578202381821676821?lang=en,Hichem Cook
7578830673210983176,tiktok,sofianefyanso,ta3 l'argentine rahi dire 2500 kg,2026-01-28T13:53:29.030708,0,7578202381821676821,https://www.tiktok.com/@hichamcook/video/7578202381821676821?lang=en,Hichem Cook
7578224517907710741,tiktok,اسامة اسامة,كي. نتعلم. نقي. الكروفات. نجي. عندك,2026-01-28T13:53:29.130861,0,7578202381821676821,https://www.tiktok.com/@hichamcook/video/7578202381821676821?lang=en,Hichem Cook
7578240061402383124,tiktok,rose.rozalina,540 ذيك هي ب ليترونش تاع قارص,2026-01-28T13:53:29.130874,1,7578202381821676821,https://www.tiktok.com/@hichamcook/video/7578202381821676821?lang=en,Hichem Cook
7578223160651449108,tiktok,Hicham Pêcheur,ههههه 500 نشري 4 كيلو نكول انا عدياني 😂😂,2026-01-28T13:53:29.130877,0,7578202381821676821,https://www.tiktok.com/@hichamcook/video/7578202381821676821?lang=en,Hichem Cook
7578231613961339649,tiktok,hemingway,هههههههههه ههههههه ههههههه والله الا حيرتني,2026-01-28T13:53:30.357047,0,7578202381821676821,https://www.tiktok.com/@hichamcook/video/7578202381821676821?lang=en,Hichem Cook
7578270208202638101,tiktok,💜𝑶𝑺𝑨𝑹𝑰🪽,500 ناكل كويس نتاع جورجينا,2026-01-28T13:53:30.357056,0,7578202381821676821,https://www.tiktok.com/@hichamcook/video/7578202381821676821?lang=en,Hichem Cook
7578290265879102229,tiktok,Sofiane Zerkani,كنت نستنى 2000 الف 🙃🙃✨ نبروفيتي نخبي ميتانلف للبرموسيو جاية ان شاء الله,2026-01-28T13:53:30.357059,0,7578202381821676821,https://www.tiktok.com/@hichamcook/video/7578202381821676821?lang=en,Hichem Cook
7578235522909405960,tiktok,🍂علي🍂🫀🇩🇿,تبالي سومة مليحة,2026-01-28T13:53:30.357061,0,7578202381821676821,https://www.tiktok.com/@hichamcook/video/7578202381821676821?lang=en,Hichem Cook
7578216312469684999,tiktok,Karimo,حسبلي بلا برومو,2026-01-28T13:53:30.357064,0,7578202381821676821,https://www.tiktok.com/@hichamcook/video/7578202381821676821?lang=en,Hichem Cook
7578226273982907143,tiktok,Kay._. Lii,كي تنحي معدنوس شحال,2026-01-28T13:53:30.357066,0,7578202381821676821,https://www.tiktok.com/@hichamcook/video/7578202381821676821?lang=en,Hichem Cook
7578541214828741392,tiktok,med cherif,والله ما نعرف نوكلها هههه,2026-01-28T13:53:30.357068,0,7578202381821676821,https://www.tiktok.com/@hichamcook/video/7578202381821676821?lang=en,Hichem Cook
7578243371459609364,tiktok,Ali Mibarki11021979ali'ali'ali,يعجبني نقي بزاف. ماشاء الله,2026-01-28T13:53:30.357070,0,7578202381821676821,https://www.tiktok.com/@hichamcook/video/7578202381821676821?lang=en,Hichem Cook
7578217656697684754,tiktok,imy&fouadi,وصفة الروز,2026-01-28T13:53:30.357073,0,7578202381821676821,https://www.tiktok.com/@hichamcook/video/7578202381821676821?lang=en,Hichem Cook
7578224220447425301,tiktok,إلامبراطور @👑👑👌💪,نغس انزوج ماشي الماكلة الا غره يليه اذتسغذ 😁,2026-01-28T13:53:30.357075,0,7578202381821676821,https://www.tiktok.com/@hichamcook/video/7578202381821676821?lang=en,Hichem Cook
7585610360603132694,tiktok,Nilya,نتشهاو ولا نريحو راح ينحونا الجلدة اديال,2026-01-28T13:53:30.357077,0,7578202381821676821,https://www.tiktok.com/@hichamcook/video/7578202381821676821?lang=en,Hichem Cook
7582189597032219413,tiktok,User user,عندو وحد الرووووز شحاااال بنيييين هو و الخضرة و السلاطة روووعة بلا اللحومي قوة 👌👌,2026-01-28T13:53:30.357079,0,7578202381821676821,https://www.tiktok.com/@hichamcook/video/7578202381821676821?lang=en,Hichem Cook
7578230315912889089,tiktok,OUSSAMA. DZ,زعما واحد يدخل ياكل ويهرب واش صرالو,2026-01-28T13:53:30.357081,0,7578202381821676821,https://www.tiktok.com/@hichamcook/video/7578202381821676821?lang=en,Hichem Cook
7578219070458249991,tiktok,TCHELBa.com,الله غالب راني مسجل في عدل 3 وبالتالي نجي نشري عليك غير لاصوص 😅,2026-01-28T13:53:30.357083,8,7578202381821676821,https://www.tiktok.com/@hichamcook/video/7578202381821676821?lang=en,Hichem Cook
7578227310542111510,tiktok,amir,anta andek bezef enssa ahna wahda tekfina,2026-01-28T13:53:30.357085,0,7578202381821676821,https://www.tiktok.com/@hichamcook/video/7578202381821676821?lang=en,Hichem Cook
7578228604490171158,tiktok,HACENE,هههههه,2026-01-28T13:53:30.357087,0,7578202381821676821,https://www.tiktok.com/@hichamcook/video/7578202381821676821?lang=en,Hichem Cook
7578652785659675413,tiktok,Felix 🪽,,2026-01-28T13:53:30.357089,1,7578202381821676821,https://www.tiktok.com/@hichamcook/video/7578202381821676821?lang=en,Hichem Cook
7580077176897766161,tiktok,paullemoin,الكروفات هذا على الاقل راه 350 ألف للكيلو، يعني السومة مليحة.,2026-01-28T13:53:30.357091,0,7578202381821676821,https://www.tiktok.com/@hichamcook/video/7578202381821676821?lang=en,Hichem Cook
7578256319191679745,tiktok,♤جورين جورين♤,نعتلتا طريقة روز تعك,2026-01-28T13:53:32.303568,0,7578202381821676821,https://www.tiktok.com/@hichamcook/video/7578202381821676821?lang=en,Hichem Cook
7578253112026268436,tiktok,Just HANI,بلا قارص و معندنوس اشحال هشام,2026-01-28T13:53:32.303581,0,7578202381821676821,https://www.tiktok.com/@hichamcook/video/7578202381821676821?lang=en,Hichem Cook
7578469005762528022,tiktok,abdel,😂😂😂😂 5400 da,2026-01-28T13:53:32.303583,0,7578202381821676821,https://www.tiktok.com/@hichamcook/video/7578202381821676821?lang=en,Hichem Cook
7578269129858712328,tiktok,Apple boss,المجمد,2026-01-28T13:53:32.303589,0,7578202381821676821,https://www.tiktok.com/@hichamcook/video/7578202381821676821?lang=en,Hichem Cook
7578375780461347640,tiktok,أبو قتادة |١٤٢٩•,كي زدت رشة معندنو هاذيك هيادتستاهل 540,2026-01-28T13:53:32.303597,0,7578202381821676821,https://www.tiktok.com/@hichamcook/video/7578202381821676821?lang=en,Hichem Cook
7578929514206954247,tiktok,hafsaaya121,تاع وهران علاه مديرش بروموا,2026-01-28T13:53:32.303599,0,7578202381821676821,https://www.tiktok.com/@hichamcook/video/7578202381821676821?lang=en,Hichem Cook
7578204740241670930,tiktok,abdelkrim0692,كانت غالية بصح مع رشة تاع معدنوس هاذاك هو 😍😍😍,2026-01-28T13:53:32.303601,9,7578202381821676821,https://www.tiktok.com/@hichamcook/video/7578202381821676821?lang=en,Hichem Cook
7578205036858573584,tiktok,🔱YAŞIN🔱🇩🇿,w sandwich ch3al ? 😁😁😁,2026-01-28T13:53:32.303603,0,7578202381821676821,https://www.tiktok.com/@hichamcook/video/7578202381821676821?lang=en,Hichem Cook
7578483769986106120,tiktok,fayçal,سيطرو غالي بصح 😂😂😂😂😂😂😂😂😂,2026-01-28T13:53:32.303605,1,7578202381821676821,https://www.tiktok.com/@hichamcook/video/7578202381821676821?lang=en,Hichem Cook
7578206213981291286,tiktok,Maniliya,بلا رشة معندوس ولي طرونش تع القارص شحال,2026-01-28T13:53:32.303606,4,7578202381821676821,https://www.tiktok.com/@hichamcook/video/7578202381821676821?lang=en,Hichem Cook
7580483515012367120,tiktok,🤍Rø Çhdï🖤,كي تنحي رشة معدنوس وليڤيم اشحال تسقاملي,2026-01-28T13:53:32.303608,1,7578202381821676821,https://www.tiktok.com/@hichamcook/video/7578202381821676821?lang=en,Hichem Cook
7586860225060324103,tiktok,.,خويا ميخصكمش خدام,2026-01-28T13:53:32.303610,0,7578202381821676821,https://www.tiktok.com/@hichamcook/video/7578202381821676821?lang=en,Hichem Cook
7578537315943072520,tiktok,Yahya Krt,في تونس 6000,2026-01-28T13:53:32.303612,1,7578202381821676821,https://www.tiktok.com/@hichamcook/video/7578202381821676821?lang=en,Hichem Cook
7578334678169338631,tiktok,almoutm223,انا كي شفت خضر سوتي قلت هذيك هي السومة,2026-01-28T13:53:32.303613,0,7578202381821676821,https://www.tiktok.com/@hichamcook/video/7578202381821676821?lang=en,Hichem Cook
7578577106465538837,tiktok,karim Arioui,حسبي الله ونعم الوكيل,2026-01-28T13:53:32.303615,0,7578202381821676821,https://www.tiktok.com/@hichamcook/video/7578202381821676821?lang=en,Hichem Cook
7578550007432086292,tiktok,aaaa,bla promo chhal tbi3ha,2026-01-28T13:53:32.303630,0,7578202381821676821,https://www.tiktok.com/@hichamcook/video/7578202381821676821?lang=en,Hichem Cook
7578566610454446856,tiktok,Dila.beauté,وبلى معدنوس ؟,2026-01-28T13:53:32.303633,0,7578202381821676821,https://www.tiktok.com/@hichamcook/video/7578202381821676821?lang=en,Hichem Cook
7578224549679416086,tiktok,sisa kabyle,C’est cher,2026-01-28T13:53:32.303634,0,7578202381821676821,https://www.tiktok.com/@hichamcook/video/7578202381821676821?lang=en,Hichem Cook
7579596252682322699,tiktok,♥📿,جامي كليتها ومنعرفش ناكلها 😂,2026-01-28T13:53:32.303637,0,7578202381821676821,https://www.tiktok.com/@hichamcook/video/7578202381821676821?lang=en,Hichem Cook
7578658708717634312,tiktok,Jø Kër,خويا معدنوس وحدو قداش بالمساعدة,2026-01-28T13:53:32.363983,0,7578202381821676821,https://www.tiktok.com/@hichamcook/video/7578202381821676821?lang=en,Hichem Cook
7578239604689175303,tiktok,busy__weessyym,منقية لكروفات ولا لا ؟,2026-01-28T13:53:32.363994,0,7578202381821676821,https://www.tiktok.com/@hichamcook/video/7578202381821676821?lang=en,Hichem Cook
7578204531710198546,tiktok,MAZEXN LIVE 31🫶🏼🫀,وش حال راه دروك,2026-01-28T13:53:34.052555,0,7578202381821676821,https://www.tiktok.com/@hichamcook/video/7578202381821676821?lang=en,Hichem Cook
7578896354988212999,tiktok,kiko milano49,كونجلي نتاع تونس,2026-01-28T13:53:34.052565,0,7578202381821676821,https://www.tiktok.com/@hichamcook/video/7578202381821676821?lang=en,Hichem Cook
7582491312685220626,tiktok,Mohamed hadjousamir,لي راه يقول غاليه غير الكروفات دير 480ألف,2026-01-28T13:53:34.052569,0,7578202381821676821,https://www.tiktok.com/@hichamcook/video/7578202381821676821?lang=en,Hichem Cook
7578303208281309974,tiktok,Suisse 🇨🇭 Algérie 🇩🇿,Fi Europa 5 euros,2026-01-28T13:53:34.052571,0,7578202381821676821,https://www.tiktok.com/@hichamcook/video/7578202381821676821?lang=en,Hichem Cook
7585223237908693778,tiktok,Yacine Sami,تشهيت 540 الف,2026-01-28T13:53:34.052573,0,7578202381821676821,https://www.tiktok.com/@hichamcook/video/7578202381821676821?lang=en,Hichem Cook
7580871815947059975,tiktok,🇸🇦🖋عـلـــى الــأثـــر 🇩🇿,,2026-01-28T13:53:34.052575,0,7578202381821676821,https://www.tiktok.com/@hichamcook/video/7578202381821676821?lang=en,Hichem Cook
7586464583750451999,tiktok,dailyhack35,مادام مكاش فيت تسما ماشي افار😅😝,2026-01-28T13:53:34.052580,0,7578202381821676821,https://www.tiktok.com/@hichamcook/video/7578202381821676821?lang=en,Hichem Cook
7578223806469702416,tiktok,مِسْكُ الخِتام🪽🩷,كي تنحي رشة معدنوس تسقاملي 500؟؟ نجيب معايا ربطة معدنوس😂,2026-01-28T13:53:34.052582,0,7578202381821676821,https://www.tiktok.com/@hichamcook/video/7578202381821676821?lang=en,Hichem Cook
7578233439267324683,tiktok,Mery. Mix,بلا سيترو بشحال تحسبهالي😂,2026-01-28T13:53:34.052584,0,7578202381821676821,https://www.tiktok.com/@hichamcook/video/7578202381821676821?lang=en,Hichem Cook
7578345493747991318,tiktok,Said Taleb,aujourd'hui j'ai l'ai payé 8 kg mieux que ce que t'a dévoilé,2026-01-28T13:53:34.052586,0,7578202381821676821,https://www.tiktok.com/@hichamcook/video/7578202381821676821?lang=en,Hichem Cook
7578440305919132424,tiktok,smicho,,2026-01-28T13:53:34.052588,0,7578202381821676821,https://www.tiktok.com/@hichamcook/video/7578202381821676821?lang=en,Hichem Cook
7585439200598950670,tiktok,bleu ocean,شحال حبيت ناكل عندك,2026-01-28T13:53:34.052590,0,7578202381821676821,https://www.tiktok.com/@hichamcook/video/7578202381821676821?lang=en,Hichem Cook
7581320809785082654,tiktok,djamal,trop cher normalement 4000. da,2026-01-28T13:53:34.052592,0,7578202381821676821,https://www.tiktok.com/@hichamcook/video/7578202381821676821?lang=en,Hichem Cook
7578209315853910792,tiktok,سكرة  😚,كي تنحي سيطرو شحال تجي؟,2026-01-28T13:53:34.052594,46,7578202381821676821,https://www.tiktok.com/@hichamcook/video/7578202381821676821?lang=en,Hichem Cook
7578211578353861398,tiktok,user4299575201361,Crevettes d’élevage ces comme du plastique,2026-01-28T13:53:34.052596,1,7578202381821676821,https://www.tiktok.com/@hichamcook/video/7578202381821676821?lang=en,Hichem Cook
7578203375548941074,tiktok,رَحِيمْ🤍,Achhal !?,2026-01-28T13:53:34.052599,1,7578202381821676821,https://www.tiktok.com/@hichamcook/video/7578202381821676821?lang=en,Hichem Cook
7578269706924016392,tiktok,Akram Pirlo,لكونجلي يلعب 10,2026-01-28T13:53:34.052601,0,7578202381821676821,https://www.tiktok.com/@hichamcook/video/7578202381821676821?lang=en,Hichem Cook
7578230021182210824,tiktok,دنيا فانية,نصف مليون,2026-01-28T13:53:34.052603,0,7578202381821676821,https://www.tiktok.com/@hichamcook/video/7578202381821676821?lang=en,Hichem Cook
7578225528190436103,tiktok,Zahra,بلا نص حبة قارص شحان ؟؟,2026-01-28T13:53:35.558712,0,7578202381821676821,https://www.tiktok.com/@hichamcook/video/7578202381821676821?lang=en,Hichem Cook
7578223148953649927,tiktok,mimi maro,هههههه خدمت ثلث ايام نجي ناكل بيها شوي كروفات,2026-01-28T13:53:35.558725,0,7578202381821676821,https://www.tiktok.com/@hichamcook/video/7578202381821676821?lang=en,Hichem Cook
7578217778948424456,tiktok,0542835901 imo reghaia,أيها. الشعب. فيقوا,2026-01-28T13:53:35.558729,0,7578202381821676821,https://www.tiktok.com/@hichamcook/video/7578202381821676821?lang=en,Hichem Cook
7578213754422575890,tiktok,Rachid Rachid,بلا رشه تع معدونس شحال,2026-01-28T13:53:35.558732,0,7578202381821676821,https://www.tiktok.com/@hichamcook/video/7578202381821676821?lang=en,Hichem Cook
7578212529949885191,tiktok,islem,بالا قرص و معندوس شعال,2026-01-28T13:53:35.558735,0,7578202381821676821,https://www.tiktok.com/@hichamcook/video/7578202381821676821?lang=en,Hichem Cook
7578211764900233985,tiktok,Black Window,بصح هادي وحدي ناكلها ماشي تاع زوج ولا 3,2026-01-28T13:53:35.558738,0,7578202381821676821,https://www.tiktok.com/@hichamcook/video/7578202381821676821?lang=en,Hichem Cook
7578210364521939719,tiktok,𝒀𝒂𝒔𝒔𝒊𝒏 👑,cruvette 🗣,2026-01-28T13:53:35.558742,0,7578202381821676821,https://www.tiktok.com/@hichamcook/video/7578202381821676821?lang=en,Hichem Cook
7578209139395789586,tiktok,🇩🇿 Adel AG 🇩🇿,شحال تحسبهالنا بلا الكروفات,2026-01-28T13:53:35.558745,0,7578202381821676821,https://www.tiktok.com/@hichamcook/video/7578202381821676821?lang=en,Hichem Cook
7578206164777861895,tiktok,𝑭𝑶𝑹𝑴𝑨 𝑼𝑺𝑨,,2026-01-28T13:53:35.558748,0,7578202381821676821,https://www.tiktok.com/@hichamcook/video/7578202381821676821?lang=en,Hichem Cook
7578203774713070347,tiktok,🎀Luxury🎀🦢,خلات🚶🏻‍♀️,2026-01-28T13:53:35.558752,0,7578202381821676821,https://www.tiktok.com/@hichamcook/video/7578202381821676821?lang=en,Hichem Cook
7578203696829022997,tiktok,moonelly mnl,😳😳😳,2026-01-28T13:53:35.558755,1,7578202381821676821,https://www.tiktok.com/@hichamcook/video/7578202381821676821?lang=en,Hichem Cook
7598900563421610759,tiktok,chahra Moon,😂😂😂,2026-01-28T13:53:35.558758,0,7578202381821676821,https://www.tiktok.com/@hichamcook/video/7578202381821676821?lang=en,Hichem Cook
7593668893765026568,tiktok,🌹🌹🌹ميمي ميما🌹🌹🌹,😁,2026-01-28T13:53:35.558762,0,7578202381821676821,https://www.tiktok.com/@hichamcook/video/7578202381821676821?lang=en,Hichem Cook
7588220386165785356,tiktok,Noura C.A.M,🥰,2026-01-28T13:53:35.558765,0,7578202381821676821,https://www.tiktok.com/@hichamcook/video/7578202381821676821?lang=en,Hichem Cook
7588220381695165240,tiktok,Noura C.A.M,🌺,2026-01-28T13:53:35.558768,0,7578202381821676821,https://www.tiktok.com/@hichamcook/video/7578202381821676821?lang=en,Hichem Cook
7588220378574258955,tiktok,Noura C.A.M,👑,2026-01-28T13:53:35.558771,0,7578202381821676821,https://www.tiktok.com/@hichamcook/video/7578202381821676821?lang=en,Hichem Cook
7586056995049145110,tiktok,🫡🇩🇿Kader wahdani 🫡,♥️,2026-01-28T13:53:35.558774,0,7578202381821676821,https://www.tiktok.com/@hichamcook/video/7578202381821676821?lang=en,Hichem Cook
7581891488851231500,tiktok,ka mare,😭😭😭,2026-01-28T13:53:35.558777,0,7578202381821676821,https://www.tiktok.com/@hichamcook/video/7578202381821676821?lang=en,Hichem Cook
7580372576934576918,tiktok,️,😂,2026-01-28T13:53:35.558780,0,7578202381821676821,https://www.tiktok.com/@hichamcook/video/7578202381821676821?lang=en,Hichem Cook
7579362955413177091,tiktok,Ciao,❤❤❤,2026-01-28T13:53:35.558783,0,7578202381821676821,https://www.tiktok.com/@hichamcook/video/7578202381821676821?lang=en,Hichem Cook
7578304367590212360,tiktok,𝐓𝓸𝓾 𝐅 𝓲` 𝐊,@Gt90 meilleur promo 😢,2026-01-28T13:53:37.315508,0,7578202381821676821,https://www.tiktok.com/@hichamcook/video/7578202381821676821?lang=en,Hichem Cook
7578289169740333831,tiktok,islam,😂,2026-01-28T13:53:37.315524,0,7578202381821676821,https://www.tiktok.com/@hichamcook/video/7578202381821676821?lang=en,Hichem Cook
7578284617959490311,tiktok,Louna,❤❤❤,2026-01-28T13:53:37.315532,0,7578202381821676821,https://www.tiktok.com/@hichamcook/video/7578202381821676821?lang=en,Hichem Cook
7578242379418190599,tiktok,Raïd,@🥩VIENDO GRILL🥩,2026-01-28T13:53:37.315534,0,7578202381821676821,https://www.tiktok.com/@hichamcook/video/7578202381821676821?lang=en,Hichem Cook
7578237168926704392,tiktok,Chafik Belk,❤️❤️❤️,2026-01-28T13:53:37.315537,0,7578202381821676821,https://www.tiktok.com/@hichamcook/video/7578202381821676821?lang=en,Hichem Cook
7578229703572620050,tiktok,Emi P25,😳😳😳😳😳,2026-01-28T13:53:37.315538,0,7578202381821676821,https://www.tiktok.com/@hichamcook/video/7578202381821676821?lang=en,Hichem Cook
7578221413019468562,tiktok,Clinique Scooter Yazid,🥰🥰🥰,2026-01-28T13:53:37.315540,0,7578202381821676821,https://www.tiktok.com/@hichamcook/video/7578202381821676821?lang=en,Hichem Cook
7578220948731740935,tiktok,dekarim116,😂😂😂,2026-01-28T13:53:37.315542,0,7578202381821676821,https://www.tiktok.com/@hichamcook/video/7578202381821676821?lang=en,Hichem Cook
7578219872338821905,tiktok,Belka Cem,🥰🥰🥰,2026-01-28T13:53:37.315544,0,7578202381821676821,https://www.tiktok.com/@hichamcook/video/7578202381821676821?lang=en,Hichem Cook
7578213220377576208,tiktok,العاقل,🤣🤣🤣,2026-01-28T13:53:37.315547,0,7578202381821676821,https://www.tiktok.com/@hichamcook/video/7578202381821676821?lang=en,Hichem Cook
7578206846159831820,tiktok,La Beauté,♥♥♥,2026-01-28T13:53:37.315549,0,7578202381821676821,https://www.tiktok.com/@hichamcook/video/7578202381821676821?lang=en,Hichem Cook
7578206343883293457,tiktok,𝑨𝒃 𝑫𝒐𝒖/⚽,🥰🥰🥰,2026-01-28T13:53:37.315551,0,7578202381821676821,https://www.tiktok.com/@hichamcook/video/7578202381821676821?lang=en,Hichem Cook
7578206058818159381,tiktok,Tuba Maya,😋,2026-01-28T13:53:37.315553,0,7578202381821676821,https://www.tiktok.com/@hichamcook/video/7578202381821676821?lang=en,Hichem Cook
7578203887002813191,tiktok,🐔Boucheria الحوضان🐮,💪💪💪🥰🥰🥰,2026-01-28T13:53:37.315554,0,7578202381821676821,https://www.tiktok.com/@hichamcook/video/7578202381821676821?lang=en,Hichem Cook
7578202614405514000,tiktok,Maram Hennous,👍👍👍👍,2026-01-28T13:53:37.315556,0,7578202381821676821,https://www.tiktok.com/@hichamcook/video/7578202381821676821?lang=en,Hichem Cook
7578203432042218247,tiktok,Fati La Vrai Fifi,😢😢😢,2026-01-28T13:53:37.315558,0,7578202381821676821,https://www.tiktok.com/@hichamcook/video/7578202381821676821?lang=en,Hichem Cook
7578203373218038545,tiktok,❄️Cøsę Ttě❄️,💙💙💙💙💙💙,2026-01-28T13:53:37.315560,0,7578202381821676821,https://www.tiktok.com/@hichamcook/video/7578202381821676821?lang=en,Hichem Cook
7578203274983408405,tiktok,yayou,😁😁😁,2026-01-28T13:53:37.315562,0,7578202381821676821,https://www.tiktok.com/@hichamcook/video/7578202381821676821?lang=en,Hichem Cook
7595715098762806036,tiktok,Youcef Youcef, [sticker],2026-01-28T13:53:37.315564,0,7578202381821676821,https://www.tiktok.com/@hichamcook/video/7578202381821676821?lang=en,Hichem Cook
7586711008933348112,tiktok,Fateh Allam,,2026-01-28T13:53:37.315567,0,7578202381821676821,https://www.tiktok.com/@hichamcook/video/7578202381821676821?lang=en,Hichem Cook
7578211140746101522,tiktok,🫅 REDOUANE ZF🫅,tkhasha frit,2026-01-28T13:53:38.646704,0,7578202381821676821,https://www.tiktok.com/@hichamcook/video/7578202381821676821?lang=en,Hichem Cook
7578231243457643284,tiktok,pahimikouala,كليت عندهم في زوج اللحم قريب كيفكيف بصح لاقارنتور نتاع هشام بنننة سيرتو الروز هذاك... تكون مدوزنة مليح الكروفات هذي...وشنو واقيل نتاع تونس,2026-01-28T13:53:38.646715,2,7578202381821676821,https://www.tiktok.com/@hichamcook/video/7578202381821676821?lang=en,Hichem Cook
7578206159887254294,tiktok,salemamr02,Avec ta femme ninja 🥷,2026-01-28T13:53:38.646720,2,7578202381821676821,https://www.tiktok.com/@hichamcook/video/7578202381821676821?lang=en,Hichem Cook
7586399151170454289,tiktok,Sophia🦩,يروح يرحم باباك منشوفكش قتلو ل خطيبي ديني عند هشام مدكوك خلص بقرة و بنتها قالي هاذو ناقصين من دراهم المهر 😔,2026-01-28T13:53:38.646722,1,7578202381821676821,https://www.tiktok.com/@hichamcook/video/7578202381821676821?lang=en,Hichem Cook
7578529245355016977,tiktok,DJAWED 🇩🇿 ❤️ 🇸🇳,قول والله غير كروفات فري 😏,2026-01-28T13:53:38.646724,1,7578202381821676821,https://www.tiktok.com/@hichamcook/video/7578202381821676821?lang=en,Hichem Cook
7578247270991872786,tiktok,Sofiane bahri,نسقسيك خو هذي كروفات واش من بلاد تع تونس ولا منين جابوهالك 😜😜😜,2026-01-28T13:53:38.646727,1,7578202381821676821,https://www.tiktok.com/@hichamcook/video/7578202381821676821?lang=en,Hichem Cook
7578220128429966088,tiktok,hakim,العفسة لي يديرولها رشة تع معدنوس هادي اليامات لازملك نص شهرية باش تأكلها هههه,2026-01-28T13:53:38.646729,1,7578202381821676821,https://www.tiktok.com/@hichamcook/video/7578202381821676821?lang=en,Hichem Cook
7578216086639280903,tiktok,Argelino ✨️,أنا قلت راح تقول 2000 دج هذي ماشي برومو,2026-01-28T13:53:38.646731,1,7578202381821676821,https://www.tiktok.com/@hichamcook/video/7578202381821676821?lang=en,Hichem Cook
7578209405057942280,tiktok,سكرة  😚,540الف نروح نصيد بيها قنطار كروفات ويفضلي صرف,2026-01-28T13:53:38.646733,1,7578202381821676821,https://www.tiktok.com/@hichamcook/video/7578202381821676821?lang=en,Hichem Cook
7589952519275823880,tiktok,Max,اسعار خيالية مشاء الله🙂😂,2026-01-28T13:53:38.646736,0,7578202381821676821,https://www.tiktok.com/@hichamcook/video/7578202381821676821?lang=en,Hichem Cook
7587915713907786526,tiktok,La Nostalgie,الحمد لله أخرجت من البلاد والله ما ابقات المعيشة في الجزائر. كلش غالي والدراهم ما يسواوش و الخدام يخلص زوج دورو الله يلطف برك.,2026-01-28T13:53:38.646738,0,7578202381821676821,https://www.tiktok.com/@hichamcook/video/7578202381821676821?lang=en,Hichem Cook
7579544127647073055,tiktok,BENE DZ🇩🇿 USA🇺🇲,ya zah hna plat ta3 5$😅,2026-01-28T13:53:38.646740,0,7578202381821676821,https://www.tiktok.com/@hichamcook/video/7578202381821676821?lang=en,Hichem Cook
7579315583331910420,tiktok,Fatima Tima,تعرف غير روز,2026-01-28T13:53:38.646742,0,7578202381821676821,https://www.tiktok.com/@hichamcook/video/7578202381821676821?lang=en,Hichem Cook
7579221645236617991,tiktok,𝓜𝓾𝓼𝓽𝓪𝓯𝓪,والله ياخوتي الا عيب خدمة يومين تفطر بيها برك,2026-01-28T13:53:38.646744,0,7578202381821676821,https://www.tiktok.com/@hichamcook/video/7578202381821676821?lang=en,Hichem Cook
7578549969150657301,tiktok,aaaa,🤣🤣🤣🤣🤣🤣🤣🤣🤣🤣🤣🤣🤣🤣🤣🤣🤣🤣🤣🤣🤣🤣🤣🤣🤣🤣🤣🤣🤣🤣🤣🤣🤣🤣🤣🤣 mahbol nta walah,2026-01-28T13:53:38.646746,0,7578202381821676821,https://www.tiktok.com/@hichamcook/video/7578202381821676821?lang=en,Hichem Cook
7578543705230803720,tiktok,ｓｉｈａｍ,منيتك😆😆😆😆😆,2026-01-28T13:53:38.646748,0,7578202381821676821,https://www.tiktok.com/@hichamcook/video/7578202381821676821?lang=en,Hichem Cook
7578522031873622791,tiktok,M🍂,5400ناكل مستر صلطع مش الكروفات,2026-01-28T13:53:38.646750,0,7578202381821676821,https://www.tiktok.com/@hichamcook/video/7578202381821676821?lang=en,Hichem Cook
7578324852608877320,tiktok,mohamedtoni,بصح قولوهم بلي تاع تونس ماشي تاعنا,2026-01-28T13:53:38.646752,0,7578202381821676821,https://www.tiktok.com/@hichamcook/video/7578202381821676821?lang=en,Hichem Cook
7578321040062726928,tiktok,lolita💎,نحيلي سيترو و رشة معدنوس وروز ولوڨوم سوطي وقولي شعال,2026-01-28T13:53:38.646754,0,7578202381821676821,https://www.tiktok.com/@hichamcook/video/7578202381821676821?lang=en,Hichem Cook
7578316148069040918,tiktok,ⵣ 🔰 🇨🇦 My Family 🇩🇿 🔰 ⵣ,"Pauvre peuple Algérien,meskine 5400 da pour 1kg crevette,dans un pays où la mer 🌊 la est la plus grande en Afrique du. Nord,😳😳",2026-01-28T13:53:38.646756,0,7578202381821676821,https://www.tiktok.com/@hichamcook/video/7578202381821676821?lang=en,Hichem Cook
7578296530269405974,tiktok,❤️الامل 🤗💕,هادي Pro max ميو ميو 😂😂😂😂😂,2026-01-28T13:53:39.564548,0,7578202381821676821,https://www.tiktok.com/@hichamcook/video/7578202381821676821?lang=en,Hichem Cook
7578241219747201799,tiktok,AZIZ GUEHAM,كي عيدتلهم كيفاش ياكلوه 540 الف مشي غالي,2026-01-28T13:53:39.564557,0,7578202381821676821,https://www.tiktok.com/@hichamcook/video/7578202381821676821?lang=en,Hichem Cook
7578235143829062420,tiktok,Akram Batna,جامي دخلت لفمي وممتش,2026-01-28T13:53:39.564559,0,7578202381821676821,https://www.tiktok.com/@hichamcook/video/7578202381821676821?lang=en,Hichem Cook
7578232394306913041,tiktok,Akouu🖤🦅,بصح راه يبان ميت نرملمو تحسبولنا 200 الف😂,2026-01-28T13:53:39.564561,0,7578202381821676821,https://www.tiktok.com/@hichamcook/video/7578202381821676821?lang=en,Hichem Cook
7578227738037945110,tiktok,liliana,يارب تسمحلي معرفتش علاش يزيدو الخضرة مفورة,2026-01-28T13:53:39.564563,0,7578202381821676821,https://www.tiktok.com/@hichamcook/video/7578202381821676821?lang=en,Hichem Cook
7578217921551450887,tiktok,ahmed,علاش لي يتوحم تاني يجي عندك انا عمبالي غير لي تتوحم 😥😥,2026-01-28T13:53:39.564565,0,7578202381821676821,https://www.tiktok.com/@hichamcook/video/7578202381821676821?lang=en,Hichem Cook
7578210608487891733,tiktok,arinoummariee,انا نعيف ناكل الروفات برا ماينقيولهاش هذاك الخيط يعيف كاكا,2026-01-28T13:53:39.564566,0,7578202381821676821,https://www.tiktok.com/@hichamcook/video/7578202381821676821?lang=en,Hichem Cook
7578208145004069634,tiktok,inzo.algerino🇩🇿🇩🇿,وشي هيا خضرة سوتي هادي يالاطيف,2026-01-28T13:53:39.564568,0,7578202381821676821,https://www.tiktok.com/@hichamcook/video/7578202381821676821?lang=en,Hichem Cook
7578298752894927633,tiktok,🇩🇿az iz zizou🇩🇿,محبتش تتقشر كروفات وقيل كونجلي 😂,2026-01-28T13:53:39.564570,0,7578202381821676821,https://www.tiktok.com/@hichamcook/video/7578202381821676821?lang=en,Hichem Cook
7599478473748513557,tiktok,Chadi Moumene,لازم مصالح التجارة تراقب شويا المطاعم فالجزائر، الأسعار زايدين فوق الحق و ياخذون هامش ربح كبير بزاف,2026-01-28T13:53:39.564571,0,7578202381821676821,https://www.tiktok.com/@hichamcook/video/7578202381821676821?lang=en,Hichem Cook
7575643737864569607,tiktok,Mery-mery,مزية قسمتها هشام,2026-01-28T13:53:58.974986,835,7575633055751081236,https://www.tiktok.com/@hichamcook/video/7575633055751081236?lang=en,Hichem Cook
7575650599200391957,tiktok,أَنــْوَرْ •,قسمتها ؟؟ لعزييييز يخو,2026-01-28T13:53:58.975008,442,7575633055751081236,https://www.tiktok.com/@hichamcook/video/7575633055751081236?lang=en,Hichem Cook
7575698336244040455,tiktok,BADRO ⚠️,الحمد الله سلامات,2026-01-28T13:53:58.975010,138,7575633055751081236,https://www.tiktok.com/@hichamcook/video/7575633055751081236?lang=en,Hichem Cook
7575634814323491640,tiktok,Bilal alhwt,وين محل,2026-01-28T13:53:58.975012,0,7575633055751081236,https://www.tiktok.com/@hichamcook/video/7575633055751081236?lang=en,Hichem Cook
7576055581410001682,tiktok,Omar Chergui,درنا فيك ثقة خويا هشام,2026-01-28T13:53:58.975014,19,7575633055751081236,https://www.tiktok.com/@hichamcook/video/7575633055751081236?lang=en,Hichem Cook
7575642813817553680,tiktok,محمد حاكمي,مكنش ماكلة شهاتني عندك من غير لوبيا لي طيبتها للغاشي لي كان يخدملك فريسطورو كي تحرق عاود ديرلنا لاروسات تاعها,2026-01-28T13:53:58.975016,14,7575633055751081236,https://www.tiktok.com/@hichamcook/video/7575633055751081236?lang=en,Hichem Cook
7575645475933864712,tiktok,🔱 Djamelito 🔱,مزيا كاين هشام يقطع البيتزا 😂,2026-01-28T13:53:58.975018,66,7575633055751081236,https://www.tiktok.com/@hichamcook/video/7575633055751081236?lang=en,Hichem Cook
7575659789548880647,tiktok,fouzi,خليتني حتى شريت Coupe Pizza 😞,2026-01-28T13:53:58.975021,129,7575633055751081236,https://www.tiktok.com/@hichamcook/video/7575633055751081236?lang=en,Hichem Cook
7575870775669080839,tiktok,♕𝐊𝐡𝐚𝐥𝐢𝐥 | خــلــيــل♕,هشاام لعزيييز قسمها✨,2026-01-28T13:53:58.975022,67,7575633055751081236,https://www.tiktok.com/@hichamcook/video/7575633055751081236?lang=en,Hichem Cook
7575944750889861896,tiktok,Abdo  🖤,عندك زهر نتا,2026-01-28T13:53:58.975023,4,7575633055751081236,https://www.tiktok.com/@hichamcook/video/7575633055751081236?lang=en,Hichem Cook
7576385444121494290,tiktok,Mohamed Ounis,Vive Liverpool,2026-01-28T13:53:58.975025,0,7575633055751081236,https://www.tiktok.com/@hichamcook/video/7575633055751081236?lang=en,Hichem Cook
7578539349428716306,tiktok,Nasro nasro,وين المحل باش منجيش 🤣🤣,2026-01-28T13:53:58.975026,0,7575633055751081236,https://www.tiktok.com/@hichamcook/video/7575633055751081236?lang=en,Hichem Cook
7577029680885695239,tiktok,🕸🕷,,2026-01-28T13:53:58.975028,3,7575633055751081236,https://www.tiktok.com/@hichamcook/video/7575633055751081236?lang=en,Hichem Cook
7575638359826531074,tiktok,jamel جمال,مافهمتش وين راهي لا بروموسيو,2026-01-28T13:53:58.975029,2,7575633055751081236,https://www.tiktok.com/@hichamcook/video/7575633055751081236?lang=en,Hichem Cook
7575876059322565396,tiktok,zaza,ديرو ليفريزون الجزائر العاصمة؟,2026-01-28T13:53:58.975030,0,7575633055751081236,https://www.tiktok.com/@hichamcook/video/7575633055751081236?lang=en,Hichem Cook
7576038225777820436,tiktok,la plume,c ou a kouba ou bien bab ezowar,2026-01-28T13:53:58.975032,0,7575633055751081236,https://www.tiktok.com/@hichamcook/video/7575633055751081236?lang=en,Hichem Cook
7595278585491374862,tiktok,Hacene BESSAOUDI,250,2026-01-28T13:53:58.975033,0,7575633055751081236,https://www.tiktok.com/@hichamcook/video/7575633055751081236?lang=en,Hichem Cook
7575978694835225366,tiktok,‼️,قبل ما ندخل لليكومونتار حسيت 😂😂😂,2026-01-28T13:53:58.975034,2,7575633055751081236,https://www.tiktok.com/@hichamcook/video/7575633055751081236?lang=en,Hichem Cook
7575737377302528784,tiktok,ٰ,مزلت,2026-01-28T13:53:58.975036,7,7575633055751081236,https://www.tiktok.com/@hichamcook/video/7575633055751081236?lang=en,Hichem Cook
7576008305699259143,tiktok,Noureddine Debbih,ياك تجي مقسومة,2026-01-28T13:53:58.975038,0,7575633055751081236,https://www.tiktok.com/@hichamcook/video/7575633055751081236?lang=en,Hichem Cook
7575893283852682006,tiktok,salahbouakaz40,250 نقضي لدار يدرولي بيتزا ميش نورمال وزيد معمرا بل بنة,2026-01-28T13:53:59.890094,7,7575633055751081236,https://www.tiktok.com/@hichamcook/video/7575633055751081236?lang=en,Hichem Cook
7577142235687387911,tiktok,يــاســيــن ســهــيــلــي 🇧🇷,🙂,2026-01-28T13:53:59.890109,1,7575633055751081236,https://www.tiktok.com/@hichamcook/video/7575633055751081236?lang=en,Hichem Cook
7576104483106439954,tiktok,aimenmokrani3,تحيا دياقوستو ما قدرتلوش مردوم دورتها بيزا 😂,2026-01-28T13:53:59.890113,1,7575633055751081236,https://www.tiktok.com/@hichamcook/video/7575633055751081236?lang=en,Hichem Cook
7576775127771153153,tiktok,يُـوُنَـسْٖ> 3,لعزيز؟,2026-01-28T13:53:59.890115,0,7575633055751081236,https://www.tiktok.com/@hichamcook/video/7575633055751081236?lang=en,Hichem Cook
7584508221118825272,tiktok,brahimtadj115,slm nim Bach nakmondi,2026-01-28T13:53:59.890122,0,7575633055751081236,https://www.tiktok.com/@hichamcook/video/7575633055751081236?lang=en,Hichem Cook
7576385508101178120,tiktok,GODDAMN,شرة واعرة هذي هشام 🔥,2026-01-28T13:53:59.890125,3,7575633055751081236,https://www.tiktok.com/@hichamcook/video/7575633055751081236?lang=en,Hichem Cook
7577591737485984520,tiktok,chouib 🔗,,2026-01-28T13:53:59.890128,0,7575633055751081236,https://www.tiktok.com/@hichamcook/video/7575633055751081236?lang=en,Hichem Cook
7578591857002087175,tiktok,⚡SIFO_DZ ⚡,,2026-01-28T13:53:59.890130,0,7575633055751081236,https://www.tiktok.com/@hichamcook/video/7575633055751081236?lang=en,Hichem Cook
7576014701164888839,tiktok,🐂SLATCHA🐂,ياك تلحقنا مقطعة,2026-01-28T13:53:59.890133,2,7575633055751081236,https://www.tiktok.com/@hichamcook/video/7575633055751081236?lang=en,Hichem Cook
7576593228385534732,tiktok,slim,شهيتنا مع ريجيم,2026-01-28T13:53:59.890135,2,7575633055751081236,https://www.tiktok.com/@hichamcook/video/7575633055751081236?lang=en,Hichem Cook
7576337286406112016,tiktok,Ghada,كيفاش نكومونديو للقبة؟,2026-01-28T13:53:59.890138,0,7575633055751081236,https://www.tiktok.com/@hichamcook/video/7575633055751081236?lang=en,Hichem Cook
7576625456599139090,tiktok,Karimo Krim,,2026-01-28T13:53:59.890140,0,7575633055751081236,https://www.tiktok.com/@hichamcook/video/7575633055751081236?lang=en,Hichem Cook
7577081317738808082,tiktok,♧︎︎︎𝒽𝒶𝓂𝒶☘︎⚜️,مزيةدرنا فيك تيقا لعزيز,2026-01-28T13:53:59.890143,0,7575633055751081236,https://www.tiktok.com/@hichamcook/video/7575633055751081236?lang=en,Hichem Cook
7577880795395834631,tiktok,Anes,ماشاء الله تبارك الرحمن ❤,2026-01-28T13:53:59.890145,0,7575633055751081236,https://www.tiktok.com/@hichamcook/video/7575633055751081236?lang=en,Hichem Cook
7576546888128889621,tiktok,hassan_babou,هه هيشام توجور يركب الموجة 😂👏,2026-01-28T13:53:59.890148,0,7575633055751081236,https://www.tiktok.com/@hichamcook/video/7575633055751081236?lang=en,Hichem Cook
7575687356763341586,tiktok,abdjamel djamel,لزم تعلمنا كيفاه نضربو جيب بالقدر اخي,2026-01-28T13:53:59.890150,0,7575633055751081236,https://www.tiktok.com/@hichamcook/video/7575633055751081236?lang=en,Hichem Cook
7575671705248138040,tiktok,kobra Mohamed,بلا زيتون قداه سومتها,2026-01-28T13:53:59.890152,6,7575633055751081236,https://www.tiktok.com/@hichamcook/video/7575633055751081236?lang=en,Hichem Cook
7576479693458096904,tiktok,Mustapha Amghar,yaw melaha ou dirha fi el congélateur.,2026-01-28T13:53:59.890154,0,7575633055751081236,https://www.tiktok.com/@hichamcook/video/7575633055751081236?lang=en,Hichem Cook
7577029674518512391,tiktok,🕸🕷,,2026-01-28T13:53:59.890157,1,7575633055751081236,https://www.tiktok.com/@hichamcook/video/7575633055751081236?lang=en,Hichem Cook
7575653228362154774,tiktok,Imanebgt009,wach m mahal,2026-01-28T13:53:59.890161,0,7575633055751081236,https://www.tiktok.com/@hichamcook/video/7575633055751081236?lang=en,Hichem Cook
7578591876414014226,tiktok,⚡SIFO_DZ ⚡,,2026-01-28T13:54:00.783313,0,7575633055751081236,https://www.tiktok.com/@hichamcook/video/7575633055751081236?lang=en,Hichem Cook
7575917936021717767,tiktok,D2R,mziya 9semtha fl vidéo la preuve 😂,2026-01-28T13:54:00.783323,1,7575633055751081236,https://www.tiktok.com/@hichamcook/video/7575633055751081236?lang=en,Hichem Cook
7575975722951623441,tiktok,فايز باز,كل يوم ولا,2026-01-28T13:54:00.783326,0,7575633055751081236,https://www.tiktok.com/@hichamcook/video/7575633055751081236?lang=en,Hichem Cook
7575753956846174993,tiktok,آيات قصيرة للصلاة سهلة للحفظ,و مقطعة ثاااااااني,2026-01-28T13:54:00.783328,0,7575633055751081236,https://www.tiktok.com/@hichamcook/video/7575633055751081236?lang=en,Hichem Cook
7577447587889283841,tiktok,Abdou❤️Max,السعر في متناول فينيسيوس😂😂,2026-01-28T13:54:00.783330,0,7575633055751081236,https://www.tiktok.com/@hichamcook/video/7575633055751081236?lang=en,Hichem Cook
7576178973606331152,tiktok,amina mina,بازوكا هل انت في الاستماع,2026-01-28T13:54:00.783333,18,7575633055751081236,https://www.tiktok.com/@hichamcook/video/7575633055751081236?lang=en,Hichem Cook
7577110005741290258,tiktok,fezuka,بانتلي بري مليح,2026-01-28T13:54:00.783335,0,7575633055751081236,https://www.tiktok.com/@hichamcook/video/7575633055751081236?lang=en,Hichem Cook
7576041911376691986,tiktok,Noureddin Benbrih,نديرو فيك ثقة لعزيز ✨,2026-01-28T13:54:00.783336,0,7575633055751081236,https://www.tiktok.com/@hichamcook/video/7575633055751081236?lang=en,Hichem Cook
7575644632312742677,tiktok,T O U F I K ✈️,فيها تشمبيونز ليغ في هشام كوك ؟,2026-01-28T13:54:00.783338,0,7575633055751081236,https://www.tiktok.com/@hichamcook/video/7575633055751081236?lang=en,Hichem Cook
7576053061439111943,tiktok,Samir Rachek,فرينة ولات 250 يا حصرا,2026-01-28T13:54:00.783340,0,7575633055751081236,https://www.tiktok.com/@hichamcook/video/7575633055751081236?lang=en,Hichem Cook
7576248221191668487,tiktok,Feriel Tr,fi oran !?,2026-01-28T13:54:00.783342,0,7575633055751081236,https://www.tiktok.com/@hichamcook/video/7575633055751081236?lang=en,Hichem Cook
7576679219615826695,tiktok,ycf_47,درنا فيك ثقة خويا لعزيز,2026-01-28T13:54:00.783343,0,7575633055751081236,https://www.tiktok.com/@hichamcook/video/7575633055751081236?lang=en,Hichem Cook
7575906238698832658,tiktok,YASSER,باش تلحق لتما يقولك خلاصت,2026-01-28T13:54:00.783345,0,7575633055751081236,https://www.tiktok.com/@hichamcook/video/7575633055751081236?lang=en,Hichem Cook
7576283475951797013,tiktok,Amin Zergat🇩🇿❤️,أول مرة دير سعر معقول,2026-01-28T13:54:00.783347,0,7575633055751081236,https://www.tiktok.com/@hichamcook/video/7575633055751081236?lang=en,Hichem Cook
7577917379155690262,tiktok,دز 💍معاهم,الله يبارك,2026-01-28T13:54:00.783348,0,7575633055751081236,https://www.tiktok.com/@hichamcook/video/7575633055751081236?lang=en,Hichem Cook
7576303589484675847,tiktok,𓆩𝑰𝑻𝑨𝑪𝑯𝑰𓆪,تخرجلي غير مين نكون خارج متريناج 🤦🏿‍♂️,2026-01-28T13:54:00.783350,0,7575633055751081236,https://www.tiktok.com/@hichamcook/video/7575633055751081236?lang=en,Hichem Cook
7575642707286606608,tiktok,Rabah Hadjlazib,ربي يبارك. كليتها ماشا الله,2026-01-28T13:54:00.783352,0,7575633055751081236,https://www.tiktok.com/@hichamcook/video/7575633055751081236?lang=en,Hichem Cook
7575659320575165192,tiktok,HouDa,dir livraison ll'setif 😁,2026-01-28T13:54:00.783353,0,7575633055751081236,https://www.tiktok.com/@hichamcook/video/7575633055751081236?lang=en,Hichem Cook
7576006612268417813,tiktok,collection by jasmine,كاين توصيل,2026-01-28T13:54:00.783355,0,7575633055751081236,https://www.tiktok.com/@hichamcook/video/7575633055751081236?lang=en,Hichem Cook
7575678980553081608,tiktok,accord,Pas cher !,2026-01-28T13:54:00.783357,0,7575633055751081236,https://www.tiktok.com/@hichamcook/video/7575633055751081236?lang=en,Hichem Cook
7576688448565379847,tiktok,ANES CH8B,,2026-01-28T13:54:00.983749,0,7575633055751081236,https://www.tiktok.com/@hichamcook/video/7575633055751081236?lang=en,Hichem Cook
7576104454119818002,tiktok,Salaheddine99,top offre,2026-01-28T13:54:00.983763,0,7575633055751081236,https://www.tiktok.com/@hichamcook/video/7575633055751081236?lang=en,Hichem Cook
7575658613944714002,tiktok,Blighham 5,وين بلاسة,2026-01-28T13:54:00.983765,0,7575633055751081236,https://www.tiktok.com/@hichamcook/video/7575633055751081236?lang=en,Hichem Cook
7576411596507939640,tiktok,combattiva 🇧🇳⚒️🧨,😂😂😂,2026-01-28T13:54:00.983767,0,7575633055751081236,https://www.tiktok.com/@hichamcook/video/7575633055751081236?lang=en,Hichem Cook
7578591822071644935,tiktok,⚡SIFO_DZ ⚡,,2026-01-28T13:54:01.685855,0,7575633055751081236,https://www.tiktok.com/@hichamcook/video/7575633055751081236?lang=en,Hichem Cook
7575634169348506386,tiktok,🌷njw wsm💜,مشاء الله 💜,2026-01-28T13:54:01.686065,0,7575633055751081236,https://www.tiktok.com/@hichamcook/video/7575633055751081236?lang=en,Hichem Cook
7576219445690958612,tiktok,dijkstraioutvbp,,2026-01-28T13:54:01.686070,4,7575633055751081236,https://www.tiktok.com/@hichamcook/video/7575633055751081236?lang=en,Hichem Cook
7577097387488166676,tiktok,ibrahimovitche,تشهي😥,2026-01-28T13:54:01.686072,0,7575633055751081236,https://www.tiktok.com/@hichamcook/video/7575633055751081236?lang=en,Hichem Cook
7575723311125676812,tiktok,َ,الله يبارك ربي يوفقك,2026-01-28T13:54:01.686074,0,7575633055751081236,https://www.tiktok.com/@hichamcook/video/7575633055751081236?lang=en,Hichem Cook
7576348939763630866,tiktok,rip_mango67 🥭☭,,2026-01-28T13:54:01.686076,0,7575633055751081236,https://www.tiktok.com/@hichamcook/video/7575633055751081236?lang=en,Hichem Cook
7587143972750721814,tiktok,belaidch91,pharmacie,2026-01-28T13:54:01.686080,0,7575633055751081236,https://www.tiktok.com/@hichamcook/video/7575633055751081236?lang=en,Hichem Cook
7575637698444428043,tiktok,ْ,يحيا السنكوشي,2026-01-28T13:54:01.686082,0,7575633055751081236,https://www.tiktok.com/@hichamcook/video/7575633055751081236?lang=en,Hichem Cook
7575670438691357458,tiktok,Lamine,اني واي 😂😂,2026-01-28T13:54:01.686084,0,7575633055751081236,https://www.tiktok.com/@hichamcook/video/7575633055751081236?lang=en,Hichem Cook
7575635346068701970,tiktok,tayeb,fe wahran,2026-01-28T13:54:01.686085,0,7575633055751081236,https://www.tiktok.com/@hichamcook/video/7575633055751081236?lang=en,Hichem Cook
7575904666808468242,tiktok,Nounou chasseur,diagusto 💗,2026-01-28T13:54:01.686087,0,7575633055751081236,https://www.tiktok.com/@hichamcook/video/7575633055751081236?lang=en,Hichem Cook
7575678160713564944,tiktok,🇵🇸RiadO ^_^🥱リヤド🇵🇸,تحيا كريزي,2026-01-28T13:54:01.686089,0,7575633055751081236,https://www.tiktok.com/@hichamcook/video/7575633055751081236?lang=en,Hichem Cook
7575663230665474823,tiktok,لمين بوخطوطة,كاين توصيل لذراع الناقة خو ؟,2026-01-28T13:54:01.686093,0,7575633055751081236,https://www.tiktok.com/@hichamcook/video/7575633055751081236?lang=en,Hichem Cook
7576030344857862924,tiktok,duster,pour l'adresse on s'adresse aux renseignements? pour 2 personnes ?,2026-01-28T13:54:01.686096,0,7575633055751081236,https://www.tiktok.com/@hichamcook/video/7575633055751081236?lang=en,Hichem Cook
7576620704309805844,tiktok,🇩🇿AHMED TAKI EDDINE🇸🇳,هشام بلاك ديرها,2026-01-28T13:54:01.686098,0,7575633055751081236,https://www.tiktok.com/@hichamcook/video/7575633055751081236?lang=en,Hichem Cook
7575632769293894416,tiktok,mossab FIFA MOBILE,الاول رد😂,2026-01-28T13:54:01.686100,0,7575633055751081236,https://www.tiktok.com/@hichamcook/video/7575633055751081236?lang=en,Hichem Cook
7575650663738229516,tiktok,بيت الفخامة,كاين بيتزا جديدة جي ماشي مفسومة,2026-01-28T13:54:01.686101,1,7575633055751081236,https://www.tiktok.com/@hichamcook/video/7575633055751081236?lang=en,Hichem Cook
7578591787695555336,tiktok,⚡SIFO_DZ ⚡,,2026-01-28T13:54:02.785251,0,7575633055751081236,https://www.tiktok.com/@hichamcook/video/7575633055751081236?lang=en,Hichem Cook
7575669487187231495,tiktok,abdenour touil,w oran ?,2026-01-28T13:54:02.785264,0,7575633055751081236,https://www.tiktok.com/@hichamcook/video/7575633055751081236?lang=en,Hichem Cook
7575637043176571655,tiktok,باٰﭑر͜بي 𝐵𝐴𝑅𝐵𝐼𝐸 👸🏻💅💄,اتهلا في جاري أكرم راه خدام عندك ❤,2026-01-28T13:54:02.785267,0,7575633055751081236,https://www.tiktok.com/@hichamcook/video/7575633055751081236?lang=en,Hichem Cook
7575634798597636884,tiktok,nesrineadam4,ندوها معانا ولا ناكلوها لتم؟,2026-01-28T13:54:02.785274,1,7575633055751081236,https://www.tiktok.com/@hichamcook/video/7575633055751081236?lang=en,Hichem Cook
7575662054418400017,tiktok,ADA.M,في متناول ايليون ماسك السومة,2026-01-28T13:54:02.785276,0,7575633055751081236,https://www.tiktok.com/@hichamcook/video/7575633055751081236?lang=en,Hichem Cook
7576355205341676305,tiktok,dila dila,غالية,2026-01-28T13:54:02.785278,0,7575633055751081236,https://www.tiktok.com/@hichamcook/video/7575633055751081236?lang=en,Hichem Cook
7575635708825584404,tiktok,ŇäŞřØ,تعشا بيه يطلع بيك نهار,2026-01-28T13:54:02.785280,0,7575633055751081236,https://www.tiktok.com/@hichamcook/video/7575633055751081236?lang=en,Hichem Cook
7576292645359125256,tiktok,Mdher,باش نقسمها,2026-01-28T13:54:02.785282,1,7575633055751081236,https://www.tiktok.com/@hichamcook/video/7575633055751081236?lang=en,Hichem Cook
7575916078817035030,tiktok,ابن سعد,شكشوكة هذي تون لحم مع دجاج واو هههههه,2026-01-28T13:54:02.785284,0,7575633055751081236,https://www.tiktok.com/@hichamcook/video/7575633055751081236?lang=en,Hichem Cook
7576128556519686934,tiktok,Djamel mpl 🇩🇿,thon et viande haché ensemble 🤔🤔,2026-01-28T13:54:02.785286,0,7575633055751081236,https://www.tiktok.com/@hichamcook/video/7575633055751081236?lang=en,Hichem Cook
7575972512928973590,tiktok,ARIS,"2500 , méchoui avec un couscous 1700 da 😳😳",2026-01-28T13:54:02.785288,3,7575633055751081236,https://www.tiktok.com/@hichamcook/video/7575633055751081236?lang=en,Hichem Cook
7578591917148095250,tiktok,⚡SIFO_DZ ⚡,,2026-01-28T13:54:02.785290,0,7575633055751081236,https://www.tiktok.com/@hichamcook/video/7575633055751081236?lang=en,Hichem Cook
7578591822072808199,tiktok,⚡SIFO_DZ ⚡,,2026-01-28T13:54:02.785293,0,7575633055751081236,https://www.tiktok.com/@hichamcook/video/7575633055751081236?lang=en,Hichem Cook
7578591784395490055,tiktok,⚡SIFO_DZ ⚡,,2026-01-28T13:54:02.785295,0,7575633055751081236,https://www.tiktok.com/@hichamcook/video/7575633055751081236?lang=en,Hichem Cook
7578591778740290311,tiktok,⚡SIFO_DZ ⚡,,2026-01-28T13:54:02.785297,0,7575633055751081236,https://www.tiktok.com/@hichamcook/video/7575633055751081236?lang=en,Hichem Cook
7578591828090831634,tiktok,⚡SIFO_DZ ⚡,,2026-01-28T13:54:02.785299,0,7575633055751081236,https://www.tiktok.com/@hichamcook/video/7575633055751081236?lang=en,Hichem Cook
7578591876833837831,tiktok,⚡SIFO_DZ ⚡,,2026-01-28T13:54:02.785301,0,7575633055751081236,https://www.tiktok.com/@hichamcook/video/7575633055751081236?lang=en,Hichem Cook
7575658904412078849,tiktok,Abdenour Mmn,هلكتنا ببسم الله ما شاء الله,2026-01-28T13:54:02.785303,15,7575633055751081236,https://www.tiktok.com/@hichamcook/video/7575633055751081236?lang=en,Hichem Cook
7575635295950832391,tiktok,🤎🍁🍂🦉🥥🦉🤎,فالعاشور ؟؟؟,2026-01-28T13:54:02.785304,0,7575633055751081236,https://www.tiktok.com/@hichamcook/video/7575633055751081236?lang=en,Hichem Cook
7575861589041316626,tiktok,Zed_rider.dz,رانا دايرين فيك ثقة لعزيز,2026-01-28T13:54:03.908435,2,7575633055751081236,https://www.tiktok.com/@hichamcook/video/7575633055751081236?lang=en,Hichem Cook
7575639123236586258,tiktok,Abdo Abdo,تحيا لوبيا,2026-01-28T13:54:03.908451,2,7575633055751081236,https://www.tiktok.com/@hichamcook/video/7575633055751081236?lang=en,Hichem Cook
7577029636573184786,tiktok,🕸🕷,,2026-01-28T13:54:03.908454,1,7575633055751081236,https://www.tiktok.com/@hichamcook/video/7575633055751081236?lang=en,Hichem Cook
7575643811977872146,tiktok,lokman.066,وين جاي ايكزاكت,2026-01-28T13:54:03.908456,1,7575633055751081236,https://www.tiktok.com/@hichamcook/video/7575633055751081236?lang=en,Hichem Cook
7575642855973946124,tiktok,DzMakaveli,في التوصيل تاني تقسموها؟,2026-01-28T13:54:03.908458,1,7575633055751081236,https://www.tiktok.com/@hichamcook/video/7575633055751081236?lang=en,Hichem Cook
7578597274185712385,tiktok,user6920793824370,درنا فيك ثقة لعزيز,2026-01-28T13:54:03.908459,0,7575633055751081236,https://www.tiktok.com/@hichamcook/video/7575633055751081236?lang=en,Hichem Cook
7577457393995973396,tiktok,Mamouni,,2026-01-28T13:54:03.908461,0,7575633055751081236,https://www.tiktok.com/@hichamcook/video/7575633055751081236?lang=en,Hichem Cook
7576335613780394760,tiktok,boos_lux,لعزيز,2026-01-28T13:54:03.908463,0,7575633055751081236,https://www.tiktok.com/@hichamcook/video/7575633055751081236?lang=en,Hichem Cook
7576315553783169812,tiktok,FæRôuķ,بيتزا بالبزاق خو ؟,2026-01-28T13:54:03.908464,0,7575633055751081236,https://www.tiktok.com/@hichamcook/video/7575633055751081236?lang=en,Hichem Cook
7576042745502106390,tiktok,Utilisateur introuvable,Pizza kima Hadi dire 1600da bordure fromage 450da Tssama 2050da mdr pour 2500da pizza maison avec tout les ingrédients sans bordure fromage merci salam,2026-01-28T13:54:03.908466,0,7575633055751081236,https://www.tiktok.com/@hichamcook/video/7575633055751081236?lang=en,Hichem Cook
7575688077349765904,tiktok,mokhtar mahdjouba,بزاف,2026-01-28T13:54:03.908468,0,7575633055751081236,https://www.tiktok.com/@hichamcook/video/7575633055751081236?lang=en,Hichem Cook
7575685468630287112,tiktok,Pisou tirigou,disponible oran ?,2026-01-28T13:54:03.908470,0,7575633055751081236,https://www.tiktok.com/@hichamcook/video/7575633055751081236?lang=en,Hichem Cook
7575999385265439509,tiktok,AyMen ROJii,@Houssem @Tarek Bd,2026-01-28T13:54:03.908471,0,7575633055751081236,https://www.tiktok.com/@hichamcook/video/7575633055751081236?lang=en,Hichem Cook
7575633872316367633,tiktok,Mohamed Oueld Kadour🇩🇿,🥰🥰🥰,2026-01-28T13:54:03.908473,1,7575633055751081236,https://www.tiktok.com/@hichamcook/video/7575633055751081236?lang=en,Hichem Cook
7594122342965281544,tiktok,MOH BLD 97,😁,2026-01-28T13:54:03.908474,0,7575633055751081236,https://www.tiktok.com/@hichamcook/video/7575633055751081236?lang=en,Hichem Cook
7589285887021237010,tiktok,Mouh Mouh,🥰,2026-01-28T13:54:03.908476,0,7575633055751081236,https://www.tiktok.com/@hichamcook/video/7575633055751081236?lang=en,Hichem Cook
7588220399847490315,tiktok,Noura C.A.M,🥰,2026-01-28T13:54:03.908477,0,7575633055751081236,https://www.tiktok.com/@hichamcook/video/7575633055751081236?lang=en,Hichem Cook
7588220397855589132,tiktok,Noura C.A.M,👑,2026-01-28T13:54:03.908479,0,7575633055751081236,https://www.tiktok.com/@hichamcook/video/7575633055751081236?lang=en,Hichem Cook
7588220382106370872,tiktok,Noura C.A.M,🌺,2026-01-28T13:54:03.908480,0,7575633055751081236,https://www.tiktok.com/@hichamcook/video/7575633055751081236?lang=en,Hichem Cook
7582217910040544007,tiktok,Mira Amiroove,🥰,2026-01-28T13:54:03.908482,0,7575633055751081236,https://www.tiktok.com/@hichamcook/video/7575633055751081236?lang=en,Hichem Cook
7578672011578393361,tiktok,ma ya,😁,2026-01-28T13:54:04.985826,0,7575633055751081236,https://www.tiktok.com/@hichamcook/video/7575633055751081236?lang=en,Hichem Cook
7578598653863494422,tiktok,ali_djahltia,🥰,2026-01-28T13:54:04.985834,0,7575633055751081236,https://www.tiktok.com/@hichamcook/video/7575633055751081236?lang=en,Hichem Cook
7578231306094445334,tiktok,transporteur bagage dz b.o.b,🇩🇿🇪🇺🇨🇭🇫🇷🇩🇪🇱🇺☪️,2026-01-28T13:54:04.985836,0,7575633055751081236,https://www.tiktok.com/@hichamcook/video/7575633055751081236?lang=en,Hichem Cook
7577831639633314582,tiktok,Yacine💚💛♓,🥰🥰🥰,2026-01-28T13:54:04.985838,0,7575633055751081236,https://www.tiktok.com/@hichamcook/video/7575633055751081236?lang=en,Hichem Cook
7577790216897331989,tiktok,chahinezchahine96,💔💔💔,2026-01-28T13:54:04.985839,0,7575633055751081236,https://www.tiktok.com/@hichamcook/video/7575633055751081236?lang=en,Hichem Cook
7577460050664456967,tiktok,abdou,😁,2026-01-28T13:54:04.985841,0,7575633055751081236,https://www.tiktok.com/@hichamcook/video/7575633055751081236?lang=en,Hichem Cook
7576703970262942471,tiktok,oum islem,🥰,2026-01-28T13:54:04.985842,0,7575633055751081236,https://www.tiktok.com/@hichamcook/video/7575633055751081236?lang=en,Hichem Cook
7576703993804948232,tiktok,oum islem,🥺,2026-01-28T13:54:04.985843,0,7575633055751081236,https://www.tiktok.com/@hichamcook/video/7575633055751081236?lang=en,Hichem Cook
7576497526200304391,tiktok,Sara BL 🩷,❤,2026-01-28T13:54:04.985845,0,7575633055751081236,https://www.tiktok.com/@hichamcook/video/7575633055751081236?lang=en,Hichem Cook
7576379424280085256,tiktok,Abde Rahman,🤣,2026-01-28T13:54:04.985847,0,7575633055751081236,https://www.tiktok.com/@hichamcook/video/7575633055751081236?lang=en,Hichem Cook
7576367271355106066,tiktok,Walid arrar,♥️♥️♥️,2026-01-28T13:54:04.985848,0,7575633055751081236,https://www.tiktok.com/@hichamcook/video/7575633055751081236?lang=en,Hichem Cook
7576347821907067656,tiktok,Moh Madrid8488,❤️❤️❤️,2026-01-28T13:54:04.985849,0,7575633055751081236,https://www.tiktok.com/@hichamcook/video/7575633055751081236?lang=en,Hichem Cook
7576312160491766536,tiktok,ISMAIL TECH,🥰🥰🥰,2026-01-28T13:54:04.985851,0,7575633055751081236,https://www.tiktok.com/@hichamcook/video/7575633055751081236?lang=en,Hichem Cook
7576290714905543435,tiktok,Sid Ahmed,😁😁😁,2026-01-28T13:54:04.985852,0,7575633055751081236,https://www.tiktok.com/@hichamcook/video/7575633055751081236?lang=en,Hichem Cook
7576002533455463186,tiktok,Nabil Agg,😂😂😂,2026-01-28T13:54:04.985853,0,7575633055751081236,https://www.tiktok.com/@hichamcook/video/7575633055751081236?lang=en,Hichem Cook
7575945340429468438,tiktok,Droit au but,🥰🥰🥰,2026-01-28T13:54:04.985855,0,7575633055751081236,https://www.tiktok.com/@hichamcook/video/7575633055751081236?lang=en,Hichem Cook
7575897282269790983,tiktok,شمس الضحى785,🥰🥰🥰,2026-01-28T13:54:04.985856,0,7575633055751081236,https://www.tiktok.com/@hichamcook/video/7575633055751081236?lang=en,Hichem Cook
7575880764148089607,tiktok,Alp sty,😂😂😂😂😂😂😂😂,2026-01-28T13:54:04.985857,0,7575633055751081236,https://www.tiktok.com/@hichamcook/video/7575633055751081236?lang=en,Hichem Cook
7575859702643540743,tiktok,massitimzit,😂😂😂,2026-01-28T13:54:04.985858,0,7575633055751081236,https://www.tiktok.com/@hichamcook/video/7575633055751081236?lang=en,Hichem Cook
7575715458049950465,tiktok,3220,🤣🤣🤣🤣🤣🤣🤣,2026-01-28T13:54:04.985860,0,7575633055751081236,https://www.tiktok.com/@hichamcook/video/7575633055751081236?lang=en,Hichem Cook
7575807883525423880,tiktok,ram213dz,🔥🔥,2026-01-28T13:54:05.937229,0,7575633055751081236,https://www.tiktok.com/@hichamcook/video/7575633055751081236?lang=en,Hichem Cook
7575795747339256592,tiktok,boussaamohsene,@Lyess zr,2026-01-28T13:54:05.937240,0,7575633055751081236,https://www.tiktok.com/@hichamcook/video/7575633055751081236?lang=en,Hichem Cook
7575777586086200072,tiktok,ŸOØÜN̈Èß🚫,💛,2026-01-28T13:54:05.937244,0,7575633055751081236,https://www.tiktok.com/@hichamcook/video/7575633055751081236?lang=en,Hichem Cook
7575722990299923207,tiktok,❤️ محمد ياسين ❤️,😂😂😂,2026-01-28T13:54:05.937245,0,7575633055751081236,https://www.tiktok.com/@hichamcook/video/7575633055751081236?lang=en,Hichem Cook
7575706765372637959,tiktok,Eezzy,😈😈😈,2026-01-28T13:54:05.937247,0,7575633055751081236,https://www.tiktok.com/@hichamcook/video/7575633055751081236?lang=en,Hichem Cook
7575702543394931472,tiktok,Section_i,@Akinox_yt,2026-01-28T13:54:05.937248,0,7575633055751081236,https://www.tiktok.com/@hichamcook/video/7575633055751081236?lang=en,Hichem Cook
7575688962657616647,tiktok,ْ,😂😂😂,2026-01-28T13:54:05.937250,0,7575633055751081236,https://www.tiktok.com/@hichamcook/video/7575633055751081236?lang=en,Hichem Cook
7575674473556247304,tiktok,Lokman Bou❤️‍🔥,🤩🤩🤩,2026-01-28T13:54:05.937252,0,7575633055751081236,https://www.tiktok.com/@hichamcook/video/7575633055751081236?lang=en,Hichem Cook
7575644134615581448,tiktok,Badis Peugoet,🤔,2026-01-28T13:54:05.937253,0,7575633055751081236,https://www.tiktok.com/@hichamcook/video/7575633055751081236?lang=en,Hichem Cook
7575641292172968724,tiktok,abd Rahim,@Fouad_idir Tina apo,2026-01-28T13:54:05.937255,0,7575633055751081236,https://www.tiktok.com/@hichamcook/video/7575633055751081236?lang=en,Hichem Cook
7575633954930885384,tiktok,SFWT 16⚓️,🥰,2026-01-28T13:54:05.937257,0,7575633055751081236,https://www.tiktok.com/@hichamcook/video/7575633055751081236?lang=en,Hichem Cook
7575633835842798343,tiktok,Moha_editer,🥰🥰,2026-01-28T13:54:05.937258,0,7575633055751081236,https://www.tiktok.com/@hichamcook/video/7575633055751081236?lang=en,Hichem Cook
7575633717503787794,tiktok,𝓘𝓼𝓱𝓪𝓴_🖤_𝓐𝓵𝓲𝓪𝓽𝓲,🖤🖤🖤,2026-01-28T13:54:05.937260,0,7575633055751081236,https://www.tiktok.com/@hichamcook/video/7575633055751081236?lang=en,Hichem Cook
7576307542448571143,tiktok,دعاء كل يوم,,2026-01-28T13:54:05.937261,2,7575633055751081236,https://www.tiktok.com/@hichamcook/video/7575633055751081236?lang=en,Hichem Cook
7584519205572805398,tiktok,🇩🇿Amayes24♓️💛💚,Batal o jamais nakol 3andek,2026-01-28T13:54:05.937263,0,7575633055751081236,https://www.tiktok.com/@hichamcook/video/7575633055751081236?lang=en,Hichem Cook
7576073065189704468,tiktok,mess moniteur,,2026-01-28T13:54:05.937264,0,7575633055751081236,https://www.tiktok.com/@hichamcook/video/7575633055751081236?lang=en,Hichem Cook
7576018511690253078,tiktok,qsdgsdfgsdfgsdfg,,2026-01-28T13:54:05.937265,0,7575633055751081236,https://www.tiktok.com/@hichamcook/video/7575633055751081236?lang=en,Hichem Cook
7575727810717123336,tiktok,Kang Chi,W3lh w3lh ay 3 tae sbah 😔,2026-01-28T13:54:05.937267,0,7575633055751081236,https://www.tiktok.com/@hichamcook/video/7575633055751081236?lang=en,Hichem Cook
7575642993908318984,tiktok,Smocks 01k,فتيليفون تشهي وفالصح مدرناش,2026-01-28T13:54:05.937269,2,7575633055751081236,https://www.tiktok.com/@hichamcook/video/7575633055751081236?lang=en,Hichem Cook
7575687482555302664,tiktok,nagamiCH,نحي الموخيطو ودير قرعة ڨازوز تع لتر وخليهها 1500 والله يربح,2026-01-28T13:54:05.937270,1,7575633055751081236,https://www.tiktok.com/@hichamcook/video/7575633055751081236?lang=en,Hichem Cook
7575671689175548690,tiktok,yacinedabo7,تسمى مقسومة !!,2026-01-28T13:54:06.909949,1,7575633055751081236,https://www.tiktok.com/@hichamcook/video/7575633055751081236?lang=en,Hichem Cook
7583311179523801864,tiktok,Mahoma To,زيد قسمها خو,2026-01-28T13:54:06.909958,0,7575633055751081236,https://www.tiktok.com/@hichamcook/video/7575633055751081236?lang=en,Hichem Cook
7580103896510513942,tiktok,🇩🇿Barigou🇩🇿dz🇵🇸,هادي مامبا راك خاصر عليها 50الف,2026-01-28T13:54:06.909961,0,7575633055751081236,https://www.tiktok.com/@hichamcook/video/7575633055751081236?lang=en,Hichem Cook
7576678523373404945,tiktok,AMIR BM,جي مقطعة ولا نقطعها انا🤔,2026-01-28T13:54:06.909963,0,7575633055751081236,https://www.tiktok.com/@hichamcook/video/7575633055751081236?lang=en,Hichem Cook
7575980179719635734,tiktok,simo,تقضي الخضرا تاع 15 جور الله يهديكم تغار طول والله منكلها,2026-01-28T13:54:06.909965,0,7575633055751081236,https://www.tiktok.com/@hichamcook/video/7575633055751081236?lang=en,Hichem Cook
7575958967592928008,tiktok,zizou,حب يقول بيتزا في هاد البرد,2026-01-28T13:54:06.909966,0,7575633055751081236,https://www.tiktok.com/@hichamcook/video/7575633055751081236?lang=en,Hichem Cook
7575870872583652104,tiktok,🏴󠁧󠁢󠁥󠁮󠁧󠁿,ياك هادا يقسمها ماشي كيمااا,2026-01-28T13:54:06.909968,0,7575633055751081236,https://www.tiktok.com/@hichamcook/video/7575633055751081236?lang=en,Hichem Cook
7575709690308379412,tiktok,『ᴛᴍ⁷』,هشام راهو يشر على بازوكة 😁😁😁 يقطع فيها فالفيديو,2026-01-28T13:54:06.909970,0,7575633055751081236,https://www.tiktok.com/@hichamcook/video/7575633055751081236?lang=en,Hichem Cook
7575663315349160724,tiktok,سعيد دلولي,يا هشام خويا البرد هذا ما ينفع فيه اللوبيا أوله منافع و آخرها مدافع 😁,2026-01-28T13:54:06.909972,0,7575633055751081236,https://www.tiktok.com/@hichamcook/video/7575633055751081236?lang=en,Hichem Cook
7575645973860549387,tiktok,Yacine mimiche,نقسلي و ما تقسمهاش ربي يحفضك 😅,2026-01-28T13:54:06.909974,0,7575633055751081236,https://www.tiktok.com/@hichamcook/video/7575633055751081236?lang=en,Hichem Cook
7575334149973492536,tiktok,Aymen Boualam,ليمات هاذو نجي ونجيب معايا لميترا وفيديو,2026-01-28T13:54:25.781636,76,7575258885234232596,https://www.tiktok.com/@hichamcook/video/7575258885234232596?lang=en,Hichem Cook
7575271908485120789,tiktok,7annae 7,الپلا يشهي و الپري يشوي,2026-01-28T13:54:25.781652,161,7575258885234232596,https://www.tiktok.com/@hichamcook/video/7575258885234232596?lang=en,Hichem Cook
7596392020672971532,tiktok,☠️ÂB Do☠️,نبيع دهبي ونجي,2026-01-28T13:54:25.781654,0,7575258885234232596,https://www.tiktok.com/@hichamcook/video/7575258885234232596?lang=en,Hichem Cook
7575265987614098196,tiktok,سفيان,زوج ميترات كويس و خمس ميترات كاري كوت,2026-01-28T13:54:25.781656,8,7575258885234232596,https://www.tiktok.com/@hichamcook/video/7575258885234232596?lang=en,Hichem Cook
7575905495661183765,tiktok,sofiane Madrid,يتسما نجى انا وتلاتة صحابى تصحلنا 25سم تع مرقاز تقدر تزيد 150سم تع مرقاز,2026-01-28T13:54:25.781658,0,7575258885234232596,https://www.tiktok.com/@hichamcook/video/7575258885234232596?lang=en,Hichem Cook
7575731705022677767,tiktok,Loulou,ربعمية الف تشدلي نشربهم لحم وجاج يشدولي شهر,2026-01-28T13:54:25.781660,9,7575258885234232596,https://www.tiktok.com/@hichamcook/video/7575258885234232596?lang=en,Hichem Cook
7575264506944357142,tiktok,مواعظ دينية,شهادة لله كليت عندك سمانة لفاتت في باب الزوار اقسم بالله مقدرتش نكملو انا وزوجة معمر الله يبارك ربي يوفقك او يقدرك اخي الكريم,2026-01-28T13:54:25.781662,2,7575258885234232596,https://www.tiktok.com/@hichamcook/video/7575258885234232596?lang=en,Hichem Cook
7576235842001601301,tiktok,mimi,4500 الف نشري 100 الف مرقاز و 100 الف كفتة و 100الف كوتلات و 1500 الف ندير روز وفريت و سلاطة ويبقالي صرف وناكل حتا يبقا,2026-01-28T13:54:25.781663,2,7575258885234232596,https://www.tiktok.com/@hichamcook/video/7575258885234232596?lang=en,Hichem Cook
7576628866824831760,tiktok,Le B 🇩🇿,سمانة هاذي نجي و نجيب معايا ميترا 😂😂,2026-01-28T13:54:25.781665,1,7575258885234232596,https://www.tiktok.com/@hichamcook/video/7575258885234232596?lang=en,Hichem Cook
7575292017517986582,tiktok,🇺🇸 MCA.SE🇩🇿,سومة مليحة ومعقولة غير الزوالي مسكين تبانلو غالية,2026-01-28T13:54:25.781667,11,7575258885234232596,https://www.tiktok.com/@hichamcook/video/7575258885234232596?lang=en,Hichem Cook
7575330538795516690,tiktok,DadyRs6,400 alf nchri 1km mergeuz lhouma 👍,2026-01-28T13:54:25.781668,1,7575258885234232596,https://www.tiktok.com/@hichamcook/video/7575258885234232596?lang=en,Hichem Cook
7575299082890052374,tiktok,rahmouna.pro,Rjal daret 2k begri,2026-01-28T13:54:25.781670,2,7575258885234232596,https://www.tiktok.com/@hichamcook/video/7575258885234232596?lang=en,Hichem Cook
7575273654285353748,tiktok,⚜️. Nafaa. ⚜️,ولله شهيتني فليل هذاا ولبرد 😁,2026-01-28T13:54:25.781671,1,7575258885234232596,https://www.tiktok.com/@hichamcook/video/7575258885234232596?lang=en,Hichem Cook
7575261833611952903,tiktok,Ahmed,هشام مطعم اكفادو شفتو كيفاش يطيب الله يبارك,2026-01-28T13:54:25.781673,4,7575258885234232596,https://www.tiktok.com/@hichamcook/video/7575258885234232596?lang=en,Hichem Cook
7575606671684354832,tiktok,sidahmedorif,bismi allah macha Allah hahaha 🤣,2026-01-28T13:54:25.781674,0,7575258885234232596,https://www.tiktok.com/@hichamcook/video/7575258885234232596?lang=en,Hichem Cook
7575613779589923591,tiktok,TitAs,koun jit tema ani jit 🤩,2026-01-28T13:54:25.781676,0,7575258885234232596,https://www.tiktok.com/@hichamcook/video/7575258885234232596?lang=en,Hichem Cook
7575702366625661718,tiktok,Sid Ali,Plat garniture,2026-01-28T13:54:25.781677,0,7575258885234232596,https://www.tiktok.com/@hichamcook/video/7575258885234232596?lang=en,Hichem Cook
7575260653372408583,tiktok,abd Allah,عشرة جاك نحس روحي مشهور,2026-01-28T13:54:25.781679,44,7575258885234232596,https://www.tiktok.com/@hichamcook/video/7575258885234232596?lang=en,Hichem Cook
7575278069352055570,tiktok,Etoile Brillante,كون تحطلي نص ميترا مرقاز شحال يولي البري ؟,2026-01-28T13:54:25.781681,0,7575258885234232596,https://www.tiktok.com/@hichamcook/video/7575258885234232596?lang=en,Hichem Cook
7575924514682471186,tiktok,Yassin31,وهران يادرا ??,2026-01-28T13:54:25.781684,0,7575258885234232596,https://www.tiktok.com/@hichamcook/video/7575258885234232596?lang=en,Hichem Cook
7575270348707840786,tiktok,Yacine Zmitch,كاين التوصيل؟,2026-01-28T13:54:26.797289,3,7575258885234232596,https://www.tiktok.com/@hichamcook/video/7575258885234232596?lang=en,Hichem Cook
7575603645741351697,tiktok,rabahrabah3895,ياجماعة صح كاين بلا نتاع 5000 ولا انا مزالي عايش في عصر الحجري,2026-01-28T13:54:26.797304,0,7575258885234232596,https://www.tiktok.com/@hichamcook/video/7575258885234232596?lang=en,Hichem Cook
7575276202606756619,tiktok,Basma Basouma,خويا هشام هاد لبروموسيو ديرها في العطلة تا ديسمبر راني جاية انا وبنتي ❤️❤️❤️❤️,2026-01-28T13:54:26.797308,11,7575258885234232596,https://www.tiktok.com/@hichamcook/video/7575258885234232596?lang=en,Hichem Cook
7575278718676615954,tiktok,Mohamed.2000,Artist ta3 makla❤️,2026-01-28T13:54:26.797311,2,7575258885234232596,https://www.tiktok.com/@hichamcook/video/7575258885234232596?lang=en,Hichem Cook
7575529187142959894,tiktok,🥰kammie🥰,خاصة حاجة برك لوكان تزيدوها هو التقديم يكون تحتو جمر يعنى باش مايبردش اللحم,2026-01-28T13:54:26.797314,0,7575258885234232596,https://www.tiktok.com/@hichamcook/video/7575258885234232596?lang=en,Hichem Cook
7575272820054655762,tiktok,lilly,il faut ouvrir un restaurant à Bejaia je serais votre 1ère cliente 🥰🥰🥰🥰🥰🥰❤,2026-01-28T13:54:26.797317,2,7575258885234232596,https://www.tiktok.com/@hichamcook/video/7575258885234232596?lang=en,Hichem Cook
7580707783634748178,tiktok,FARES,شحال شحال وقيل ما سمعتش مليح ؟,2026-01-28T13:54:26.797320,0,7575258885234232596,https://www.tiktok.com/@hichamcook/video/7575258885234232596?lang=en,Hichem Cook
7575805158321324808,tiktok,Raouf_Voyage_d’Or ✈️,سومة مليحة غير حنا تبلنا غالية,2026-01-28T13:54:26.797326,0,7575258885234232596,https://www.tiktok.com/@hichamcook/video/7575258885234232596?lang=en,Hichem Cook
7577856834678965010,tiktok,Yazid Oulmi,ghalya,2026-01-28T13:54:26.797329,0,7575258885234232596,https://www.tiktok.com/@hichamcook/video/7575258885234232596?lang=en,Hichem Cook
7576805684973421329,tiktok,Keltoum Attailia,واحد يهدر في بلاصتي انا راني خرجت فالقرعة تاع الحج😳🤔,2026-01-28T13:54:26.797332,0,7575258885234232596,https://www.tiktok.com/@hichamcook/video/7575258885234232596?lang=en,Hichem Cook
7581254435474817808,tiktok,Samia rezui,c'est trop cher 😔😔4000da j'achète le poulet le margaze....,2026-01-28T13:54:26.797335,0,7575258885234232596,https://www.tiktok.com/@hichamcook/video/7575258885234232596?lang=en,Hichem Cook
7575277497035178770,tiktok,Fella Djemai,الله يبارك,2026-01-28T13:54:26.797338,0,7575258885234232596,https://www.tiktok.com/@hichamcook/video/7575258885234232596?lang=en,Hichem Cook
7575534585452675852,tiktok,Mounir Adour,frites na9set hhhh,2026-01-28T13:54:26.797340,0,7575258885234232596,https://www.tiktok.com/@hichamcook/video/7575258885234232596?lang=en,Hichem Cook
7575615871147229959,tiktok,abbes jocker,ما دام هشام ولا يدير برومو عرف تجارة راها رايحا فيها.,2026-01-28T13:54:26.797343,0,7575258885234232596,https://www.tiktok.com/@hichamcook/video/7575258885234232596?lang=en,Hichem Cook
7575287152490955542,tiktok,Manissa Ram,زلابيركاز يشهي,2026-01-28T13:54:26.797346,0,7575258885234232596,https://www.tiktok.com/@hichamcook/video/7575258885234232596?lang=en,Hichem Cook
7575370463082660630,tiktok,Houda.bk,أنا نجيب المترا ونجي 😅,2026-01-28T13:54:26.797348,0,7575258885234232596,https://www.tiktok.com/@hichamcook/video/7575258885234232596?lang=en,Hichem Cook
7575350891630396178,tiktok,Univers.35,Bzf mlah les promo li raw i dir rebi wefek,2026-01-28T13:54:26.797351,0,7575258885234232596,https://www.tiktok.com/@hichamcook/video/7575258885234232596?lang=en,Hichem Cook
7575309427823149846,tiktok,زهرة القمر,الله يبارك مشاء الله ماكلتك و اطباقك شحال تبان بنينة سخفانة ناكل من عندك مي الله غالب بعيد بزاف ربي ينجحك كثر وكثر وتفتح فروع بزاف حتى توصل 😊عندي,2026-01-28T13:54:26.797354,1,7575258885234232596,https://www.tiktok.com/@hichamcook/video/7575258885234232596?lang=en,Hichem Cook
7583783387560919825,tiktok,❤️‍🔥🇪🇦Port YasMIN 🇮🇹❤️‍🔥,انا نستنى حتى تولي باطل,2026-01-28T13:54:26.797357,0,7575258885234232596,https://www.tiktok.com/@hichamcook/video/7575258885234232596?lang=en,Hichem Cook
7575526056145814280,tiktok,Hope,Un plat a 6 personnes 😂😂😂,2026-01-28T13:54:27.848780,0,7575258885234232596,https://www.tiktok.com/@hichamcook/video/7575258885234232596?lang=en,Hichem Cook
7575260934681428752,tiktok,walid lhrachii🖤💛⚒️,اول كومنتار اتهلاو,2026-01-28T13:54:27.848788,0,7575258885234232596,https://www.tiktok.com/@hichamcook/video/7575258885234232596?lang=en,Hichem Cook
7575289114796589845,tiktok,Sissi gentillesse,يارب يررزقني ونجي ناكل عندك,2026-01-28T13:54:27.848796,0,7575258885234232596,https://www.tiktok.com/@hichamcook/video/7575258885234232596?lang=en,Hichem Cook
7575563778394309387,tiktok,rim ram,وفي وهران عله مديروش برومو,2026-01-28T13:54:27.848798,0,7575258885234232596,https://www.tiktok.com/@hichamcook/video/7575258885234232596?lang=en,Hichem Cook
7575464801955709708,tiktok,laigleroyal152,واش من جيها في ولاد فايت من فضلك,2026-01-28T13:54:27.848799,0,7575258885234232596,https://www.tiktok.com/@hichamcook/video/7575258885234232596?lang=en,Hichem Cook
7575275929845908232,tiktok,Le F.   🥝,نخدم 4 ايام ونص باش ناكل نص ساعة 😑,2026-01-28T13:54:27.848801,0,7575258885234232596,https://www.tiktok.com/@hichamcook/video/7575258885234232596?lang=en,Hichem Cook
7575968788212335382,tiktok,moumen19866,اتمنى السعادة لشعب الجزائري في دنيا وآخرة ان شاء الله,2026-01-28T13:54:27.848802,0,7575258885234232596,https://www.tiktok.com/@hichamcook/video/7575258885234232596?lang=en,Hichem Cook
7575343203206595348,tiktok,zakaria._.0,يا هيشام راهي 1:40 تاع ليل علاش ديرنا هكدا هههه,2026-01-28T13:54:27.848804,0,7575258885234232596,https://www.tiktok.com/@hichamcook/video/7575258885234232596?lang=en,Hichem Cook
7575969042235605768,tiktok,Raouf,Ak srx kho !?,2026-01-28T13:54:27.848805,0,7575258885234232596,https://www.tiktok.com/@hichamcook/video/7575258885234232596?lang=en,Hichem Cook
7575644321534591762,tiktok,Said noble,Possible par facilité,2026-01-28T13:54:27.848806,0,7575258885234232596,https://www.tiktok.com/@hichamcook/video/7575258885234232596?lang=en,Hichem Cook
7575294950754239250,tiktok,Toufik Lachahab,الله يبارك ما شاء اللهم ارزقنا,2026-01-28T13:54:27.848808,1,7575258885234232596,https://www.tiktok.com/@hichamcook/video/7575258885234232596?lang=en,Hichem Cook
7583711192365138706,tiktok,Med Amin,دير وحدة فريت اوملات نصف طياب,2026-01-28T13:54:27.848809,0,7575258885234232596,https://www.tiktok.com/@hichamcook/video/7575258885234232596?lang=en,Hichem Cook
7575268128948503316,tiktok,Narimen Nafli,Et pour oran y’a rien???,2026-01-28T13:54:27.848811,0,7575258885234232596,https://www.tiktok.com/@hichamcook/video/7575258885234232596?lang=en,Hichem Cook
7575628831022088980,tiktok,🎮 RUSSO 👑,winta f oran ?,2026-01-28T13:54:27.848812,0,7575258885234232596,https://www.tiktok.com/@hichamcook/video/7575258885234232596?lang=en,Hichem Cook
7575353764577952525,tiktok,𝐃𝐞𝐱𝐓𝐞𝐫,سومة مليحا بزاف الله يبارك,2026-01-28T13:54:27.848813,0,7575258885234232596,https://www.tiktok.com/@hichamcook/video/7575258885234232596?lang=en,Hichem Cook
7575523574124053256,tiktok,RA_FIK,wlh bn prix,2026-01-28T13:54:27.848816,0,7575258885234232596,https://www.tiktok.com/@hichamcook/video/7575258885234232596?lang=en,Hichem Cook
7579004890426163976,tiktok,𝓡𝓸𝓶𝓪𝔂𝓼𝓪,راني نتوحم انا سليبتار,2026-01-28T13:54:27.848817,1,7575258885234232596,https://www.tiktok.com/@hichamcook/video/7575258885234232596?lang=en,Hichem Cook
7575318214822626056,tiktok,Amina Mina,Klit 3and ou les grillades ya3ref sah bezaf bnin,2026-01-28T13:54:27.848818,0,7575258885234232596,https://www.tiktok.com/@hichamcook/video/7575258885234232596?lang=en,Hichem Cook
7575398730803757846,tiktok,lifegoeson,2 kilo lham kifach?,2026-01-28T13:54:27.848820,1,7575258885234232596,https://www.tiktok.com/@hichamcook/video/7575258885234232596?lang=en,Hichem Cook
7575327797771256594,tiktok,YLyes,او لي يدي نص مترا شحال,2026-01-28T13:54:27.848821,0,7575258885234232596,https://www.tiktok.com/@hichamcook/video/7575258885234232596?lang=en,Hichem Cook
7575431988611859222,tiktok,أكبر حسابات تيكتوك 20 مليون,زلابية مرڨاز,2026-01-28T13:54:29.290237,0,7575258885234232596,https://www.tiktok.com/@hichamcook/video/7575258885234232596?lang=en,Hichem Cook
7575297527831331591,tiktok,Mery-mery,السعر شباب بزاف ✨✨ برك لي ميخلصش مليح يحسلها,2026-01-28T13:54:29.290253,1,7575258885234232596,https://www.tiktok.com/@hichamcook/video/7575258885234232596?lang=en,Hichem Cook
7577916472316396310,tiktok,دز 💍معاهم,الله يبارك,2026-01-28T13:54:29.290257,0,7575258885234232596,https://www.tiktok.com/@hichamcook/video/7575258885234232596?lang=en,Hichem Cook
7576037451292377863,tiktok,Ammar Belarbi,هالمره حسيتك اسوام روعه يعطيك صحه خساره راك بعيده عنا في توقرت,2026-01-28T13:54:29.290261,0,7575258885234232596,https://www.tiktok.com/@hichamcook/video/7575258885234232596?lang=en,Hichem Cook
7575274440454275858,tiktok,Brahim,وتخلص بل مترا.,2026-01-28T13:54:29.290264,0,7575258885234232596,https://www.tiktok.com/@hichamcook/video/7575258885234232596?lang=en,Hichem Cook
7575344864930808632,tiktok,🖤🐺,يا هشام راهي 1:48,2026-01-28T13:54:29.290267,1,7575258885234232596,https://www.tiktok.com/@hichamcook/video/7575258885234232596?lang=en,Hichem Cook
7575270846877827847,tiktok,ᥴꪮ𝕣ꪖ𝕫óꪀ,ما شاء الله♥,2026-01-28T13:54:29.290273,0,7575258885234232596,https://www.tiktok.com/@hichamcook/video/7575258885234232596?lang=en,Hichem Cook
7575479439753200404,tiktok,midouceramique,Aaaah hichem céramique khedamti wa mitera hadera njibeha wa nji 😂,2026-01-28T13:54:29.290277,0,7575258885234232596,https://www.tiktok.com/@hichamcook/video/7575258885234232596?lang=en,Hichem Cook
7575275655287456519,tiktok,BAZARKOMDZ,زيدلها رونيون ب ميترا 😂😂😂,2026-01-28T13:54:29.290280,0,7575258885234232596,https://www.tiktok.com/@hichamcook/video/7575258885234232596?lang=en,Hichem Cook
7575565850839073554,tiktok,aliloureese.2,طهورة إن شاء الله,2026-01-28T13:54:29.290284,0,7575258885234232596,https://www.tiktok.com/@hichamcook/video/7575258885234232596?lang=en,Hichem Cook
7575262626650260231,tiktok,Carrosserie Birine,اسعار في متناول إيلون ناسك,2026-01-28T13:54:29.290287,0,7575258885234232596,https://www.tiktok.com/@hichamcook/video/7575258885234232596?lang=en,Hichem Cook
7575298797477610260,tiktok,"abdou,🤍💚🍀",كاين livrison ل البليدة,2026-01-28T13:54:29.290290,1,7575258885234232596,https://www.tiktok.com/@hichamcook/video/7575258885234232596?lang=en,Hichem Cook
7575663078982533900,tiktok,aluma,bien,2026-01-28T13:54:29.290293,0,7575258885234232596,https://www.tiktok.com/@hichamcook/video/7575258885234232596?lang=en,Hichem Cook
7575267305417540353,tiktok,Nassim,mazala rak me3aa bismilah machaalah,2026-01-28T13:54:29.290296,0,7575258885234232596,https://www.tiktok.com/@hichamcook/video/7575258885234232596?lang=en,Hichem Cook
7578631688684323591,tiktok,Yas Ala,شبع واش الدير,2026-01-28T13:54:29.290299,0,7575258885234232596,https://www.tiktok.com/@hichamcook/video/7575258885234232596?lang=en,Hichem Cook
7575632148179272455,tiktok,Mohamed.2000,Win fateh f bab ezouar??,2026-01-28T13:54:29.290303,1,7575258885234232596,https://www.tiktok.com/@hichamcook/video/7575258885234232596?lang=en,Hichem Cook
7575611153381098261,tiktok,Tãr tįl,الحاجة لي عجبتني النقا,2026-01-28T13:54:29.290306,0,7575258885234232596,https://www.tiktok.com/@hichamcook/video/7575258885234232596?lang=en,Hichem Cook
7575260931371909905,tiktok,𒉭,قولولي شحال وصل,2026-01-28T13:54:29.290313,0,7575258885234232596,https://www.tiktok.com/@hichamcook/video/7575258885234232596?lang=en,Hichem Cook
7575451669037105976,tiktok,farah,بديت تشيان هشام كمل راك جايبها,2026-01-28T13:54:29.290317,0,7575258885234232596,https://www.tiktok.com/@hichamcook/video/7575258885234232596?lang=en,Hichem Cook
7575969841253925644,tiktok,khouloud,win El ma7al,2026-01-28T13:54:29.290320,0,7575258885234232596,https://www.tiktok.com/@hichamcook/video/7575258885234232596?lang=en,Hichem Cook
7576360405036614417,tiktok,بالي. مراد,Bezaaf Bezaaf Bezaaf Ghali,2026-01-28T13:54:30.613885,0,7575258885234232596,https://www.tiktok.com/@hichamcook/video/7575258885234232596?lang=en,Hichem Cook
7576114819548316424,tiktok,sabrayoub56,400!!!! وپرومو !؟!,2026-01-28T13:54:30.613898,0,7575258885234232596,https://www.tiktok.com/@hichamcook/video/7575258885234232596?lang=en,Hichem Cook
7575951745140310791,tiktok,🩶ayouta touta🩶,نجيب ميترا ونحط الميزان 😒,2026-01-28T13:54:30.613900,0,7575258885234232596,https://www.tiktok.com/@hichamcook/video/7575258885234232596?lang=en,Hichem Cook
7576392881787994900,tiktok,Sidsid,Jiblna jdid 😂,2026-01-28T13:54:30.613902,0,7575258885234232596,https://www.tiktok.com/@hichamcook/video/7575258885234232596?lang=en,Hichem Cook
7575477638414189320,tiktok,Facha,دعموني بنات♥️✨,2026-01-28T13:54:30.613903,0,7575258885234232596,https://www.tiktok.com/@hichamcook/video/7575258885234232596?lang=en,Hichem Cook
7575855101059793675,tiktok,faridbdzr9o,450 bark,2026-01-28T13:54:30.613907,0,7575258885234232596,https://www.tiktok.com/@hichamcook/video/7575258885234232596?lang=en,Hichem Cook
7575756155466334996,tiktok,Nou Nou Helalba,اعطينا زوج دقايق فريت اوملات,2026-01-28T13:54:30.613909,0,7575258885234232596,https://www.tiktok.com/@hichamcook/video/7575258885234232596?lang=en,Hichem Cook
7575631040581714695,tiktok,meilo,نقدر نبدل مرقاز ب اسكالوب و لا لحم,2026-01-28T13:54:30.613911,0,7575258885234232596,https://www.tiktok.com/@hichamcook/video/7575258885234232596?lang=en,Hichem Cook
7576018630757647111,tiktok,lavage alg,درنا ميترا كويس,2026-01-28T13:54:30.613912,0,7575258885234232596,https://www.tiktok.com/@hichamcook/video/7575258885234232596?lang=en,Hichem Cook
7575689508268622605,tiktok,Naci,جامي شفت شيش كباب قصير,2026-01-28T13:54:30.613914,0,7575258885234232596,https://www.tiktok.com/@hichamcook/video/7575258885234232596?lang=en,Hichem Cook
7577758799211053846,tiktok,aksilbylka1,c'est cher,2026-01-28T13:54:30.613915,0,7575258885234232596,https://www.tiktok.com/@hichamcook/video/7575258885234232596?lang=en,Hichem Cook
7575261419609146119,tiktok,abouanes,لي من استطاع إليه سبيلا؟؟,2026-01-28T13:54:30.613917,0,7575258885234232596,https://www.tiktok.com/@hichamcook/video/7575258885234232596?lang=en,Hichem Cook
7575267958273360657,tiktok,Fiorie,يشهي,2026-01-28T13:54:30.613918,0,7575258885234232596,https://www.tiktok.com/@hichamcook/video/7575258885234232596?lang=en,Hichem Cook
7575260241001284359,tiktok,Mohammed Bouzekouk,tban chaba 😎,2026-01-28T13:54:30.613919,0,7575258885234232596,https://www.tiktok.com/@hichamcook/video/7575258885234232596?lang=en,Hichem Cook
7578815224164762371,tiktok,fifi.london1🇩🇿🇵🇸🇬🇧,دراهمنا طايحين ماشي غالي بالنسبة ليا نورمال 14£,2026-01-28T13:54:30.613922,0,7575258885234232596,https://www.tiktok.com/@hichamcook/video/7575258885234232596?lang=en,Hichem Cook
7575282340881040146,tiktok,Hamid Youcef Akrouf,hhhhhhhh,2026-01-28T13:54:30.613923,0,7575258885234232596,https://www.tiktok.com/@hichamcook/video/7575258885234232596?lang=en,Hichem Cook
7575262180484858644,tiktok,Harrachï 🖤💛,الله يرزقنا و يرزقكم,2026-01-28T13:54:30.613924,0,7575258885234232596,https://www.tiktok.com/@hichamcook/video/7575258885234232596?lang=en,Hichem Cook
7575908547142501138,tiktok,user732391139330,ghali bf rah mnitah hh,2026-01-28T13:54:30.613926,0,7575258885234232596,https://www.tiktok.com/@hichamcook/video/7575258885234232596?lang=en,Hichem Cook
7576956702710350609,tiktok,mahdjek 6291,بزاف هشام,2026-01-28T13:54:30.613927,0,7575258885234232596,https://www.tiktok.com/@hichamcook/video/7575258885234232596?lang=en,Hichem Cook
7575264376791663381,tiktok,Hammou Hadj,الله ايبارك ويلا تسربيلي هاكذاك يستاهل امثر,2026-01-28T13:54:30.613929,0,7575258885234232596,https://www.tiktok.com/@hichamcook/video/7575258885234232596?lang=en,Hichem Cook
7575336837196923655,tiktok,L'unique,Azul fella-k.meslay Taqvaylit.,2026-01-28T13:54:32.426859,0,7575258885234232596,https://www.tiktok.com/@hichamcook/video/7575258885234232596?lang=en,Hichem Cook
7577563452814918422,tiktok,user4335812300782,مدابيك حل صال دو سبور مليح الواحد يكون فاهم,2026-01-28T13:54:32.426872,0,7575258885234232596,https://www.tiktok.com/@hichamcook/video/7575258885234232596?lang=en,Hichem Cook
7575341445365515025,tiktok,Lam Mssi,هههههه,2026-01-28T13:54:32.426875,0,7575258885234232596,https://www.tiktok.com/@hichamcook/video/7575258885234232596?lang=en,Hichem Cook
7575930726425854742,tiktok,Alpineo,Desole frero c depasse pas 150alf plat hadak,2026-01-28T13:54:32.426878,0,7575258885234232596,https://www.tiktok.com/@hichamcook/video/7575258885234232596?lang=en,Hichem Cook
7575260303505081106,tiktok,🇩🇿CPM 13🇩🇪,الأول😁,2026-01-28T13:54:32.426880,0,7575258885234232596,https://www.tiktok.com/@hichamcook/video/7575258885234232596?lang=en,Hichem Cook
7575416634731660054,tiktok,Amine_med,c gratuit wlh mashallah,2026-01-28T13:54:32.426883,0,7575258885234232596,https://www.tiktok.com/@hichamcook/video/7575258885234232596?lang=en,Hichem Cook
7575356721297343262,tiktok,Mostefa Hamza sebar,بسم الله ماشاء الله,2026-01-28T13:54:32.426885,0,7575258885234232596,https://www.tiktok.com/@hichamcook/video/7575258885234232596?lang=en,Hichem Cook
7575262150739641106,tiktok,maya,في متناول المؤثرين والمؤثرات 😁,2026-01-28T13:54:32.426888,2,7575258885234232596,https://www.tiktok.com/@hichamcook/video/7575258885234232596?lang=en,Hichem Cook
7575293291232985874,tiktok,Dahman Zair,طيبلنا روز بلا لحم ونشوفو البنة 😁😁😁,2026-01-28T13:54:32.426890,1,7575258885234232596,https://www.tiktok.com/@hichamcook/video/7575258885234232596?lang=en,Hichem Cook
7575286504956625682,tiktok,Shanks1985,تسعينالف تكفي,2026-01-28T13:54:32.426893,1,7575258885234232596,https://www.tiktok.com/@hichamcook/video/7575258885234232596?lang=en,Hichem Cook
7575282291111838471,tiktok,الراقي الشرعي,عندنا في العلمة غير متين وخمسين,2026-01-28T13:54:32.426897,1,7575258885234232596,https://www.tiktok.com/@hichamcook/video/7575258885234232596?lang=en,Hichem Cook
7575280261774443272,tiktok,A.. ▫️,السعر في متناول لاعبي مانشستر سيتي,2026-01-28T13:54:32.426900,1,7575258885234232596,https://www.tiktok.com/@hichamcook/video/7575258885234232596?lang=en,Hichem Cook
7575270639210464018,tiktok,jamal09Dz,نص ميترا مرقاز شعال تجى😂😂✌️,2026-01-28T13:54:32.426902,1,7575258885234232596,https://www.tiktok.com/@hichamcook/video/7575258885234232596?lang=en,Hichem Cook
7575269734024774416,tiktok,Yacine Yacine,كريستيانو تاع بروموسيون,2026-01-28T13:54:32.426905,1,7575258885234232596,https://www.tiktok.com/@hichamcook/video/7575258885234232596?lang=en,Hichem Cook
7578663133045293842,tiktok,Meriem Mery,خص الكبده,2026-01-28T13:54:32.426907,0,7575258885234232596,https://www.tiktok.com/@hichamcook/video/7575258885234232596?lang=en,Hichem Cook
7575671945657500438,tiktok,+213,يرحم باباك 400 الف,2026-01-28T13:54:32.426909,0,7575258885234232596,https://www.tiktok.com/@hichamcook/video/7575258885234232596?lang=en,Hichem Cook
7575636988252177174,tiktok,🇩🇿hayat23حياة🇨🇦,450 الف نشري كيلومتر تاع مرڨاز,2026-01-28T13:54:32.426912,0,7575258885234232596,https://www.tiktok.com/@hichamcook/video/7575258885234232596?lang=en,Hichem Cook
7575581565138600705,tiktok,dark angel,الاسعار لمن أراد اليه سبيلا,2026-01-28T13:54:32.426914,0,7575258885234232596,https://www.tiktok.com/@hichamcook/video/7575258885234232596?lang=en,Hichem Cook
7575526080502416150,tiktok,islem taieb ben abbes,Max 350 hsebthom,2026-01-28T13:54:32.426917,0,7575258885234232596,https://www.tiktok.com/@hichamcook/video/7575258885234232596?lang=en,Hichem Cook
7575319912819639041,tiktok,Abd el Ghani,الفيديوهات نتاع المكلة يخرجولي غير فليل دوك نروح لكزينة نقربع عليهم ولا كيفاش,2026-01-28T13:54:33.416284,0,7575258885234232596,https://www.tiktok.com/@hichamcook/video/7575258885234232596?lang=en,Hichem Cook
7575269406428201784,tiktok,fkme,thats value,2026-01-28T13:54:33.416294,0,7575258885234232596,https://www.tiktok.com/@hichamcook/video/7575258885234232596?lang=en,Hichem Cook
7575639906098250514,tiktok,Mohamed Mohamed,@Yüsëf RS 19 راه ولى يتباع بالميترة 😂😂😂,2026-01-28T13:54:33.416297,1,7575258885234232596,https://www.tiktok.com/@hichamcook/video/7575258885234232596?lang=en,Hichem Cook
7578968625980326678,tiktok,منور طريق جنة موعظة 🤲💓,🌹🌹🌹,2026-01-28T13:54:33.416300,1,7575258885234232596,https://www.tiktok.com/@hichamcook/video/7575258885234232596?lang=en,Hichem Cook
7598627332886922006,tiktok,Chloé la Parisien,😂😂😂,2026-01-28T13:54:33.416301,0,7575258885234232596,https://www.tiktok.com/@hichamcook/video/7575258885234232596?lang=en,Hichem Cook
7597952234852483847,tiktok,djouri ma vie ❤️,♥♥♥,2026-01-28T13:54:33.416303,0,7575258885234232596,https://www.tiktok.com/@hichamcook/video/7575258885234232596?lang=en,Hichem Cook
7594073621024424726,tiktok,tolinehb,😂,2026-01-28T13:54:33.416305,0,7575258885234232596,https://www.tiktok.com/@hichamcook/video/7575258885234232596?lang=en,Hichem Cook
7590413436854928148,tiktok,Achraf Abd Elkayoum Benabid,🥰,2026-01-28T13:54:33.416307,0,7575258885234232596,https://www.tiktok.com/@hichamcook/video/7575258885234232596?lang=en,Hichem Cook
7588220411273036555,tiktok,Noura C.A.M,🥰,2026-01-28T13:54:33.416308,0,7575258885234232596,https://www.tiktok.com/@hichamcook/video/7575258885234232596?lang=en,Hichem Cook
7588220421154652984,tiktok,Noura C.A.M,🌺,2026-01-28T13:54:33.416310,0,7575258885234232596,https://www.tiktok.com/@hichamcook/video/7575258885234232596?lang=en,Hichem Cook
7588220414947361547,tiktok,Noura C.A.M,👑,2026-01-28T13:54:33.416312,0,7575258885234232596,https://www.tiktok.com/@hichamcook/video/7575258885234232596?lang=en,Hichem Cook
7583097655160079106,tiktok,Sirine$$Sirine,🥰🥰🥰,2026-01-28T13:54:33.416314,0,7575258885234232596,https://www.tiktok.com/@hichamcook/video/7575258885234232596?lang=en,Hichem Cook
7579025756980691732,tiktok,محمد✨,❤️❤️❤️,2026-01-28T13:54:33.416316,0,7575258885234232596,https://www.tiktok.com/@hichamcook/video/7575258885234232596?lang=en,Hichem Cook
7578634496792003335,tiktok,kenzy noor,😂😂😂,2026-01-28T13:54:33.416317,0,7575258885234232596,https://www.tiktok.com/@hichamcook/video/7575258885234232596?lang=en,Hichem Cook
7578633337746522936,tiktok,khalidoukako,🤣🤣🤣,2026-01-28T13:54:33.416319,0,7575258885234232596,https://www.tiktok.com/@hichamcook/video/7575258885234232596?lang=en,Hichem Cook
7578559447443194646,tiktok,julliaجوليه,😁,2026-01-28T13:54:33.416321,0,7575258885234232596,https://www.tiktok.com/@hichamcook/video/7575258885234232596?lang=en,Hichem Cook
7577873812063601411,tiktok,📚KAMOUS📚,❤️❤️❤️,2026-01-28T13:54:33.416322,0,7575258885234232596,https://www.tiktok.com/@hichamcook/video/7575258885234232596?lang=en,Hichem Cook
7577831867311899395,tiktok,Yacine💚💛♓,🥰🥰🥰,2026-01-28T13:54:33.416326,0,7575258885234232596,https://www.tiktok.com/@hichamcook/video/7575258885234232596?lang=en,Hichem Cook
7577551435099030280,tiktok,Kala Boxing,🤣🤣🤣🤣,2026-01-28T13:54:33.416327,0,7575258885234232596,https://www.tiktok.com/@hichamcook/video/7575258885234232596?lang=en,Hichem Cook
7577125381809308437,tiktok,raoufboussalem623,🤣🤣🤣🤣🤣,2026-01-28T13:54:33.416329,0,7575258885234232596,https://www.tiktok.com/@hichamcook/video/7575258885234232596?lang=en,Hichem Cook
7576732164722737936,tiktok,ya_ri55,🤣🤣🤣,2026-01-28T13:54:35.461310,0,7575258885234232596,https://www.tiktok.com/@hichamcook/video/7575258885234232596?lang=en,Hichem Cook
7576660573577331473,tiktok,wald lblad 👑,😂😂😂,2026-01-28T13:54:35.461321,0,7575258885234232596,https://www.tiktok.com/@hichamcook/video/7575258885234232596?lang=en,Hichem Cook
7576396178250777362,tiktok,Mounir Djellali,😁,2026-01-28T13:54:35.461324,0,7575258885234232596,https://www.tiktok.com/@hichamcook/video/7575258885234232596?lang=en,Hichem Cook
7576025382261424918,tiktok,Assil,🥰🥰🥰,2026-01-28T13:54:35.461325,0,7575258885234232596,https://www.tiktok.com/@hichamcook/video/7575258885234232596?lang=en,Hichem Cook
7575999094678799111,tiktok,Fatima.oura,😂😂😂😂😂,2026-01-28T13:54:35.461327,0,7575258885234232596,https://www.tiktok.com/@hichamcook/video/7575258885234232596?lang=en,Hichem Cook
7575980962513715975,tiktok,ayemn,😂😂😂,2026-01-28T13:54:35.461329,0,7575258885234232596,https://www.tiktok.com/@hichamcook/video/7575258885234232596?lang=en,Hichem Cook
7575975650075640583,tiktok,Sid Ali 16@,🤣🤣🤣🤣🤣,2026-01-28T13:54:35.461330,0,7575258885234232596,https://www.tiktok.com/@hichamcook/video/7575258885234232596?lang=en,Hichem Cook
7575959136703234823,tiktok,Dahmoune Djaber,❤️❤️❤️,2026-01-28T13:54:35.461332,0,7575258885234232596,https://www.tiktok.com/@hichamcook/video/7575258885234232596?lang=en,Hichem Cook
7575953997212435217,tiktok,Rahimou larbaoui,😁😁😁,2026-01-28T13:54:35.461335,0,7575258885234232596,https://www.tiktok.com/@hichamcook/video/7575258885234232596?lang=en,Hichem Cook
7575934787661120264,tiktok,Elbachir,😂😂😂😂😂😂😂😂😂,2026-01-28T13:54:35.461337,0,7575258885234232596,https://www.tiktok.com/@hichamcook/video/7575258885234232596?lang=en,Hichem Cook
7575729502374937362,tiktok,Djamel Mrayach,🥺🥺🥺,2026-01-28T13:54:35.461338,0,7575258885234232596,https://www.tiktok.com/@hichamcook/video/7575258885234232596?lang=en,Hichem Cook
7575657208505238289,tiktok,Walid Hablal,🥰,2026-01-28T13:54:35.461340,0,7575258885234232596,https://www.tiktok.com/@hichamcook/video/7575258885234232596?lang=en,Hichem Cook
7575629864126087957,tiktok,maLk maLk,🥰,2026-01-28T13:54:35.461341,0,7575258885234232596,https://www.tiktok.com/@hichamcook/video/7575258885234232596?lang=en,Hichem Cook
7575592585071231752,tiktok,TMAX500XP❤,❤❤❤,2026-01-28T13:54:35.461343,0,7575258885234232596,https://www.tiktok.com/@hichamcook/video/7575258885234232596?lang=en,Hichem Cook
7575582084279059201,tiktok,Youcef Mohamed,❤❤❤,2026-01-28T13:54:35.461344,0,7575258885234232596,https://www.tiktok.com/@hichamcook/video/7575258885234232596?lang=en,Hichem Cook
7575581923646866193,tiktok,Youcef Mohamed,😂😂😂,2026-01-28T13:54:35.461346,0,7575258885234232596,https://www.tiktok.com/@hichamcook/video/7575258885234232596?lang=en,Hichem Cook
7575518650385679112,tiktok,khaledkhouri3,❤️❤️❤️,2026-01-28T13:54:35.461348,0,7575258885234232596,https://www.tiktok.com/@hichamcook/video/7575258885234232596?lang=en,Hichem Cook
7575506156849693457,tiktok,mourad,😂😂😂,2026-01-28T13:54:35.461349,0,7575258885234232596,https://www.tiktok.com/@hichamcook/video/7575258885234232596?lang=en,Hichem Cook
7575486822886163208,tiktok,عبدو 025,👍👍👍,2026-01-28T13:54:35.461351,0,7575258885234232596,https://www.tiktok.com/@hichamcook/video/7575258885234232596?lang=en,Hichem Cook
7575484133251138322,tiktok,LYES_yessou,😳😳😳,2026-01-28T13:54:35.461352,0,7575258885234232596,https://www.tiktok.com/@hichamcook/video/7575258885234232596?lang=en,Hichem Cook
7575481592778195720,tiktok,زكرياء زكرياء,🥰🥰🥰,2026-01-28T13:54:36.533169,0,7575258885234232596,https://www.tiktok.com/@hichamcook/video/7575258885234232596?lang=en,Hichem Cook
7575475432398422802,tiktok,Sas Waya,لالا الشاف ما كانش كيفاش @Abdo diagusto 💪🔥,2026-01-28T13:54:36.533179,0,7575258885234232596,https://www.tiktok.com/@hichamcook/video/7575258885234232596?lang=en,Hichem Cook
7575466300995797781,tiktok,Sidoooooo,🤣🤣🤣,2026-01-28T13:54:36.533181,0,7575258885234232596,https://www.tiktok.com/@hichamcook/video/7575258885234232596?lang=en,Hichem Cook
7575453712013968149,tiktok,Ki Ko,😂😂😂,2026-01-28T13:54:36.533183,0,7575258885234232596,https://www.tiktok.com/@hichamcook/video/7575258885234232596?lang=en,Hichem Cook
7575440319694635797,tiktok,Zineddin Gueham,😂😂😂,2026-01-28T13:54:36.533185,0,7575258885234232596,https://www.tiktok.com/@hichamcook/video/7575258885234232596?lang=en,Hichem Cook
7575326548464714504,tiktok,رؤوف,🤣🤣🤣🤣🤣🤣🤣,2026-01-28T13:54:36.533187,0,7575258885234232596,https://www.tiktok.com/@hichamcook/video/7575258885234232596?lang=en,Hichem Cook
7575316462958248712,tiktok,Møu Hämèd,🖤🖤🖤,2026-01-28T13:54:36.533189,0,7575258885234232596,https://www.tiktok.com/@hichamcook/video/7575258885234232596?lang=en,Hichem Cook
7575316493093569298,tiktok,Møu Hämèd,🥰🥰🥰,2026-01-28T13:54:36.533191,0,7575258885234232596,https://www.tiktok.com/@hichamcook/video/7575258885234232596?lang=en,Hichem Cook
7575316502783066898,tiktok,Møu Hämèd,🖤🖤🖤,2026-01-28T13:54:36.533193,0,7575258885234232596,https://www.tiktok.com/@hichamcook/video/7575258885234232596?lang=en,Hichem Cook
7575300923624063751,tiktok,MOUSSA ZOUBIRI,😂😂😂,2026-01-28T13:54:36.533194,0,7575258885234232596,https://www.tiktok.com/@hichamcook/video/7575258885234232596?lang=en,Hichem Cook
7575296700513288978,tiktok,cherifslimani379,🥰🥰🥰,2026-01-28T13:54:36.533197,0,7575258885234232596,https://www.tiktok.com/@hichamcook/video/7575258885234232596?lang=en,Hichem Cook
7575277805757661972,tiktok,Tuba Maya,❤️❤️❤️,2026-01-28T13:54:36.533199,0,7575258885234232596,https://www.tiktok.com/@hichamcook/video/7575258885234232596?lang=en,Hichem Cook
7575276175397077782,tiktok,fares dz123alg,🤣🤣🤣🤣🤣🤣🤣,2026-01-28T13:54:36.533200,0,7575258885234232596,https://www.tiktok.com/@hichamcook/video/7575258885234232596?lang=en,Hichem Cook
7575275918442398471,tiktok,bel guioua,😂😂😂,2026-01-28T13:54:36.533202,0,7575258885234232596,https://www.tiktok.com/@hichamcook/video/7575258885234232596?lang=en,Hichem Cook
7575270672986407687,tiktok,Rais Pizza,😂😂😂,2026-01-28T13:54:36.533203,0,7575258885234232596,https://www.tiktok.com/@hichamcook/video/7575258885234232596?lang=en,Hichem Cook
7575270079501157137,tiktok,younes la classe,🤣🤣🤣,2026-01-28T13:54:36.533206,0,7575258885234232596,https://www.tiktok.com/@hichamcook/video/7575258885234232596?lang=en,Hichem Cook
7575259708170584852,tiktok,ayoub nouar,😊😊,2026-01-28T13:54:36.533208,0,7575258885234232596,https://www.tiktok.com/@hichamcook/video/7575258885234232596?lang=en,Hichem Cook
7575261343995167495,tiktok,N. borjot,❤❤❤,2026-01-28T13:54:37.166441,0,7575258885234232596,https://www.tiktok.com/@hichamcook/video/7575258885234232596?lang=en,Hichem Cook
7574547162970538760,tiktok,Sxf7,هشام خوخ 👍,2026-01-28T13:54:50.092512,174,7574545526926986517,https://www.tiktok.com/@hichamcook/video/7574545526926986517?lang=en,Hichem Cook
7574553181745660683,tiktok,Mohamed Kem,بعدما كان في متناول محرز و لا في متناول شوشع 👏🏻,2026-01-28T13:54:50.092533,282,7574545526926986517,https://www.tiktok.com/@hichamcook/video/7574545526926986517?lang=en,Hichem Cook
7595633016346182420,tiktok,Fares.Magic🇩🇿,ماكنتش نجوز طريق هاديك دك خلاص 😅,2026-01-28T13:54:50.092537,0,7574545526926986517,https://www.tiktok.com/@hichamcook/video/7574545526926986517?lang=en,Hichem Cook
7574585092291707655,tiktok,أبو عبد الرحمان,نستعرف بيك راك تسمع للسوق و تعدل و تحسن، بالتوفيق و ربي ينجحك ..,2026-01-28T13:54:50.092539,172,7574545526926986517,https://www.tiktok.com/@hichamcook/video/7574545526926986517?lang=en,Hichem Cook
7574783217296409361,tiktok,ines 💋,في 2012 كنت ناكل دوبل تشيز ب 35 الف راك طوب هكذا,2026-01-28T13:54:50.092542,33,7574545526926986517,https://www.tiktok.com/@hichamcook/video/7574545526926986517?lang=en,Hichem Cook
7574761819487798034,tiktok,HICHMAN 🪖,Tacos LCD wela AMOLED,2026-01-28T13:54:50.092545,3,7574545526926986517,https://www.tiktok.com/@hichamcook/video/7574545526926986517?lang=en,Hichem Cook
7574582741997273874,tiktok,W.bmg_,Pas se chees in the burger ?,2026-01-28T13:54:50.092547,1,7574545526926986517,https://www.tiktok.com/@hichamcook/video/7574545526926986517?lang=en,Hichem Cook
7574686259534119698,tiktok,yassine,haka njo lik prix raisonnable,2026-01-28T13:54:50.092550,62,7574545526926986517,https://www.tiktok.com/@hichamcook/video/7574545526926986517?lang=en,Hichem Cook
7574620226936537867,tiktok,Ma leek,prix chbab l7aq,2026-01-28T13:54:50.092552,4,7574545526926986517,https://www.tiktok.com/@hichamcook/video/7574545526926986517?lang=en,Hichem Cook
7574683894725886721,tiktok,Aniss Khelil,smahli Hicham wach tchouf machi wach tsib khouya rouht pizza el achour karita el mouhim Rabi iwnak,2026-01-28T13:54:50.092554,2,7574545526926986517,https://www.tiktok.com/@hichamcook/video/7574545526926986517?lang=en,Hichem Cook
7574580068438164245,tiktok,Nanou,des prix imbattables vraiment bravo 👍,2026-01-28T13:54:50.092557,14,7574545526926986517,https://www.tiktok.com/@hichamcook/video/7574545526926986517?lang=en,Hichem Cook
7574890963572851474,tiktok,𝑪𝑯𝑬𝑭 𝑰𝑺𝑴𝑬𝑵,لازم ديما نخمو في الزوالي شوي على أقل يجي يذوق البنة عندكم ربي يعاونك و يرزقك من واسع فضله,2026-01-28T13:54:50.092560,1,7574545526926986517,https://www.tiktok.com/@hichamcook/video/7574545526926986517?lang=en,Hichem Cook
7575277918223090488,tiktok,🫥 Mohamed pa chichi 💯,fi Oran mknch kima haka,2026-01-28T13:54:50.092562,0,7574545526926986517,https://www.tiktok.com/@hichamcook/video/7574545526926986517?lang=en,Hichem Cook
7578953775315452694,tiktok,lifegoeson,زوج كيلو لحم كيفاش درنا؟؟,2026-01-28T13:54:50.092564,1,7574545526926986517,https://www.tiktok.com/@hichamcook/video/7574545526926986517?lang=en,Hichem Cook
7577397153036911378,tiktok,zakari brahim ali,ربي يوفقك هشام,2026-01-28T13:54:50.092567,0,7574545526926986517,https://www.tiktok.com/@hichamcook/video/7574545526926986517?lang=en,Hichem Cook
7575282465151435538,tiktok,ضياء,Allah ybarek ida kima rak t9ol mashallah !,2026-01-28T13:54:50.092569,0,7574545526926986517,https://www.tiktok.com/@hichamcook/video/7574545526926986517?lang=en,Hichem Cook
7574963414444802834,tiktok,S I D O déco,400 da ?????? wattttttt,2026-01-28T13:54:50.092571,0,7574545526926986517,https://www.tiktok.com/@hichamcook/video/7574545526926986517?lang=en,Hichem Cook
7575250486330557240,tiktok,Gâteau des anges,top,2026-01-28T13:54:50.092574,0,7574545526926986517,https://www.tiktok.com/@hichamcook/video/7574545526926986517?lang=en,Hichem Cook
7574892885632893703,tiktok,بياض الثلج,دارلكم خطة هههههه,2026-01-28T13:54:50.092576,0,7574545526926986517,https://www.tiktok.com/@hichamcook/video/7574545526926986517?lang=en,Hichem Cook
7577061901096715025,tiktok,Oum oussayd,وين في الشراقة بالضبط,2026-01-28T13:54:50.092579,0,7574545526926986517,https://www.tiktok.com/@hichamcook/video/7574545526926986517?lang=en,Hichem Cook
7580402192839901974,tiktok,Mimi opera,quantité prix et qualité leadership,2026-01-28T13:54:50.958399,0,7574545526926986517,https://www.tiktok.com/@hichamcook/video/7574545526926986517?lang=en,Hichem Cook
7574556033672168200,tiktok,Riad Usma,les prix mlah,2026-01-28T13:54:50.958420,3,7574545526926986517,https://www.tiktok.com/@hichamcook/video/7574545526926986517?lang=en,Hichem Cook
7589554340744282900,tiktok,Houari Abdeslam🇩🇿🧿🇧🇪,ماشاء الله,2026-01-28T13:54:50.958422,1,7574545526926986517,https://www.tiktok.com/@hichamcook/video/7574545526926986517?lang=en,Hichem Cook
7574594598762431250,tiktok,محمد رسيم,هشام كوك مثال لشخص ناجح وبدا من صفر ربي يوفقك ويقدرك والله غير كي نشوفك يطلعلي الموراال 🥰,2026-01-28T13:54:50.958425,2,7574545526926986517,https://www.tiktok.com/@hichamcook/video/7574545526926986517?lang=en,Hichem Cook
7574560764314764048,tiktok,beta_tikouu,Très bon prix top hagda njiw lik avant c’était trop chère 👌,2026-01-28T13:54:50.958427,51,7574545526926986517,https://www.tiktok.com/@hichamcook/video/7574545526926986517?lang=en,Hichem Cook
7580494683056653064,tiktok,Abdlmalk,سومة شابة الله يبارك,2026-01-28T13:54:50.958428,0,7574545526926986517,https://www.tiktok.com/@hichamcook/video/7574545526926986517?lang=en,Hichem Cook
7577093019968488248,tiktok,Mechmoum karim,oran Kayen,2026-01-28T13:54:50.958430,0,7574545526926986517,https://www.tiktok.com/@hichamcook/video/7574545526926986517?lang=en,Hichem Cook
7574826499350905618,tiktok,🌹,وش مشروع الزوجة الكريمة. 🌹🌹🌹🌹🌹🌹🌹🌹🌹🌹🌹🌹🌹🌹🌹🌹🌹🌹🌹🌹🌹🌹🌹🌹🌹🌹🌹🌹🌹🌹🌹🌹,2026-01-28T13:54:50.958432,1,7574545526926986517,https://www.tiktok.com/@hichamcook/video/7574545526926986517?lang=en,Hichem Cook
7574578777108366088,tiktok,El Magnifico,والله غير 35 مليح بزاف بزاف,2026-01-28T13:54:50.958434,7,7574545526926986517,https://www.tiktok.com/@hichamcook/video/7574545526926986517?lang=en,Hichem Cook
7581592234136994568,tiktok,Djamila Création,ديرلنا هاك في وهران,2026-01-28T13:54:50.958435,0,7574545526926986517,https://www.tiktok.com/@hichamcook/video/7574545526926986517?lang=en,Hichem Cook
7575268755073778488,tiktok,Mï Dö Thr,ماكانش كي برغر تاع @جلول,2026-01-28T13:54:50.958437,0,7574545526926986517,https://www.tiktok.com/@hichamcook/video/7574545526926986517?lang=en,Hichem Cook
7574980168964735765,tiktok,Chamsou,Hicham khasna far3 fi oren,2026-01-28T13:54:50.958439,1,7574545526926986517,https://www.tiktok.com/@hichamcook/video/7574545526926986517?lang=en,Hichem Cook
7577148959773721364,tiktok,lamis🦋,وين بالصح؟,2026-01-28T13:54:50.958441,0,7574545526926986517,https://www.tiktok.com/@hichamcook/video/7574545526926986517?lang=en,Hichem Cook
7574620038884262657,tiktok,chaimaavoice|شيماء فويس,Hkda oui على حساب جيب المجتمع الجزائري,2026-01-28T13:54:50.958442,9,7574545526926986517,https://www.tiktok.com/@hichamcook/video/7574545526926986517?lang=en,Hichem Cook
7575693500261204754,tiktok,Elyes anis,hichem walah 3awda en force,2026-01-28T13:54:50.958444,0,7574545526926986517,https://www.tiktok.com/@hichamcook/video/7574545526926986517?lang=en,Hichem Cook
7575163295393465108,tiktok,Mohamed,درنا فيك تيقة لعزيز,2026-01-28T13:54:50.958446,0,7574545526926986517,https://www.tiktok.com/@hichamcook/video/7574545526926986517?lang=en,Hichem Cook
7574894438075646740,tiktok,hihi,باطل و منجيش فيف نديرهم في المنزل,2026-01-28T13:54:50.958447,0,7574545526926986517,https://www.tiktok.com/@hichamcook/video/7574545526926986517?lang=en,Hichem Cook
7574843165192536844,tiktok,plaisirs sucrés,و في تع وهران,2026-01-28T13:54:50.958449,1,7574545526926986517,https://www.tiktok.com/@hichamcook/video/7574545526926986517?lang=en,Hichem Cook
7574899774110810894,tiktok,SPARTACUS,هشام burger king 🥰,2026-01-28T13:54:50.958451,0,7574545526926986517,https://www.tiktok.com/@hichamcook/video/7574545526926986517?lang=en,Hichem Cook
7574875880171471636,tiktok,me my self & I,smahli service meyet jina 9alolna 1h bach yawjed burger 3lah kebch mechwi!,2026-01-28T13:54:50.958452,0,7574545526926986517,https://www.tiktok.com/@hichamcook/video/7574545526926986517?lang=en,Hichem Cook
7574632791855235858,tiktok,El biiigiee🫡😈,Bnadm hda mashlah🔥,2026-01-28T13:54:51.925615,0,7574545526926986517,https://www.tiktok.com/@hichamcook/video/7574545526926986517?lang=en,Hichem Cook
7574873524661093128,tiktok,user6067188860426,اخدم الله يعاونك...,2026-01-28T13:54:51.925627,0,7574545526926986517,https://www.tiktok.com/@hichamcook/video/7574545526926986517?lang=en,Hichem Cook
7575440137142092560,tiktok,Oussama Djekidel,يعطيك الصحة,2026-01-28T13:54:51.925629,0,7574545526926986517,https://www.tiktok.com/@hichamcook/video/7574545526926986517?lang=en,Hichem Cook
7575141963873092360,tiktok,Tiro,باطل او ماكلة نقية من يد امنة مشأالله💪❤,2026-01-28T13:54:51.925632,0,7574545526926986517,https://www.tiktok.com/@hichamcook/video/7574545526926986517?lang=en,Hichem Cook
7574864617773630264,tiktok,Yaci,حبيت ناكل معنديش,2026-01-28T13:54:51.925634,0,7574545526926986517,https://www.tiktok.com/@hichamcook/video/7574545526926986517?lang=en,Hichem Cook
7575471818221273912,tiktok,عصام الدين  ✨❤️,سومات ملاح هشام الله يبارك هكا نقدر نجي ليك ❤️,2026-01-28T13:54:51.925636,0,7574545526926986517,https://www.tiktok.com/@hichamcook/video/7574545526926986517?lang=en,Hichem Cook
7575505602622522133,tiktok,mirabila,كي نوصل لملك قارون نجي نشري,2026-01-28T13:54:51.925638,0,7574545526926986517,https://www.tiktok.com/@hichamcook/video/7574545526926986517?lang=en,Hichem Cook
7584127069031580423,tiktok,amiraaa.🇩🇿,chicken burger looks tastyyyy,2026-01-28T13:54:51.925641,0,7574545526926986517,https://www.tiktok.com/@hichamcook/video/7574545526926986517?lang=en,Hichem Cook
7574725955664904967,tiktok,Boudj▪︎♤,🥰والله كمل ربي يوفقك 👌اسعار جد معتبرة,2026-01-28T13:54:51.925643,0,7574545526926986517,https://www.tiktok.com/@hichamcook/video/7574545526926986517?lang=en,Hichem Cook
7574796687786738440,tiktok,Attari Imad,هكذا نقدر نخمم نجي,2026-01-28T13:54:51.925645,0,7574545526926986517,https://www.tiktok.com/@hichamcook/video/7574545526926986517?lang=en,Hichem Cook
7576065155906765576,tiktok,no shadow block the sun,des prix raisonnables,2026-01-28T13:54:51.925647,0,7574545526926986517,https://www.tiktok.com/@hichamcook/video/7574545526926986517?lang=en,Hichem Cook
7574765380925915922,tiktok,cook nisou,مدام @twins burger كاين جامي نكل عند واحدخر,2026-01-28T13:54:51.925649,0,7574545526926986517,https://www.tiktok.com/@hichamcook/video/7574545526926986517?lang=en,Hichem Cook
7575568568072274744,tiktok,hlyj35,يعطيك الصحة,2026-01-28T13:54:51.925651,0,7574545526926986517,https://www.tiktok.com/@hichamcook/video/7574545526926986517?lang=en,Hichem Cook
7574835443809518358,tiktok,salah.food.dz,Hadi a tester 😍,2026-01-28T13:54:51.925653,0,7574545526926986517,https://www.tiktok.com/@hichamcook/video/7574545526926986517?lang=en,Hichem Cook
7574852774287213319,tiktok,kitchen tools 🫖🍮,بارك الله فيك على تغيير الأسعار 👍,2026-01-28T13:54:51.925656,0,7574545526926986517,https://www.tiktok.com/@hichamcook/video/7574545526926986517?lang=en,Hichem Cook
7574983816152318776,tiktok,hafid_hamel,و الله غير سعر قليل بزاف ربي يوفقكم ان شاء الله,2026-01-28T13:54:51.925658,0,7574545526926986517,https://www.tiktok.com/@hichamcook/video/7574545526926986517?lang=en,Hichem Cook
7575455313097802503,tiktok,Bâssèt ❤️‍🔥🫀,هدي هدر. شابة,2026-01-28T13:54:51.925660,0,7574545526926986517,https://www.tiktok.com/@hichamcook/video/7574545526926986517?lang=en,Hichem Cook
7574733313010647825,tiktok,Mehdi Tlem’s,Bravo pour les prix,2026-01-28T13:54:51.925662,3,7574545526926986517,https://www.tiktok.com/@hichamcook/video/7574545526926986517?lang=en,Hichem Cook
7574927812760044296,tiktok,oumilyaniline,أسعار تنافسية بارك الله فيك,2026-01-28T13:54:51.925664,0,7574545526926986517,https://www.tiktok.com/@hichamcook/video/7574545526926986517?lang=en,Hichem Cook
7574742413618184968,tiktok,Djamel Eddine Hadid,اسعار مليحة,2026-01-28T13:54:51.925666,0,7574545526926986517,https://www.tiktok.com/@hichamcook/video/7574545526926986517?lang=en,Hichem Cook
7574596013432800007,tiktok,chafik  chafik,سلام كين ليبكس أنفامي,2026-01-28T13:54:53.266092,0,7574545526926986517,https://www.tiktok.com/@hichamcook/video/7574545526926986517?lang=en,Hichem Cook
7576262863385084680,tiktok,sami_111111111,الله بارك,2026-01-28T13:54:53.266104,0,7574545526926986517,https://www.tiktok.com/@hichamcook/video/7574545526926986517?lang=en,Hichem Cook
7575493430978724664,tiktok,Fanifao,رانا جايين 🥰🥰🥰,2026-01-28T13:54:53.266106,0,7574545526926986517,https://www.tiktok.com/@hichamcook/video/7574545526926986517?lang=en,Hichem Cook
7574777592791646996,tiktok,🥀,f houmti ybi3o Burger 180da w Benaa ma tetchba3ch ❤💪,2026-01-28T13:54:53.266108,0,7574545526926986517,https://www.tiktok.com/@hichamcook/video/7574545526926986517?lang=en,Hichem Cook
7574628292411835144,tiktok,Basmala Soap - صابون بسملة,مليح,2026-01-28T13:54:53.266110,0,7574545526926986517,https://www.tiktok.com/@hichamcook/video/7574545526926986517?lang=en,Hichem Cook
7574737971292930838,tiktok,Kamilove,هشام وعالمية,2026-01-28T13:54:53.266112,0,7574545526926986517,https://www.tiktok.com/@hichamcook/video/7574545526926986517?lang=en,Hichem Cook
7591104117993849618,tiktok,Adem,بسم الله مشاء الله 🥰,2026-01-28T13:54:53.266114,0,7574545526926986517,https://www.tiktok.com/@hichamcook/video/7574545526926986517?lang=en,Hichem Cook
7574603456779043596,tiktok,rite.pad,يامات تلقاني تماك,2026-01-28T13:54:53.266116,0,7574545526926986517,https://www.tiktok.com/@hichamcook/video/7574545526926986517?lang=en,Hichem Cook
7574937648139436801,tiktok,Bimba Siyaha,وين بلاصة في شراڨة,2026-01-28T13:54:53.266117,2,7574545526926986517,https://www.tiktok.com/@hichamcook/video/7574545526926986517?lang=en,Hichem Cook
7575983545559827208,tiktok,houhou759ouszdi,des bon prix,2026-01-28T13:54:53.266119,0,7574545526926986517,https://www.tiktok.com/@hichamcook/video/7574545526926986517?lang=en,Hichem Cook
7574597534989435656,tiktok,abdelhakyahya16,مدام مكاش رشة معدنوس باينا سومة شابة😁💪,2026-01-28T13:54:53.266121,1,7574545526926986517,https://www.tiktok.com/@hichamcook/video/7574545526926986517?lang=en,Hichem Cook
7574886477076464395,tiktok,othma absi,مليحة اعطيك الصحة,2026-01-28T13:54:53.266122,0,7574545526926986517,https://www.tiktok.com/@hichamcook/video/7574545526926986517?lang=en,Hichem Cook
7574581277065364242,tiktok,OUSSA MA,الحاجة الشابة في هشام انه إنسان محترم الله يبارك,2026-01-28T13:54:53.266124,0,7574545526926986517,https://www.tiktok.com/@hichamcook/video/7574545526926986517?lang=en,Hichem Cook
7574800764801336080,tiktok,Sōultana  A♡S,ليوم نجي ناكول,2026-01-28T13:54:53.266126,0,7574545526926986517,https://www.tiktok.com/@hichamcook/video/7574545526926986517?lang=en,Hichem Cook
7574730781407724310,tiktok,Maria Miloudi,الله يوفقك😍,2026-01-28T13:54:53.266127,0,7574545526926986517,https://www.tiktok.com/@hichamcook/video/7574545526926986517?lang=en,Hichem Cook
7575244910337966859,tiktok,hate_sorrow,Hicham 9asha lahna,2026-01-28T13:54:53.266129,0,7574545526926986517,https://www.tiktok.com/@hichamcook/video/7574545526926986517?lang=en,Hichem Cook
7574803765410267925,tiktok,ᎽᎯ ᏚᏫᏌ,hada win hdak rabi hmdlh,2026-01-28T13:54:53.266133,0,7574545526926986517,https://www.tiktok.com/@hichamcook/video/7574545526926986517?lang=en,Hichem Cook
7574728181987607303,tiktok,اثاث بليدة 09,يودي رهي شتا حنا غير تع لوبيا ولعدس,2026-01-28T13:54:53.266135,0,7574545526926986517,https://www.tiktok.com/@hichamcook/video/7574545526926986517?lang=en,Hichem Cook
7574568551493174034,tiktok,narutoozomaki491,وين فشراڨة هشام,2026-01-28T13:54:53.266137,0,7574545526926986517,https://www.tiktok.com/@hichamcook/video/7574545526926986517?lang=en,Hichem Cook
7575219695306146577,tiktok,عبد الجليل,ربي يوفقك,2026-01-28T13:54:53.268117,0,7574545526926986517,https://www.tiktok.com/@hichamcook/video/7574545526926986517?lang=en,Hichem Cook
7576255694514094849,tiktok,Chaima sh,prix très raisonnable 🥰,2026-01-28T13:54:53.268131,0,7574545526926986517,https://www.tiktok.com/@hichamcook/video/7574545526926986517?lang=en,Hichem Cook
7574926709759214343,tiktok,Abboud Zineb,Win jay lhanout ?,2026-01-28T13:54:53.268133,0,7574545526926986517,https://www.tiktok.com/@hichamcook/video/7574545526926986517?lang=en,Hichem Cook
7575111844232676114,tiktok,Cuisine & Dressing,Win blassa,2026-01-28T13:54:53.268135,0,7574545526926986517,https://www.tiktok.com/@hichamcook/video/7574545526926986517?lang=en,Hichem Cook
7575271177725264658,tiktok,Aicha ichou,Win f Cheraga exactement?,2026-01-28T13:54:53.268137,0,7574545526926986517,https://www.tiktok.com/@hichamcook/video/7574545526926986517?lang=en,Hichem Cook
7574818553842156308,tiktok,manela mano,عمري ماشفت تشيز بلا تشيز غير عند هشام خوك,2026-01-28T13:54:53.268139,1,7574545526926986517,https://www.tiktok.com/@hichamcook/video/7574545526926986517?lang=en,Hichem Cook
7575143774067032850,tiktok,joker,هكدا اسعار فالمتناول الله يبارك او ربي يقدركم ملخر الخدمة مع الانسان او المواطن البسيط هكدا تكون عندك كونتيتي او كاليتي,2026-01-28T13:54:53.268141,1,7574545526926986517,https://www.tiktok.com/@hichamcook/video/7574545526926986517?lang=en,Hichem Cook
7574604365140902672,tiktok,Mustapha ramoul,تحسن ملحوض جدا راح تكسب محبة الناس هكا برافو,2026-01-28T13:54:53.268143,1,7574545526926986517,https://www.tiktok.com/@hichamcook/video/7574545526926986517?lang=en,Hichem Cook
7575259879528448786,tiktok,meddah 14,هاكا نديرلك جام هشام...ربي يوفقك لكل خير ويباركلك في رزقك..ارحم ترحم...,2026-01-28T13:54:53.268144,0,7574545526926986517,https://www.tiktok.com/@hichamcook/video/7574545526926986517?lang=en,Hichem Cook
7575165099381064466,tiktok,🅜🅘🅓🅞,نديرو فدار يوميا,2026-01-28T13:54:53.268146,0,7574545526926986517,https://www.tiktok.com/@hichamcook/video/7574545526926986517?lang=en,Hichem Cook
7575179239694025488,tiktok,m5.v10.E60,هيشام خويا هكا كي ولا بري هابط بزاف كي نجي ناكل عندك منحسش بي فخامة غلينا بري تعيش,2026-01-28T13:54:53.268148,0,7574545526926986517,https://www.tiktok.com/@hichamcook/video/7574545526926986517?lang=en,Hichem Cook
7574860820988986130,tiktok,🩷🪷🩷Aya Naili 🩷🪷🩷,اسعار رائعة,2026-01-28T13:54:53.268149,0,7574545526926986517,https://www.tiktok.com/@hichamcook/video/7574545526926986517?lang=en,Hichem Cook
7574559029813805842,tiktok,ahsene mkh,خونا هشام خايف نسمع سعر 😁😁😁😁,2026-01-28T13:54:54.115340,0,7574545526926986517,https://www.tiktok.com/@hichamcook/video/7574545526926986517?lang=en,Hichem Cook
7574567027541574407,tiktok,Fastes Z,هادو هوما الاسعار ليقدر عليهم شوية المواطن البسيط ، شكرا على الجهود .,2026-01-28T13:54:54.115349,13,7574545526926986517,https://www.tiktok.com/@hichamcook/video/7574545526926986517?lang=en,Hichem Cook
7574694173133423376,tiktok,EcoDeco,بري هايل💪👍,2026-01-28T13:54:54.115352,0,7574545526926986517,https://www.tiktok.com/@hichamcook/video/7574545526926986517?lang=en,Hichem Cook
7574800588618826513,tiktok,Sōultana  A♡S,هكا رجعت بيا نرجعو نجو ليك ربي يباركللك,2026-01-28T13:54:54.115359,0,7574545526926986517,https://www.tiktok.com/@hichamcook/video/7574545526926986517?lang=en,Hichem Cook
7574568792274551560,tiktok,Mah Foud Ous,لي كومنتار قلوبكم مزيرين. نشاء. الله. نشوفوه. فالعالمية. وليد. بلادنا. و لينا. شرف. ربي يعاونك لعزيز. نشاء. الله. نشوفوك. في أعلى المراتب. خويا لعزيز,2026-01-28T13:54:54.115361,7,7574545526926986517,https://www.tiktok.com/@hichamcook/video/7574545526926986517?lang=en,Hichem Cook
7574882118545163025,tiktok,تحيا فلسطين,vive djalole,2026-01-28T13:54:54.115363,0,7574545526926986517,https://www.tiktok.com/@hichamcook/video/7574545526926986517?lang=en,Hichem Cook
7576800407025451783,tiktok,walid z.,هشام كوك العالمية,2026-01-28T13:54:54.115368,0,7574545526926986517,https://www.tiktok.com/@hichamcook/video/7574545526926986517?lang=en,Hichem Cook
7574721115420754695,tiktok,KAMELEDDiNE,Sbs burger,2026-01-28T13:54:54.115370,0,7574545526926986517,https://www.tiktok.com/@hichamcook/video/7574545526926986517?lang=en,Hichem Cook
7574599290687226646,tiktok,إشهارات الجزائر,هذاك نجي ناكل باطل.,2026-01-28T13:54:54.115372,0,7574545526926986517,https://www.tiktok.com/@hichamcook/video/7574545526926986517?lang=en,Hichem Cook
7574547011237184274,tiktok,ᴰᴳㅤㅤAㅤㅤ⁺²¹³,,2026-01-28T13:54:54.115374,2,7574545526926986517,https://www.tiktok.com/@hichamcook/video/7574545526926986517?lang=en,Hichem Cook
7574780618950165264,tiktok,bachi,le meilleure berger il est chez pepper rien na dire dir wache habite 😂😂😂😂😂😂,2026-01-28T13:54:54.115376,1,7574545526926986517,https://www.tiktok.com/@hichamcook/video/7574545526926986517?lang=en,Hichem Cook
7574608877116113671,tiktok,moussa,الله يبارك واش راه صاري هشام كوك طيح السوق 😂😂,2026-01-28T13:54:54.115378,0,7574545526926986517,https://www.tiktok.com/@hichamcook/video/7574545526926986517?lang=en,Hichem Cook
7574804282978763528,tiktok,Mohammed Belhamiti,هشام راه يطبق استراتيجية تاع mcdo قفزة نوعية ربي يوفق,2026-01-28T13:54:54.115380,0,7574545526926986517,https://www.tiktok.com/@hichamcook/video/7574545526926986517?lang=en,Hichem Cook
7579402684814394119,tiktok,Djilali,وين المحل,2026-01-28T13:54:54.115382,0,7574545526926986517,https://www.tiktok.com/@hichamcook/video/7574545526926986517?lang=en,Hichem Cook
7574563050680255240,tiktok,Bachir Moh,فوهران مكانش؟,2026-01-28T13:54:54.115385,0,7574545526926986517,https://www.tiktok.com/@hichamcook/video/7574545526926986517?lang=en,Hichem Cook
7574743343910175509,tiktok,chairomaadjab,اول مرة تعجبني,2026-01-28T13:54:55.157679,0,7574545526926986517,https://www.tiktok.com/@hichamcook/video/7574545526926986517?lang=en,Hichem Cook
7574601345097909000,tiktok,Mounir,بالتوفيق خويا هشام ديما جديد,2026-01-28T13:54:55.157692,0,7574545526926986517,https://www.tiktok.com/@hichamcook/video/7574545526926986517?lang=en,Hichem Cook
7574902707337626389,tiktok,Mohamed,هشام فارسيو سنكوشي,2026-01-28T13:54:55.157694,0,7574545526926986517,https://www.tiktok.com/@hichamcook/video/7574545526926986517?lang=en,Hichem Cook
7574847592401961745,tiktok,mehdi 10,وين هذي باب الزوار خويا,2026-01-28T13:54:55.157697,0,7574545526926986517,https://www.tiktok.com/@hichamcook/video/7574545526926986517?lang=en,Hichem Cook
7574726146089632520,tiktok,user7458105719235,الله يبارك بالتوفيق,2026-01-28T13:54:55.157699,0,7574545526926986517,https://www.tiktok.com/@hichamcook/video/7574545526926986517?lang=en,Hichem Cook
7574888339967460104,tiktok,Az_113b,Livraison kayen ?,2026-01-28T13:54:55.157700,0,7574545526926986517,https://www.tiktok.com/@hichamcook/video/7574545526926986517?lang=en,Hichem Cook
7574833007425929996,tiktok,♥📿,خويا عندك لوبيا لبيضة؟,2026-01-28T13:54:55.157702,0,7574545526926986517,https://www.tiktok.com/@hichamcook/video/7574545526926986517?lang=en,Hichem Cook
7574744495843345153,tiktok,flici,وين في شراقة,2026-01-28T13:54:55.157703,0,7574545526926986517,https://www.tiktok.com/@hichamcook/video/7574545526926986517?lang=en,Hichem Cook
7589441319731479314,tiktok,Sultan.dz25,بصحتك,2026-01-28T13:54:55.157705,0,7574545526926986517,https://www.tiktok.com/@hichamcook/video/7574545526926986517?lang=en,Hichem Cook
7574590503934657287,tiktok,katia kamilia,نجي ناكل,2026-01-28T13:54:55.157706,0,7574545526926986517,https://www.tiktok.com/@hichamcook/video/7574545526926986517?lang=en,Hichem Cook
7574714385760125712,tiktok,Rayane Bengougam,Hayyy lhadra khouya hichem,2026-01-28T13:54:55.157708,0,7574545526926986517,https://www.tiktok.com/@hichamcook/video/7574545526926986517?lang=en,Hichem Cook
7574848034665300748,tiktok,Karima Architect,هاي الهدرة هشام خويا ، يسمونا عندك ليوم,2026-01-28T13:54:55.157710,0,7574545526926986517,https://www.tiktok.com/@hichamcook/video/7574545526926986517?lang=en,Hichem Cook
7574738399715820309,tiktok,rayan.,شكون يتبرع ويقولي وين,2026-01-28T13:54:55.157712,0,7574545526926986517,https://www.tiktok.com/@hichamcook/video/7574545526926986517?lang=en,Hichem Cook
7574617746027250452,tiktok,𝘼𝙍𝙏𝙃𝙐𝙍 | آرثــر,تحيا هيشام 💙💙,2026-01-28T13:54:55.157713,0,7574545526926986517,https://www.tiktok.com/@hichamcook/video/7574545526926986517?lang=en,Hichem Cook
7574603950096483080,tiktok,kodir,مزيا جيت ف حومتي غدوة نجي 🤩🤤,2026-01-28T13:54:55.157715,0,7574545526926986517,https://www.tiktok.com/@hichamcook/video/7574545526926986517?lang=en,Hichem Cook
7574802357369406209,tiktok,coco Chanel,très bons prix,2026-01-28T13:54:55.157717,0,7574545526926986517,https://www.tiktok.com/@hichamcook/video/7574545526926986517?lang=en,Hichem Cook
7574593086309237522,tiktok,🇩🇿🤍,dirlna f wahren tani,2026-01-28T13:54:56.103686,0,7574545526926986517,https://www.tiktok.com/@hichamcook/video/7574545526926986517?lang=en,Hichem Cook
7574721521362961170,tiktok,❤️❤️Hanane Larosa❣️❣️💯🍫,darwak njou naklou les prix mlah,2026-01-28T13:54:56.103696,0,7574545526926986517,https://www.tiktok.com/@hichamcook/video/7574545526926986517?lang=en,Hichem Cook
7574685383206028050,tiktok,Farouk Bnz,الله يبارك,2026-01-28T13:54:56.103699,0,7574545526926986517,https://www.tiktok.com/@hichamcook/video/7574545526926986517?lang=en,Hichem Cook
7574560060170814219,tiktok,Sliman,اسعار مليحة ربي باركلك في رزقك,2026-01-28T13:54:56.103701,0,7574545526926986517,https://www.tiktok.com/@hichamcook/video/7574545526926986517?lang=en,Hichem Cook
7575223594323804950,tiktok,Kamel Dz ici,🙏 ان شاءالله نجي عندكم من مارساي 🙏 غير باش نضوق و نشوف إذا بنين باش نخلي كومنتات 🙏,2026-01-28T13:54:56.103703,0,7574545526926986517,https://www.tiktok.com/@hichamcook/video/7574545526926986517?lang=en,Hichem Cook
7574722440237220616,tiktok,AK04,voila comme ça on parle 😉,2026-01-28T13:54:56.103705,0,7574545526926986517,https://www.tiktok.com/@hichamcook/video/7574545526926986517?lang=en,Hichem Cook
7574836804227941132,tiktok,Abdou ST,ni hna nji ntasti hh,2026-01-28T13:54:56.103707,0,7574545526926986517,https://www.tiktok.com/@hichamcook/video/7574545526926986517?lang=en,Hichem Cook
7574827589791318792,tiktok,Samouraii,bel la3ssel ma djouzch 😒,2026-01-28T13:54:56.103711,1,7574545526926986517,https://www.tiktok.com/@hichamcook/video/7574545526926986517?lang=en,Hichem Cook
7574592076538381077,tiktok,أسامة ليتيم 🇩🇿,وفقك الله أخي,2026-01-28T13:54:56.103713,0,7574545526926986517,https://www.tiktok.com/@hichamcook/video/7574545526926986517?lang=en,Hichem Cook
7574561516096537351,tiktok,Sunshine,يعطيك الصحة هشام,2026-01-28T13:54:56.103715,0,7574545526926986517,https://www.tiktok.com/@hichamcook/video/7574545526926986517?lang=en,Hichem Cook
7576011302809944888,tiktok,leo,tres bn prix,2026-01-28T13:54:56.103717,0,7574545526926986517,https://www.tiktok.com/@hichamcook/video/7574545526926986517?lang=en,Hichem Cook
7574605655090234119,tiktok,Mohammed Titaouni,الله يبارك 🔥,2026-01-28T13:54:56.103719,0,7574545526926986517,https://www.tiktok.com/@hichamcook/video/7574545526926986517?lang=en,Hichem Cook
7574615353768379147,tiktok,Moh B,li yprissé burger ga3 khatih,2026-01-28T13:54:56.103721,0,7574545526926986517,https://www.tiktok.com/@hichamcook/video/7574545526926986517?lang=en,Hichem Cook
7574576077181387527,tiktok,mohamed,هشام شوك❤,2026-01-28T13:54:56.103723,1,7574545526926986517,https://www.tiktok.com/@hichamcook/video/7574545526926986517?lang=en,Hichem Cook
7574696776571372308,tiktok,Pedro Rio,Article !??🤣🤣🤣,2026-01-28T13:54:56.103724,0,7574545526926986517,https://www.tiktok.com/@hichamcook/video/7574545526926986517?lang=en,Hichem Cook
7574554349444924167,tiktok,Mohamed Kina🇩🇿🤍,les prix haylin 👏,2026-01-28T13:54:56.103726,0,7574545526926986517,https://www.tiktok.com/@hichamcook/video/7574545526926986517?lang=en,Hichem Cook
7574721642824499975,tiktok,❤️❤️Hanane Larosa❣️❣️💯🍫,même ta3 oran dirou prix mlih,2026-01-28T13:54:59.331397,0,7574545526926986517,https://www.tiktok.com/@hichamcook/video/7574545526926986517?lang=en,Hichem Cook
7574742887906099988,tiktok,Akram Akram,هاذي اسعار مليحة,2026-01-28T13:54:59.331410,0,7574545526926986517,https://www.tiktok.com/@hichamcook/video/7574545526926986517?lang=en,Hichem Cook
7574579456477004566,tiktok,rania,اسعار مشاء الله,2026-01-28T13:54:59.331418,0,7574545526926986517,https://www.tiktok.com/@hichamcook/video/7574545526926986517?lang=en,Hichem Cook
7574602020032889608,tiktok,موح SAT,ماكلتو تبان نظيفة ومليحة واسعار ريزونابل,2026-01-28T13:54:59.331420,1,7574545526926986517,https://www.tiktok.com/@hichamcook/video/7574545526926986517?lang=en,Hichem Cook
7574905650545148679,tiktok,💔minoucha🫀,مشاء الله,2026-01-28T13:54:59.331422,0,7574545526926986517,https://www.tiktok.com/@hichamcook/video/7574545526926986517?lang=en,Hichem Cook
7574848379081081618,tiktok,سيليا صوفيا,الله يبارك هكدا ناس تقدر تحي تاكل عندك ربي يباركلك في مالك,2026-01-28T13:54:59.331425,0,7574545526926986517,https://www.tiktok.com/@hichamcook/video/7574545526926986517?lang=en,Hichem Cook
7574625223115277063,tiktok,DrLiversey,Très bon prix bon courage,2026-01-28T13:54:59.331427,0,7574545526926986517,https://www.tiktok.com/@hichamcook/video/7574545526926986517?lang=en,Hichem Cook
7574621074487788306,tiktok,Sicario ☑️,même a oran??,2026-01-28T13:54:59.331429,0,7574545526926986517,https://www.tiktok.com/@hichamcook/video/7574545526926986517?lang=en,Hichem Cook
7574839707730772754,tiktok,rachid 🤍,سلام عليكم هشام كاش خدمة نغسل تنظف وشكر,2026-01-28T13:54:59.331431,10,7574545526926986517,https://www.tiktok.com/@hichamcook/video/7574545526926986517?lang=en,Hichem Cook
7577006422170501944,tiktok,بلوزدادي,IA ? 🙂,2026-01-28T13:54:59.331433,0,7574545526926986517,https://www.tiktok.com/@hichamcook/video/7574545526926986517?lang=en,Hichem Cook
7574654706754372370,tiktok,Omjana Promath,في وهران ماكان والو,2026-01-28T13:54:59.331435,1,7574545526926986517,https://www.tiktok.com/@hichamcook/video/7574545526926986517?lang=en,Hichem Cook
7574557498809664263,tiktok,Issac 🇩🇿🇩🇿,ماشاء الله ،،روعة ربي يبارك,2026-01-28T13:54:59.331438,0,7574545526926986517,https://www.tiktok.com/@hichamcook/video/7574545526926986517?lang=en,Hichem Cook
7574618981387240205,tiktok,الوهراني,هنا رانا معاك في الأسعار,2026-01-28T13:54:59.331440,6,7574545526926986517,https://www.tiktok.com/@hichamcook/video/7574545526926986517?lang=en,Hichem Cook
7574588711871742721,tiktok,YoùCef Meriane,هنا قستها 👌❤️,2026-01-28T13:54:59.331442,1,7574545526926986517,https://www.tiktok.com/@hichamcook/video/7574545526926986517?lang=en,Hichem Cook
7574547300274832135,tiktok,⚜️Sali7⚜️,👑👑👑C’est,2026-01-28T13:54:59.331444,0,7574545526926986517,https://www.tiktok.com/@hichamcook/video/7574545526926986517?lang=en,Hichem Cook
7574859663486419724,tiktok,lounici hocine,شحال التوصيل باب الوادي,2026-01-28T13:54:59.331446,0,7574545526926986517,https://www.tiktok.com/@hichamcook/video/7574545526926986517?lang=en,Hichem Cook
7574666658788655892,tiktok,Fay 🎙️ Voice Actor,جعت,2026-01-28T13:54:59.331448,0,7574545526926986517,https://www.tiktok.com/@hichamcook/video/7574545526926986517?lang=en,Hichem Cook
7574575477394883336,tiktok,نور الإسلام,ربي يحفظك ويبارك فيك فعلا متميز رزقك الله من واسع فضله 🥰🥰🥰,2026-01-28T13:54:59.331451,0,7574545526926986517,https://www.tiktok.com/@hichamcook/video/7574545526926986517?lang=en,Hichem Cook
7574563708765618966,tiktok,houari karim,مليح سعر,2026-01-28T13:54:59.331453,10,7574545526926986517,https://www.tiktok.com/@hichamcook/video/7574545526926986517?lang=en,Hichem Cook
7574570296394957586,tiktok,🇩🇿,سعر هايل,2026-01-28T13:55:00.829381,0,7574545526926986517,https://www.tiktok.com/@hichamcook/video/7574545526926986517?lang=en,Hichem Cook
7574545536101319442,tiktok,Mooh lion,صلوا على النبي,2026-01-28T13:55:00.829388,0,7574545526926986517,https://www.tiktok.com/@hichamcook/video/7574545526926986517?lang=en,Hichem Cook
7574547339274158904,tiktok,Iyadk Kadddrw,الول,2026-01-28T13:55:00.829390,0,7574545526926986517,https://www.tiktok.com/@hichamcook/video/7574545526926986517?lang=en,Hichem Cook
7574678270785454869,tiktok,Fall and Winter,Bravo pour les prix demain inchallah يسمونا عندك نشاله,2026-01-28T13:55:00.829392,0,7574545526926986517,https://www.tiktok.com/@hichamcook/video/7574545526926986517?lang=en,Hichem Cook
7585313249274888982,tiktok,Mina bascud,De tres bons prix ness li thab cha3b voila bravo,2026-01-28T13:55:00.829394,0,7574545526926986517,https://www.tiktok.com/@hichamcook/video/7574545526926986517?lang=en,Hichem Cook
7574567769037390614,tiktok,Alladin Chahmi,Mr Hichem dirana burger chicken avocado (guacamole) 9owa bana dyalo 🥰,2026-01-28T13:55:00.829396,0,7574545526926986517,https://www.tiktok.com/@hichamcook/video/7574545526926986517?lang=en,Hichem Cook
7574738178020786965,tiktok,rayan.,Lyoum ndji nchalah hadou houla les prix,2026-01-28T13:55:00.829397,0,7574545526926986517,https://www.tiktok.com/@hichamcook/video/7574545526926986517?lang=en,Hichem Cook
7574667883259855624,tiktok,نبيل سالمين المتشائل,سعر صح ممتاز,2026-01-28T13:55:00.829399,0,7574545526926986517,https://www.tiktok.com/@hichamcook/video/7574545526926986517?lang=en,Hichem Cook
7574691882664608532,tiktok,nesrineadam4,هك نجي ناكل ♥,2026-01-28T13:55:00.829401,0,7574545526926986517,https://www.tiktok.com/@hichamcook/video/7574545526926986517?lang=en,Hichem Cook
7574716577134183175,tiktok,Abdou SD,ماشاء الله ❤,2026-01-28T13:55:00.829402,0,7574545526926986517,https://www.tiktok.com/@hichamcook/video/7574545526926986517?lang=en,Hichem Cook
7575524668939109128,tiktok,tchentchino,machallah rebi ywef9ek rana njo inchallah,2026-01-28T13:55:00.829404,0,7574545526926986517,https://www.tiktok.com/@hichamcook/video/7574545526926986517?lang=en,Hichem Cook
7574547146928112392,tiktok,Mohamed 🇩🇿,viande locale ?,2026-01-28T13:55:00.829405,1,7574545526926986517,https://www.tiktok.com/@hichamcook/video/7574545526926986517?lang=en,Hichem Cook
7574547676109816594,tiktok,achref,قداه راه دك ❤️🥰,2026-01-28T13:55:00.829407,0,7574545526926986517,https://www.tiktok.com/@hichamcook/video/7574545526926986517?lang=en,Hichem Cook
7574772963985195797,tiktok,dark thought 's,هشام شيكور صح و زيد خلي ريسطو واحد متاوعك خليه غالي و ليكش مليحة دير هكذا و هكذا,2026-01-28T13:55:00.829408,1,7574545526926986517,https://www.tiktok.com/@hichamcook/video/7574545526926986517?lang=en,Hichem Cook
7574742913595654919,tiktok,idir جزائري,دير جازت وابعثلي ناكل,2026-01-28T13:55:00.829410,1,7574545526926986517,https://www.tiktok.com/@hichamcook/video/7574545526926986517?lang=en,Hichem Cook
7574595562194305799,tiktok,BEST OFFERS 🔥,هشام كوك ❌ هشام بوك ✅,2026-01-28T13:55:00.829412,1,7574545526926986517,https://www.tiktok.com/@hichamcook/video/7574545526926986517?lang=en,Hichem Cook
7580083385475187512,tiktok,🍁🍂🧸✨Asinat✨🧸🍁,نتوحم وسخفت للمأكلة من يدين هشام كوك الله غالب بعيدة عليك بزاف كون جيت قريبة ني جيييتتتت ني نتفرج فرات 🥺,2026-01-28T13:55:00.829414,0,7574545526926986517,https://www.tiktok.com/@hichamcook/video/7574545526926986517?lang=en,Hichem Cook
7574929875564479240,tiktok,Abdelhakim Souames,Can’t believe u caved,2026-01-28T13:55:00.829415,0,7574545526926986517,https://www.tiktok.com/@hichamcook/video/7574545526926986517?lang=en,Hichem Cook
7574852483592831752,tiktok,mrbigs2204,Prix chabin la vérité haka yjok gae nas,2026-01-28T13:55:00.829417,0,7574545526926986517,https://www.tiktok.com/@hichamcook/video/7574545526926986517?lang=en,Hichem Cook
7574767147727143692,tiktok,Youyou Youyou,ha lhdra ha les promos,2026-01-28T13:55:00.829418,0,7574545526926986517,https://www.tiktok.com/@hichamcook/video/7574545526926986517?lang=en,Hichem Cook
7574747092855341842,tiktok,Lynx,Win,2026-01-28T13:55:02.366258,0,7574545526926986517,https://www.tiktok.com/@hichamcook/video/7574545526926986517?lang=en,Hichem Cook
7574738174891934486,tiktok,Kamilove,أفتح فروع في جدة من فضلك,2026-01-28T13:55:02.366269,0,7574545526926986517,https://www.tiktok.com/@hichamcook/video/7574545526926986517?lang=en,Hichem Cook
7574588114859000577,tiktok,Akram,Raisonnable,2026-01-28T13:55:02.366271,0,7574545526926986517,https://www.tiktok.com/@hichamcook/video/7574545526926986517?lang=en,Hichem Cook
7574580425075983105,tiktok,ABDOU BAFAR,هههه,2026-01-28T13:55:02.366273,0,7574545526926986517,https://www.tiktok.com/@hichamcook/video/7574545526926986517?lang=en,Hichem Cook
7574576810547004168,tiktok,Fafa💙mert❤ ololo😉,اول مرة يعجبني سعر,2026-01-28T13:55:02.366275,0,7574545526926986517,https://www.tiktok.com/@hichamcook/video/7574545526926986517?lang=en,Hichem Cook
7574570527189222152,tiktok,farah,بهذ لي بري تفتح فرع في سطيف شغل صب عندنا الثلج من الفرحة 🤩🥳,2026-01-28T13:55:02.366277,0,7574545526926986517,https://www.tiktok.com/@hichamcook/video/7574545526926986517?lang=en,Hichem Cook
7574562729131115282,tiktok,Abdo Bouk,لوجيك لي بري بزاف شابين,2026-01-28T13:55:02.366278,0,7574545526926986517,https://www.tiktok.com/@hichamcook/video/7574545526926986517?lang=en,Hichem Cook
7574559138664563464,tiktok,Abdou_bel,هشااام بدا يعجني 🤣🤣🤣,2026-01-28T13:55:02.366280,0,7574545526926986517,https://www.tiktok.com/@hichamcook/video/7574545526926986517?lang=en,Hichem Cook
7574559012583162642,tiktok,H.Aya folrita,wine ?!,2026-01-28T13:55:02.366282,0,7574545526926986517,https://www.tiktok.com/@hichamcook/video/7574545526926986517?lang=en,Hichem Cook
7574555361387594497,tiktok,Del_Alg,هاي لهدرة هنا زدت عجبتني فوق لعجبة اللي كنت عاجبني بيها ملول 😂😂,2026-01-28T13:55:02.366284,0,7574545526926986517,https://www.tiktok.com/@hichamcook/video/7574545526926986517?lang=en,Hichem Cook
7574554505380807432,tiktok,compus.dz,شحال سوموك,2026-01-28T13:55:02.366285,0,7574545526926986517,https://www.tiktok.com/@hichamcook/video/7574545526926986517?lang=en,Hichem Cook
7574842868395164423,tiktok,Amir GR,Si vous êtes très pro et vrai chef allez goûter les burger 🍔 et les tortilla de @ChezPetit et vous allez voir que c’est le meilleur en therme de qualité prix en Algérie,2026-01-28T13:55:02.366287,0,7574545526926986517,https://www.tiktok.com/@hichamcook/video/7574545526926986517?lang=en,Hichem Cook
7574804257746322196,tiktok,youyoubetiti,@A🪢 Bid😂😂😂,2026-01-28T13:55:02.366288,0,7574545526926986517,https://www.tiktok.com/@hichamcook/video/7574545526926986517?lang=en,Hichem Cook
7574567186817483528,tiktok,Abdo diagusto,تحطيم الاسعار و القدام @Hichamcook 🙏,2026-01-28T13:55:02.366290,0,7574545526926986517,https://www.tiktok.com/@hichamcook/video/7574545526926986517?lang=en,Hichem Cook
7577353901160481543,tiktok,X_XpentrX_X,@yc1neee,2026-01-28T13:55:02.366291,1,7574545526926986517,https://www.tiktok.com/@hichamcook/video/7574545526926986517?lang=en,Hichem Cook
7574844022071608071,tiktok,Siiifouuxx,@walid auto,2026-01-28T13:55:02.366293,1,7574545526926986517,https://www.tiktok.com/@hichamcook/video/7574545526926986517?lang=en,Hichem Cook
7574547523953279762,tiktok,lho.svr,😍😍😍,2026-01-28T13:55:02.366294,1,7574545526926986517,https://www.tiktok.com/@hichamcook/video/7574545526926986517?lang=en,Hichem Cook
7574546562409366293,tiktok,Meehdii 🫨,🔥🔥🔥,2026-01-28T13:55:02.366296,1,7574545526926986517,https://www.tiktok.com/@hichamcook/video/7574545526926986517?lang=en,Hichem Cook
7598765594914358037,tiktok,🇩🇿Amine 🇩🇿,🥰,2026-01-28T13:55:02.366297,0,7574545526926986517,https://www.tiktok.com/@hichamcook/video/7574545526926986517?lang=en,Hichem Cook
7593690637896598290,tiktok,️,❤,2026-01-28T13:55:02.366299,0,7574545526926986517,https://www.tiktok.com/@hichamcook/video/7574545526926986517?lang=en,Hichem Cook
7591962896234808081,tiktok,bejaiayazid,🥰🥰🥰,2026-01-28T13:55:03.287707,0,7574545526926986517,https://www.tiktok.com/@hichamcook/video/7574545526926986517?lang=en,Hichem Cook
7588220446869750539,tiktok,Noura C.A.M,🌺,2026-01-28T13:55:03.287718,0,7574545526926986517,https://www.tiktok.com/@hichamcook/video/7574545526926986517?lang=en,Hichem Cook
7588220442080314123,tiktok,Noura C.A.M,👑,2026-01-28T13:55:03.287720,0,7574545526926986517,https://www.tiktok.com/@hichamcook/video/7574545526926986517?lang=en,Hichem Cook
7588220447242912568,tiktok,Noura C.A.M,🥰,2026-01-28T13:55:03.287723,0,7574545526926986517,https://www.tiktok.com/@hichamcook/video/7574545526926986517?lang=en,Hichem Cook
7588216542799790870,tiktok,Bruniana,🥰🥰🥰,2026-01-28T13:55:03.287725,0,7574545526926986517,https://www.tiktok.com/@hichamcook/video/7574545526926986517?lang=en,Hichem Cook
7586057724204057366,tiktok,🫡🇩🇿Kader wahdani 🫡,♥️,2026-01-28T13:55:03.287727,0,7574545526926986517,https://www.tiktok.com/@hichamcook/video/7574545526926986517?lang=en,Hichem Cook
7579278196056785686,tiktok,منور طريق جنة موعظة 🤲💓,💚💚💚,2026-01-28T13:55:03.287729,0,7574545526926986517,https://www.tiktok.com/@hichamcook/video/7574545526926986517?lang=en,Hichem Cook
7578787328687309569,tiktok,💪🐊mohamed🐊💪,🥰🥰🥰,2026-01-28T13:55:03.287731,0,7574545526926986517,https://www.tiktok.com/@hichamcook/video/7574545526926986517?lang=en,Hichem Cook
7578590270669832967,tiktok,hamidataki461,😂😂😂,2026-01-28T13:55:03.287733,0,7574545526926986517,https://www.tiktok.com/@hichamcook/video/7574545526926986517?lang=en,Hichem Cook
7578569313776599826,tiktok,Karlin,🥰🥰🥰,2026-01-28T13:55:03.287735,0,7574545526926986517,https://www.tiktok.com/@hichamcook/video/7574545526926986517?lang=en,Hichem Cook
7578536353421181716,tiktok,Lola beauty _35_,😁😁😁,2026-01-28T13:55:03.287738,0,7574545526926986517,https://www.tiktok.com/@hichamcook/video/7574545526926986517?lang=en,Hichem Cook
7578126565143528212,tiktok,عبد الله,❤️❤️,2026-01-28T13:55:03.287740,0,7574545526926986517,https://www.tiktok.com/@hichamcook/video/7574545526926986517?lang=en,Hichem Cook
7577852402636833544,tiktok,Azzi Abdou,😂,2026-01-28T13:55:03.287915,0,7574545526926986517,https://www.tiktok.com/@hichamcook/video/7574545526926986517?lang=en,Hichem Cook
7577832137916859158,tiktok,Yacine💚💛♓,🥰🥰🥰,2026-01-28T13:55:03.287917,0,7574545526926986517,https://www.tiktok.com/@hichamcook/video/7574545526926986517?lang=en,Hichem Cook
7577518406254789383,tiktok,aissa mammeri,👏👏👏,2026-01-28T13:55:03.287919,0,7574545526926986517,https://www.tiktok.com/@hichamcook/video/7574545526926986517?lang=en,Hichem Cook
7577177238509962002,tiktok,samira soso,😳😳😳,2026-01-28T13:55:03.287920,0,7574545526926986517,https://www.tiktok.com/@hichamcook/video/7574545526926986517?lang=en,Hichem Cook
7576418616594678544,tiktok,الستاكة ❤️‍🩹,😂😂😂,2026-01-28T13:55:03.287922,0,7574545526926986517,https://www.tiktok.com/@hichamcook/video/7574545526926986517?lang=en,Hichem Cook
7576064915942228744,tiktok,no shadow block the sun,🥰,2026-01-28T13:55:03.287924,0,7574545526926986517,https://www.tiktok.com/@hichamcook/video/7574545526926986517?lang=en,Hichem Cook
7575636855863100168,tiktok,Samir Setif,😭,2026-01-28T13:55:03.287926,0,7574545526926986517,https://www.tiktok.com/@hichamcook/video/7574545526926986517?lang=en,Hichem Cook
7575565883520254727,tiktok,ﹻۣۗۗۗﹻۣۛﹻۣۗۗۗﹻ ألامبراطور,🥰🥰🥰,2026-01-28T13:55:03.287928,0,7574545526926986517,https://www.tiktok.com/@hichamcook/video/7574545526926986517?lang=en,Hichem Cook
7575347737819022136,tiktok,medlivre,😁,2026-01-28T13:55:04.530474,0,7574545526926986517,https://www.tiktok.com/@hichamcook/video/7574545526926986517?lang=en,Hichem Cook
7575258328667407124,tiktok,houria,😳,2026-01-28T13:55:04.530481,0,7574545526926986517,https://www.tiktok.com/@hichamcook/video/7574545526926986517?lang=en,Hichem Cook
7575246830226277138,tiktok,شمس الضحى785,🥰🥰🥰,2026-01-28T13:55:04.530483,0,7574545526926986517,https://www.tiktok.com/@hichamcook/video/7574545526926986517?lang=en,Hichem Cook
7574906865575576328,tiktok,Dahmoune Djaber,❤️❤️❤️,2026-01-28T13:55:04.530485,0,7574545526926986517,https://www.tiktok.com/@hichamcook/video/7574545526926986517?lang=en,Hichem Cook
7574900313225822977,tiktok,Yacine Yacine,❤️❤️❤️,2026-01-28T13:55:04.530487,0,7574545526926986517,https://www.tiktok.com/@hichamcook/video/7574545526926986517?lang=en,Hichem Cook
7574882795693425426,tiktok,rafi9 taloche 20042091masiki'',meuilleur whd klitini ando les cheese f alger @Brothers Burger Staoueli,2026-01-28T13:55:04.530488,0,7574545526926986517,https://www.tiktok.com/@hichamcook/video/7574545526926986517?lang=en,Hichem Cook
7574859223009657618,tiktok,شهاب الشاوي🌌🫶,😇😇😇,2026-01-28T13:55:04.530490,0,7574545526926986517,https://www.tiktok.com/@hichamcook/video/7574545526926986517?lang=en,Hichem Cook
7574845574039438087,tiktok,userعادل حسام,❤❤❤,2026-01-28T13:55:04.530491,0,7574545526926986517,https://www.tiktok.com/@hichamcook/video/7574545526926986517?lang=en,Hichem Cook
7574842948283728641,tiktok,Maissa 🇩🇿,@a🇩🇿,2026-01-28T13:55:04.530493,0,7574545526926986517,https://www.tiktok.com/@hichamcook/video/7574545526926986517?lang=en,Hichem Cook
7574838302114956039,tiktok,Reda Bouadj 🇩🇿,😍😍👌👌,2026-01-28T13:55:04.530494,0,7574545526926986517,https://www.tiktok.com/@hichamcook/video/7574545526926986517?lang=en,Hichem Cook
7574834926953038599,tiktok,merouane bakhti,🥰🥰🥰,2026-01-28T13:55:04.530496,0,7574545526926986517,https://www.tiktok.com/@hichamcook/video/7574545526926986517?lang=en,Hichem Cook
7574796459293016839,tiktok,AD,👑👑👑,2026-01-28T13:55:04.530497,0,7574545526926986517,https://www.tiktok.com/@hichamcook/video/7574545526926986517?lang=en,Hichem Cook
7574782067972702984,tiktok,lilly,❤❤❤,2026-01-28T13:55:04.530499,0,7574545526926986517,https://www.tiktok.com/@hichamcook/video/7574545526926986517?lang=en,Hichem Cook
7574774691732259601,tiktok,vive jsk,👏👏👏,2026-01-28T13:55:04.530500,0,7574545526926986517,https://www.tiktok.com/@hichamcook/video/7574545526926986517?lang=en,Hichem Cook
7574770905705071381,tiktok,🫀☠️💙♥️F🥷C🥷B💙♥️☠️🫀,😏😏😏,2026-01-28T13:55:04.530501,0,7574545526926986517,https://www.tiktok.com/@hichamcook/video/7574545526926986517?lang=en,Hichem Cook
7574770375894237970,tiktok,sab 🐈‍⬛,@mahdiiichb,2026-01-28T13:55:04.530504,0,7574545526926986517,https://www.tiktok.com/@hichamcook/video/7574545526926986517?lang=en,Hichem Cook
7574765617351115527,tiktok,khaledkhouri3,❤❤❤,2026-01-28T13:55:04.530506,0,7574545526926986517,https://www.tiktok.com/@hichamcook/video/7574545526926986517?lang=en,Hichem Cook
7574764836698587912,tiktok,utilisateur,✨✨✨,2026-01-28T13:55:04.530508,0,7574545526926986517,https://www.tiktok.com/@hichamcook/video/7574545526926986517?lang=en,Hichem Cook
7574738603008410384,tiktok,Pnipen888,❤❤❤,2026-01-28T13:55:04.530509,0,7574545526926986517,https://www.tiktok.com/@hichamcook/video/7574545526926986517?lang=en,Hichem Cook
7574714296773853953,tiktok,Rayane Bengougam,💯💯💯,2026-01-28T13:55:04.530511,0,7574545526926986517,https://www.tiktok.com/@hichamcook/video/7574545526926986517?lang=en,Hichem Cook
7574711756934202128,tiktok,بورقعة أسامة,🥰,2026-01-28T13:55:05.613221,0,7574545526926986517,https://www.tiktok.com/@hichamcook/video/7574545526926986517?lang=en,Hichem Cook
7574711725992887041,tiktok,بورقعة أسامة,😂,2026-01-28T13:55:05.613228,0,7574545526926986517,https://www.tiktok.com/@hichamcook/video/7574545526926986517?lang=en,Hichem Cook
7574707850866541320,tiktok,Amine Lk,🔥🔥🔥🔥,2026-01-28T13:55:05.613230,0,7574545526926986517,https://www.tiktok.com/@hichamcook/video/7574545526926986517?lang=en,Hichem Cook
7574696778298032918,tiktok,Sohiboo testi m3ana,🥰🙏,2026-01-28T13:55:05.613232,0,7574545526926986517,https://www.tiktok.com/@hichamcook/video/7574545526926986517?lang=en,Hichem Cook
7574677908342850325,tiktok,Fall and Winter,🥰🥰🥰,2026-01-28T13:55:05.613233,0,7574545526926986517,https://www.tiktok.com/@hichamcook/video/7574545526926986517?lang=en,Hichem Cook
7574610822287278868,tiktok,Laho laho,🥰,2026-01-28T13:55:05.613235,0,7574545526926986517,https://www.tiktok.com/@hichamcook/video/7574545526926986517?lang=en,Hichem Cook
7574604172370445112,tiktok,skàr fîs🥊🏅,🥰🥰🥰,2026-01-28T13:55:05.613236,0,7574545526926986517,https://www.tiktok.com/@hichamcook/video/7574545526926986517?lang=en,Hichem Cook
7574602349575209746,tiktok,TMAX500XP❤,❤❤❤,2026-01-28T13:55:05.613237,0,7574545526926986517,https://www.tiktok.com/@hichamcook/video/7574545526926986517?lang=en,Hichem Cook
7574596537772245781,tiktok,Zineddin Gueham,🥰🥰🥰,2026-01-28T13:55:05.613239,0,7574545526926986517,https://www.tiktok.com/@hichamcook/video/7574545526926986517?lang=en,Hichem Cook
7574596000171754251,tiktok,رابح فرحاح,🥰🥰🥰,2026-01-28T13:55:05.613240,0,7574545526926986517,https://www.tiktok.com/@hichamcook/video/7574545526926986517?lang=en,Hichem Cook
7574591945604580114,tiktok,salahkawa223,😂😂😂,2026-01-28T13:55:05.613241,0,7574545526926986517,https://www.tiktok.com/@hichamcook/video/7574545526926986517?lang=en,Hichem Cook
7574591742440997649,tiktok,Belli__football 🩸,🥰🥰🥰,2026-01-28T13:55:05.613243,0,7574545526926986517,https://www.tiktok.com/@hichamcook/video/7574545526926986517?lang=en,Hichem Cook
7574590774500360968,tiktok,Abdou Usmiste⚔️⚫️🔴,🔥🔥,2026-01-28T13:55:05.613244,0,7574545526926986517,https://www.tiktok.com/@hichamcook/video/7574545526926986517?lang=en,Hichem Cook
7574586770105664273,tiktok,Riad Djeradi,🥰,2026-01-28T13:55:05.613245,0,7574545526926986517,https://www.tiktok.com/@hichamcook/video/7574545526926986517?lang=en,Hichem Cook
7574583741311845140,tiktok,bilalbi834,❤️❤️❤️,2026-01-28T13:55:05.613247,0,7574545526926986517,https://www.tiktok.com/@hichamcook/video/7574545526926986517?lang=en,Hichem Cook
7574581586525848341,tiktok,youcef❤️,@HERO__213 @Ryn_am❤️@ZIZOUUUUU🏅,2026-01-28T13:55:05.613248,0,7574545526926986517,https://www.tiktok.com/@hichamcook/video/7574545526926986517?lang=en,Hichem Cook
7574576196392223506,tiktok,user8007821600665,🥰🥰🥰,2026-01-28T13:55:05.613250,0,7574545526926986517,https://www.tiktok.com/@hichamcook/video/7574545526926986517?lang=en,Hichem Cook
7574570346168582933,tiktok,❤️Oussamatalyani123🖤,❤️❤️❤️,2026-01-28T13:55:05.613251,0,7574545526926986517,https://www.tiktok.com/@hichamcook/video/7574545526926986517?lang=en,Hichem Cook
7574567766034187026,tiktok,ـᬼ✯͡👑ma✯͡ya👑ـᬼ✯͡,❤❤❤,2026-01-28T13:55:05.613252,0,7574545526926986517,https://www.tiktok.com/@hichamcook/video/7574545526926986517?lang=en,Hichem Cook
7574567283192759058,tiktok,Moh Blidi1977,❤❤❤,2026-01-28T13:55:05.613253,0,7574545526926986517,https://www.tiktok.com/@hichamcook/video/7574545526926986517?lang=en,Hichem Cook
7574556281512542998,tiktok,🅳🅰🅾🆄🅳,😍😍😍,2026-01-28T13:55:06.448998,0,7574545526926986517,https://www.tiktok.com/@hichamcook/video/7574545526926986517?lang=en,Hichem Cook
7574555617546486529,tiktok,Del_Alg,🥰🥰🥰🥰,2026-01-28T13:55:06.449007,0,7574545526926986517,https://www.tiktok.com/@hichamcook/video/7574545526926986517?lang=en,Hichem Cook
7574555187076907797,tiktok,🐺 𝓜𝓐𝓞𝓤𝓛𝓐 ♾️,❤,2026-01-28T13:55:06.449009,0,7574545526926986517,https://www.tiktok.com/@hichamcook/video/7574545526926986517?lang=en,Hichem Cook
7574554541920862994,tiktok,Wolf-Lost777,😂😂😂,2026-01-28T13:55:06.449010,0,7574545526926986517,https://www.tiktok.com/@hichamcook/video/7574545526926986517?lang=en,Hichem Cook
7574549520266101524,tiktok,امال امولة🫶🏼🇩🇿🇩🇿🇩🇿🥰,🥰🥰🥰,2026-01-28T13:55:06.449012,0,7574545526926986517,https://www.tiktok.com/@hichamcook/video/7574545526926986517?lang=en,Hichem Cook
7574549213002990352,tiktok,anes aklil,🥰🥰🥰,2026-01-28T13:55:06.449014,0,7574545526926986517,https://www.tiktok.com/@hichamcook/video/7574545526926986517?lang=en,Hichem Cook
7574548157377200904,tiktok,mefta7i_bel9acem,❤️❤️❤️,2026-01-28T13:55:06.449015,0,7574545526926986517,https://www.tiktok.com/@hichamcook/video/7574545526926986517?lang=en,Hichem Cook
7574547596237341457,tiktok,avatar,👍👍👍,2026-01-28T13:55:06.449017,0,7574545526926986517,https://www.tiktok.com/@hichamcook/video/7574545526926986517?lang=en,Hichem Cook
7574547449579340551,tiktok,čukur,🥰🥰🥰,2026-01-28T13:55:06.449018,0,7574545526926986517,https://www.tiktok.com/@hichamcook/video/7574545526926986517?lang=en,Hichem Cook
7574547466009019156,tiktok,Fatah Ben,🥰🥰🥰,2026-01-28T13:55:06.449020,0,7574545526926986517,https://www.tiktok.com/@hichamcook/video/7574545526926986517?lang=en,Hichem Cook
7574547348748469014,tiktok,TChikoo🇩🇿🇧🇪,💪💪💪,2026-01-28T13:55:06.449021,0,7574545526926986517,https://www.tiktok.com/@hichamcook/video/7574545526926986517?lang=en,Hichem Cook
7574547168167723832,tiktok,Ousss,🔥🔥🔥,2026-01-28T13:55:06.449023,0,7574545526926986517,https://www.tiktok.com/@hichamcook/video/7574545526926986517?lang=en,Hichem Cook
7574546910952014610,tiktok,Lovely_ 🫀❤️‍🔥,❤️❤️❤️,2026-01-28T13:55:06.449024,0,7574545526926986517,https://www.tiktok.com/@hichamcook/video/7574545526926986517?lang=en,Hichem Cook
7574547031102309136,tiktok,abdouuu 🐾,🥰🥰🥰,2026-01-28T13:55:06.449026,0,7574545526926986517,https://www.tiktok.com/@hichamcook/video/7574545526926986517?lang=en,Hichem Cook
7574546742030254856,tiktok,jj____mm,✨✨✨,2026-01-28T13:55:06.449027,0,7574545526926986517,https://www.tiktok.com/@hichamcook/video/7574545526926986517?lang=en,Hichem Cook
7574546661596234512,tiktok,Moon light,😍😍😍,2026-01-28T13:55:06.449029,0,7574545526926986517,https://www.tiktok.com/@hichamcook/video/7574545526926986517?lang=en,Hichem Cook
7574546731120083732,tiktok,Meryy,🥰🥰,2026-01-28T13:55:06.449030,0,7574545526926986517,https://www.tiktok.com/@hichamcook/video/7574545526926986517?lang=en,Hichem Cook
7574546513038672660,tiktok,ADEM 💛🖤🇧🇳,❤️❤️❤️,2026-01-28T13:55:06.449032,0,7574545526926986517,https://www.tiktok.com/@hichamcook/video/7574545526926986517?lang=en,Hichem Cook
7575152336446210824,tiktok,tjrsolo1,wine djy elhanout,2026-01-28T13:55:06.449033,0,7574545526926986517,https://www.tiktok.com/@hichamcook/video/7574545526926986517?lang=en,Hichem Cook
7574875444488880913,tiktok,Aymen Rasta,بديت تتريغل خويا الكوك 😂,2026-01-28T13:55:06.449035,3,7574545526926986517,https://www.tiktok.com/@hichamcook/video/7574545526926986517?lang=en,Hichem Cook
7577606269726196497,tiktok,amine belhadj,كون جات مريقلا نجي نضرب لخويا دورة,2026-01-28T13:55:07.631543,0,7574545526926986517,https://www.tiktok.com/@hichamcook/video/7574545526926986517?lang=en,Hichem Cook
7576444154314998536,tiktok,Reda,كي طفاتلك نقصت السعر 😂😂,2026-01-28T13:55:07.631553,0,7574545526926986517,https://www.tiktok.com/@hichamcook/video/7574545526926986517?lang=en,Hichem Cook
7575460757791458070,tiktok,azul BT,Bien venu au cholestérol.,2026-01-28T13:55:07.631555,0,7574545526926986517,https://www.tiktok.com/@hichamcook/video/7574545526926986517?lang=en,Hichem Cook
7575191131593868053,tiktok,lam,هدا ون وليت تخاف ربي,2026-01-28T13:55:07.631558,0,7574545526926986517,https://www.tiktok.com/@hichamcook/video/7574545526926986517?lang=en,Hichem Cook
7575087334228804366,tiktok,الحرفي,امممممممم من الفوطو يعجب قبل ما تذوق 👌,2026-01-28T13:55:07.631560,0,7574545526926986517,https://www.tiktok.com/@hichamcook/video/7574545526926986517?lang=en,Hichem Cook
7574894842267910929,tiktok,Salim,لالا صديقي خطرش داروا في بالهم نتا تبيع غالي علابيها قع مدوا أسعار للفوق,2026-01-28T13:55:07.631562,0,7574545526926986517,https://www.tiktok.com/@hichamcook/video/7574545526926986517?lang=en,Hichem Cook
7574888481954054930,tiktok,Midi,الرخا يدهش هشام كوك الله يوفقك,2026-01-28T13:55:07.631564,0,7574545526926986517,https://www.tiktok.com/@hichamcook/video/7574545526926986517?lang=en,Hichem Cook
7574883350641836821,tiktok,ام اياد,بدا يطيح,2026-01-28T13:55:07.631566,0,7574545526926986517,https://www.tiktok.com/@hichamcook/video/7574545526926986517?lang=en,Hichem Cook
7574879772498608908,tiktok,SEABASS. DZ 🦑🐟,يخوو مكااش منفسااا هكااا 👌👌👌😂,2026-01-28T13:55:07.631569,0,7574545526926986517,https://www.tiktok.com/@hichamcook/video/7574545526926986517?lang=en,Hichem Cook
7574855966479811350,tiktok,zahrazahra,طاووس 350 دينار ما يفوتش,2026-01-28T13:55:07.631571,0,7574545526926986517,https://www.tiktok.com/@hichamcook/video/7574545526926986517?lang=en,Hichem Cook
7574854923528520455,tiktok,|        عبدالله        |,جماعة لي راهم يقولو تشيز بلا فرماج وين راكم تقرو كلمة تشيز برغر راه يبيع ف البرغر,2026-01-28T13:55:07.631573,0,7574545526926986517,https://www.tiktok.com/@hichamcook/video/7574545526926986517?lang=en,Hichem Cook
7574854147058189064,tiktok,Jasmine,راكم غير قدامي كنت نجي و نقول بزاف غالي 😂 و دوك درتوا سعر في متناول الجميع مي كلش بنين✅✅,2026-01-28T13:55:07.631575,0,7574545526926986517,https://www.tiktok.com/@hichamcook/video/7574545526926986517?lang=en,Hichem Cook
7574808820716110610,tiktok,Momo,لا لا هشام خوك 😅,2026-01-28T13:55:07.631578,0,7574545526926986517,https://www.tiktok.com/@hichamcook/video/7574545526926986517?lang=en,Hichem Cook
7574772918455485185,tiktok,JustCard,Tu m'étonne a chaque fois njouz 3lih nel9ah faregh,2026-01-28T13:55:07.631580,0,7574545526926986517,https://www.tiktok.com/@hichamcook/video/7574545526926986517?lang=en,Hichem Cook
7574763812671882004,tiktok,Yacine,علا حساب الأسعار بورغر بلحم الكلام الظالة 😂😂😂😂😂,2026-01-28T13:55:07.631582,0,7574545526926986517,https://www.tiktok.com/@hichamcook/video/7574545526926986517?lang=en,Hichem Cook
7574756735413584647,tiktok,بيع قطع غيار سيارات الفرنسية,تروح ثم يحسبلك دوبل ههه,2026-01-28T13:55:07.631585,0,7574545526926986517,https://www.tiktok.com/@hichamcook/video/7574545526926986517?lang=en,Hichem Cook
7574734927163228946,tiktok,MounirClass,تاع شراقة؟,2026-01-28T13:55:07.631587,0,7574545526926986517,https://www.tiktok.com/@hichamcook/video/7574545526926986517?lang=en,Hichem Cook
7574724739144827666,tiktok,❤️Anis🖤,انا حسبالي حاينحيلو يدو في بلاصة الدراهم🤣🤣,2026-01-28T13:55:07.631589,0,7574545526926986517,https://www.tiktok.com/@hichamcook/video/7574545526926986517?lang=en,Hichem Cook
7574721663728698168,tiktok,🌼فلوغا,جينا لباب الزوار قعدنا ساعة هداك لخدام يروح و يجي 3 طوابل ماخملوهم ماسقساونا على لاكوموند ستنينا ساعة هكداك راجلي قالي لوكان راني قاعد نسنا الماكلة معليش المشكل راني نسنا فوالو لاكوموند و ماجاوش يلونسيوها نضنا حنا و طابلة تاع 7 عايلة هكداك خرجنا دوماج لازم تعس الخدامين ديالك,2026-01-28T13:55:07.631591,0,7574545526926986517,https://www.tiktok.com/@hichamcook/video/7574545526926986517?lang=en,Hichem Cook
7574713441663943431,tiktok,M'hamed Amroun,انشاء الله الجودة تتبدل للافضل لباه القديم شكلة كبيرة وغالي,2026-01-28T13:55:08.460325,0,7574545526926986517,https://www.tiktok.com/@hichamcook/video/7574545526926986517?lang=en,Hichem Cook
7574696808711734017,tiktok,dz king+213 🇩🇿 🇶🇦,خرجلي فيديو و أنا صايم و حاكمني وحد الجوع اه يا هشام خويا 😂,2026-01-28T13:55:08.460334,0,7574545526926986517,https://www.tiktok.com/@hichamcook/video/7574545526926986517?lang=en,Hichem Cook
7574692041541419796,tiktok,Ahmed jon 123,اول مرة هشام يطيح السوق 🙈ههههه,2026-01-28T13:55:08.460336,0,7574545526926986517,https://www.tiktok.com/@hichamcook/video/7574545526926986517?lang=en,Hichem Cook
7574686571879023368,tiktok,FiDdleR,اسمحلي بصح عدنا اديرو غير 80دج ههههه,2026-01-28T13:55:08.460338,0,7574545526926986517,https://www.tiktok.com/@hichamcook/video/7574545526926986517?lang=en,Hichem Cook
7574684823680566024,tiktok,Yassine Boutasseta 🇨🇦,فالنهاية لا تصلح الجودة بثمن غالي فالجزاير ا👌,2026-01-28T13:55:08.460340,0,7574545526926986517,https://www.tiktok.com/@hichamcook/video/7574545526926986517?lang=en,Hichem Cook
7574667564476089106,tiktok,toufiktchiko,الله يبارك راك بديت تتريڨل 😁😁,2026-01-28T13:55:08.460342,0,7574545526926986517,https://www.tiktok.com/@hichamcook/video/7574545526926986517?lang=en,Hichem Cook
7574613636615979794,tiktok,مشاوي الحراشي 💛⚒️🖤,خوتنا هشام راحتلو ذاكرة مادروش عليه 🤣,2026-01-28T13:55:08.460343,0,7574545526926986517,https://www.tiktok.com/@hichamcook/video/7574545526926986517?lang=en,Hichem Cook
7574598333685105409,tiktok,milano boy,هشام مع لول كان ريسطورون شيك دار فيديو قال انا ما نبررش الأسعار تاوعي و عندي فئة نخدم معاها مع لخر شاف بلي ما فيهاش ولا ينقص فلسومة و يدير لي بروموسيون المهم ربي يقدرك فكرة مليح انك تحط روحك في بلاصة وين يقصدوك معظم الفئات تع الشعب ماشي غير لي لباس بيهم,2026-01-28T13:55:08.460345,0,7574545526926986517,https://www.tiktok.com/@hichamcook/video/7574545526926986517?lang=en,Hichem Cook
7574593031208387336,tiktok,figo,صحا صحا هشام دار هدة في وجدة و جبد جبدة 😂🤣,2026-01-28T13:55:08.460347,0,7574545526926986517,https://www.tiktok.com/@hichamcook/video/7574545526926986517?lang=en,Hichem Cook
7574568751229109010,tiktok,narutoozomaki491,هشام لجاج نقيه بلملح ولقارص ولخل قبل ما طيبو نقى هو صح,2026-01-28T13:55:08.460349,0,7574545526926986517,https://www.tiktok.com/@hichamcook/video/7574545526926986517?lang=en,Hichem Cook
