comment_id,platform,source_name,comment_text,date,likesCount,video_id,video_url,restaurant
7598565406336516886,tiktok,oum mouhemed,🥰🥰🥰,2026-01-24T11:29:40.556840,0,7598552125819456776,https://www.tiktok.com/@american_burger_dz/video/7598552125819456776,American Burger
7595926352332096267,tiktok,Les Délices De Walid,The idea 👏🏻,2026-01-24T11:29:57.123434,2,7595704143935786247,https://www.tiktok.com/@american_burger_dz/video/7595704143935786247,American Burger
7595704735508824855,tiktok,raouf ghagha,😁😁😁,2026-01-24T11:29:57.123447,2,7595704143935786247,https://www.tiktok.com/@american_burger_dz/video/7595704143935786247,American Burger
7595718860462326584,tiktok,ROS’🐺,@y’🌴 mchi convoqué lyoum ?,2026-01-24T11:29:57.123449,1,7595704143935786247,https://www.tiktok.com/@american_burger_dz/video/7595704143935786247,American Burger
7595725486781989650,tiktok,sifouuubld,@le 💎R💎 mt9l9ch brk hbb😂,2026-01-24T11:29:57.123451,0,7595704143935786247,https://www.tiktok.com/@american_burger_dz/video/7595704143935786247,American Burger
7592375525583651605,tiktok,mahdi rck,نهار السبت إن شاء الله 😂😂,2026-01-24T11:30:12.701914,2,7592369816309075208,https://www.tiktok.com/@american_burger_dz/video/7592369816309075208,American Burger
7593120114255037191,tiktok,LÔõö LÃaª,وين جاي ؟؟,2026-01-24T11:30:12.701935,1,7592369816309075208,https://www.tiktok.com/@american_burger_dz/video/7592369816309075208,American Burger
7592371156959970056,tiktok,Da_Di✨🕺💎,ني جاي لول😂😂😂,2026-01-24T11:30:12.701940,2,7592369816309075208,https://www.tiktok.com/@american_burger_dz/video/7592369816309075208,American Burger
7592397961239151368,tiktok,user6120006140154,😂,2026-01-24T11:30:12.701945,2,7592369816309075208,https://www.tiktok.com/@american_burger_dz/video/7592369816309075208,American Burger
7593096941136986901,tiktok,😈HADDADI OUSSAMA 😈,😆,2026-01-24T11:30:12.701950,1,7592369816309075208,https://www.tiktok.com/@american_burger_dz/video/7592369816309075208,American Burger
7595125936137470742,tiktok,amina mina 🫶,Et oui li yt3ab machi kima li ma yt3abch 3la rzko,2026-01-24T11:30:28.848933,1,7590121216007015701,https://www.tiktok.com/@american_burger_dz/video/7590121216007015701,American Burger
7591172538710147858,tiktok,❤Lilyen❤ch🌹19,انا ندخل نوكل برك بصح نتعامل كي صاحب محل 😂😂تقول نتاعي يقلولك تقول خلهولك باباك 😂 منحبش تبذير,2026-01-24T11:30:28.848948,1,7590121216007015701,https://www.tiktok.com/@american_burger_dz/video/7590121216007015701,American Burger
7590366693567988500,tiktok,tacos chpapna,Hhhhhhhhh kayna,2026-01-24T11:30:28.848950,1,7590121216007015701,https://www.tiktok.com/@american_burger_dz/video/7590121216007015701,American Burger
7585452775904183047,tiktok,rafijewel,المشهد الاخير عشته بالحرف الواحد💔,2026-01-24T11:30:44.461813,3633,7585305151292902676,https://www.tiktok.com/@american_burger_dz/video/7585305151292902676,American Burger
7585495648133743368,tiktok,.....,بالاك الجيل الحالي يديرها أما جيل السبعينات و الثمانينات ما يديروهاش,2026-01-24T11:30:44.461821,1934,7585305151292902676,https://www.tiktok.com/@american_burger_dz/video/7585305151292902676,American Burger
7598668259583771408,tiktok,أريج الريحان ✨💗,علاه علاه تحيا بلادي🇩🇿🇩🇿🇩🇿🇩🇿,2026-01-24T11:30:44.461823,2,7585305151292902676,https://www.tiktok.com/@american_burger_dz/video/7585305151292902676,American Burger
7585449760425902855,tiktok,Badro,لي مسافرش و مشافش ممكن يصدقكم,2026-01-24T11:30:44.461825,2169,7585305151292902676,https://www.tiktok.com/@american_burger_dz/video/7585305151292902676,American Burger
7585484429591888658,tiktok,Lina,Le contraire oui,2026-01-24T11:30:44.461827,552,7585305151292902676,https://www.tiktok.com/@american_burger_dz/video/7585305151292902676,American Burger
7585516772678714132,tiktok,Mãlak tlmcen,والله البارح سراتلي 😂😂,2026-01-24T11:30:44.461828,19,7585305151292902676,https://www.tiktok.com/@american_burger_dz/video/7585305151292902676,American Burger
7585617036370281238,tiktok,chayma 3,لالا مستحيل جيران اديروها كيما حنا مغريبي مستحيل ادرها لله احفظ والد بلادي مغرب 🥰🥰,2026-01-24T11:30:44.461830,46,7585305151292902676,https://www.tiktok.com/@american_burger_dz/video/7585305151292902676,American Burger
7585484320962724630,tiktok,Nawwela,اللي رآه يعلق و يقول صح ماشافش الفرنسي في الحقيقة,2026-01-24T11:30:44.461831,211,7585305151292902676,https://www.tiktok.com/@american_burger_dz/video/7585305151292902676,American Burger
7585502283783144200,tiktok,Lilyane ليليان 💎,الحمدلله الوحدة عازة روحها و والديها 🙌🏻 جامي عرفت بنادم ولا خرجت مع بنادم,2026-01-24T11:30:44.461833,178,7585305151292902676,https://www.tiktok.com/@american_burger_dz/video/7585305151292902676,American Burger
7585512253912466184,tiktok,نور 💕,واش قال ما سمعتهش مليح ؟,2026-01-24T11:30:44.461834,13,7585305151292902676,https://www.tiktok.com/@american_burger_dz/video/7585305151292902676,American Burger
7585465267117359873,tiktok,لن ينسانا الله,اقسم بالله غير كاينة,2026-01-24T11:30:44.461835,57,7585305151292902676,https://www.tiktok.com/@american_burger_dz/video/7585305151292902676,American Burger
7595985871897527048,tiktok,Dr Sitouah Imen Gynécologue,Non jamais ♥️,2026-01-24T11:30:44.461836,1,7585305151292902676,https://www.tiktok.com/@american_burger_dz/video/7585305151292902676,American Burger
7585493350133646136,tiktok,Biba Biba,أكثر من هكا لكن كي يكون الشخص الغلط ماشي كامل ولاد الجزائر هكا لا لتعميم كل واحد و شخصيتو ورجولتو,2026-01-24T11:30:44.461838,3,7585305151292902676,https://www.tiktok.com/@american_burger_dz/video/7585305151292902676,American Burger
7585493131841323784,tiktok,🩷 قمر 🩷,راكي غالطة في حسابك,2026-01-24T11:30:44.461840,13,7585305151292902676,https://www.tiktok.com/@american_burger_dz/video/7585305151292902676,American Burger
7585446377565078280,tiktok,ľe. H🇩🇿🇫🇷,nn jms,2026-01-24T11:30:44.461841,5,7585305151292902676,https://www.tiktok.com/@american_burger_dz/video/7585305151292902676,American Burger
7585452965557895944,tiktok,Samia Abdelaoui,صح كاينة منها للأسف 😔 جاست,2026-01-24T11:30:44.461842,22,7585305151292902676,https://www.tiktok.com/@american_burger_dz/video/7585305151292902676,American Burger
7585480009680569109,tiktok,👑Queen Consort💍👑,والله العظيم كاينة مش ضحكة راني مشوكية نا 🥺💔,2026-01-24T11:30:44.461845,19,7585305151292902676,https://www.tiktok.com/@american_burger_dz/video/7585305151292902676,American Burger
7585504345840911111,tiktok,Minou,مزية شفت الفيديو نروح نسلم على راس راجلي فحياتي مصرفت دورو لا على الدار لا على روحي لا على ولادي ❤️,2026-01-24T11:30:44.461846,122,7585305151292902676,https://www.tiktok.com/@american_burger_dz/video/7585305151292902676,American Burger
7585868465865966337,tiktok,trésor,la nouvelle génération prcq avant impossible,2026-01-24T11:30:44.461848,2,7585305151292902676,https://www.tiktok.com/@american_burger_dz/video/7585305151292902676,American Burger
7585419863335977745,tiktok,Souma Mk😘🤙,"c pas vrai c le contraire arrêtez svp,",2026-01-24T11:30:46.717840,308,7585305151292902676,https://www.tiktok.com/@american_burger_dz/video/7585305151292902676,American Burger
7585482911467012920,tiktok,riozakininja,مقود انا في حياتي ماخلصتش عليا مراءة لخاطر مانروحش اصلا ناكل معاها 🤣,2026-01-24T11:30:46.717859,39,7585305151292902676,https://www.tiktok.com/@american_burger_dz/video/7585305151292902676,American Burger
7597857641525035796,tiktok,Ahl Albait,ولد بلادي كريم,2026-01-24T11:30:46.717861,1,7585305151292902676,https://www.tiktok.com/@american_burger_dz/video/7585305151292902676,American Burger
7592281656855511826,tiktok,Marouf Ismail,لي تطلب بالبريدي موب تخلص عليك ؟! تبانلي العكس يك راهم يطلبو بالبريدي موب,2026-01-24T11:30:46.717863,1,7585305151292902676,https://www.tiktok.com/@american_burger_dz/video/7585305151292902676,American Burger
7585469807518483211,tiktok,Ufvr_luna,وي وي هذ الظاهرة ولات كاين مع الاسف 💔,2026-01-24T11:30:46.717864,5,7585305151292902676,https://www.tiktok.com/@american_burger_dz/video/7585305151292902676,American Burger
7585750137643156246,tiktok,Kader Kader 31 🥊,مزيا راني عايش في أوروبا وشفت بعيني,2026-01-24T11:30:46.717866,8,7585305151292902676,https://www.tiktok.com/@american_burger_dz/video/7585305151292902676,American Burger
7585447704713593618,tiktok,🇩🇿chocho🥰🇩🇿,مكانش منها,2026-01-24T11:30:46.717867,15,7585305151292902676,https://www.tiktok.com/@american_burger_dz/video/7585305151292902676,American Burger
7585511572576076560,tiktok,am_el,صح والله وصارتلي للأسف وماشي مره برك,2026-01-24T11:30:46.717869,5,7585305151292902676,https://www.tiktok.com/@american_burger_dz/video/7585305151292902676,American Burger
7585473557158118151,tiktok,Mimiya mimi,[photo] الجماعة لي تقول كاينا منها علاه صح خلصتي عليه ارواحي اختي نندب عليك شويا,2026-01-24T11:30:46.717870,57,7585305151292902676,https://www.tiktok.com/@american_burger_dz/video/7585305151292902676,American Burger
7585499419615003410,tiktok,Sou Mia🦋,hna asln mndiroch da trand 3lbalna bli myhchmoch😂😂😂,2026-01-24T11:30:46.717871,4,7585305151292902676,https://www.tiktok.com/@american_burger_dz/video/7585305151292902676,American Burger
7585529681836196624,tiktok,amoula❤️,اييييييه شحال عشته حتان طيشتو تهنيت من مصروف زايد 😂😂😂😂,2026-01-24T11:30:46.717873,29,7585305151292902676,https://www.tiktok.com/@american_burger_dz/video/7585305151292902676,American Burger
7585503627692524309,tiktok,nadjib,le contraire ouii,2026-01-24T11:30:46.717874,8,7585305151292902676,https://www.tiktok.com/@american_burger_dz/video/7585305151292902676,American Burger
7585512697882805014,tiktok,👍🙏,nan mais c'est carrément faux,2026-01-24T11:30:46.717875,118,7585305151292902676,https://www.tiktok.com/@american_burger_dz/video/7585305151292902676,American Burger
7585497697077003028,tiktok,Lok chaoui,Alors là n’importe quoi!!c’est le contraire en France c’est 50/50 par contre en Algérie c’est nous qui paie l’addition,2026-01-24T11:30:46.717877,1244,7585305151292902676,https://www.tiktok.com/@american_burger_dz/video/7585305151292902676,American Burger
7595598780394930964,tiktok,amelmilou267,Impossible ❤️,2026-01-24T11:30:46.717878,2,7585305151292902676,https://www.tiktok.com/@american_burger_dz/video/7585305151292902676,American Burger
7585392853455700744,tiktok,H❤️,Impossible hdi,2026-01-24T11:30:46.717880,7,7585305151292902676,https://www.tiktok.com/@american_burger_dz/video/7585305151292902676,American Burger
7585522480619389716,tiktok,lulu,بالعكس كفاكم كذب,2026-01-24T11:30:46.717881,6,7585305151292902676,https://www.tiktok.com/@american_burger_dz/video/7585305151292902676,American Burger
7585421171173229332,tiktok,M A Y A,C pas vraii c tout a fait le contraire,2026-01-24T11:30:46.717882,4,7585305151292902676,https://www.tiktok.com/@american_burger_dz/video/7585305151292902676,American Burger
7595281009027121927,tiktok,layra, [sticker],2026-01-24T11:30:46.717884,1,7585305151292902676,https://www.tiktok.com/@american_burger_dz/video/7585305151292902676,American Burger
7585553165123633938,tiktok,Rahma English teacher,انا وراجلي فرد جيب عمرنا مادرنا حساب لبعضانا نهزو ويهزني ونوفرو لاولادنا ونحوسو وعايشين الاز وحتى قبل مانخدم كان منتهلي فيا الزوجين لازم يكون بيناتهم النية,2026-01-24T11:30:46.717885,3,7585305151292902676,https://www.tiktok.com/@american_burger_dz/video/7585305151292902676,American Burger
7585897923935011606,tiktok,BigSoulElite,عايش في بريطانيا 🇬🇧 15 عام هل تعلم ان كوبل الاوربي كل واحد يخلص لروحو هل تعلم ان الزوج عندو فيزا كارد تاعو والزوجة عندها تاعها وحدها وحتى الابن وحدو واحد يخلص لواحد,2026-01-24T11:30:47.396866,2,7585305151292902676,https://www.tiktok.com/@american_burger_dz/video/7585305151292902676,American Burger
7585428514079736584,tiktok,haloma,اصلا عكس ومكاش منها,2026-01-24T11:30:47.396877,45,7585305151292902676,https://www.tiktok.com/@american_burger_dz/video/7585305151292902676,American Burger
7585549578049700629,tiktok,Sara msrara,Hhhhh za3ma awah kain Rjall fl Algérie 🇩🇿💪🏼,2026-01-24T11:30:47.396880,0,7585305151292902676,https://www.tiktok.com/@american_burger_dz/video/7585305151292902676,American Burger
7596809520622568208,tiktok,حياتي بعد فقدان أمي جحيم,صحيح عشتها 🥰,2026-01-24T11:30:47.396882,1,7585305151292902676,https://www.tiktok.com/@american_burger_dz/video/7585305151292902676,American Burger
7585317287168836373,tiktok,Amd09t,madahakch w ghir nahiha,2026-01-24T11:30:47.396883,24,7585305151292902676,https://www.tiktok.com/@american_burger_dz/video/7585305151292902676,American Burger
7586588373876409095,tiktok,Moka Mokrane🇺🇸♓️♥️🇩🇿,"Bah ici en Amérique tjr a la caisse ils demandent (if separate or together ) et jai vu plusieurs couples payent séparément 🥲🤣, du jamais vu chez nous en dz",2026-01-24T11:30:47.396886,3,7585305151292902676,https://www.tiktok.com/@american_burger_dz/video/7585305151292902676,American Burger
7585545867894670102,tiktok,la coquette,C le contraire,2026-01-24T11:30:47.396888,91,7585305151292902676,https://www.tiktok.com/@american_burger_dz/video/7585305151292902676,American Burger
7585496985039422224,tiktok,🥀Rööh🥀,نزيدو فيها مكانش منها,2026-01-24T11:30:47.396889,5,7585305151292902676,https://www.tiktok.com/@american_burger_dz/video/7585305151292902676,American Burger
7585329474539930389,tiktok,Émélÿ🕊️,Tu veux dire le contraire ?,2026-01-24T11:30:47.396891,159,7585305151292902676,https://www.tiktok.com/@american_burger_dz/video/7585305151292902676,American Burger
7585953786011878165,tiktok,Salim salim,انا بووي لي ولدني ومنطمعش فيه الحمد لله,2026-01-24T11:30:47.396892,2,7585305151292902676,https://www.tiktok.com/@american_burger_dz/video/7585305151292902676,American Burger
7594325013055128327,tiktok,ik ramou🧸🩷,noo,2026-01-24T11:30:47.396894,1,7585305151292902676,https://www.tiktok.com/@american_burger_dz/video/7585305151292902676,American Burger
7585461025417659144,tiktok,moul bx,mkch minha en algerie,2026-01-24T11:30:47.396896,14,7585305151292902676,https://www.tiktok.com/@american_burger_dz/video/7585305151292902676,American Burger
7587555210945463047,tiktok,sima,makanch menha 😒,2026-01-24T11:30:47.396897,2,7585305151292902676,https://www.tiktok.com/@american_burger_dz/video/7585305151292902676,American Burger
7585472544564871956,tiktok,Khadidja  🫀🫀🫀Mohamed,كاينة ولي يقول مكانش منها يكذب,2026-01-24T11:30:47.396899,9,7585305151292902676,https://www.tiktok.com/@american_burger_dz/video/7585305151292902676,American Burger
7585488371150701323,tiktok,Dr maéva Self&Close protection,لا مكاش منها,2026-01-24T11:30:47.396901,8,7585305151292902676,https://www.tiktok.com/@american_burger_dz/video/7585305151292902676,American Burger
7595144984321557256,tiktok,Sab rina,mkch mnhaaa ana wlh mydirli hka machalah rbi ykhlihli ❤,2026-01-24T11:30:47.396902,1,7585305151292902676,https://www.tiktok.com/@american_burger_dz/video/7585305151292902676,American Burger
7585734617672696593,tiktok,souna,Al Hamdoulah 💪jamais sratli 🥰,2026-01-24T11:30:47.396904,2,7585305151292902676,https://www.tiktok.com/@american_burger_dz/video/7585305151292902676,American Burger
7585490956750783240,tiktok,♓️🇨🇵Princesse👸🌸,"On aime beaucoup critiquer nos pays et nos peuples, et mettre en valeur d’autres pays comme s’ils étaient parfaits. Mais ceux qui vivent à l’étranger voient la réalité de près, et savent que ce n’est pas toujours ce qu’on montre dans les vidéos. Ce qui est dit ici n’est pas vrai : chez nous, ce n’est pas la femme qui doit payer à la place de l’homme. Nos valeurs existent, il faut arrêter de les déformer.",2026-01-24T11:30:47.396908,7,7585305151292902676,https://www.tiktok.com/@american_burger_dz/video/7585305151292902676,American Burger
7587249396635779862,tiktok,SaelsaسالسةIkram👸🏼🩷,و العكس تماما، الجانب يتحاسب مع صحباتهم او زوجاتهم حتى اولادهم👍,2026-01-24T11:30:47.396910,2,7585305151292902676,https://www.tiktok.com/@american_burger_dz/video/7585305151292902676,American Burger
7585934216069038856,tiktok,mamat anino,:انا برا نفطر مع ولادي 😂وكي يجي يخلص قولولي عيب تمديلهم انت عطينا حنا نخلصو 🤣🤣🤣🤣🤣🤣🤣تحيا ولادي☺️,2026-01-24T11:30:47.396912,14,7585305151292902676,https://www.tiktok.com/@american_burger_dz/video/7585305151292902676,American Burger
7585735006863147793,tiktok,أسِيــــــــــل,والله لعرفتها 😂😂😂😂😂,2026-01-24T11:30:47.481713,2,7585305151292902676,https://www.tiktok.com/@american_burger_dz/video/7585305151292902676,American Burger
7585518599466746646,tiktok,🍁Cuisinal05🧡🇩🇿👑,حنا رجال في بعضانا ونتسابقو شكون يخلص ولقعدة لي ما نقدرولهاش منقعدوهاش 😁,2026-01-24T11:30:47.481723,5,7585305151292902676,https://www.tiktok.com/@american_burger_dz/video/7585305151292902676,American Burger
7585511341273285383,tiktok,Dalel Dress,Tellement pas vrai,2026-01-24T11:30:47.481726,6,7585305151292902676,https://www.tiktok.com/@american_burger_dz/video/7585305151292902676,American Burger
7585470435358540565,tiktok,Sameerov,c'est plutôt le contraire,2026-01-24T11:30:47.481727,4,7585305151292902676,https://www.tiktok.com/@american_burger_dz/video/7585305151292902676,American Burger
7585560599137960726,tiktok,Mounir,😏 مزلت معشتش هذا الموقف ، ربي يرزقنا زوجة صالحة,2026-01-24T11:30:47.481729,2,7585305151292902676,https://www.tiktok.com/@american_burger_dz/video/7585305151292902676,American Burger
7585511631007941377,tiktok,am_el,حقيقه والله,2026-01-24T11:30:47.481731,4,7585305151292902676,https://www.tiktok.com/@american_burger_dz/video/7585305151292902676,American Burger
7585488591163753234,tiktok,بسومة,جامي .... محال,2026-01-24T11:30:47.481733,2,7585305151292902676,https://www.tiktok.com/@american_burger_dz/video/7585305151292902676,American Burger
7593079879677346582,tiktok,HibaFrance59,عجبني رد هاذ السيد,2026-01-24T11:30:47.481735,2,7585305151292902676,https://www.tiktok.com/@american_burger_dz/video/7585305151292902676,American Burger
7585323444062634760,tiktok,driver story dz 🚛,c'est pas vrai,2026-01-24T11:30:47.481736,5,7585305151292902676,https://www.tiktok.com/@american_burger_dz/video/7585305151292902676,American Burger
7585499353599542034,tiktok,Iza_event,جامي علاش تكدب,2026-01-24T11:30:47.481738,4,7585305151292902676,https://www.tiktok.com/@american_burger_dz/video/7585305151292902676,American Burger
7585507551220581141,tiktok,Hiba Benmer,جامي سمعت بيها وجامي صراتلي الحمد لله,2026-01-24T11:30:47.481741,4,7585305151292902676,https://www.tiktok.com/@american_burger_dz/video/7585305151292902676,American Burger
7585804913202381590,tiktok,Sophia ♥ 🇲🇦 🇨🇾 ♥,LOOOOL 😭😂🤣🤣🤣😂😭😭 was not expecting that 😭😂,2026-01-24T11:30:47.481743,4,7585305151292902676,https://www.tiktok.com/@american_burger_dz/video/7585305151292902676,American Burger
7585504423679116049,tiktok,Nabila🎀,نندب🫤,2026-01-24T11:30:47.481745,4,7585305151292902676,https://www.tiktok.com/@american_burger_dz/video/7585305151292902676,American Burger
7591931227025343288,tiktok,…,تذكرت قبل ما اتزوج نتفاهم اني وزوجي على اثاث البيت وبحكم هو من دولة واني من دولة مايقدر يدخل بفلوس كثير لبلادي فانا على نيتي قلت لو ناقص شي يكملوه خوالي الا ثاني يوم جاب ضعف الفلوس الي متفقين عليها ❤️,2026-01-24T11:30:48.617396,1,7585305151292902676,https://www.tiktok.com/@american_burger_dz/video/7585305151292902676,American Burger
7587249780343046934,tiktok,SaelsaسالسةIkram👸🏼🩷,هاذا الشي في التيكتوك أنا في الحقيقة العكس تماما,2026-01-24T11:30:48.617449,1,7585305151292902676,https://www.tiktok.com/@american_burger_dz/video/7585305151292902676,American Burger
7585535743121326856,tiktok,~N~,جيل الثمانينات مشي هكا 😁,2026-01-24T11:30:48.617454,0,7585305151292902676,https://www.tiktok.com/@american_burger_dz/video/7585305151292902676,American Burger
7585481982533124885,tiktok,Noussa Nalis,لحمد لله جامي صرالي وجتمي وصلت روحييصرالي توجور نخرج وخدي ونخلص على روحي والله لا يحتجني غير لربي سبحانو,2026-01-24T11:30:48.617457,2,7585305151292902676,https://www.tiktok.com/@american_burger_dz/video/7585305151292902676,American Burger
7585501589931361031,tiktok,🌹أم رسيم وارسلان☘️❤️,زعم كل شىء نحبهم فيهم الرجولة عاليا غيورين تحيا ولاد بلادي وين مكانو 🥰🥰🥰🥰❤️❤️❤️,2026-01-24T11:30:48.617461,8,7585305151292902676,https://www.tiktok.com/@american_burger_dz/video/7585305151292902676,American Burger
7585410343627965191,tiktok,lyndamokrani83,c’est bien le contraire mon vieux,2026-01-24T11:30:48.617464,8,7585305151292902676,https://www.tiktok.com/@american_burger_dz/video/7585305151292902676,American Burger
7585512764366390023,tiktok,Soumia collection,التالية مكاش منها,2026-01-24T11:30:48.617466,5,7585305151292902676,https://www.tiktok.com/@american_burger_dz/video/7585305151292902676,American Burger
7585476651383784212,tiktok,NARJISS 💫,هاذي باش نضحكو اما الحقيقة هي العكس,2026-01-24T11:30:48.617470,32,7585305151292902676,https://www.tiktok.com/@american_burger_dz/video/7585305151292902676,American Burger
7585537021001859842,tiktok,Point à la ligne.,ما كانش منها صاحب هدا المنشور عمرو ما راح للخارج,2026-01-24T11:30:48.617471,0,7585305151292902676,https://www.tiktok.com/@american_burger_dz/video/7585305151292902676,American Burger
7585491024287236886,tiktok,Lilou001331,cest totalement faux,2026-01-24T11:30:48.617494,47,7585305151292902676,https://www.tiktok.com/@american_burger_dz/video/7585305151292902676,American Burger
7585682325792572167,tiktok,َLeila 💚❤️,😂😂😂😂😂 و يا على 15 ميل,2026-01-24T11:30:48.617497,4,7585305151292902676,https://www.tiktok.com/@american_burger_dz/video/7585305151292902676,American Burger
7585738646034449160,tiktok,🇩🇿 NAYA 💎 YENIE 🇩🇿,قهوي يا جدكم,2026-01-24T11:30:48.617500,2,7585305151292902676,https://www.tiktok.com/@american_burger_dz/video/7585305151292902676,American Burger
7585523638145975048,tiktok,🇲🇽亗『TONY SOSA』亗🇲🇽,cest tout a fait le contraire,2026-01-24T11:30:48.617501,6,7585305151292902676,https://www.tiktok.com/@american_burger_dz/video/7585305151292902676,American Burger
7585414602520822529,tiktok,samou dz🇩🇿🇩🇿💪💪,un vrai con😞,2026-01-24T11:30:48.617503,2,7585305151292902676,https://www.tiktok.com/@american_burger_dz/video/7585305151292902676,American Burger
7585572367474098951,tiktok,Gâteux Les chants De miel,عادي انا وراجلي نهار عليا نهار عليه ربي يحفظهولي💞,2026-01-24T11:30:48.617505,2,7585305151292902676,https://www.tiktok.com/@american_burger_dz/video/7585305151292902676,American Burger
7585543400289846036,tiktok,Queen Lina 👑,مكاش منها العكس وي 👌,2026-01-24T11:30:48.617506,2,7585305151292902676,https://www.tiktok.com/@american_burger_dz/video/7585305151292902676,American Burger
7585527509951070998,tiktok,sihemjazayri,أبدا الرجل الجزائري من الكرماء 💕,2026-01-24T11:30:48.617507,3,7585305151292902676,https://www.tiktok.com/@american_burger_dz/video/7585305151292902676,American Burger
7586796201334833940,tiktok,X-Gaming,لالا والله يزيد يدي الصرف 😂,2026-01-24T11:30:48.989996,1,7585305151292902676,https://www.tiktok.com/@american_burger_dz/video/7585305151292902676,American Burger
7585565499217609493,tiktok,Dr.SâRâh..ⵣ🇩🇿,جيل التسعينات لا ، لكن الألفينات ممكن 🤣,2026-01-24T11:30:48.990019,2,7585305151292902676,https://www.tiktok.com/@american_burger_dz/video/7585305151292902676,American Burger
7586009397495956242,tiktok,Reda Reda,هذا دليل أنك عمرك ما سافرت ما شفت الغربة,2026-01-24T11:30:49.698032,0,7585305151292902676,https://www.tiktok.com/@american_burger_dz/video/7585305151292902676,American Burger
7585443333838455553,tiktok,Ⓖⓔⓤⓛⓜⓘⓨⓐ,كاين صح حيروني ل قالو مكانش منها 🤣🤣🤣,2026-01-24T11:30:49.698042,4,7585305151292902676,https://www.tiktok.com/@american_burger_dz/video/7585305151292902676,American Burger
7586021497223856918,tiktok,Nass 0126260126,C plutôt le contraire et c même certains,2026-01-24T11:30:49.698048,6,7585305151292902676,https://www.tiktok.com/@american_burger_dz/video/7585305151292902676,American Burger
7585548417172439824,tiktok,",,,,,,,,,,",hhh jamie,2026-01-24T11:30:49.698050,0,7585305151292902676,https://www.tiktok.com/@american_burger_dz/video/7585305151292902676,American Burger
7586418394905232135,tiktok,Sara Siso,😅😅😅😅😅يديرها حق وياربي,2026-01-24T11:30:49.698051,4,7585305151292902676,https://www.tiktok.com/@american_burger_dz/video/7585305151292902676,American Burger
7585478241181057800,tiktok,Lily🌸,هادشي كامل معكوس 👌,2026-01-24T11:30:49.698053,10,7585305151292902676,https://www.tiktok.com/@american_burger_dz/video/7585305151292902676,American Burger
7585712828976268033,tiktok,Zaouiya Meniaaya,المنيعي بالتحديد,2026-01-24T11:30:49.698057,2,7585305151292902676,https://www.tiktok.com/@american_burger_dz/video/7585305151292902676,American Burger
7585410190985397000,tiktok,Jiji la,C pas vrais 😂,2026-01-24T11:30:49.698058,32,7585305151292902676,https://www.tiktok.com/@american_burger_dz/video/7585305151292902676,American Burger
7585513075294831381,tiktok,𝓑𝓲𝓵𝓶𝓸𝓽 🪽,😞💔 عشت الشعور,2026-01-24T11:30:49.698060,3,7585305151292902676,https://www.tiktok.com/@american_burger_dz/video/7585305151292902676,American Burger
7586015821345063711,tiktok,Mohamed,المقطع مضحك لا غير الحقيقة. خلف الكواليس هو العكس تماماً ياصديقي,2026-01-24T11:30:49.698062,2,7585305151292902676,https://www.tiktok.com/@american_burger_dz/video/7585305151292902676,American Burger
7586313137754899208,tiktok,Kamel Zaid,C’est bien le contraire,2026-01-24T11:30:49.698063,2,7585305151292902676,https://www.tiktok.com/@american_burger_dz/video/7585305151292902676,American Burger
7585522882088862482,tiktok,.........,اول اسبوع زواج واول خرجة لنا رحنا للمطعم طلبت وهو طلب حاجة وحدة وكلينا مع بعض من بعد قالوا الصحن هذا بقداه قالو 20 الف حطهالي وخرج قالي لطلبتيه كامل خلصيه خرج وخلاني وحدي ولما رحت بأه نخلص فتشت عليه بعيني مالقيتوش عيطتلوا بالهاتف ماردش وليت سلكت انا ثم فجأة نشوف فيه قطع الطريق وخرجلي علما اني في ولاية برانية ما نعرف الدخلة ولا الخرجة منين,2026-01-24T11:30:49.723578,0,7585305151292902676,https://www.tiktok.com/@american_burger_dz/video/7585305151292902676,American Burger
7585498600143225616,tiktok,Mishou,الواقع المعاش,2026-01-24T11:30:49.723590,0,7585305151292902676,https://www.tiktok.com/@american_burger_dz/video/7585305151292902676,American Burger
7585507460191421205,tiktok,Mira,ماكاش منها. جامي صراتلي,2026-01-24T11:30:50.343051,4,7585305151292902676,https://www.tiktok.com/@american_burger_dz/video/7585305151292902676,American Burger
7585596433531077394,tiktok,ME31,و لي راجل راجل✅️✅️✅️✅️🇩🇿🫰,2026-01-24T11:30:50.343062,10,7585305151292902676,https://www.tiktok.com/@american_burger_dz/video/7585305151292902676,American Burger
7585460968437629704,tiktok,𝔉αяα𝔰нα🧚🏻‍♀️🇩🇿,العكس تماما,2026-01-24T11:30:50.343064,4,7585305151292902676,https://www.tiktok.com/@american_burger_dz/video/7585305151292902676,American Burger
7585540423873331990,tiktok,Hanane At,C’est l’inverse 😂,2026-01-24T11:30:50.343068,6,7585305151292902676,https://www.tiktok.com/@american_burger_dz/video/7585305151292902676,American Burger
7585481735740801799,tiktok,AHL€M,الحقيقة ماراهش يتمسخر,2026-01-24T11:30:50.343069,6,7585305151292902676,https://www.tiktok.com/@american_burger_dz/video/7585305151292902676,American Burger
7586009418736878343,tiktok,dehbi_kader,المشهد لاخير عشته وزدة ديت الصرف لي بقى 😁🤣🤣,2026-01-24T11:30:50.343072,0,7585305151292902676,https://www.tiktok.com/@american_burger_dz/video/7585305151292902676,American Burger
7585454675714982657,tiktok,amine sami528,تبانلي العكس,2026-01-24T11:30:50.343073,3,7585305151292902676,https://www.tiktok.com/@american_burger_dz/video/7585305151292902676,American Burger
7585527207494796065,tiktok,يونس,أعتقد العكس هو الصحيح. أنا اعيش في اوربا و الزوجة تدفع بعض المرات و عادي عندهم. لكن عندي لا ارضى ان تدفع عني زوجتي و لو عندها مال,2026-01-24T11:30:50.343075,4,7585305151292902676,https://www.tiktok.com/@american_burger_dz/video/7585305151292902676,American Burger
7585942123237622550,tiktok,yacine,اقسم بالله غير العكس,2026-01-24T11:30:50.343076,3,7585305151292902676,https://www.tiktok.com/@american_burger_dz/video/7585305151292902676,American Burger
7585448806876267272,tiktok,ℳℯ𝒹,contraire 👌,2026-01-24T11:30:50.343078,7,7585305151292902676,https://www.tiktok.com/@american_burger_dz/video/7585305151292902676,American Burger
7585484809246671634,tiktok,Amel Rezigue,Ça c’est faut !!,2026-01-24T11:30:50.343079,4,7585305151292902676,https://www.tiktok.com/@american_burger_dz/video/7585305151292902676,American Burger
7585392748795265848,tiktok,♡ 𝐋𝐢𝐨𝐫𝐚𝐡 ♡,CC’est le contraire,2026-01-24T11:30:50.343081,18,7585305151292902676,https://www.tiktok.com/@american_burger_dz/video/7585305151292902676,American Burger
7585482505588982561,tiktok,💜💜,c'est le contraire. point barre,2026-01-24T11:30:50.343082,21,7585305151292902676,https://www.tiktok.com/@american_burger_dz/video/7585305151292902676,American Burger
7585410772352926482,tiktok,Celia ❤️,alors la ! machi sah,2026-01-24T11:30:50.343083,2,7585305151292902676,https://www.tiktok.com/@american_burger_dz/video/7585305151292902676,American Burger
7585792402268078866,tiktok,imad,والله ما يضحك ...يبكي الموقف,2026-01-24T11:30:50.343085,11,7585305151292902676,https://www.tiktok.com/@american_burger_dz/video/7585305151292902676,American Burger
7585505492589200136,tiktok,Seif eddine Oudina,العكس تماما,2026-01-24T11:30:50.343086,2,7585305151292902676,https://www.tiktok.com/@american_burger_dz/video/7585305151292902676,American Burger
7585445675162469138,tiktok,Noor Ania,ce n' est pas vrai,2026-01-24T11:30:50.343088,5,7585305151292902676,https://www.tiktok.com/@american_burger_dz/video/7585305151292902676,American Burger
7585484145128882965,tiktok,IkoUuu ❤️🇩🇿,الوقت لي وصلنا ليه,2026-01-24T11:30:50.347507,10,7585305151292902676,https://www.tiktok.com/@american_burger_dz/video/7585305151292902676,American Burger
7585472877610566418,tiktok,Sabrinekhettab 🇩🇿,Nnnnnnn c le contraire arrête,2026-01-24T11:30:50.347517,9,7585305151292902676,https://www.tiktok.com/@american_burger_dz/video/7585305151292902676,American Burger
7585500035719709447,tiktok,المومن,والله ماكاين منها,2026-01-24T11:30:50.347519,4,7585305151292902676,https://www.tiktok.com/@american_burger_dz/video/7585305151292902676,American Burger
7585484541697180434,tiktok,Alfa☆ DZ ☆,c'est né pas vrai c'est le contraire 👌,2026-01-24T11:30:50.347521,4,7585305151292902676,https://www.tiktok.com/@american_burger_dz/video/7585305151292902676,American Burger
7586369072066970400,tiktok,DZ🇩🇿31🇩🇿,c'est plutôt le contraire,2026-01-24T11:30:50.347560,3,7585305151292902676,https://www.tiktok.com/@american_burger_dz/video/7585305151292902676,American Burger
7586058028240634635,tiktok,noah,العكس تماما في خارج حبة حلوة ولله ما تكلها,2026-01-24T11:30:50.347562,3,7585305151292902676,https://www.tiktok.com/@american_burger_dz/video/7585305151292902676,American Burger
7585850784656343830,tiktok,fouzia,C’est totalement faux et impensable,2026-01-24T11:30:50.347564,3,7585305151292902676,https://www.tiktok.com/@american_burger_dz/video/7585305151292902676,American Burger
7585791985974854432,tiktok,Mohammed ALI,هذه هي ولد خالتي🥰😂💃,2026-01-24T11:30:50.347565,3,7585305151292902676,https://www.tiktok.com/@american_burger_dz/video/7585305151292902676,American Burger
7585536500626211602,tiktok,حلويات الشيوخ,لا انا بالنسبة ليا الجزائري ميرضاش هذا الشي,2026-01-24T11:30:50.347568,3,7585305151292902676,https://www.tiktok.com/@american_burger_dz/video/7585305151292902676,American Burger
7585520786972017416,tiktok,camelia noir,ماكانش منها من اول الفيديو حتى للاخر,2026-01-24T11:30:50.347572,3,7585305151292902676,https://www.tiktok.com/@american_burger_dz/video/7585305151292902676,American Burger
7585502630156452625,tiktok,lilia Lili,كنت نستنا في الأخير الجزائر طلعت صح,2026-01-24T11:30:50.992881,0,7585305151292902676,https://www.tiktok.com/@american_burger_dz/video/7585305151292902676,American Burger
7585506781981737750,tiktok,kada Mkn,سافرو تعرفو,2026-01-24T11:30:50.992889,4,7585305151292902676,https://www.tiktok.com/@american_burger_dz/video/7585305151292902676,American Burger
7585541219771958038,tiktok,Chelfia,C’est pas vrai du tout,2026-01-24T11:30:50.992895,2,7585305151292902676,https://www.tiktok.com/@american_burger_dz/video/7585305151292902676,American Burger
7586020921098978070,tiktok,Soussou,n importe quoi limite discriminatoire la video,2026-01-24T11:30:50.992897,7,7585305151292902676,https://www.tiktok.com/@american_burger_dz/video/7585305151292902676,American Burger
7585470875208041227,tiktok,🎗نينا لافايات,حتى عندنا ثما,2026-01-24T11:30:50.992899,2,7585305151292902676,https://www.tiktok.com/@american_burger_dz/video/7585305151292902676,American Burger
7585537060443357975,tiktok,nadirferhat337,Alors là c’est tout le contraire,2026-01-24T11:30:50.992901,28,7585305151292902676,https://www.tiktok.com/@american_burger_dz/video/7585305151292902676,American Burger
7585367892390232839,tiktok,zoraabbas,ماكاش منها,2026-01-24T11:30:50.992902,2,7585305151292902676,https://www.tiktok.com/@american_burger_dz/video/7585305151292902676,American Burger
7589788145451156246,tiktok,moh’b,وين راهو العيب ياك انا و انتي واحد لالا!!!,2026-01-24T11:30:50.992904,2,7585305151292902676,https://www.tiktok.com/@american_burger_dz/video/7585305151292902676,American Burger
7585837895475856150,tiktok,Maria RaCha,"JAMAIS DE LA VIE, C'EST PAS VRAI",2026-01-24T11:30:50.992906,13,7585305151292902676,https://www.tiktok.com/@american_burger_dz/video/7585305151292902676,American Burger
7586009427490472726,tiktok,Zina Zineb BENHAMOUCHE,Le contraire !,2026-01-24T11:30:50.992907,4,7585305151292902676,https://www.tiktok.com/@american_burger_dz/video/7585305151292902676,American Burger
7585358727730725653,tiktok,❄️✨ ᛁᛗᚨᚾ,كاينة 😂,2026-01-24T11:30:50.992909,3,7585305151292902676,https://www.tiktok.com/@american_burger_dz/video/7585305151292902676,American Burger
7585565109146387221,tiktok,Yasmine Koudid,هنا ماقستوهاش,2026-01-24T11:30:50.992911,4,7585305151292902676,https://www.tiktok.com/@american_burger_dz/video/7585305151292902676,American Burger
7585574872602034947,tiktok,léopard,C’est tout à fait le contraire,2026-01-24T11:30:50.992912,8,7585305151292902676,https://www.tiktok.com/@american_burger_dz/video/7585305151292902676,American Burger
7585672915007718155,tiktok,kaylie,جزائري مستحيل اذا دارها معنتها,2026-01-24T11:30:50.992914,4,7585305151292902676,https://www.tiktok.com/@american_burger_dz/video/7585305151292902676,American Burger
7585472084155826964,tiktok,Khadidja  🫀🫀🫀Mohamed,اقسم بالله العظيم كاينة منها 💔💔💔,2026-01-24T11:30:50.992916,3,7585305151292902676,https://www.tiktok.com/@american_burger_dz/video/7585305151292902676,American Burger
7585566132410516245,tiktok,Othman Rahal,فتيحة ❤ ...🥀 الله يحميك,2026-01-24T11:30:50.992917,0,7585305151292902676,https://www.tiktok.com/@american_burger_dz/video/7585305151292902676,American Burger
7585423617821131538,tiktok,ImeneChahineze,Le contraire,2026-01-24T11:30:51.167005,3,7585305151292902676,https://www.tiktok.com/@american_burger_dz/video/7585305151292902676,American Burger
7586751694697399061,tiktok,ikramo,والله لصح,2026-01-24T11:30:51.167017,2,7585305151292902676,https://www.tiktok.com/@american_burger_dz/video/7585305151292902676,American Burger
7585798378455319318,tiktok,🐋Céline Céline🐋, [sticker],2026-01-24T11:30:51.167022,2,7585305151292902676,https://www.tiktok.com/@american_burger_dz/video/7585305151292902676,American Burger
7585780083299205910,tiktok,Ma ya,c pas vrai,2026-01-24T11:30:51.167023,2,7585305151292902676,https://www.tiktok.com/@american_burger_dz/video/7585305151292902676,American Burger
7585770884050354951,tiktok,HALOuum🇩🇿❤️,مكانش منها,2026-01-24T11:30:51.167025,2,7585305151292902676,https://www.tiktok.com/@american_burger_dz/video/7585305151292902676,American Burger
7585736899182396178,tiktok,𝓜𝓲𝓷𝓷𝓪✨,في صح العكس,2026-01-24T11:30:51.167026,2,7585305151292902676,https://www.tiktok.com/@american_burger_dz/video/7585305151292902676,American Burger
7585463378363138823,tiktok,نورالرحمن 🖤💙,للاسف هذا هو الواقع ولا يحدث هذا إلا في بلادي الحبيبة الجزائر,2026-01-24T11:30:51.754756,0,7585305151292902676,https://www.tiktok.com/@american_burger_dz/video/7585305151292902676,American Burger
7585511165208380177,tiktok,fifia ᥫ᭡,Arwah omri netbadlou les rôles 😅,2026-01-24T11:30:51.754767,3,7585305151292902676,https://www.tiktok.com/@american_burger_dz/video/7585305151292902676,American Burger
7585377387379278612,tiktok,M.m.,nta bark kho.....😒,2026-01-24T11:30:51.754769,2,7585305151292902676,https://www.tiktok.com/@american_burger_dz/video/7585305151292902676,American Burger
7585561457903977224,tiktok,Tarek el najm,je ne dis pas souvent wlh mais wlh le contraire 100%,2026-01-24T11:30:51.754770,2,7585305151292902676,https://www.tiktok.com/@american_burger_dz/video/7585305151292902676,American Burger
7585520342564569864,tiktok,Amel amoula,مكانش منها هادي العكس صحيح,2026-01-24T11:30:51.754772,2,7585305151292902676,https://www.tiktok.com/@american_burger_dz/video/7585305151292902676,American Burger
7585536986112688914,tiktok,الذبابة القاتلة,Ce n’est pas vrai!,2026-01-24T11:30:51.754774,14,7585305151292902676,https://www.tiktok.com/@american_burger_dz/video/7585305151292902676,American Burger
7585519122604671745,tiktok,Lou lou,كاينا منها تاليا 🤣🤣,2026-01-24T11:30:51.754776,0,7585305151292902676,https://www.tiktok.com/@american_burger_dz/video/7585305151292902676,American Burger
7585432543437275911,tiktok,just me👑,vrai 3afsa ma dahakech للأسف,2026-01-24T11:30:51.754778,10,7585305151292902676,https://www.tiktok.com/@american_burger_dz/video/7585305151292902676,American Burger
7585437287338623765,tiktok,xxxx3325jr7,لا العكس سواسوا,2026-01-24T11:30:51.754780,2,7585305151292902676,https://www.tiktok.com/@american_burger_dz/video/7585305151292902676,American Burger
7585709109212349185,tiktok,YaaYa ♡♡😇,C’est le contraire 😌,2026-01-24T11:30:52.107706,2,7585305151292902676,https://www.tiktok.com/@american_burger_dz/video/7585305151292902676,American Burger
7585539917767394070,tiktok,amili,non jamais,2026-01-24T11:30:52.107728,2,7585305151292902676,https://www.tiktok.com/@american_burger_dz/video/7585305151292902676,American Burger
7585333340205007632,tiktok,𝕱’,Rak sur ?,2026-01-24T11:30:52.107737,2,7585305151292902676,https://www.tiktok.com/@american_burger_dz/video/7585305151292902676,American Burger
7585559335872152323,tiktok,rania🇩🇿🇪🇸,مكانش منها هنا ماقستوهاش,2026-01-24T11:30:52.107739,1,7585305151292902676,https://www.tiktok.com/@american_burger_dz/video/7585305151292902676,American Burger
7585524958655578902,tiktok,Dihia,علي العكس,2026-01-24T11:30:52.107741,1,7585305151292902676,https://www.tiktok.com/@american_burger_dz/video/7585305151292902676,American Burger
7585518128395191048,tiktok,fleure rouge,جيل الثمانينات ما ايديرهاش,2026-01-24T11:30:52.822765,0,7585305151292902676,https://www.tiktok.com/@american_burger_dz/video/7585305151292902676,American Burger
7585559811938812693,tiktok,اسووو,نغم😊😊☺️☺️,2026-01-24T11:30:52.822772,0,7585305151292902676,https://www.tiktok.com/@american_burger_dz/video/7585305151292902676,American Burger
7585524815470543617,tiktok,رام الله🇩🇿,اطلقوني عليه,2026-01-24T11:30:52.822775,5,7585305151292902676,https://www.tiktok.com/@american_burger_dz/video/7585305151292902676,American Burger
7585485575194575637,tiktok,ᶻº❥︎lla,جزائري ✅🆗,2026-01-24T11:30:52.822780,0,7585305151292902676,https://www.tiktok.com/@american_burger_dz/video/7585305151292902676,American Burger
7585464625345970952,tiktok,chikola lolo,الواقع,2026-01-24T11:30:52.822782,0,7585305151292902676,https://www.tiktok.com/@american_burger_dz/video/7585305151292902676,American Burger
7585580003560768263,tiktok,aichakhemliche851,ce n Est pas vrai je pense c est le contraire l américain fifty fifty 👌😂,2026-01-24T11:30:52.822784,0,7585305151292902676,https://www.tiktok.com/@american_burger_dz/video/7585305151292902676,American Burger
7586326063995945736,tiktok,Yaya Black,لي دار الفيديو عمرو خرج من دزاير,2026-01-24T11:30:52.822789,0,7585305151292902676,https://www.tiktok.com/@american_burger_dz/video/7585305151292902676,American Burger
7586667891269894930,tiktok,أفراح أفراح,سبحان الله😢,2026-01-24T11:30:52.822791,0,7585305151292902676,https://www.tiktok.com/@american_burger_dz/video/7585305151292902676,American Burger
7585457609651241749,tiktok,amynata5,النخوة و عزة النفس مابقاتش.,2026-01-24T11:30:52.822792,1,7585305151292902676,https://www.tiktok.com/@american_burger_dz/video/7585305151292902676,American Burger
7585447441864950549,tiktok,tamazight,sah kayna mnha😂😂,2026-01-24T11:30:52.822794,2,7585305151292902676,https://www.tiktok.com/@american_burger_dz/video/7585305151292902676,American Burger
7585550375210746646,tiktok,Hamouz,بعيد الشر,2026-01-24T11:30:53.014827,0,7585305151292902676,https://www.tiktok.com/@american_burger_dz/video/7585305151292902676,American Burger
7585459076315038482,tiktok,Lily Allen 🤗,اااف فرنسي 🥺,2026-01-24T11:30:53.014843,0,7585305151292902676,https://www.tiktok.com/@american_burger_dz/video/7585305151292902676,American Burger
7585859700303463185,tiktok,loulou0420,"c'est impossible , totalement faux",2026-01-24T11:30:53.014845,3,7585305151292902676,https://www.tiktok.com/@american_burger_dz/video/7585305151292902676,American Burger
7586341947729658632,tiktok,Nadjiba Zefzef,ما كانش منها الجزاءريين هم اكثر الرجال رجولة وتحمل للمسؤولية بارك الله فيهم ورزقهم من فضله وعلى رأسهم زوجي الحبيب,2026-01-24T11:30:53.014847,3,7585305151292902676,https://www.tiktok.com/@american_burger_dz/video/7585305151292902676,American Burger
7585607096080335617,tiktok,dr.h.a_🅰️,عمري ما عشت هذا الموقف والحمد لله,2026-01-24T11:30:53.014848,4,7585305151292902676,https://www.tiktok.com/@american_burger_dz/video/7585305151292902676,American Burger
7585478408308687623,tiktok,Yari Ta,مكانش منها العكس تمامًا,2026-01-24T11:30:53.014850,2,7585305151292902676,https://www.tiktok.com/@american_burger_dz/video/7585305151292902676,American Burger
7585848245638480661,tiktok,🔥🇩🇿imadعماد🇩🇿🔥,لكن نحن نمزح فقط 😂هذي مستحيلة الجزائر منبع الرجال,2026-01-24T11:30:53.014852,2,7585305151292902676,https://www.tiktok.com/@american_burger_dz/video/7585305151292902676,American Burger
7598657299804996370,tiktok,Loqmati,جامي,2026-01-24T11:30:53.014853,1,7585305151292902676,https://www.tiktok.com/@american_burger_dz/video/7585305151292902676,American Burger
7598495948222317329,tiktok,🖤Une mujer Fuerte💪,راجلي العزيز عمروا ما دارها لي مين كنا متعرفين دوايا وماكلتي جامي طالبني دراهم وانا ساعات نفهم وحدي كي يعود معندوش منطلبش ولا نعاون بواش عندي والحمد لله ربي يقدرنا زيرزقني بقسم,2026-01-24T11:30:53.510022,1,7585305151292902676,https://www.tiktok.com/@american_burger_dz/video/7585305151292902676,American Burger
7598480198258508552,tiktok,😊Hello 😊,العكس,2026-01-24T11:30:53.510030,1,7585305151292902676,https://www.tiktok.com/@american_burger_dz/video/7585305151292902676,American Burger
7598118049964311316,tiktok,Wafa 🇫🇷🇲🇦,je confirme 🇩🇿,2026-01-24T11:30:53.510032,1,7585305151292902676,https://www.tiktok.com/@american_burger_dz/video/7585305151292902676,American Burger
7597925726646469397,tiktok,mes enfants ma vie,لما يعرفهمش يامن,2026-01-24T11:30:53.510034,1,7585305151292902676,https://www.tiktok.com/@american_burger_dz/video/7585305151292902676,American Burger
7597796646760186644,tiktok,عبد المهيمن,نعرفو يديريها 😁,2026-01-24T11:30:53.510036,1,7585305151292902676,https://www.tiktok.com/@american_burger_dz/video/7585305151292902676,American Burger
7597561329282728722,tiktok,tinabaraa,والله صح 😁🤩,2026-01-24T11:30:53.510037,1,7585305151292902676,https://www.tiktok.com/@american_burger_dz/video/7585305151292902676,American Burger
7597104886605415176,tiktok,Laura valerei,الاخير صح خلصت وتم توديعه 😁,2026-01-24T11:30:53.510042,1,7585305151292902676,https://www.tiktok.com/@american_burger_dz/video/7585305151292902676,American Burger
7596668398055981831,tiktok,KiKa j KiKa,ههههههههه اي ي ي ي,2026-01-24T11:30:53.510044,1,7585305151292902676,https://www.tiktok.com/@american_burger_dz/video/7585305151292902676,American Burger
7596482890133832504,tiktok,maram,ماصبت واش نهدر بسكو صح راهي صارية,2026-01-24T11:30:53.510045,1,7585305151292902676,https://www.tiktok.com/@american_burger_dz/video/7585305151292902676,American Burger
7596087245762577160,tiktok,zina,كاينة كنها منها,2026-01-24T11:30:53.510047,1,7585305151292902676,https://www.tiktok.com/@american_burger_dz/video/7585305151292902676,American Burger
7596070662062637836,tiktok,Aziz AGL,c'est vrai malheureusement 😭😭,2026-01-24T11:30:53.510048,1,7585305151292902676,https://www.tiktok.com/@american_burger_dz/video/7585305151292902676,American Burger
7595976974943191824,tiktok,...........,صح حق ربي 👌,2026-01-24T11:30:53.510050,1,7585305151292902676,https://www.tiktok.com/@american_burger_dz/video/7585305151292902676,American Burger
7595972899702784786,tiktok,الحمد لله,مكانش منها,2026-01-24T11:30:53.586429,1,7585305151292902676,https://www.tiktok.com/@american_burger_dz/video/7585305151292902676,American Burger
7595925428775600914,tiktok,Fouad 34♡BBA♡16♕,ولعكس الصحيح 😍😁,2026-01-24T11:30:53.586439,1,7585305151292902676,https://www.tiktok.com/@american_burger_dz/video/7585305151292902676,American Burger
7595724718389625621,tiktok,Saad Eddine,apparemment on est pas ds le même avion😌😌,2026-01-24T11:30:53.586442,1,7585305151292902676,https://www.tiktok.com/@american_burger_dz/video/7585305151292902676,American Burger
7592016757729821462,tiktok,Nour♓chaouia,لا في هادي راكم غلطانين ويبقى القهوي سيدهم 😁😅🇩🇿❤️🥹,2026-01-24T11:30:53.586444,2,7585305151292902676,https://www.tiktok.com/@american_burger_dz/video/7585305151292902676,American Burger
7595306415948301076,tiktok,Meriem Maha,في هادي ما قستوهاش كامل,2026-01-24T11:30:53.586446,1,7585305151292902676,https://www.tiktok.com/@american_burger_dz/video/7585305151292902676,American Burger
7595294581421785878,tiktok,la vie,mais en vrai c'est le contraire,2026-01-24T11:30:53.586448,1,7585305151292902676,https://www.tiktok.com/@american_burger_dz/video/7585305151292902676,American Burger
7595211643223933714,tiktok,Sihem Hema,مستحيل,2026-01-24T11:30:53.586449,1,7585305151292902676,https://www.tiktok.com/@american_burger_dz/video/7585305151292902676,American Burger
7594962559103517441,tiktok,Freesoul_infj5,جيل درك ممكن بصح الذهبي مستحيل ❤️,2026-01-24T11:30:53.586451,1,7585305151292902676,https://www.tiktok.com/@american_burger_dz/video/7585305151292902676,American Burger
7585343685786059541,tiktok,fadozinet,"c'est pas vrai , les algériens sont généreux",2026-01-24T11:30:53.586452,3,7585305151292902676,https://www.tiktok.com/@american_burger_dz/video/7585305151292902676,American Burger
7585330073260589825,tiktok,Amy.ra,Alors lles français c'est 50/50 donc 😏,2026-01-24T11:30:53.586454,3,7585305151292902676,https://www.tiktok.com/@american_burger_dz/video/7585305151292902676,American Burger
7593002217784394517,tiktok,meriem_marya🇩🇿,لا أظن ذلك 😒,2026-01-24T11:30:54.487472,1,7585305151292902676,https://www.tiktok.com/@american_burger_dz/video/7585305151292902676,American Burger
7592747508339016455,tiktok,Mâhdî,العكس بكل معنى الكلمة,2026-01-24T11:30:54.487480,1,7585305151292902676,https://www.tiktok.com/@american_burger_dz/video/7585305151292902676,American Burger
7592622108103328520,tiktok,houarihouari6272,jamais de la vie,2026-01-24T11:30:54.487482,1,7585305151292902676,https://www.tiktok.com/@american_burger_dz/video/7585305151292902676,American Burger
7592365127246480130,tiktok,Kurt kury,mohal,2026-01-24T11:30:54.487484,1,7585305151292902676,https://www.tiktok.com/@american_burger_dz/video/7585305151292902676,American Burger
7592279705202869014,tiktok,👑 Queen 👑,makach manha,2026-01-24T11:30:54.487485,1,7585305151292902676,https://www.tiktok.com/@american_burger_dz/video/7585305151292902676,American Burger
7585553801961095939,tiktok,Lyes7593,Arrêter de dire c’est vrai alors là avec un algerien c’est le contraire impossible n’importe quoi beh mtn à partir de cette vidéo assumer alors a oui yek c’est tellement vrai ok ok Tony ok,2026-01-24T11:30:54.487487,2,7585305151292902676,https://www.tiktok.com/@american_burger_dz/video/7585305151292902676,American Burger
7585546093690913556,tiktok,👑 maria princesse 👑,و من بعد يقولك ضيعتي راجل ههه,2026-01-24T11:30:54.487488,2,7585305151292902676,https://www.tiktok.com/@american_burger_dz/video/7585305151292902676,American Burger
7585516871093895943,tiktok,Sweet heart iline,العكس كامل يديروها الا الرجل الجزائري مايديرهاش مستحيل 👑👑👑👑♥♥,2026-01-24T11:30:54.487490,2,7585305151292902676,https://www.tiktok.com/@american_burger_dz/video/7585305151292902676,American Burger
7585366331705836309,tiktok,tyuook,هادي ديرها انت خو,2026-01-24T11:30:54.487492,2,7585305151292902676,https://www.tiktok.com/@american_burger_dz/video/7585305151292902676,American Burger
7591986543117976352,tiktok,souha Souhila,je dirais c'est le contraire,2026-01-24T11:30:54.615476,1,7585305151292902676,https://www.tiktok.com/@american_burger_dz/video/7585305151292902676,American Burger
7586785793265091346,tiktok,Hiba Jasmine Kh,ديما فاضحنا الجزائري 😂,2026-01-24T11:30:54.615485,1,7585305151292902676,https://www.tiktok.com/@american_burger_dz/video/7585305151292902676,American Burger
7585436001314472712,tiktok,TheRealFake,Ca se voit que vous n’avez jamais quitter l’Algerie,2026-01-24T11:30:54.615492,1,7585305151292902676,https://www.tiktok.com/@american_burger_dz/video/7585305151292902676,American Burger
7595626424524129044,tiktok,Mimi,Hhhhh,2026-01-24T11:30:54.615494,0,7585305151292902676,https://www.tiktok.com/@american_burger_dz/video/7585305151292902676,American Burger
7595571094503277334,tiktok,Rekia,non contraire,2026-01-24T11:30:54.615496,0,7585305151292902676,https://www.tiktok.com/@american_burger_dz/video/7585305151292902676,American Burger
7595507200598246164,tiktok,Mk,Hhhhhh,2026-01-24T11:30:54.615497,0,7585305151292902676,https://www.tiktok.com/@american_burger_dz/video/7585305151292902676,American Burger
7586408571040318220,tiktok,Ben Romdhane Søsö🇹🇳🙏🇶🇦,العكس ارجال رجال هوما العرب🥰,2026-01-24T11:30:54.615499,0,7585305151292902676,https://www.tiktok.com/@american_burger_dz/video/7585305151292902676,American Burger
7586355464317747971,tiktok,midou🇪🇺,والعكس صحيح نهار تخرج تشوف وليدو,2026-01-24T11:30:54.615500,0,7585305151292902676,https://www.tiktok.com/@american_burger_dz/video/7585305151292902676,American Burger
7586246556812788487,tiktok,Naima Brada,بالعكس الاجانب عندهم حساب صابون,2026-01-24T11:30:54.615502,0,7585305151292902676,https://www.tiktok.com/@american_burger_dz/video/7585305151292902676,American Burger
7586219520085312268,tiktok,➹ســـᬼــومـا,شعب جزائري 😂روووعه وأقسم بالله ليبيا🇱🇾🤭,2026-01-24T11:30:54.615504,0,7585305151292902676,https://www.tiktok.com/@american_burger_dz/video/7585305151292902676,American Burger
7586033587565265672,tiktok,shanezi,فرنسي مستحيل,2026-01-24T11:30:54.615505,0,7585305151292902676,https://www.tiktok.com/@american_burger_dz/video/7585305151292902676,American Burger
7586029609926837013,tiktok,فلسطينيه🇵🇸,لحظه عمله ايطاليا نفسها فلسطين🤨🤨,2026-01-24T11:30:54.615507,0,7585305151292902676,https://www.tiktok.com/@american_burger_dz/video/7585305151292902676,American Burger
7585512646084199175,tiktok,amine,بالاك انت ديرها الزعيم 🤣🤣,2026-01-24T11:30:55.554043,1,7585305151292902676,https://www.tiktok.com/@american_burger_dz/video/7585305151292902676,American Burger
7585893531518239510,tiktok,Coccinelle 🐞,غير صحيح فرنسي c’est le pire,2026-01-24T11:30:55.554051,0,7585305151292902676,https://www.tiktok.com/@american_burger_dz/video/7585305151292902676,American Burger
7585890372665017089,tiktok,🩷كوثر🩷kawther BL 🩷,فرنسي تان طلاب🤣,2026-01-24T11:30:55.554053,0,7585305151292902676,https://www.tiktok.com/@american_burger_dz/video/7585305151292902676,American Burger
7585572875412996884,tiktok,hamza 31,تبغو البراني ڨالك دوري درتي الحمد لله تربينا حنا المسؤولين على البيت والزوجة,2026-01-24T11:30:55.554054,0,7585305151292902676,https://www.tiktok.com/@american_burger_dz/video/7585305151292902676,American Burger
7585565826876916502,tiktok,🦋⁂༄Ҝḽ𝐲༄⁂🦋,"Si c’était le contraire, pourquoi il y a autant de femmes qui appellent Ranelle ? 🤣🤣🤣🤣",2026-01-24T11:30:55.554056,0,7585305151292902676,https://www.tiktok.com/@american_burger_dz/video/7585305151292902676,American Burger
7585537925710988054,tiktok,amged hamza,c pas vrai ya pas mieux que les algerienne hhhhhh c le contraire oui,2026-01-24T11:30:55.554063,0,7585305151292902676,https://www.tiktok.com/@american_burger_dz/video/7585305151292902676,American Burger
7585525681259004690,tiktok,Adam Zitouni,العكس تماما لي مجوزش الغربة يصدق الفيديو,2026-01-24T11:30:55.554066,0,7585305151292902676,https://www.tiktok.com/@american_burger_dz/video/7585305151292902676,American Burger
7585516098205434642,tiktok,Oussama 🇩🇿,بلاك عمرك خرجت من حومتك الفيديو راهو معكوس,2026-01-24T11:30:55.554067,0,7585305151292902676,https://www.tiktok.com/@american_burger_dz/video/7585305151292902676,American Burger
7598865492771078930,tiktok,Maya Ahlem,😁😁😁😁😁😁😁,2026-01-24T11:30:55.554069,0,7585305151292902676,https://www.tiktok.com/@american_burger_dz/video/7585305151292902676,American Burger
7585546204094120707,tiktok,mimi25,الجزايري لي عايش في الجزاير ما يديرهاش. الي عايش في فرنسا يديرها,2026-01-24T11:30:55.799134,0,7585305151292902676,https://www.tiktok.com/@american_burger_dz/video/7585305151292902676,American Burger
7585518489588433686,tiktok,Diam’s💎♈️🎀🤍,بالعكس أنا تونسي ونقولكم الجزائر اكرام رجل شفتو خدمت معهم وعشرتهم بهينا بارشا ورجل بصاح,2026-01-24T11:30:55.799162,0,7585305151292902676,https://www.tiktok.com/@american_burger_dz/video/7585305151292902676,American Burger
7596488044124324620,tiktok,احب الروسيات,💘,2026-01-24T11:30:55.799166,1,7585305151292902676,https://www.tiktok.com/@american_burger_dz/video/7585305151292902676,American Burger
7596487999124554508,tiktok,احب الروسيات,💞,2026-01-24T11:30:55.799168,1,7585305151292902676,https://www.tiktok.com/@american_burger_dz/video/7585305151292902676,American Burger
7596488075316839224,tiktok,احب الروسيات,🥰,2026-01-24T11:30:55.799170,1,7585305151292902676,https://www.tiktok.com/@american_burger_dz/video/7585305151292902676,American Burger
7596403094850749204,tiktok,Lila,😳😳😳😳,2026-01-24T11:30:55.799171,1,7585305151292902676,https://www.tiktok.com/@american_burger_dz/video/7585305151292902676,American Burger
7595979551084462868,tiktok,Ya ldiz,@☑️ Sohaib Phone ☑️,2026-01-24T11:30:55.799173,1,7585305151292902676,https://www.tiktok.com/@american_burger_dz/video/7585305151292902676,American Burger
7595289727297864456,tiktok,Mayaro.Mayaro,😁😁😁,2026-01-24T11:30:55.799174,1,7585305151292902676,https://www.tiktok.com/@american_burger_dz/video/7585305151292902676,American Burger
7594999194638992136,tiktok,Døl ära,😁😁😁,2026-01-24T11:30:55.799176,1,7585305151292902676,https://www.tiktok.com/@american_burger_dz/video/7585305151292902676,American Burger
7594538016678429448,tiktok,🌹Amina 🌹,🥺😫🥺🥺😫🥺,2026-01-24T11:30:55.799177,1,7585305151292902676,https://www.tiktok.com/@american_burger_dz/video/7585305151292902676,American Burger
7593007741050061589,tiktok,Ankach Moha,😁,2026-01-24T11:30:55.799178,1,7585305151292902676,https://www.tiktok.com/@american_burger_dz/video/7585305151292902676,American Burger
7592372311488774934,tiktok,joujou🇨🇵🇲🇫Lille,🥰🥰🥰,2026-01-24T11:30:55.799180,1,7585305151292902676,https://www.tiktok.com/@american_burger_dz/video/7585305151292902676,American Burger
7592281209129272082,tiktok,Marouf Ismail,😅😅,2026-01-24T11:30:55.799181,1,7585305151292902676,https://www.tiktok.com/@american_burger_dz/video/7585305151292902676,American Burger
7585513764221928199,tiktok,مولات لخدود 🎀,@رفيف @Khalil dz كنت حنهدر خسرها دزيري 🤣🤣🤣🤣,2026-01-24T11:30:55.799183,2,7585305151292902676,https://www.tiktok.com/@american_burger_dz/video/7585305151292902676,American Burger
7585318268610429714,tiktok,Me.h.Di 16bz,😂😂😂,2026-01-24T11:30:55.799184,2,7585305151292902676,https://www.tiktok.com/@american_burger_dz/video/7585305151292902676,American Burger
7595878806511174401,tiktok,🦍𝐀𝐲𝐦𝐞𝐧 |ايمن 🦍,🔥,2026-01-24T11:30:55.799185,0,7585305151292902676,https://www.tiktok.com/@american_burger_dz/video/7585305151292902676,American Burger
7595357781160805127,tiktok,sola,😁😁😁,2026-01-24T11:30:55.799187,0,7585305151292902676,https://www.tiktok.com/@american_burger_dz/video/7585305151292902676,American Burger
7587108673110573832,tiktok,Souma souma,اللي معاش الغربة يسحاب بصح😂😂😂,2026-01-24T11:30:56.606558,0,7585305151292902676,https://www.tiktok.com/@american_burger_dz/video/7585305151292902676,American Burger
7585962394175062791,tiktok,JoNeS KinaNe,اللي خدم ولا خدمت الفيديو نتحداك اذا خرج من الجزائر 🇩🇿,2026-01-24T11:30:56.606569,0,7585305151292902676,https://www.tiktok.com/@american_burger_dz/video/7585305151292902676,American Burger
7585457429904573196,tiktok,user6902405839566,🤣🤣🤣🤣🤣🤣 Hedi impossible chez nous 🇩🇿,2026-01-24T11:30:56.606571,0,7585305151292902676,https://www.tiktok.com/@american_burger_dz/video/7585305151292902676,American Burger
7594829189020173063,tiktok,Salewa,😁😁😁,2026-01-24T11:30:56.774526,0,7585305151292902676,https://www.tiktok.com/@american_burger_dz/video/7585305151292902676,American Burger
7598565406336516886,tiktok,oum mouhemed,🥰🥰🥰,2026-01-24T11:32:23.162192,0,7598552125819456776,https://www.tiktok.com/@american_burger_dz/video/7598552125819456776,American Burger
7595926352332096267,tiktok,Les Délices De Walid,The idea 👏🏻,2026-01-24T11:32:39.974968,2,7595704143935786247,https://www.tiktok.com/@american_burger_dz/video/7595704143935786247,American Burger
7595704735508824855,tiktok,raouf ghagha,😁😁😁,2026-01-24T11:32:39.974983,2,7595704143935786247,https://www.tiktok.com/@american_burger_dz/video/7595704143935786247,American Burger
7595718860462326584,tiktok,ROS’🐺,@y’🌴 mchi convoqué lyoum ?,2026-01-24T11:32:39.974986,1,7595704143935786247,https://www.tiktok.com/@american_burger_dz/video/7595704143935786247,American Burger
7595725486781989650,tiktok,sifouuubld,@le 💎R💎 mt9l9ch brk hbb😂,2026-01-24T11:32:39.974988,0,7595704143935786247,https://www.tiktok.com/@american_burger_dz/video/7595704143935786247,American Burger
7592375525583651605,tiktok,mahdi rck,نهار السبت إن شاء الله 😂😂,2026-01-24T11:32:54.393722,2,7592369816309075208,https://www.tiktok.com/@american_burger_dz/video/7592369816309075208,American Burger
7593120114255037191,tiktok,LÔõö LÃaª,وين جاي ؟؟,2026-01-24T11:32:54.393732,1,7592369816309075208,https://www.tiktok.com/@american_burger_dz/video/7592369816309075208,American Burger
7592371156959970056,tiktok,Da_Di✨🕺💎,ني جاي لول😂😂😂,2026-01-24T11:32:54.393734,2,7592369816309075208,https://www.tiktok.com/@american_burger_dz/video/7592369816309075208,American Burger
7592397961239151368,tiktok,user6120006140154,😂,2026-01-24T11:32:54.393736,2,7592369816309075208,https://www.tiktok.com/@american_burger_dz/video/7592369816309075208,American Burger
7593096941136986901,tiktok,😈HADDADI OUSSAMA 😈,😆,2026-01-24T11:32:54.393738,1,7592369816309075208,https://www.tiktok.com/@american_burger_dz/video/7592369816309075208,American Burger
7595125936137470742,tiktok,amina mina 🫶,Et oui li yt3ab machi kima li ma yt3abch 3la rzko,2026-01-24T11:33:12.042040,1,7590121216007015701,https://www.tiktok.com/@american_burger_dz/video/7590121216007015701,American Burger
7591172538710147858,tiktok,❤Lilyen❤ch🌹19,انا ندخل نوكل برك بصح نتعامل كي صاحب محل 😂😂تقول نتاعي يقلولك تقول خلهولك باباك 😂 منحبش تبذير,2026-01-24T11:33:12.042053,1,7590121216007015701,https://www.tiktok.com/@american_burger_dz/video/7590121216007015701,American Burger
7590366693567988500,tiktok,tacos chpapna,Hhhhhhhhh kayna,2026-01-24T11:33:12.042055,1,7590121216007015701,https://www.tiktok.com/@american_burger_dz/video/7590121216007015701,American Burger
7585452775904183047,tiktok,rafijewel,المشهد الاخير عشته بالحرف الواحد💔,2026-01-24T11:33:25.595990,3633,7585305151292902676,https://www.tiktok.com/@american_burger_dz/video/7585305151292902676,American Burger
7585449760425902855,tiktok,Badro,لي مسافرش و مشافش ممكن يصدقكم,2026-01-24T11:33:25.596001,2169,7585305151292902676,https://www.tiktok.com/@american_burger_dz/video/7585305151292902676,American Burger
7595985871897527048,tiktok,Dr Sitouah Imen Gynécologue,Non jamais ♥️,2026-01-24T11:33:25.596003,1,7585305151292902676,https://www.tiktok.com/@american_burger_dz/video/7585305151292902676,American Burger
7585495648133743368,tiktok,.....,بالاك الجيل الحالي يديرها أما جيل السبعينات و الثمانينات ما يديروهاش,2026-01-24T11:33:25.596005,1934,7585305151292902676,https://www.tiktok.com/@american_burger_dz/video/7585305151292902676,American Burger
7585484320962724630,tiktok,Nawwela,اللي رآه يعلق و يقول صح ماشافش الفرنسي في الحقيقة,2026-01-24T11:33:25.596008,211,7585305151292902676,https://www.tiktok.com/@american_burger_dz/video/7585305151292902676,American Burger
7585502283783144200,tiktok,Lilyane ليليان 💎,الحمدلله الوحدة عازة روحها و والديها 🙌🏻 جامي عرفت بنادم ولا خرجت مع بنادم,2026-01-24T11:33:25.596010,178,7585305151292902676,https://www.tiktok.com/@american_burger_dz/video/7585305151292902676,American Burger
7592281656855511826,tiktok,Marouf Ismail,لي تطلب بالبريدي موب تخلص عليك ؟! تبانلي العكس يك راهم يطلبو بالبريدي موب,2026-01-24T11:33:25.596013,1,7585305151292902676,https://www.tiktok.com/@american_burger_dz/video/7585305151292902676,American Burger
7585512253912466184,tiktok,نور 💕,واش قال ما سمعتهش مليح ؟,2026-01-24T11:33:25.596015,13,7585305151292902676,https://www.tiktok.com/@american_burger_dz/video/7585305151292902676,American Burger
7585484429591888658,tiktok,Lina,Le contraire oui,2026-01-24T11:33:25.596016,552,7585305151292902676,https://www.tiktok.com/@american_burger_dz/video/7585305151292902676,American Burger
7585482911467012920,tiktok,riozakininja,مقود انا في حياتي ماخلصتش عليا مراءة لخاطر مانروحش اصلا ناكل معاها 🤣,2026-01-24T11:33:25.596018,39,7585305151292902676,https://www.tiktok.com/@american_burger_dz/video/7585305151292902676,American Burger
7585516772678714132,tiktok,Mãlak tlmcen,والله البارح سراتلي 😂😂,2026-01-24T11:33:25.596020,19,7585305151292902676,https://www.tiktok.com/@american_burger_dz/video/7585305151292902676,American Burger
7585497697077003028,tiktok,Lok chaoui,Alors là n’importe quoi!!c’est le contraire en France c’est 50/50 par contre en Algérie c’est nous qui paie l’addition,2026-01-24T11:33:25.596022,1244,7585305151292902676,https://www.tiktok.com/@american_burger_dz/video/7585305151292902676,American Burger
7585473557158118151,tiktok,Mimiya mimi,[photo] الجماعة لي تقول كاينا منها علاه صح خلصتي عليه ارواحي اختي نندب عليك شويا,2026-01-24T11:33:25.596024,57,7585305151292902676,https://www.tiktok.com/@american_burger_dz/video/7585305151292902676,American Burger
7585750137643156246,tiktok,Kader Kader 31 🥊,مزيا راني عايش في أوروبا وشفت بعيني,2026-01-24T11:33:25.596027,8,7585305151292902676,https://www.tiktok.com/@american_burger_dz/video/7585305151292902676,American Burger
7585617036370281238,tiktok,chayma 3,لالا مستحيل جيران اديروها كيما حنا مغريبي مستحيل ادرها لله احفظ والد بلادي مغرب 🥰🥰,2026-01-24T11:33:25.596028,46,7585305151292902676,https://www.tiktok.com/@american_burger_dz/video/7585305151292902676,American Burger
7585504345840911111,tiktok,Minou,مزية شفت الفيديو نروح نسلم على راس راجلي فحياتي مصرفت دورو لا على الدار لا على روحي لا على ولادي ❤️,2026-01-24T11:33:25.596030,122,7585305151292902676,https://www.tiktok.com/@american_burger_dz/video/7585305151292902676,American Burger
7585529681836196624,tiktok,amoula❤️,اييييييه شحال عشته حتان طيشتو تهنيت من مصروف زايد 😂😂😂😂,2026-01-24T11:33:25.596032,29,7585305151292902676,https://www.tiktok.com/@american_burger_dz/video/7585305151292902676,American Burger
7595598780394930964,tiktok,amelmilou267,Impossible ❤️,2026-01-24T11:33:25.596034,2,7585305151292902676,https://www.tiktok.com/@american_burger_dz/video/7585305151292902676,American Burger
7585465267117359873,tiktok,لن ينسانا الله,اقسم بالله غير كاينة,2026-01-24T11:33:25.596036,57,7585305151292902676,https://www.tiktok.com/@american_burger_dz/video/7585305151292902676,American Burger
7585522480619389716,tiktok,lulu,بالعكس كفاكم كذب,2026-01-24T11:33:29.015280,6,7585305151292902676,https://www.tiktok.com/@american_burger_dz/video/7585305151292902676,American Burger
7585496985039422224,tiktok,🥀Rööh🥀,نزيدو فيها مكانش منها,2026-01-24T11:33:29.015294,5,7585305151292902676,https://www.tiktok.com/@american_burger_dz/video/7585305151292902676,American Burger
7597857641525035796,tiktok,Ahl Albait,ولد بلادي كريم,2026-01-24T11:33:29.015296,1,7585305151292902676,https://www.tiktok.com/@american_burger_dz/video/7585305151292902676,American Burger
7598668259583771408,tiktok,أريج الريحان ✨💗,علاه علاه تحيا بلادي🇩🇿🇩🇿🇩🇿🇩🇿,2026-01-24T11:33:29.015297,2,7585305151292902676,https://www.tiktok.com/@american_burger_dz/video/7585305151292902676,American Burger
7585868465865966337,tiktok,trésor,la nouvelle génération prcq avant impossible,2026-01-24T11:33:29.015299,2,7585305151292902676,https://www.tiktok.com/@american_burger_dz/video/7585305151292902676,American Burger
7585527207494796065,tiktok,يونس,أعتقد العكس هو الصحيح. أنا اعيش في اوربا و الزوجة تدفع بعض المرات و عادي عندهم. لكن عندي لا ارضى ان تدفع عني زوجتي و لو عندها مال,2026-01-24T11:33:29.015300,4,7585305151292902676,https://www.tiktok.com/@american_burger_dz/video/7585305151292902676,American Burger
7585560599137960726,tiktok,Mounir,😏 مزلت معشتش هذا الموقف ، ربي يرزقنا زوجة صالحة,2026-01-24T11:33:29.015301,2,7585305151292902676,https://www.tiktok.com/@american_burger_dz/video/7585305151292902676,American Burger
7585493350133646136,tiktok,Biba Biba,أكثر من هكا لكن كي يكون الشخص الغلط ماشي كامل ولاد الجزائر هكا لا لتعميم كل واحد و شخصيتو ورجولتو,2026-01-24T11:33:29.015303,3,7585305151292902676,https://www.tiktok.com/@american_burger_dz/video/7585305151292902676,American Burger
7585480009680569109,tiktok,👑Queen Consort💍👑,والله العظيم كاينة مش ضحكة راني مشوكية نا 🥺💔,2026-01-24T11:33:29.015304,19,7585305151292902676,https://www.tiktok.com/@american_burger_dz/video/7585305151292902676,American Burger
7586021497223856918,tiktok,Nass 0126260126,C plutôt le contraire et c même certains,2026-01-24T11:33:29.015305,6,7585305151292902676,https://www.tiktok.com/@american_burger_dz/video/7585305151292902676,American Burger
7585447704713593618,tiktok,🇩🇿chocho🥰🇩🇿,مكانش منها,2026-01-24T11:33:29.015307,15,7585305151292902676,https://www.tiktok.com/@american_burger_dz/video/7585305151292902676,American Burger
7595144984321557256,tiktok,Sab rina,mkch mnhaaa ana wlh mydirli hka machalah rbi ykhlihli ❤,2026-01-24T11:33:29.015308,1,7585305151292902676,https://www.tiktok.com/@american_burger_dz/video/7585305151292902676,American Burger
7585511572576076560,tiktok,am_el,صح والله وصارتلي للأسف وماشي مره برك,2026-01-24T11:33:29.015309,5,7585305151292902676,https://www.tiktok.com/@american_burger_dz/video/7585305151292902676,American Burger
7585934216069038856,tiktok,mamat anino,:انا برا نفطر مع ولادي 😂وكي يجي يخلص قولولي عيب تمديلهم انت عطينا حنا نخلصو 🤣🤣🤣🤣🤣🤣🤣تحيا ولادي☺️,2026-01-24T11:33:29.015310,14,7585305151292902676,https://www.tiktok.com/@american_burger_dz/video/7585305151292902676,American Burger
7585329474539930389,tiktok,Émélÿ🕊️,Tu veux dire le contraire ?,2026-01-24T11:33:29.015312,159,7585305151292902676,https://www.tiktok.com/@american_burger_dz/video/7585305151292902676,American Burger
7585493131841323784,tiktok,🩷 قمر 🩷,راكي غالطة في حسابك,2026-01-24T11:33:29.015313,13,7585305151292902676,https://www.tiktok.com/@american_burger_dz/video/7585305151292902676,American Burger
7585428514079736584,tiktok,haloma,اصلا عكس ومكاش منها,2026-01-24T11:33:29.015314,45,7585305151292902676,https://www.tiktok.com/@american_burger_dz/video/7585305151292902676,American Burger
7585461025417659144,tiktok,moul bx,mkch minha en algerie,2026-01-24T11:33:29.015315,14,7585305151292902676,https://www.tiktok.com/@american_burger_dz/video/7585305151292902676,American Burger
7585553165123633938,tiktok,Rahma English teacher,انا وراجلي فرد جيب عمرنا مادرنا حساب لبعضانا نهزو ويهزني ونوفرو لاولادنا ونحوسو وعايشين الاز وحتى قبل مانخدم كان منتهلي فيا الزوجين لازم يكون بيناتهم النية,2026-01-24T11:33:29.015317,3,7585305151292902676,https://www.tiktok.com/@american_burger_dz/video/7585305151292902676,American Burger
7585419863335977745,tiktok,Souma Mk😘🤙,"c pas vrai c le contraire arrêtez svp,",2026-01-24T11:33:29.015318,308,7585305151292902676,https://www.tiktok.com/@american_burger_dz/video/7585305151292902676,American Burger
7585472544564871956,tiktok,Khadidja  🫀🫀🫀Mohamed,كاينة ولي يقول مكانش منها يكذب,2026-01-24T11:33:29.236248,9,7585305151292902676,https://www.tiktok.com/@american_burger_dz/video/7585305151292902676,American Burger
7585499419615003410,tiktok,Sou Mia🦋,hna asln mndiroch da trand 3lbalna bli myhchmoch😂😂😂,2026-01-24T11:33:29.236257,4,7585305151292902676,https://www.tiktok.com/@american_burger_dz/video/7585305151292902676,American Burger
7593079879677346582,tiktok,HibaFrance59,عجبني رد هاذ السيد,2026-01-24T11:33:29.236259,2,7585305151292902676,https://www.tiktok.com/@american_burger_dz/video/7585305151292902676,American Burger
7585507551220581141,tiktok,Hiba Benmer,جامي سمعت بيها وجامي صراتلي الحمد لله,2026-01-24T11:33:29.236261,4,7585305151292902676,https://www.tiktok.com/@american_burger_dz/video/7585305151292902676,American Burger
7585452965557895944,tiktok,Samia Abdelaoui,صح كاينة منها للأسف 😔 جاست,2026-01-24T11:33:29.236262,22,7585305151292902676,https://www.tiktok.com/@american_burger_dz/video/7585305151292902676,American Burger
7585897923935011606,tiktok,BigSoulElite,عايش في بريطانيا 🇬🇧 15 عام هل تعلم ان كوبل الاوربي كل واحد يخلص لروحو هل تعلم ان الزوج عندو فيزا كارد تاعو والزوجة عندها تاعها وحدها وحتى الابن وحدو واحد يخلص لواحد,2026-01-24T11:33:29.668738,2,7585305151292902676,https://www.tiktok.com/@american_burger_dz/video/7585305151292902676,American Burger
7587249396635779862,tiktok,SaelsaسالسةIkram👸🏼🩷,و العكس تماما، الجانب يتحاسب مع صحباتهم او زوجاتهم حتى اولادهم👍,2026-01-24T11:33:29.668751,2,7585305151292902676,https://www.tiktok.com/@american_burger_dz/video/7585305151292902676,American Burger
7585537021001859842,tiktok,Point à la ligne.,ما كانش منها صاحب هدا المنشور عمرو ما راح للخارج,2026-01-24T11:33:29.668753,0,7585305151292902676,https://www.tiktok.com/@american_burger_dz/video/7585305151292902676,American Burger
7596809520622568208,tiktok,حياتي بعد فقدان أمي جحيم,صحيح عشتها 🥰,2026-01-24T11:33:29.668755,1,7585305151292902676,https://www.tiktok.com/@american_burger_dz/video/7585305151292902676,American Burger
7585501589931361031,tiktok,🌹أم رسيم وارسلان☘️❤️,زعم كل شىء نحبهم فيهم الرجولة عاليا غيورين تحيا ولاد بلادي وين مكانو 🥰🥰🥰🥰❤️❤️❤️,2026-01-24T11:33:29.668758,8,7585305151292902676,https://www.tiktok.com/@american_burger_dz/video/7585305151292902676,American Burger
7585518599466746646,tiktok,🍁Cuisinal05🧡🇩🇿👑,حنا رجال في بعضانا ونتسابقو شكون يخلص ولقعدة لي ما نقدرولهاش منقعدوهاش 😁,2026-01-24T11:33:29.668760,5,7585305151292902676,https://www.tiktok.com/@american_burger_dz/video/7585305151292902676,American Burger
7585672915007718155,tiktok,kaylie,جزائري مستحيل اذا دارها معنتها,2026-01-24T11:33:29.668762,4,7585305151292902676,https://www.tiktok.com/@american_burger_dz/video/7585305151292902676,American Burger
7585469807518483211,tiktok,Ufvr_luna,وي وي هذ الظاهرة ولات كاين مع الاسف 💔,2026-01-24T11:33:29.668763,5,7585305151292902676,https://www.tiktok.com/@american_burger_dz/video/7585305151292902676,American Burger
7585511631007941377,tiktok,am_el,حقيقه والله,2026-01-24T11:33:29.668765,4,7585305151292902676,https://www.tiktok.com/@american_burger_dz/video/7585305151292902676,American Burger
7585792402268078866,tiktok,imad,والله ما يضحك ...يبكي الموقف,2026-01-24T11:33:29.668767,11,7585305151292902676,https://www.tiktok.com/@american_burger_dz/video/7585305151292902676,American Burger
7585540423873331990,tiktok,Hanane At,C’est l’inverse 😂,2026-01-24T11:33:29.668769,6,7585305151292902676,https://www.tiktok.com/@american_burger_dz/video/7585305151292902676,American Burger
7586015821345063711,tiktok,Mohamed,المقطع مضحك لا غير الحقيقة. خلف الكواليس هو العكس تماماً ياصديقي,2026-01-24T11:33:29.668770,2,7585305151292902676,https://www.tiktok.com/@american_burger_dz/video/7585305151292902676,American Burger
7585490956750783240,tiktok,♓️🇨🇵Princesse👸🌸,"On aime beaucoup critiquer nos pays et nos peuples, et mettre en valeur d’autres pays comme s’ils étaient parfaits. Mais ceux qui vivent à l’étranger voient la réalité de près, et savent que ce n’est pas toujours ce qu’on montre dans les vidéos. Ce qui est dit ici n’est pas vrai : chez nous, ce n’est pas la femme qui doit payer à la place de l’homme. Nos valeurs existent, il faut arrêter de les déformer.",2026-01-24T11:33:29.668773,7,7585305151292902676,https://www.tiktok.com/@american_burger_dz/video/7585305151292902676,American Burger
7585596433531077394,tiktok,ME31,و لي راجل راجل✅️✅️✅️✅️🇩🇿🫰,2026-01-24T11:33:29.668775,10,7585305151292902676,https://www.tiktok.com/@american_burger_dz/video/7585305151292902676,American Burger
7585484145128882965,tiktok,IkoUuu ❤️🇩🇿,الوقت لي وصلنا ليه,2026-01-24T11:33:29.668776,10,7585305151292902676,https://www.tiktok.com/@american_burger_dz/video/7585305151292902676,American Burger
7585503627692524309,tiktok,nadjib,le contraire ouii,2026-01-24T11:33:29.737613,8,7585305151292902676,https://www.tiktok.com/@american_burger_dz/video/7585305151292902676,American Burger
7585511341273285383,tiktok,Dalel Dress,Tellement pas vrai,2026-01-24T11:33:29.737625,6,7585305151292902676,https://www.tiktok.com/@american_burger_dz/video/7585305151292902676,American Burger
7585524815470543617,tiktok,رام الله🇩🇿,اطلقوني عليه,2026-01-24T11:33:29.737627,5,7585305151292902676,https://www.tiktok.com/@american_burger_dz/video/7585305151292902676,American Burger
7585565109146387221,tiktok,Yasmine Koudid,هنا ماقستوهاش,2026-01-24T11:33:29.737629,4,7585305151292902676,https://www.tiktok.com/@american_burger_dz/video/7585305151292902676,American Burger
7585512764366390023,tiktok,Soumia collection,التالية مكاش منها,2026-01-24T11:33:29.737631,5,7585305151292902676,https://www.tiktok.com/@american_burger_dz/video/7585305151292902676,American Burger
7585481735740801799,tiktok,AHL€M,الحقيقة ماراهش يتمسخر,2026-01-24T11:33:29.737633,6,7585305151292902676,https://www.tiktok.com/@american_burger_dz/video/7585305151292902676,American Burger
7585317287168836373,tiktok,Amd09t,madahakch w ghir nahiha,2026-01-24T11:33:29.737635,24,7585305151292902676,https://www.tiktok.com/@american_burger_dz/video/7585305151292902676,American Burger
7585478241181057800,tiktok,Lily🌸,هادشي كامل معكوس 👌,2026-01-24T11:33:29.737637,10,7585305151292902676,https://www.tiktok.com/@american_burger_dz/video/7585305151292902676,American Burger
7591931227025343288,tiktok,…,تذكرت قبل ما اتزوج نتفاهم اني وزوجي على اثاث البيت وبحكم هو من دولة واني من دولة مايقدر يدخل بفلوس كثير لبلادي فانا على نيتي قلت لو ناقص شي يكملوه خوالي الا ثاني يوم جاب ضعف الفلوس الي متفقين عليها ❤️,2026-01-24T11:33:30.628488,1,7585305151292902676,https://www.tiktok.com/@american_burger_dz/video/7585305151292902676,American Burger
7585481982533124885,tiktok,Noussa Nalis,لحمد لله جامي صرالي وجتمي وصلت روحييصرالي توجور نخرج وخدي ونخلص على روحي والله لا يحتجني غير لربي سبحانو,2026-01-24T11:33:30.628498,2,7585305151292902676,https://www.tiktok.com/@american_burger_dz/video/7585305151292902676,American Burger
7587249780343046934,tiktok,SaelsaسالسةIkram👸🏼🩷,هاذا الشي في التيكتوك أنا في الحقيقة العكس تماما,2026-01-24T11:33:30.628501,1,7585305151292902676,https://www.tiktok.com/@american_burger_dz/video/7585305151292902676,American Burger
7586009418736878343,tiktok,dehbi_kader,المشهد لاخير عشته وزدة ديت الصرف لي بقى 😁🤣🤣,2026-01-24T11:33:30.628503,0,7585305151292902676,https://www.tiktok.com/@american_burger_dz/video/7585305151292902676,American Burger
7585565499217609493,tiktok,Dr.SâRâh..ⵣ🇩🇿,جيل التسعينات لا ، لكن الألفينات ممكن 🤣,2026-01-24T11:33:30.628505,2,7585305151292902676,https://www.tiktok.com/@american_burger_dz/video/7585305151292902676,American Burger
7585520342564569864,tiktok,Amel amoula,مكانش منها هادي العكس صحيح,2026-01-24T11:33:30.628507,2,7585305151292902676,https://www.tiktok.com/@american_burger_dz/video/7585305151292902676,American Burger
7585421171173229332,tiktok,M A Y A,C pas vraii c tout a fait le contraire,2026-01-24T11:33:30.628508,4,7585305151292902676,https://www.tiktok.com/@american_burger_dz/video/7585305151292902676,American Burger
7585432543437275911,tiktok,just me👑,vrai 3afsa ma dahakech للأسف,2026-01-24T11:33:30.628511,10,7585305151292902676,https://www.tiktok.com/@american_burger_dz/video/7585305151292902676,American Burger
7585738646034449160,tiktok,🇩🇿 NAYA 💎 YENIE 🇩🇿,قهوي يا جدكم,2026-01-24T11:33:30.628512,2,7585305151292902676,https://www.tiktok.com/@american_burger_dz/video/7585305151292902676,American Burger
7585410772352926482,tiktok,Celia ❤️,alors la ! machi sah,2026-01-24T11:33:30.628516,2,7585305151292902676,https://www.tiktok.com/@american_burger_dz/video/7585305151292902676,American Burger
7585561457903977224,tiktok,Tarek el najm,je ne dis pas souvent wlh mais wlh le contraire 100%,2026-01-24T11:33:30.628522,2,7585305151292902676,https://www.tiktok.com/@american_burger_dz/video/7585305151292902676,American Burger
7585488591163753234,tiktok,بسومة,جامي .... محال,2026-01-24T11:33:30.628524,2,7585305151292902676,https://www.tiktok.com/@american_burger_dz/video/7585305151292902676,American Burger
7585545867894670102,tiktok,la coquette,C le contraire,2026-01-24T11:33:30.628525,91,7585305151292902676,https://www.tiktok.com/@american_burger_dz/video/7585305151292902676,American Burger
7585682325792572167,tiktok,َLeila 💚❤️,😂😂😂😂😂 و يا على 15 ميل,2026-01-24T11:33:30.628527,4,7585305151292902676,https://www.tiktok.com/@american_burger_dz/video/7585305151292902676,American Burger
7585482505588982561,tiktok,💜💜,c'est le contraire. point barre,2026-01-24T11:33:30.628529,21,7585305151292902676,https://www.tiktok.com/@american_burger_dz/video/7585305151292902676,American Burger
7585535743121326856,tiktok,~N~,جيل الثمانينات مشي هكا 😁,2026-01-24T11:33:30.680611,0,7585305151292902676,https://www.tiktok.com/@american_burger_dz/video/7585305151292902676,American Burger
7585549578049700629,tiktok,Sara msrara,Hhhhh za3ma awah kain Rjall fl Algérie 🇩🇿💪🏼,2026-01-24T11:33:30.680621,0,7585305151292902676,https://www.tiktok.com/@american_burger_dz/video/7585305151292902676,American Burger
7585791985974854432,tiktok,Mohammed ALI,هذه هي ولد خالتي🥰😂💃,2026-01-24T11:33:31.371619,3,7585305151292902676,https://www.tiktok.com/@american_burger_dz/video/7585305151292902676,American Burger
7585498600143225616,tiktok,Mishou,الواقع المعاش,2026-01-24T11:33:31.371627,0,7585305151292902676,https://www.tiktok.com/@american_burger_dz/video/7585305151292902676,American Burger
7585520786972017416,tiktok,camelia noir,ماكانش منها من اول الفيديو حتى للاخر,2026-01-24T11:33:31.371631,3,7585305151292902676,https://www.tiktok.com/@american_burger_dz/video/7585305151292902676,American Burger
7585572367474098951,tiktok,Gâteux Les chants De miel,عادي انا وراجلي نهار عليا نهار عليه ربي يحفظهولي💞,2026-01-24T11:33:31.371634,2,7585305151292902676,https://www.tiktok.com/@american_burger_dz/video/7585305151292902676,American Burger
7586418394905232135,tiktok,Sara Siso,😅😅😅😅😅يديرها حق وياربي,2026-01-24T11:33:31.371636,4,7585305151292902676,https://www.tiktok.com/@american_burger_dz/video/7585305151292902676,American Burger
7585519122604671745,tiktok,Lou lou,كاينا منها تاليا 🤣🤣,2026-01-24T11:33:31.371637,0,7585305151292902676,https://www.tiktok.com/@american_burger_dz/video/7585305151292902676,American Burger
7585536500626211602,tiktok,حلويات الشيوخ,لا انا بالنسبة ليا الجزائري ميرضاش هذا الشي,2026-01-24T11:33:31.371639,3,7585305151292902676,https://www.tiktok.com/@american_burger_dz/video/7585305151292902676,American Burger
7586058028240634635,tiktok,noah,العكس تماما في خارج حبة حلوة ولله ما تكلها,2026-01-24T11:33:31.371641,3,7585305151292902676,https://www.tiktok.com/@american_burger_dz/video/7585305151292902676,American Burger
7585410190985397000,tiktok,Jiji la,C pas vrais 😂,2026-01-24T11:33:31.371643,32,7585305151292902676,https://www.tiktok.com/@american_burger_dz/video/7585305151292902676,American Burger
7585580003560768263,tiktok,aichakhemliche851,ce n Est pas vrai je pense c est le contraire l américain fifty fifty 👌😂,2026-01-24T11:33:31.371645,0,7585305151292902676,https://www.tiktok.com/@american_burger_dz/video/7585305151292902676,American Burger
7586020921098978070,tiktok,Soussou,n importe quoi limite discriminatoire la video,2026-01-24T11:33:31.371647,7,7585305151292902676,https://www.tiktok.com/@american_burger_dz/video/7585305151292902676,American Burger
7585953786011878165,tiktok,Salim salim,انا بووي لي ولدني ومنطمعش فيه الحمد لله,2026-01-24T11:33:31.371648,2,7585305151292902676,https://www.tiktok.com/@american_burger_dz/video/7585305151292902676,American Burger
7585804913202381590,tiktok,Sophia ♥ 🇲🇦 🇨🇾 ♥,LOOOOL 😭😂🤣🤣🤣😂😭😭 was not expecting that 😭😂,2026-01-24T11:33:31.371650,4,7585305151292902676,https://www.tiktok.com/@american_burger_dz/video/7585305151292902676,American Burger
7585548417172439824,tiktok,",,,,,,,,,,",hhh jamie,2026-01-24T11:33:31.371651,0,7585305151292902676,https://www.tiktok.com/@american_burger_dz/video/7585305151292902676,American Burger
7585491024287236886,tiktok,Lilou001331,cest totalement faux,2026-01-24T11:33:31.371653,47,7585305151292902676,https://www.tiktok.com/@american_burger_dz/video/7585305151292902676,American Burger
7585524958655578902,tiktok,Dihia,علي العكس,2026-01-24T11:33:31.371654,1,7585305151292902676,https://www.tiktok.com/@american_burger_dz/video/7585305151292902676,American Burger
7585522882088862482,tiktok,.........,اول اسبوع زواج واول خرجة لنا رحنا للمطعم طلبت وهو طلب حاجة وحدة وكلينا مع بعض من بعد قالوا الصحن هذا بقداه قالو 20 الف حطهالي وخرج قالي لطلبتيه كامل خلصيه خرج وخلاني وحدي ولما رحت بأه نخلص فتشت عليه بعيني مالقيتوش عيطتلوا بالهاتف ماردش وليت سلكت انا ثم فجأة نشوف فيه قطع الطريق وخرجلي علما اني في ولاية برانية ما نعرف الدخلة ولا الخرجة منين,2026-01-24T11:33:31.456238,0,7585305151292902676,https://www.tiktok.com/@american_burger_dz/video/7585305151292902676,American Burger
7585566132410516245,tiktok,Othman Rahal,فتيحة ❤ ...🥀 الله يحميك,2026-01-24T11:33:31.456257,0,7585305151292902676,https://www.tiktok.com/@american_burger_dz/video/7585305151292902676,American Burger
7586796201334833940,tiktok,X-Gaming,لالا والله يزيد يدي الصرف 😂,2026-01-24T11:33:32.321084,1,7585305151292902676,https://www.tiktok.com/@american_burger_dz/video/7585305151292902676,American Burger
7585463378363138823,tiktok,نورالرحمن 🖤💙,للاسف هذا هو الواقع ولا يحدث هذا إلا في بلادي الحبيبة الجزائر,2026-01-24T11:33:32.321095,0,7585305151292902676,https://www.tiktok.com/@american_burger_dz/video/7585305151292902676,American Burger
7587555210945463047,tiktok,sima,makanch menha 😒,2026-01-24T11:33:32.321098,2,7585305151292902676,https://www.tiktok.com/@american_burger_dz/video/7585305151292902676,American Burger
7585511165208380177,tiktok,fifia ᥫ᭡,Arwah omri netbadlou les rôles 😅,2026-01-24T11:33:32.321100,3,7585305151292902676,https://www.tiktok.com/@american_burger_dz/video/7585305151292902676,American Burger
7585537060443357975,tiktok,nadirferhat337,Alors là c’est tout le contraire,2026-01-24T11:33:32.321102,28,7585305151292902676,https://www.tiktok.com/@american_burger_dz/video/7585305151292902676,American Burger
7585527509951070998,tiktok,sihemjazayri,أبدا الرجل الجزائري من الكرماء 💕,2026-01-24T11:33:32.321104,3,7585305151292902676,https://www.tiktok.com/@american_burger_dz/video/7585305151292902676,American Burger
7585559811938812693,tiktok,اسووو,نغم😊😊☺️☺️,2026-01-24T11:33:32.321105,0,7585305151292902676,https://www.tiktok.com/@american_burger_dz/video/7585305151292902676,American Burger
7589788145451156246,tiktok,moh’b,وين راهو العيب ياك انا و انتي واحد لالا!!!,2026-01-24T11:33:32.321114,2,7585305151292902676,https://www.tiktok.com/@american_burger_dz/video/7585305151292902676,American Burger
7594325013055128327,tiktok,ik ramou🧸🩷,noo,2026-01-24T11:33:32.321116,1,7585305151292902676,https://www.tiktok.com/@american_burger_dz/video/7585305151292902676,American Burger
7585942123237622550,tiktok,yacine,اقسم بالله غير العكس,2026-01-24T11:33:32.321117,3,7585305151292902676,https://www.tiktok.com/@american_burger_dz/video/7585305151292902676,American Burger
7585499353599542034,tiktok,Iza_event,جامي علاش تكدب,2026-01-24T11:33:32.321119,4,7585305151292902676,https://www.tiktok.com/@american_burger_dz/video/7585305151292902676,American Burger
7585574872602034947,tiktok,léopard,C’est tout à fait le contraire,2026-01-24T11:33:32.321121,8,7585305151292902676,https://www.tiktok.com/@american_burger_dz/video/7585305151292902676,American Burger
7585472084155826964,tiktok,Khadidja  🫀🫀🫀Mohamed,اقسم بالله العظيم كاينة منها 💔💔💔,2026-01-24T11:33:32.321122,3,7585305151292902676,https://www.tiktok.com/@american_burger_dz/video/7585305151292902676,American Burger
7585476651383784212,tiktok,NARJISS 💫,هاذي باش نضحكو اما الحقيقة هي العكس,2026-01-24T11:33:32.321124,32,7585305151292902676,https://www.tiktok.com/@american_burger_dz/video/7585305151292902676,American Burger
7585559335872152323,tiktok,rania🇩🇿🇪🇸,مكانش منها هنا ماقستوهاش,2026-01-24T11:33:32.321125,1,7585305151292902676,https://www.tiktok.com/@american_burger_dz/video/7585305151292902676,American Burger
7585392853455700744,tiktok,H❤️,Impossible hdi,2026-01-24T11:33:32.321127,7,7585305151292902676,https://www.tiktok.com/@american_burger_dz/video/7585305151292902676,American Burger
7585536986112688914,tiktok,الذبابة القاتلة,Ce n’est pas vrai!,2026-01-24T11:33:32.500450,14,7585305151292902676,https://www.tiktok.com/@american_burger_dz/video/7585305151292902676,American Burger
7585460968437629704,tiktok,𝔉αяα𝔰нα🧚🏻‍♀️🇩🇿,العكس تماما,2026-01-24T11:33:32.500464,4,7585305151292902676,https://www.tiktok.com/@american_burger_dz/video/7585305151292902676,American Burger
7585443333838455553,tiktok,Ⓖⓔⓤⓛⓜⓘⓨⓐ,كاين صح حيروني ل قالو مكانش منها 🤣🤣🤣,2026-01-24T11:33:32.500466,4,7585305151292902676,https://www.tiktok.com/@american_burger_dz/video/7585305151292902676,American Burger
7595281009027121927,tiktok,layra, [sticker],2026-01-24T11:33:32.500468,1,7585305151292902676,https://www.tiktok.com/@american_burger_dz/video/7585305151292902676,American Burger
7586588373876409095,tiktok,Moka Mokrane🇺🇸♓️♥️🇩🇿,"Bah ici en Amérique tjr a la caisse ils demandent (if separate or together ) et jai vu plusieurs couples payent séparément 🥲🤣, du jamais vu chez nous en dz",2026-01-24T11:33:32.500473,3,7585305151292902676,https://www.tiktok.com/@american_burger_dz/video/7585305151292902676,American Burger
7586369072066970400,tiktok,DZ🇩🇿31🇩🇿,c'est plutôt le contraire,2026-01-24T11:33:32.500474,3,7585305151292902676,https://www.tiktok.com/@american_burger_dz/video/7585305151292902676,American Burger
7585850784656343830,tiktok,fouzia,C’est totalement faux et impensable,2026-01-24T11:33:32.500476,3,7585305151292902676,https://www.tiktok.com/@american_burger_dz/video/7585305151292902676,American Burger
7585513075294831381,tiktok,𝓑𝓲𝓵𝓶𝓸𝓽 🪽,😞💔 عشت الشعور,2026-01-24T11:33:32.500480,3,7585305151292902676,https://www.tiktok.com/@american_burger_dz/video/7585305151292902676,American Burger
7585454675714982657,tiktok,amine sami528,تبانلي العكس,2026-01-24T11:33:32.500482,3,7585305151292902676,https://www.tiktok.com/@american_burger_dz/video/7585305151292902676,American Burger
7585518128395191048,tiktok,fleure rouge,جيل الثمانينات ما ايديرهاش,2026-01-24T11:33:33.322829,0,7585305151292902676,https://www.tiktok.com/@american_burger_dz/video/7585305151292902676,American Burger
7585464625345970952,tiktok,chikola lolo,الواقع,2026-01-24T11:33:33.322838,0,7585305151292902676,https://www.tiktok.com/@american_burger_dz/video/7585305151292902676,American Burger
7585457609651241749,tiktok,amynata5,النخوة و عزة النفس مابقاتش.,2026-01-24T11:33:33.322842,1,7585305151292902676,https://www.tiktok.com/@american_burger_dz/video/7585305151292902676,American Burger
7585550375210746646,tiktok,Hamouz,بعيد الشر,2026-01-24T11:33:33.322843,0,7585305151292902676,https://www.tiktok.com/@american_burger_dz/video/7585305151292902676,American Burger
7585485575194575637,tiktok,ᶻº❥︎lla,جزائري ✅🆗,2026-01-24T11:33:33.322845,0,7585305151292902676,https://www.tiktok.com/@american_burger_dz/video/7585305151292902676,American Burger
7586313137754899208,tiktok,Kamel Zaid,C’est bien le contraire,2026-01-24T11:33:33.322846,2,7585305151292902676,https://www.tiktok.com/@american_burger_dz/video/7585305151292902676,American Burger
7585484541697180434,tiktok,Alfa☆ DZ ☆,c'est né pas vrai c'est le contraire 👌,2026-01-24T11:33:33.322848,4,7585305151292902676,https://www.tiktok.com/@american_burger_dz/video/7585305151292902676,American Burger
7586326063995945736,tiktok,Yaya Black,لي دار الفيديو عمرو خرج من دزاير,2026-01-24T11:33:33.322849,0,7585305151292902676,https://www.tiktok.com/@american_burger_dz/video/7585305151292902676,American Burger
7585736899182396178,tiktok,𝓜𝓲𝓷𝓷𝓪✨,في صح العكس,2026-01-24T11:33:33.322851,2,7585305151292902676,https://www.tiktok.com/@american_burger_dz/video/7585305151292902676,American Burger
7585472877610566418,tiktok,Sabrinekhettab 🇩🇿,Nnnnnnn c le contraire arrête,2026-01-24T11:33:33.322852,9,7585305151292902676,https://www.tiktok.com/@american_burger_dz/video/7585305151292902676,American Burger
7585484809246671634,tiktok,Amel Rezigue,Ça c’est faut !!,2026-01-24T11:33:33.322853,4,7585305151292902676,https://www.tiktok.com/@american_burger_dz/video/7585305151292902676,American Burger
7585735006863147793,tiktok,أسِيــــــــــل,والله لعرفتها 😂😂😂😂😂,2026-01-24T11:33:33.322855,2,7585305151292902676,https://www.tiktok.com/@american_burger_dz/video/7585305151292902676,American Burger
7585506781981737750,tiktok,kada Mkn,سافرو تعرفو,2026-01-24T11:33:33.322856,4,7585305151292902676,https://www.tiktok.com/@american_burger_dz/video/7585305151292902676,American Burger
7585446377565078280,tiktok,ľe. H🇩🇿🇫🇷,nn jms,2026-01-24T11:33:33.322857,5,7585305151292902676,https://www.tiktok.com/@american_burger_dz/video/7585305151292902676,American Burger
7585523638145975048,tiktok,🇲🇽亗『TONY SOSA』亗🇲🇽,cest tout a fait le contraire,2026-01-24T11:33:33.322859,6,7585305151292902676,https://www.tiktok.com/@american_burger_dz/video/7585305151292902676,American Burger
7585423617821131538,tiktok,ImeneChahineze,Le contraire,2026-01-24T11:33:33.682410,3,7585305151292902676,https://www.tiktok.com/@american_burger_dz/video/7585305151292902676,American Burger
7585358727730725653,tiktok,❄️✨ ᛁᛗᚨᚾ,كاينة 😂,2026-01-24T11:33:33.682421,3,7585305151292902676,https://www.tiktok.com/@american_burger_dz/video/7585305151292902676,American Burger
7586751694697399061,tiktok,ikramo,والله لصح,2026-01-24T11:33:33.682424,2,7585305151292902676,https://www.tiktok.com/@american_burger_dz/video/7585305151292902676,American Burger
7585798378455319318,tiktok,🐋Céline Céline🐋, [sticker],2026-01-24T11:33:33.682434,2,7585305151292902676,https://www.tiktok.com/@american_burger_dz/video/7585305151292902676,American Burger
7585780083299205910,tiktok,Ma ya,c pas vrai,2026-01-24T11:33:33.682436,2,7585305151292902676,https://www.tiktok.com/@american_burger_dz/video/7585305151292902676,American Burger
7585770884050354951,tiktok,HALOuum🇩🇿❤️,مكانش منها,2026-01-24T11:33:33.682437,2,7585305151292902676,https://www.tiktok.com/@american_burger_dz/video/7585305151292902676,American Burger
7585734617672696593,tiktok,souna,Al Hamdoulah 💪jamais sratli 🥰,2026-01-24T11:33:33.682442,2,7585305151292902676,https://www.tiktok.com/@american_burger_dz/video/7585305151292902676,American Burger
7585543400289846036,tiktok,Queen Lina 👑,مكاش منها العكس وي 👌,2026-01-24T11:33:34.592867,2,7585305151292902676,https://www.tiktok.com/@american_burger_dz/video/7585305151292902676,American Burger
7585541219771958038,tiktok,Chelfia,C’est pas vrai du tout,2026-01-24T11:33:34.592878,2,7585305151292902676,https://www.tiktok.com/@american_burger_dz/video/7585305151292902676,American Burger
7585539917767394070,tiktok,amili,non jamais,2026-01-24T11:33:34.592880,2,7585305151292902676,https://www.tiktok.com/@american_burger_dz/video/7585305151292902676,American Burger
7585505492589200136,tiktok,Seif eddine Oudina,العكس تماما,2026-01-24T11:33:34.592883,2,7585305151292902676,https://www.tiktok.com/@american_burger_dz/video/7585305151292902676,American Burger
7585470875208041227,tiktok,🎗نينا لافايات,حتى عندنا ثما,2026-01-24T11:33:34.592885,2,7585305151292902676,https://www.tiktok.com/@american_burger_dz/video/7585305151292902676,American Burger
7585437287338623765,tiktok,xxxx3325jr7,لا العكس سواسوا,2026-01-24T11:33:34.592887,2,7585305151292902676,https://www.tiktok.com/@american_burger_dz/video/7585305151292902676,American Burger
7585414602520822529,tiktok,samou dz🇩🇿🇩🇿💪💪,un vrai con😞,2026-01-24T11:33:34.592889,2,7585305151292902676,https://www.tiktok.com/@american_burger_dz/video/7585305151292902676,American Burger
7585377387379278612,tiktok,M.m.,nta bark kho.....😒,2026-01-24T11:33:34.592891,2,7585305151292902676,https://www.tiktok.com/@american_burger_dz/video/7585305151292902676,American Burger
7585367892390232839,tiktok,zoraabbas,ماكاش منها,2026-01-24T11:33:34.592893,2,7585305151292902676,https://www.tiktok.com/@american_burger_dz/video/7585305151292902676,American Burger
7585333340205007632,tiktok,𝕱’,Rak sur ?,2026-01-24T11:33:34.592895,2,7585305151292902676,https://www.tiktok.com/@american_burger_dz/video/7585305151292902676,American Burger
7586667891269894930,tiktok,أفراح أفراح,سبحان الله😢,2026-01-24T11:33:34.592897,0,7585305151292902676,https://www.tiktok.com/@american_burger_dz/video/7585305151292902676,American Burger
7586009397495956242,tiktok,Reda Reda,هذا دليل أنك عمرك ما سافرت ما شفت الغربة,2026-01-24T11:33:34.702595,0,7585305151292902676,https://www.tiktok.com/@american_burger_dz/video/7585305151292902676,American Burger
7585323444062634760,tiktok,driver story dz 🚛,c'est pas vrai,2026-01-24T11:33:34.702604,5,7585305151292902676,https://www.tiktok.com/@american_burger_dz/video/7585305151292902676,American Burger
7585500035719709447,tiktok,المومن,والله ماكاين منها,2026-01-24T11:33:34.702607,4,7585305151292902676,https://www.tiktok.com/@american_burger_dz/video/7585305151292902676,American Burger
7585712828976268033,tiktok,Zaouiya Meniaaya,المنيعي بالتحديد,2026-01-24T11:33:34.702609,2,7585305151292902676,https://www.tiktok.com/@american_burger_dz/video/7585305151292902676,American Burger
7585488371150701323,tiktok,Dr maéva Self&Close protection,لا مكاش منها,2026-01-24T11:33:34.702610,8,7585305151292902676,https://www.tiktok.com/@american_burger_dz/video/7585305151292902676,American Burger
7585392748795265848,tiktok,♡ 𝐋𝐢𝐨𝐫𝐚𝐡 ♡,CC’est le contraire,2026-01-24T11:33:34.702612,18,7585305151292902676,https://www.tiktok.com/@american_burger_dz/video/7585305151292902676,American Burger
7585445675162469138,tiktok,Noor Ania,ce n' est pas vrai,2026-01-24T11:33:34.702613,5,7585305151292902676,https://www.tiktok.com/@american_burger_dz/video/7585305151292902676,American Burger
7585470435358540565,tiktok,Sameerov,c'est plutôt le contraire,2026-01-24T11:33:34.702615,4,7585305151292902676,https://www.tiktok.com/@american_burger_dz/video/7585305151292902676,American Burger
7585410343627965191,tiktok,lyndamokrani83,c’est bien le contraire mon vieux,2026-01-24T11:33:34.702616,8,7585305151292902676,https://www.tiktok.com/@american_burger_dz/video/7585305151292902676,American Burger
7585448806876267272,tiktok,ℳℯ𝒹,contraire 👌,2026-01-24T11:33:34.702619,7,7585305151292902676,https://www.tiktok.com/@american_burger_dz/video/7585305151292902676,American Burger
7585502630156452625,tiktok,lilia Lili,كنت نستنا في الأخير الجزائر طلعت صح,2026-01-24T11:33:35.559073,0,7585305151292902676,https://www.tiktok.com/@american_burger_dz/video/7585305151292902676,American Burger
7585709109212349185,tiktok,YaaYa ♡♡😇,C’est le contraire 😌,2026-01-24T11:33:35.559084,2,7585305151292902676,https://www.tiktok.com/@american_burger_dz/video/7585305151292902676,American Burger
7585504423679116049,tiktok,Nabila🎀,نندب🫤,2026-01-24T11:33:35.559087,4,7585305151292902676,https://www.tiktok.com/@american_burger_dz/video/7585305151292902676,American Burger
7585507460191421205,tiktok,Mira,ماكاش منها. جامي صراتلي,2026-01-24T11:33:35.559090,4,7585305151292902676,https://www.tiktok.com/@american_burger_dz/video/7585305151292902676,American Burger
7586009427490472726,tiktok,Zina Zineb BENHAMOUCHE,Le contraire !,2026-01-24T11:33:35.559092,4,7585305151292902676,https://www.tiktok.com/@american_burger_dz/video/7585305151292902676,American Burger
7585512697882805014,tiktok,👍🙏,nan mais c'est carrément faux,2026-01-24T11:33:35.559094,118,7585305151292902676,https://www.tiktok.com/@american_burger_dz/video/7585305151292902676,American Burger
7585837895475856150,tiktok,Maria RaCha,"JAMAIS DE LA VIE, C'EST PAS VRAI",2026-01-24T11:33:35.559096,13,7585305151292902676,https://www.tiktok.com/@american_burger_dz/video/7585305151292902676,American Burger
7585859700303463185,tiktok,loulou0420,"c'est impossible , totalement faux",2026-01-24T11:33:35.705481,3,7585305151292902676,https://www.tiktok.com/@american_burger_dz/video/7585305151292902676,American Burger
7585447441864950549,tiktok,tamazight,sah kayna mnha😂😂,2026-01-24T11:33:35.705494,2,7585305151292902676,https://www.tiktok.com/@american_burger_dz/video/7585305151292902676,American Burger
7586341947729658632,tiktok,Nadjiba Zefzef,ما كانش منها الجزاءريين هم اكثر الرجال رجولة وتحمل للمسؤولية بارك الله فيهم ورزقهم من فضله وعلى رأسهم زوجي الحبيب,2026-01-24T11:33:35.705496,3,7585305151292902676,https://www.tiktok.com/@american_burger_dz/video/7585305151292902676,American Burger
7585607096080335617,tiktok,dr.h.a_🅰️,عمري ما عشت هذا الموقف والحمد لله,2026-01-24T11:33:35.705498,4,7585305151292902676,https://www.tiktok.com/@american_burger_dz/video/7585305151292902676,American Burger
7585478408308687623,tiktok,Yari Ta,مكانش منها العكس تمامًا,2026-01-24T11:33:35.705499,2,7585305151292902676,https://www.tiktok.com/@american_burger_dz/video/7585305151292902676,American Burger
7585848245638480661,tiktok,🔥🇩🇿imadعماد🇩🇿🔥,لكن نحن نمزح فقط 😂هذي مستحيلة الجزائر منبع الرجال,2026-01-24T11:33:35.705501,2,7585305151292902676,https://www.tiktok.com/@american_burger_dz/video/7585305151292902676,American Burger
7598657299804996370,tiktok,Loqmati,جامي,2026-01-24T11:33:35.705502,1,7585305151292902676,https://www.tiktok.com/@american_burger_dz/video/7585305151292902676,American Burger
7598495948222317329,tiktok,🖤Une mujer Fuerte💪,راجلي العزيز عمروا ما دارها لي مين كنا متعرفين دوايا وماكلتي جامي طالبني دراهم وانا ساعات نفهم وحدي كي يعود معندوش منطلبش ولا نعاون بواش عندي والحمد لله ربي يقدرنا زيرزقني بقسم,2026-01-24T11:33:35.705503,1,7585305151292902676,https://www.tiktok.com/@american_burger_dz/video/7585305151292902676,American Burger
7598480198258508552,tiktok,😊Hello 😊,العكس,2026-01-24T11:33:35.705505,1,7585305151292902676,https://www.tiktok.com/@american_burger_dz/video/7585305151292902676,American Burger
7598118049964311316,tiktok,Wafa 🇫🇷🇲🇦,je confirme 🇩🇿,2026-01-24T11:33:35.705506,1,7585305151292902676,https://www.tiktok.com/@american_burger_dz/video/7585305151292902676,American Burger
7597925726646469397,tiktok,mes enfants ma vie,لما يعرفهمش يامن,2026-01-24T11:33:36.549841,1,7585305151292902676,https://www.tiktok.com/@american_burger_dz/video/7585305151292902676,American Burger
7597796646760186644,tiktok,عبد المهيمن,نعرفو يديريها 😁,2026-01-24T11:33:36.549848,1,7585305151292902676,https://www.tiktok.com/@american_burger_dz/video/7585305151292902676,American Burger
7597561329282728722,tiktok,tinabaraa,والله صح 😁🤩,2026-01-24T11:33:36.549850,1,7585305151292902676,https://www.tiktok.com/@american_burger_dz/video/7585305151292902676,American Burger
7597104886605415176,tiktok,Laura valerei,الاخير صح خلصت وتم توديعه 😁,2026-01-24T11:33:36.549852,1,7585305151292902676,https://www.tiktok.com/@american_burger_dz/video/7585305151292902676,American Burger
7596668398055981831,tiktok,KiKa j KiKa,ههههههههه اي ي ي ي,2026-01-24T11:33:36.549854,1,7585305151292902676,https://www.tiktok.com/@american_burger_dz/video/7585305151292902676,American Burger
7596482890133832504,tiktok,maram,ماصبت واش نهدر بسكو صح راهي صارية,2026-01-24T11:33:36.549855,1,7585305151292902676,https://www.tiktok.com/@american_burger_dz/video/7585305151292902676,American Burger
7596087245762577160,tiktok,zina,كاينة كنها منها,2026-01-24T11:33:36.549857,1,7585305151292902676,https://www.tiktok.com/@american_burger_dz/video/7585305151292902676,American Burger
7596070662062637836,tiktok,Aziz AGL,c'est vrai malheureusement 😭😭,2026-01-24T11:33:36.549858,1,7585305151292902676,https://www.tiktok.com/@american_burger_dz/video/7585305151292902676,American Burger
7595976974943191824,tiktok,...........,صح حق ربي 👌,2026-01-24T11:33:36.549860,1,7585305151292902676,https://www.tiktok.com/@american_burger_dz/video/7585305151292902676,American Burger
7595972899702784786,tiktok,الحمد لله,مكانش منها,2026-01-24T11:33:36.694567,1,7585305151292902676,https://www.tiktok.com/@american_burger_dz/video/7585305151292902676,American Burger
7595925428775600914,tiktok,Fouad 34♡BBA♡16♕,ولعكس الصحيح 😍😁,2026-01-24T11:33:36.694577,1,7585305151292902676,https://www.tiktok.com/@american_burger_dz/video/7585305151292902676,American Burger
7595724718389625621,tiktok,Saad Eddine,apparemment on est pas ds le même avion😌😌,2026-01-24T11:33:36.694582,1,7585305151292902676,https://www.tiktok.com/@american_burger_dz/video/7585305151292902676,American Burger
7592016757729821462,tiktok,Nour♓chaouia,لا في هادي راكم غلطانين ويبقى القهوي سيدهم 😁😅🇩🇿❤️🥹,2026-01-24T11:33:36.694584,2,7585305151292902676,https://www.tiktok.com/@american_burger_dz/video/7585305151292902676,American Burger
7595306415948301076,tiktok,Meriem Maha,في هادي ما قستوهاش كامل,2026-01-24T11:33:36.694585,1,7585305151292902676,https://www.tiktok.com/@american_burger_dz/video/7585305151292902676,American Burger
7595294581421785878,tiktok,la vie,mais en vrai c'est le contraire,2026-01-24T11:33:36.694588,1,7585305151292902676,https://www.tiktok.com/@american_burger_dz/video/7585305151292902676,American Burger
7595211643223933714,tiktok,Sihem Hema,مستحيل,2026-01-24T11:33:36.694589,1,7585305151292902676,https://www.tiktok.com/@american_burger_dz/video/7585305151292902676,American Burger
7594962559103517441,tiktok,Freesoul_infj5,جيل درك ممكن بصح الذهبي مستحيل ❤️,2026-01-24T11:33:36.694591,1,7585305151292902676,https://www.tiktok.com/@american_burger_dz/video/7585305151292902676,American Burger
7585343685786059541,tiktok,fadozinet,"c'est pas vrai , les algériens sont généreux",2026-01-24T11:33:36.694592,3,7585305151292902676,https://www.tiktok.com/@american_burger_dz/video/7585305151292902676,American Burger
7585330073260589825,tiktok,Amy.ra,Alors lles français c'est 50/50 donc 😏,2026-01-24T11:33:37.608603,3,7585305151292902676,https://www.tiktok.com/@american_burger_dz/video/7585305151292902676,American Burger
7593002217784394517,tiktok,meriem_marya🇩🇿,لا أظن ذلك 😒,2026-01-24T11:33:37.608613,1,7585305151292902676,https://www.tiktok.com/@american_burger_dz/video/7585305151292902676,American Burger
7592747508339016455,tiktok,Mâhdî,العكس بكل معنى الكلمة,2026-01-24T11:33:37.608615,1,7585305151292902676,https://www.tiktok.com/@american_burger_dz/video/7585305151292902676,American Burger
7592622108103328520,tiktok,houarihouari6272,jamais de la vie,2026-01-24T11:33:37.608617,1,7585305151292902676,https://www.tiktok.com/@american_burger_dz/video/7585305151292902676,American Burger
7592365127246480130,tiktok,Kurt kury,mohal,2026-01-24T11:33:37.608619,1,7585305151292902676,https://www.tiktok.com/@american_burger_dz/video/7585305151292902676,American Burger
7592279705202869014,tiktok,👑 Queen 👑,makach manha,2026-01-24T11:33:37.608620,1,7585305151292902676,https://www.tiktok.com/@american_burger_dz/video/7585305151292902676,American Burger
7585553801961095939,tiktok,Lyes7593,Arrêter de dire c’est vrai alors là avec un algerien c’est le contraire impossible n’importe quoi beh mtn à partir de cette vidéo assumer alors a oui yek c’est tellement vrai ok ok Tony ok,2026-01-24T11:33:37.608622,2,7585305151292902676,https://www.tiktok.com/@american_burger_dz/video/7585305151292902676,American Burger
7585546093690913556,tiktok,👑 maria princesse 👑,و من بعد يقولك ضيعتي راجل ههه,2026-01-24T11:33:37.608623,2,7585305151292902676,https://www.tiktok.com/@american_burger_dz/video/7585305151292902676,American Burger
7585516871093895943,tiktok,Sweet heart iline,العكس كامل يديروها الا الرجل الجزائري مايديرهاش مستحيل 👑👑👑👑♥♥,2026-01-24T11:33:37.608625,2,7585305151292902676,https://www.tiktok.com/@american_burger_dz/video/7585305151292902676,American Burger
7585366331705836309,tiktok,tyuook,هادي ديرها انت خو,2026-01-24T11:33:37.608627,2,7585305151292902676,https://www.tiktok.com/@american_burger_dz/video/7585305151292902676,American Burger
7591986543117976352,tiktok,souha Souhila,je dirais c'est le contraire,2026-01-24T11:33:37.608628,1,7585305151292902676,https://www.tiktok.com/@american_burger_dz/video/7585305151292902676,American Burger
7595626424524129044,tiktok,Mimi,Hhhhh,2026-01-24T11:33:37.916392,0,7585305151292902676,https://www.tiktok.com/@american_burger_dz/video/7585305151292902676,American Burger
7595571094503277334,tiktok,Rekia,non contraire,2026-01-24T11:33:37.916402,0,7585305151292902676,https://www.tiktok.com/@american_burger_dz/video/7585305151292902676,American Burger
7595507200598246164,tiktok,Mk,Hhhhhh,2026-01-24T11:33:37.916404,0,7585305151292902676,https://www.tiktok.com/@american_burger_dz/video/7585305151292902676,American Burger
7586355464317747971,tiktok,midou🇪🇺,والعكس صحيح نهار تخرج تشوف وليدو,2026-01-24T11:33:37.916406,0,7585305151292902676,https://www.tiktok.com/@american_burger_dz/video/7585305151292902676,American Burger
7586246556812788487,tiktok,Naima Brada,بالعكس الاجانب عندهم حساب صابون,2026-01-24T11:33:37.916407,0,7585305151292902676,https://www.tiktok.com/@american_burger_dz/video/7585305151292902676,American Burger
7586033587565265672,tiktok,shanezi,فرنسي مستحيل,2026-01-24T11:33:37.916409,0,7585305151292902676,https://www.tiktok.com/@american_burger_dz/video/7585305151292902676,American Burger
7586029609926837013,tiktok,فلسطينيه🇵🇸,لحظه عمله ايطاليا نفسها فلسطين🤨🤨,2026-01-24T11:33:37.916411,0,7585305151292902676,https://www.tiktok.com/@american_burger_dz/video/7585305151292902676,American Burger
7586020498455905044,tiktok,لولو,🤣🤣🤣🤣🤣 حلا وخلاص,2026-01-24T11:33:37.916412,0,7585305151292902676,https://www.tiktok.com/@american_burger_dz/video/7585305151292902676,American Burger
7585983047918469910,tiktok,Amal Namane 🤩,الزين يحشم على زينه والخايب الى هداه الله 😳,2026-01-24T11:33:37.916414,0,7585305151292902676,https://www.tiktok.com/@american_burger_dz/video/7585305151292902676,American Burger
7585962394175062791,tiktok,JoNeS KinaNe,اللي خدم ولا خدمت الفيديو نتحداك اذا خرج من الجزائر 🇩🇿,2026-01-24T11:33:37.916415,0,7585305151292902676,https://www.tiktok.com/@american_burger_dz/video/7585305151292902676,American Burger
7585572875412996884,tiktok,hamza 31,تبغو البراني ڨالك دوري درتي الحمد لله تربينا حنا المسؤولين على البيت والزوجة,2026-01-24T11:33:37.916417,0,7585305151292902676,https://www.tiktok.com/@american_burger_dz/video/7585305151292902676,American Burger
7585550330336346887,tiktok,جوري جوري,جيل الثمانينات يحوس يعيش على ظهر مرى,2026-01-24T11:33:37.916418,0,7585305151292902676,https://www.tiktok.com/@american_burger_dz/video/7585305151292902676,American Burger
7593047974361285398,tiktok,Palestine,C pas vrais du tout,2026-01-24T11:33:38.661758,1,7585305151292902676,https://www.tiktok.com/@american_burger_dz/video/7585305151292902676,American Burger
7585512646084199175,tiktok,amine,بالاك انت ديرها الزعيم 🤣🤣,2026-01-24T11:33:38.661769,1,7585305151292902676,https://www.tiktok.com/@american_burger_dz/video/7585305151292902676,American Burger
7585436001314472712,tiktok,TheRealFake,Ca se voit que vous n’avez jamais quitter l’Algerie,2026-01-24T11:33:38.661771,1,7585305151292902676,https://www.tiktok.com/@american_burger_dz/video/7585305151292902676,American Burger
7587108673110573832,tiktok,Souma souma,اللي معاش الغربة يسحاب بصح😂😂😂,2026-01-24T11:33:38.661774,0,7585305151292902676,https://www.tiktok.com/@american_burger_dz/video/7585305151292902676,American Burger
7585890372665017089,tiktok,🩷كوثر🩷kawther BL 🩷,فرنسي تان طلاب🤣,2026-01-24T11:33:38.661776,0,7585305151292902676,https://www.tiktok.com/@american_burger_dz/video/7585305151292902676,American Burger
7585546204094120707,tiktok,mimi25,الجزايري لي عايش في الجزاير ما يديرهاش. الي عايش في فرنسا يديرها,2026-01-24T11:33:38.661779,0,7585305151292902676,https://www.tiktok.com/@american_burger_dz/video/7585305151292902676,American Burger
7585537925710988054,tiktok,amged hamza,c pas vrai ya pas mieux que les algerienne hhhhhh c le contraire oui,2026-01-24T11:33:38.661782,0,7585305151292902676,https://www.tiktok.com/@american_burger_dz/video/7585305151292902676,American Burger
7585518489588433686,tiktok,Diam’s💎♈️🎀🤍,بالعكس أنا تونسي ونقولكم الجزائر اكرام رجل شفتو خدمت معهم وعشرتهم بهينا بارشا ورجل بصاح,2026-01-24T11:33:38.661783,0,7585305151292902676,https://www.tiktok.com/@american_burger_dz/video/7585305151292902676,American Burger
7585516098205434642,tiktok,Oussama 🇩🇿,بلاك عمرك خرجت من حومتك الفيديو راهو معكوس,2026-01-24T11:33:38.661785,0,7585305151292902676,https://www.tiktok.com/@american_burger_dz/video/7585305151292902676,American Burger
7585422915710944007,tiktok,Louai,العكس هوما لي هكا حنا هذا يحلف ولاخر يحلف هوما ماتسلكش 50 بالمئة ماتاكلش,2026-01-24T11:33:38.661787,0,7585305151292902676,https://www.tiktok.com/@american_burger_dz/video/7585305151292902676,American Burger
7598865492771078930,tiktok,Maya Ahlem,😁😁😁😁😁😁😁,2026-01-24T11:33:38.661788,0,7585305151292902676,https://www.tiktok.com/@american_burger_dz/video/7585305151292902676,American Burger
7596488075316839224,tiktok,احب الروسيات,🥰,2026-01-24T11:33:38.661790,1,7585305151292902676,https://www.tiktok.com/@american_burger_dz/video/7585305151292902676,American Burger
7596488044124324620,tiktok,احب الروسيات,💘,2026-01-24T11:33:38.661791,1,7585305151292902676,https://www.tiktok.com/@american_burger_dz/video/7585305151292902676,American Burger
7585500693202289426,tiktok,Smail nas elmanara,ممكن الجيل هدا بصح جيل التسعينات ماتمشيش معاه العقلية هدي,2026-01-24T11:33:38.976410,0,7585305151292902676,https://www.tiktok.com/@american_burger_dz/video/7585305151292902676,American Burger
7585457429904573196,tiktok,user6902405839566,🤣🤣🤣🤣🤣🤣 Hedi impossible chez nous 🇩🇿,2026-01-24T11:33:38.976420,0,7585305151292902676,https://www.tiktok.com/@american_burger_dz/video/7585305151292902676,American Burger
7596487999124554508,tiktok,احب الروسيات,💞,2026-01-24T11:33:38.976423,1,7585305151292902676,https://www.tiktok.com/@american_burger_dz/video/7585305151292902676,American Burger
7596403094850749204,tiktok,Lila,😳😳😳😳,2026-01-24T11:33:38.976425,1,7585305151292902676,https://www.tiktok.com/@american_burger_dz/video/7585305151292902676,American Burger
7595979551084462868,tiktok,Ya ldiz,@☑️ Sohaib Phone ☑️,2026-01-24T11:33:38.976427,1,7585305151292902676,https://www.tiktok.com/@american_burger_dz/video/7585305151292902676,American Burger
7595289727297864456,tiktok,Mayaro.Mayaro,😁😁😁,2026-01-24T11:33:38.976429,1,7585305151292902676,https://www.tiktok.com/@american_burger_dz/video/7585305151292902676,American Burger
7594999194638992136,tiktok,Døl ära,😁😁😁,2026-01-24T11:33:38.976431,1,7585305151292902676,https://www.tiktok.com/@american_burger_dz/video/7585305151292902676,American Burger
7592372311488774934,tiktok,joujou🇨🇵🇲🇫Lille,🥰🥰🥰,2026-01-24T11:33:38.976433,1,7585305151292902676,https://www.tiktok.com/@american_burger_dz/video/7585305151292902676,American Burger
7592281209129272082,tiktok,Marouf Ismail,😅😅,2026-01-24T11:33:39.868687,1,7585305151292902676,https://www.tiktok.com/@american_burger_dz/video/7585305151292902676,American Burger
7585513764221928199,tiktok,مولات لخدود 🎀,@رفيف @Khalil dz كنت حنهدر خسرها دزيري 🤣🤣🤣🤣,2026-01-24T11:33:39.868695,2,7585305151292902676,https://www.tiktok.com/@american_burger_dz/video/7585305151292902676,American Burger
7585318268610429714,tiktok,Me.h.Di 16bz,😂😂😂,2026-01-24T11:33:39.868697,2,7585305151292902676,https://www.tiktok.com/@american_burger_dz/video/7585305151292902676,American Burger
7595878806511174401,tiktok,🦍𝐀𝐲𝐦𝐞𝐧 |ايمن 🦍,🔥,2026-01-24T11:33:39.868699,0,7585305151292902676,https://www.tiktok.com/@american_burger_dz/video/7585305151292902676,American Burger
7595357781160805127,tiktok,sola,😁😁😁,2026-01-24T11:33:39.868700,0,7585305151292902676,https://www.tiktok.com/@american_burger_dz/video/7585305151292902676,American Burger
7594829189020173063,tiktok,Salewa,😁😁😁,2026-01-24T11:33:39.868701,0,7585305151292902676,https://www.tiktok.com/@american_burger_dz/video/7585305151292902676,American Burger
7585459076315038482,tiktok,Lily Allen 🤗,اااف فرنسي 🥺,2026-01-24T11:33:39.916258,0,7585305151292902676,https://www.tiktok.com/@american_burger_dz/video/7585305151292902676,American Burger
7586785793265091346,tiktok,Hiba Jasmine Kh,ديما فاضحنا الجزائري 😂,2026-01-24T11:33:39.916266,1,7585305151292902676,https://www.tiktok.com/@american_burger_dz/video/7585305151292902676,American Burger
7586408571040318220,tiktok,Ben Romdhane Søsö🇹🇳🙏🇶🇦,العكس ارجال رجال هوما العرب🥰,2026-01-24T11:33:39.916269,0,7585305151292902676,https://www.tiktok.com/@american_burger_dz/video/7585305151292902676,American Burger
7585893531518239510,tiktok,Coccinelle 🐞,غير صحيح فرنسي c’est le pire,2026-01-24T11:33:39.916272,0,7585305151292902676,https://www.tiktok.com/@american_burger_dz/video/7585305151292902676,American Burger
7585565826876916502,tiktok,🦋⁂༄Ҝḽ𝐲༄⁂🦋,"Si c’était le contraire, pourquoi il y a autant de femmes qui appellent Ranelle ? 🤣🤣🤣🤣",2026-01-24T11:33:39.916273,0,7585305151292902676,https://www.tiktok.com/@american_burger_dz/video/7585305151292902676,American Burger
7585484883309937415,tiktok,Musnis,روحي سقسي كارولين تفهمي 😂,2026-01-24T11:33:39.916275,0,7585305151292902676,https://www.tiktok.com/@american_burger_dz/video/7585305151292902676,American Burger
7594538016678429448,tiktok,🌹Amina 🌹,🥺😫🥺🥺😫🥺,2026-01-24T11:33:39.916278,1,7585305151292902676,https://www.tiktok.com/@american_burger_dz/video/7585305151292902676,American Burger
7593007741050061589,tiktok,Ankach Moha,😁,2026-01-24T11:33:39.916279,1,7585305151292902676,https://www.tiktok.com/@american_burger_dz/video/7585305151292902676,American Burger
