comment_id,final_id,comment_text,platform,source_name,date,likesCount,food,service,place,delivery,price,treatment,out_of_scope,post_id,model_prediction,feeling
28690,667629,كل التوفيق والنجاح تستاهل كل خير,tiktok,American Burger,2026-01-02T18:47:32.303308,0,,,,,,,True,1012.0,[],neutral
28702,406406,c ou,tiktok,American Burger,2026-01-02T18:47:32.303322,0,,,Inquiry,,,,False,1012.0,"[""place_inquiry""]",neutral
28668,794943,bravo et félicitations,tiktok,American Burger,2026-01-02T18:47:31.474893,0,,,Appreciation,,,,False,1012.0,"[""place_appreciation""]",positive
28676,679179,bonne courage hbibi yacine et bonne continuation,tiktok,American Burger,2026-01-02T18:47:31.474903,0,,,,,,,True,1012.0,[],neutral
28654,394287,ces ou ?,tiktok,American Burger,2026-01-02T18:47:31.474875,0,,,Inquiry,Inquiry,,,False,1012.0,"[""place_inquiry"", ""delivery_inquiry""]",neutral
28770,135340,thetse3ichim s laqwada,tiktok,American Burger,2026-01-02T18:47:33.938720,0,,,,,,,True,1012.0,[],neutral
28622,535626,imi so Les Bleus et les Vert wlh mathbidh doro,tiktok,American Burger,2026-01-02T18:47:27.891731,2,,,,,,,True,1012.0,[],neutral
28648,928534,Franchement la nourriture et tre bonnes,tiktok,American Burger,2026-01-02T18:47:31.474867,1,Appreciation,,Appreciation,,,,False,1012.0,"[""food_appreciation"", ""place_appreciation""]",positive
28662,163042,l'état major n'a pas venu ?,tiktok,American Burger,2026-01-02T18:47:31.474885,0,,,inquiry,,,,False,1012.0,"[""place_inquiry""]",neutral
8825,665542,"Mois j'ai essayer la versions livraison, trop bon, mais la livraison facturée hyper chère, je n'ai pas essayé sur place, je les ai connu à travers un pub sur instagram, l'image du sandwich donnait vraiment envie",Google Maps,American Burger,2018-05-10T00:24:58.809Z,0,Appreciation,,,Complaint,,,False,1263.0,"[""food_appreciation"", ""delivery_complaint""]",neutral
7889,161934,Tres bel endroit c'était bon juste le tacos trop cuit,Google Maps,American Burger,2025-02-15T17:27:42.304Z,0,Appreciation,,Appreciation,,,,False,1263.0,"[""food_appreciation"", ""place_appreciation""]",positive
7730,552614,"Une belle expérience, merci de votre professionalism surtout Youcef à la prochaine fois",Google Maps,American Burger,2025-04-05T21:53:33.913Z,0,Appreciation,Appreciation,Appreciation,,,Appreciation,False,1263.0,"[""food_appreciation"", ""service_appreciation"", ""place_appreciation"", ""treatment_appreciation""]",positive
6872,133183,"No delivery service seriously people you manage a business like this, is that an answer you give to your clients",Google Maps,American Burger,2025-07-21T21:41:03.557Z,0,,,,Complaint,,,False,1263.0,"[""delivery_complaint""]",negative
6786,941863,"C’est propre, c’est rapide, c’est bon. Félicitions",Google Maps,American Burger,2025-08-06T20:51:50.413Z,0,Appreciation,Appreciation,Appreciation,,,Appreciation,False,1263.0,"[""food_appreciation"", ""service_appreciation"", ""place_appreciation"", ""treatment_appreciation""]",positive
7463,815782,Tres bon restaurant les serveur tres sympathique avec une joie de vivre je recommande fortement ce restaurant meme les plats sont incroyables . farouk,Google Maps,American Burger,2025-05-21T13:37:30.849Z,0,Appreciation,Appreciation,Appreciation,,,Appreciation,False,1263.0,"[""food_appreciation"", ""service_appreciation"", ""place_appreciation"", ""treatment_appreciation""]",positive
8463,291123,"Accueil chaleureux, service 10/10 , vraiment tu prends plaisir. Bonne continuation",Google Maps,American Burger,2023-09-10T07:15:13.457Z,0,Appreciation,Appreciation,Appreciation,,,Appreciation,False,1263.0,"[""food_appreciation"", ""service_appreciation"", ""place_appreciation"", ""treatment_appreciation""]",positive
7917,553282,"Constatez par vous même. Grosse différence entre les photos publiées sur leur instagram et la réalité concernant les burgers. Sur instagram c'est hyper bien garni, hyper bien dosé et en réalité on tombe sur l'arnaque. Pourtant j'ai pris le burger le plus cher en taille triple. Ne vous fiez pas à leurs photos sur Instagram car tout est faux. La sauce roquefort dans le burger n'est pas fameuse. Je pense c'est une vurgaire sauce industrielle qui essaye d'imiter le goût du roquefort mais loin d'être le cas (j'ai l'habitude d'en manger et d'en préparer chez moi en France donc je sais ce que c'est). Bref déçu 800da le burger pour ça, ma femme ayant pris taille double à 700da, ca ne les vaut pas non plus.",Google Maps,American Burger,2025-02-12T23:14:59.251Z,0,Complaint,,,,Complaint,,False,1263.0,"[""food_complaint"", ""price_complaint""]",negative
8810,160088,Assez bon et endroit sympas . Le décor aussi,Google Maps,American Burger,2018-12-11T19:50:11.943Z,0,Appreciation,,Appreciation,,,,False,1263.0,"[""food_appreciation"", ""place_appreciation""]",positive
7287,659475,"Je vous félicite pour ce nouveau endroit Vous êtes toujours au top Accueillant Dynamique Rapide Et surtout, c’est très bon",Google Maps,American Burger,2025-05-26T19:16:06.790Z,0,Appreciation,Appreciation,Appreciation,,,,False,1263.0,"[""food_appreciation"", ""service_appreciation"", ""place_appreciation""]",positive
6601,927646,"Le Forest est trop bon et délicieux, meme poutine poulet es",Google Maps,American Burger,2025-10-30T00:49:45.666Z,0,Appreciation,,Appreciation,,,,False,1263.0,"[""food_appreciation"", ""place_appreciation""]",positive
6923,160093,"Nous avons dîné en famille, le service est l'un des plus médiocre que j'ai vu, ils ont pris plus d'une heure pour nous servir, nous sommes allés les voir deux fois pour demander qu'on soit servis. Les burgers sont bons mais sans plus, rien d'extraordinaire. Parking très difficile à trouver. Endroit très sûr côté par rapport au service et la qualité de la nourriture. Je ne retournerai pas.",Google Maps,American Burger,2025-07-16T01:46:58.643Z,0,Appreciation,Complaint,,,,Complaint,False,1263.0,"[""food_appreciation"", ""service_complaint"", ""treatment_complaint""]",negative
7924,291180,"Bon les prix sont trop chers et exagéré , le service moyen , ya pas beaucoup de choix menu vide , c'etait pas bon , je ne recommend pas",Google Maps,American Burger,2025-02-10T18:58:18.153Z,0,Complaint,Complaint,Complaint,,Complaint,Complaint,False,1263.0,"[""food_complaint"", ""service_complaint"", ""place_complaint"", ""price_complaint"", ""treatment_complaint""]",negative
7584,684439,Merci pour le service,Google Maps,American Burger,2025-05-17T12:32:36.704Z,0,,,Appreciation,,,,False,1263.0,"[""place_appreciation""]",positive
8149,528345,Merci beaucoup ghiles kont hayal le service kan rwa3a,Google Maps,American Burger,2025-01-28T17:39:36.482Z,0,,,Appreciation,,,Appreciation,False,1263.0,"[""place_appreciation"", ""treatment_appreciation""]",positive
6718,946626,تقييم تحت الصفر غلطة حياتك تاكل عندو,Google Maps,American Burger,2025-09-01T14:37:33.015Z,0,complaint,,,,,,False,1263.0,"[""food_complaint""]",negative
8833,788996,"Les burgers sont super bons, stationnement facile, possibilité de passer commande par téléphone, l'établissement est propre, les prix C'est moyen on va dire, le Bémol C'est le temps d'attente durant les ""heures de pointes"" sinon le reste de la journée les commandes ne tardent pas.",Google Maps,American Burger,2018-03-19T08:34:40.753Z,2,Appreciation,Complaint,Appreciation,,Appreciation,Appreciation,False,1263.0,"[""food_appreciation"", ""service_complaint"", ""place_appreciation"", ""price_appreciation"", ""treatment_appreciation""]",positive
6519,135094,"Nous avons prix un tacos, un burger et deux poutines, le tacos était plus ou moins bon rien de spéciale, le burger vraiment moyen, le pain burger n'est pas brioché, basic à l'ancienne, les poutines simples aucun travail notable un simple mélange d'ingrédients, le plus gros bémol, c'est la sauce fromagère, désolé mais elle est écoeurante, la textue gélatineuse, tu ne sens ni l'Emmental ni le gouda ni rien du tout, juste du fromage à tartiner, elle est nul. Toutefois le cadre est agréable, les agents de sécurité à l'accueil sont gentils idem pour ceux à la caisse, on peut dire autant des filles qui nettoient les tables. Grosso modo je n'y retournerai pas, y'a tellement mieux ailleurs.",Google Maps,American Burger,2025-12-21T09:21:10.802Z,0,Complaint,Appreciation,Complaint,,,Appreciation,False,1263.0,"[""food_complaint"", ""service_appreciation"", ""place_complaint"", ""treatment_appreciation""]",neutral
8447,137373,"Amazing Burgers, very flavourful and juicy better bring some napkins it can get messy and usually portions are pretty generous, fries are not the best tho soggy and oily, and menus there are a little expensive but the burger is worth it",Google Maps,American Burger,2023-11-09T11:52:44.333Z,0,Appreciation,,Appreciation,,Complaint,,False,1263.0,"[""food_appreciation"", ""place_appreciation"", ""price_complaint""]",positive
8615,263902,C très bon mais le steak est dure je leurs conseil de changer de boucherie,Google Maps,American Burger,2022-06-10T09:29:50.312Z,1,Recommendation,,,,,,False,1263.0,"[""food_recommendation""]",positive
8627,795128,C'est bon mais le service très lent,Google Maps,American Burger,2022-05-13T15:00:53.844Z,2,Appreciation,Complaint,,,,,False,1263.0,"[""food_appreciation"", ""service_complaint""]",neutral
7046,287861,Good place food is great,Google Maps,American Burger,2025-07-10T20:12:16.471Z,0,Appreciation,,Appreciation,,,,False,1263.0,"[""food_appreciation"", ""place_appreciation""]",positive
8626,394688,"Worst tacos I've ever had, 1100 Da, full of fats, the pictures so misleading, they call it American burger to be honest if they offer me free food there everyday, I rather stay hungry, when I complained about it at the store they didn't even react and they just got paid, also 1 hour to receive your order. Commented on their FB page they blocked me such kids, even the fries are like stones, the sauces soooo bad, I do not recommend at all. If I could give 0 star I would.",Google Maps,American Burger,2022-05-20T15:30:05.215Z,6,Complaint,Complaint,,,,Complaint,False,1263.0,"[""food_complaint"", ""service_complaint"", ""treatment_complaint""]",negative
8278,811387,"Un endroit incroyable et magnifique, surtout la table à l'extérieur. Je ne parle pas du burger car je n'ai pas trouvé de goût pareil. Le service est rapide, surtout de la part du collègue qui nous a reçu, Oussama. Merci beaucoup.",Google Maps,American Burger,2024-08-16T16:37:34.315Z,1,Appreciation,Appreciation,Appreciation,,,Appreciation,False,1263.0,"[""food_appreciation"", ""service_appreciation"", ""place_appreciation"", ""treatment_appreciation""]",positive
8191,927231,Ce lieu est top on mange bien rapport qualité prix imbattable,Google Maps,American Burger,2025-01-02T11:02:37.577Z,0,Appreciation,,Appreciation,,Appreciation,,False,1263.0,"[""food_appreciation"", ""place_appreciation"", ""price_appreciation""]",positive
6600,811513,"à première vue jz pensé que c'était un endroit désagréable suite au monde fou présent sur place , mais après notre entrée y avait un grand espace avec beaucoup de table pour 2 ou plusieurs personnes , pour commander vous devez vouq diriger vers la caisse car y'a pas de menu à table , les burgers et le combo étaient trop bon . LE POINT LE PLUS FORT C'ÉTAIT LE TEMPS D'ATTENTE MÊME PAS 5 MIN",Google Maps,American Burger,2025-10-30T20:18:28.566Z,0,Appreciation,Appreciation,Appreciation,,,Appreciation,False,1263.0,"[""food_appreciation"", ""service_appreciation"", ""place_appreciation"", ""treatment_appreciation""]",positive
8304,419073,Ça passe sans plus,Google Maps,American Burger,2024-06-23T20:30:30.149Z,0,,,,,,,True,1263.0,[],neutral
6605,549376,"Très bon burgers, 2 grandes salles, service au top.",Google Maps,American Burger,2025-10-25T23:08:43.420Z,0,Appreciation,Appreciation,Appreciation,,,Appreciation,False,1263.0,"[""food_appreciation"", ""service_appreciation"", ""place_appreciation"", ""treatment_appreciation""]",positive
7671,665005,"Tres bon restaurant ! La bouffe est très bonne , le service tres rapide , je vous conseille expérience a refaire",Google Maps,American Burger,2025-05-03T19:27:15.155Z,0,Appreciation,Appreciation,Appreciation,,,Appreciation,False,1263.0,"[""food_appreciation"", ""service_appreciation"", ""place_appreciation"", ""treatment_appreciation""]",positive
6843,816632,Delicious food,Google Maps,American Burger,2025-07-22T22:43:24.207Z,0,Appreciation,,,,,,False,1263.0,"[""food_appreciation""]",positive
7580,811674,Très bien mangé the best ever,Google Maps,American Burger,2025-05-17T13:17:44.554Z,0,Appreciation,,Appreciation,,,,False,1263.0,"[""food_appreciation"", ""place_appreciation""]",positive
7304,811952,"Bon accueil, très bonne cuisine, l'amabilité , la bonne prise en charge bien sur avec un très bon gérant vive la kabili",Google Maps,American Burger,2025-05-24T21:06:50.911Z,0,Appreciation,Appreciation,Appreciation,,,Appreciation,False,1263.0,"[""food_appreciation"", ""service_appreciation"", ""place_appreciation"", ""treatment_appreciation""]",positive
8181,795433,Je remercie beaucoup les serveurs de ce restaurant service parfait,Google Maps,American Burger,2025-01-25T18:15:23.866Z,0,Appreciation,Appreciation,Appreciation,,,,False,1263.0,"[""food_appreciation"", ""service_appreciation"", ""place_appreciation""]",positive
8801,533246,Bon mais manque de sauces maison,Google Maps,American Burger,2019-03-27T11:25:50.154Z,0,Recommendation,,,,,,False,1263.0,"[""food_recommendation""]",positive
8610,402167,"j'ai essayé american Burger, j'ai demandé un Forest, la déception se n'étais pas à la hauteur de mes espérances, les oignons sont Cru et non caramélisés, trop trop de laitue, bref c'est loin des 500 da que j'ai payé",Google Maps,American Burger,2022-06-14T22:44:31.960Z,3,Complaint,,,,Complaint,,False,1263.0,"[""food_complaint"", ""price_complaint""]",negative
8863,402120,J'ai mangé chez vous hier c'était extrêmement délicieux toooooooop,Google Maps,American Burger,2016-12-16T20:38:25.547Z,0,Appreciation,,Appreciation,,,,False,1263.0,"[""food_appreciation"", ""place_appreciation""]",positive
8624,675901,"Ils font le parterre alors que tous les clients sont entrain de manger, vous vous imaginez l'odeur des détergents ! Je ne reviendrai pas ici à cause de cet accueil !",Google Maps,American Burger,2022-05-23T15:29:51.506Z,1,,,Complaint,,,,False,1263.0,"[""place_complaint""]",negative
6810,139842,En voyant la jolie terrasse on a voulu tester mais c'était pas a la hauteur de mes attentes. En entrant on doit passer notre commande a la caisse avec un grand menu sur le mur après j'ai pas aimé ce point. Une fois la commande faite on nous donne un Bipper pour récupérer nous même notre commande 2eme mauvais point. Peut être ce concept convient au jeune mais moi j'ai pas aimé . Le goût était bofbof on a mangé mieux. Le point positif c'était rapideet jolie terrasse.,Google Maps,American Burger,2025-08-02T01:27:04.634Z,0,Complaint,Complaint,Complaint,,,,False,1263.0,"[""food_complaint"", ""service_complaint"", ""place_complaint""]",negative
6876,549655,The food was amazing and fast service too,Google Maps,American Burger,2025-07-20T16:43:54.792Z,0,Appreciation,Appreciation,Appreciation,,,Appreciation,False,1263.0,"[""food_appreciation"", ""service_appreciation"", ""place_appreciation"", ""treatment_appreciation""]",positive
6666,397174,الحاجة لي عجبتني، كانو دايرين موسيقى قتلو معليش طفيها قالي مشي مشكل ، و الله غير طفاها حتى خرجت ، ربي يبارك أخلاق في القمة,Google Maps,American Burger,2025-09-07T17:26:44.387Z,0,,,appreciation,,,,False,1263.0,"[""place_appreciation""]",positive
8532,265965,Très bon tacos gratin foooor,Google Maps,American Burger,2023-02-26T14:07:20.247Z,0,Appreciation,,,,,,False,1263.0,"[""food_appreciation""]",positive
8500,528094,"C'est propre, le personnel est serviablebet les burgers sont bons. Je recommande.",Google Maps,American Burger,2023-06-12T21:10:25.539Z,0,,,,,,,True,1263.0,[],neutral
8235,945023,Bonne bouf,Google Maps,American Burger,2024-11-01T14:49:48.224Z,0,appreciation,,,,,,False,1263.0,"[""food_appreciation""]",positive
6550,661394,مطعم راقي جدا، الأفضل في الجزائر,Google Maps,American Burger,2025-11-22T11:31:03.213Z,0,,,appreciation,,,,False,1263.0,"[""place_appreciation""]",positive
7929,399235,Magnifique je recommande Quantité généreuse Ambiance sympathique Tres propre,Google Maps,American Burger,2025-02-08T20:35:32.387Z,0,Appreciation,Appreciation,Appreciation,,,Appreciation,False,1263.0,"[""food_appreciation"", ""service_appreciation"", ""place_appreciation"", ""treatment_appreciation""]",positive
8759,657532,Très bon mais la salle trop petite,Google Maps,American Burger,2020-02-06T19:23:08.824Z,0,Appreciation,,Complaint,,,,False,1263.0,"[""food_appreciation"", ""place_complaint""]",neutral
8266,420903,Cest bien le service est null,Google Maps,American Burger,2024-08-31T12:15:15.034Z,0,,Complaint,Appreciation,,,Complaint,False,1263.0,"[""service_complaint"", ""place_appreciation"", ""treatment_complaint""]",negative
8598,919689,The wait is too long. My order arrived after some people who came and ordered way after me. Sandwich came out cold although i enphasized i really wanted it hot. Shame where is american burger of the old days,Google Maps,American Burger,2022-07-06T22:37:20.611Z,0,Complaint,Complaint,,,,Complaint,False,1263.0,"[""food_complaint"", ""service_complaint"", ""treatment_complaint""]",negative
7107,923324,"Le bruit est insupportable, de la musique et des dédicaces on dirait une salle des fêtes",Google Maps,American Burger,2025-06-25T21:37:48.792Z,0,,,Complaint,,,,False,1263.0,"[""place_complaint""]",negative
8457,551792,Le plus Grand tacos L  [APPRECIATION],Google Maps,American Burger,2023-09-29T15:16:58.547Z,0,appreciation,,,,,,False,1263.0,"[""food_appreciation""]",positive
7717,552118,Service médiocre et sandwich trop gras je déconseille,Google Maps,American Burger,2025-04-07T22:16:30.719Z,0,Complaint,Complaint,Complaint,,,Complaint,False,1263.0,"[""food_complaint"", ""service_complaint"", ""place_complaint"", ""treatment_complaint""]",negative
6721,398730,"La vidéo des deux jeunes serveurs vêtus de noir où l'un d'eux se frotter la moustache et essuyer son front, doit etre enlevée!",Google Maps,American Burger,2025-08-30T18:42:57.093Z,0,,,,,,,True,1263.0,[],neutral
8579,264394,"The restaurant is nice, staff are friendly you can even wait in your car and receive your command. What i didn’t like is time of wait to get a table and also to get your command. I very loved the philly cheese steak one of the best sandwiches that ate but the burger is too far from good even if the name of the fast food is American burger.",Google Maps,American Burger,2022-09-07T02:36:13.444Z,7,Complaint,Complaint,Appreciation,,,Appreciation,False,1263.0,"[""food_complaint"", ""service_complaint"", ""place_appreciation"", ""treatment_appreciation""]",neutral
8673,788750,"Accueil nul, nourriture pas le top du top.",Google Maps,American Burger,2021-10-16T14:30:35.468Z,0,Complaint,,,,,Complaint,False,1263.0,"[""food_complaint"", ""treatment_complaint""]",negative
8543,791709,"Leur cuisine à beaucoup changé par rapport au débuts, leur fromage était très bon mais maintenant il est plutôt liquide et sans goût Dommage c'était l'un de mes fast food préféré",Google Maps,American Burger,2023-01-20T16:15:54.057Z,0,Complaint,,,,,,False,1263.0,"[""food_complaint""]",negative
8649,159274,La qualité a changé,Google Maps,American Burger,2021-12-28T10:56:56.717Z,0,Complaint,,Complaint,,,,False,1263.0,"[""food_complaint"", ""place_complaint""]",negative
6877,790743,"Je souhaite partager mon avis concernant ce restaurant. Nous y avons dîné en famille hier soir. L’endroit est très agréable, avec une décoration soignée et une ambiance plutôt sympa. Toutefois, plusieurs points nous ont fortement déçus. La nourriture était correcte sans être exceptionnelle, mais malheureusement, toute ma famille s’est réveillée ce matin avec des symptômes d’intoxication alimentaire. C’est vraiment regrettable, surtout après une soirée qui s’annonçait bien. Autre point négatif : la chaleur étouffante sur la terrasse, même en soirée. Cela a rendu le moment assez inconfortable, malgré le cadre charmant. En résumé, je ne peux pas recommander ce restaurant en l’état. Je conseille vivement à la direction de revoir la qualité de leurs produits, en particulier celle de la viande, et d’améliorer les conditions d’accueil sur la terrasse. C’est dommage, car le potentiel est bien là",Google Maps,American Burger,2025-07-19T14:37:04.643Z,0,Complaint,,Appreciation,,,,False,1263.0,"[""food_complaint"", ""place_appreciation""]",neutral
8161,529519,Bien. foot,Google Maps,American Burger,2025-01-28T13:25:12.273Z,0,appreciation,,,,,,False,1263.0,"[""food_appreciation""]",positive
8616,923116,سلام عليكم خويا الله يحفظك لا بغيت ربي خصتني خدمة بلونجور ولا سارفور ولا اي خدمة لابغيت ربي تشوفلي,Google Maps,American Burger,2022-06-10T01:18:56.919Z,0,,,,,,,True,1263.0,[],neutral
8582,548950,Excellent burger comme rarement en Algérie. Je mets 4 étoiles pour le temps monstre que ça a pris (30 minutes) pour une mini commande !,Google Maps,American Burger,2022-09-02T11:30:19.199Z,0,Appreciation,Complaint,,Complaint,,,False,1263.0,"[""food_appreciation"", ""service_complaint"", ""delivery_complaint""]",negative
8794,660636,Ce bonne,Google Maps,American Burger,2019-05-05T20:01:52.682Z,0,,,,,,,True,1263.0,[],neutral
8089,397480,Service impeccable  [APPRECIATION],Google Maps,American Burger,2025-02-02T21:56:38.280Z,0,,Appreciation,Appreciation,,,Appreciation,False,1263.0,"[""service_appreciation"", ""place_appreciation"", ""treatment_appreciation""]",positive
8347,264654,Really American hahah a [APPRECIATION],Google Maps,American Burger,2024-05-14T19:55:41.718Z,0,,,,,,,True,1263.0,[],neutral
7980,921260,Ma seule destination pour de Magnifique Tacos et sandwich,Google Maps,American Burger,2025-02-05T14:22:06.082Z,1,Appreciation,,,,,,False,1263.0,"[""food_appreciation""]",positive
8729,134773,الله بيارك,Google Maps,American Burger,2021-02-19T18:22:25.328Z,2,,,,,,,True,1263.0,[],neutral
8668,422687,"Très bon, propre, rapide Je recommande",Google Maps,American Burger,2021-10-27T13:43:49.392Z,0,Appreciation,Appreciation,Appreciation,,,Appreciation,False,1263.0,"[""food_appreciation"", ""service_appreciation"", ""place_appreciation"", ""treatment_appreciation""]",positive
8069,658016,un endroit où tout est très bon. les burgurs surtout le smash burger. les tacos surtout le mixte extra large et les gratins aussi . un vrai american burger,Google Maps,American Burger,2025-02-03T19:02:03.504Z,0,Appreciation,,,,,,False,1263.0,"[""food_appreciation""]",positive
7735,264838,نقدر نقول بلي هذا أبن برغر كليته حتى الآن الله يبارك,Google Maps,American Burger,2025-04-04T15:03:07.212Z,0,Appreciation,,,,,,False,1263.0,"[""food_appreciation""]",positive
6836,789748,Je suis une ancienne cliente le goût la qualité n’as jamais changé une petite remarque la serveuse qui s’appelle chaima un bout de sucre  [APPRECIATION],Google Maps,American Burger,2025-07-24T14:15:09.766Z,0,Appreciation,Appreciation,Appreciation,,,Appreciation,False,1263.0,"[""food_appreciation"", ""service_appreciation"", ""place_appreciation"", ""treatment_appreciation""]",positive
8424,137243,مكان واسع و حركةكثيفة المأكولات مقبولة عموما,Google Maps,American Burger,2023-12-25T10:06:37.647Z,0,appreciation,,complaint,,,,False,1263.0,"[""food_appreciation"", ""place_complaint""]",neutral
8692,658623,"Service vraiment nul, parfaitement déçus, à déconseiller",Google Maps,American Burger,2021-09-11T12:56:30.608Z,0,,Complaint,Complaint,,,Complaint,False,1263.0,"[""service_complaint"", ""place_complaint"", ""treatment_complaint""]",negative
7981,685434,"Service mashaalah , merci a notre frére oussama",Google Maps,American Burger,2025-02-04T22:20:28.956Z,0,,,Appreciation,,,Appreciation,False,1263.0,"[""place_appreciation"", ""treatment_appreciation""]",positive
8773,816281,Super top,Google Maps,American Burger,2019-11-22T18:28:32.810Z,0,,,Appreciation,,,,False,1263.0,"[""place_appreciation""]",positive
8533,265174,The place was OK the food was good and tasty I had just a problem with the philly cheese steak the meat was hard to eat but everything else was good the service was fast PS: i changed my review because of my son who got sick because of the food that night,Google Maps,American Burger,2023-02-24T01:45:05.653Z,0,Complaint,Appreciation,Appreciation,,,,False,1263.0,"[""food_complaint"", ""service_appreciation"", ""place_appreciation""]",positive
8385,816391,C’est très bon avec un bon service je vous conseil Americain burger good burger  [APPRECIATION],Google Maps,American Burger,2024-04-02T23:07:28.215Z,1,Appreciation,Appreciation,Appreciation,,,Appreciation,False,1263.0,"[""food_appreciation"", ""service_appreciation"", ""place_appreciation"", ""treatment_appreciation""]",positive
8666,423204,"La qualité de la viande n'est pas bonne Le tacos est plein de sauce fromagère donc tachez à lui demander de mettre moins de sauce fromagère, sinon les serveurs font leurs job bien comme il faut le gérant n'est pas trop sympathique et surtt éviter midi et le weekend",Google Maps,American Burger,2021-10-27T20:57:26.102Z,0,Complaint,,Complaint,,,Complaint,False,1263.0,"[""food_complaint"", ""place_complaint"", ""treatment_complaint""]",negative
8558,789371,Mon numéro 1 pour les burguer. Bravo des vrais pro,Google Maps,American Burger,2022-11-08T12:08:48.566Z,1,Appreciation,,,,,,False,1263.0,"[""food_appreciation""]",positive
7604,135283,"Si vous cherchez un vrai bon burger, passez votre chemin. Ici, tout y est pour la photo Instagram — sauf le goût. La viande est vraiment de mauvaise qualité, le mélange d'oignons caramélisés et de champignons (ta3 supérette) n'était pas bon Bref à ce prix il est de loin le plus mauvais en goût !",Google Maps,American Burger,2025-05-16T20:12:16.781Z,0,Complaint,,Complaint,,Complaint,,False,1263.0,"[""food_complaint"", ""place_complaint"", ""price_complaint""]",negative
6502,396011,American burger kouba d'Alger Tacos poulet 8/10 Burger 7/10 Service 8/10 mashallah Bonne continuation,Google Maps,American Burger,2025-12-29T17:05:43.579Z,0,Appreciation,Appreciation,Appreciation,,,Appreciation,False,1263.0,"[""food_appreciation"", ""service_appreciation"", ""place_appreciation"", ""treatment_appreciation""]",positive
6740,548915,"Je pars souvent chez Américain burger avec ma petite famille, on sort toujours satisfait, service au top , salles très bien aménagé et très propre, service très rapide (moins de 10 temps d'attente) , le personnel bien éduqué et sélectionné et très accueillant et agréable, la bouffe on prend le sandwich viande qu'il est excellent (le meilleur pour moi sur Alger) , le cheese il est bien mais le sandwich reste mieux à mon avis. Stationnement difficile.",Google Maps,American Burger,2025-08-24T17:55:03.285Z,0,Appreciation,Appreciation,Appreciation,,,Appreciation,False,1263.0,"[""food_appreciation"", ""service_appreciation"", ""place_appreciation"", ""treatment_appreciation""]",positive
8724,150562,Le meilleur burger au monde,Google Maps,American Burger,2021-04-01T22:05:54.412Z,0,Appreciation,,,,,,False,1263.0,"[""food_appreciation""]",positive
8730,811011,"Expérience désagréable on arrive on nous laisse attendre dehors et personne ne prends nos commandes, vous faites des burgers bark les jeunes Machi de la chirurgie",Google Maps,American Burger,2021-02-06T14:23:38.110Z,0,Complaint,Complaint,Complaint,,,Complaint,False,1263.0,"[""food_complaint"", ""service_complaint"", ""place_complaint"", ""treatment_complaint""]",negative
6579,409158,The food was good,Google Maps,American Burger,2025-11-16T13:41:12.052Z,0,Appreciation,,,,,,False,1263.0,"[""food_appreciation""]",positive
7774,937613,"J’ai mangé chez eux avant hier j’ai pris 2 hamburger a 500da chacun plus une barquette de frites, quantité zero, pain limite acheter au supermarché, viande gout bizarre et camembert petite quantité, malheureusement ça se dégrade bcp. Dommage je peux pas peux pas mettre zéro étoile sinon je l’aurais mise",Google Maps,American Burger,2025-03-28T22:01:04.119Z,0,Complaint,,Complaint,,Complaint,,False,1263.0,"[""food_complaint"", ""place_complaint"", ""price_complaint""]",negative
8856,675467,"Si l'attente ne vous dérange pas, c'est un bon endroit pour prendre un burger. Il faut noter qu'on doit attendre dehors car le nombre de places a l'intérieur est très limité (moins de 10).",Google Maps,American Burger,2017-07-01T14:10:00.371Z,0,Appreciation,Complaint,Appreciation,,,,False,1263.0,"[""food_appreciation"", ""service_complaint"", ""place_appreciation""]",positive
7949,151176,Meilleur service de la part de HANI  [APPRECIATION],Google Maps,American Burger,2025-02-07T21:35:39.028Z,0,,,,,,Appreciation,False,1263.0,"[""treatment_appreciation""]",positive
8116,410778,Great service,Google Maps,American Burger,2025-01-30T18:08:12.721Z,0,,,,,,Appreciation,False,1263.0,"[""treatment_appreciation""]",positive
8381,148577,Excellent service et bonne qualité,Google Maps,American Burger,2024-04-13T14:52:11.022Z,0,Appreciation,,,,,Appreciation,False,1263.0,"[""food_appreciation"", ""treatment_appreciation""]",positive
8421,412660,En général il est bon propre bien servi Pour les tacos je donne 5/10 jai pas aimé le marinage et les sauces Par contre cette fois ci jai pris filly cheese steak il est bon,Google Maps,American Burger,2023-12-31T17:28:34.637Z,0,Appreciation,,Appreciation,,,,False,1263.0,"[""food_appreciation"", ""place_appreciation""]",positive
8715,671525,Essayé et approuvé j’ai testé le burger Forest qui était bien garni avec les sauces mais pas assez de champignons pour un burger special champignons Sinon l’endroit est très bien décoré j’ai adoré,Google Maps,American Burger,2021-07-01T14:43:32.362Z,1,Complaint,,Appreciation,,,,False,1263.0,"[""food_complaint"", ""place_appreciation""]",neutral
8357,544343,Reda t inssan vrai les hommes Très bon service de sa part,Google Maps,American Burger,2024-05-10T22:27:38.049Z,0,,,,,,Appreciation,False,1263.0,"[""treatment_appreciation""]",positive
8333,149381,A good place and a good food,Google Maps,American Burger,2024-05-18T20:40:48.002Z,0,Appreciation,,Appreciation,,,,False,1263.0,"[""food_appreciation"", ""place_appreciation""]",positive
8650,933968,Catastrophe un Hambourg a 900 da une viande de 50 g sèche froide avec une mince tranche de tomate sans boisson c extrêmement cher une petite cuisse panée froide et dure soit disant un KFC a 400 da aucun contrôle de viande et de qualité très déçu,Google Maps,American Burger,2021-12-27T22:01:43.795Z,1,Complaint,,,,Complaint,,False,1263.0,"[""food_complaint"", ""price_complaint""]",negative
7018,149411,La bouffe était bonne . le service est exceptionnel. surtout abdou souk ehrass mrebi et trop gentil . bonne courage a vous. a la prochaine inchallah,Google Maps,American Burger,2025-07-10T22:55:25.248Z,0,Appreciation,Appreciation,Appreciation,,,Appreciation,False,1263.0,"[""food_appreciation"", ""service_appreciation"", ""place_appreciation"", ""treatment_appreciation""]",positive
6522,524665,Hamburger sans aucun goût,Google Maps,American Burger,2025-12-17T20:47:31.732Z,0,Complaint,,,,,,False,1263.0,"[""food_complaint""]",negative
7616,149721,Merci American burger pour votre service,Google Maps,American Burger,2025-05-14T12:38:49.128Z,0,,,Appreciation,,,,False,1263.0,"[""place_appreciation""]",positive
7738,937106,Service très très tres lent 2h20 d’attente ! Vivement l’ancien restoo,Google Maps,American Burger,2025-04-03T20:25:57.016Z,0,,Complaint,,,,,False,1263.0,"[""service_complaint""]",negative
7692,262471,Vraiment chui déçu nos le sandwich khlitou mkemltouch mayentkelch w le cheese grave hlouu ! W l7am mhoich Tayeb w fih arrière goût !,Google Maps,American Burger,2025-04-18T00:09:45.922Z,0,Complaint,,,,,,False,1263.0,"[""food_complaint""]",negative
8694,163035,Trop bon surtt le bleu Bravo pour le serveur fort aimable en hoverboard idées originales,Google Maps,American Burger,2021-09-08T14:09:24.764Z,1,appreciation,,,,,appreciation,False,1263.0,"[""food_appreciation"", ""treatment_appreciation""]",positive
7215,281052,"The food was actually pretty good, even though it took over 40 minutes to arrive, even though the place wasn’t that busy. But the service was honestly the worst part of the experience. The cashier, whose name was Amine, had a really bad attitude and came off as rude from the start. To make things worse, they messed up our order and gave us the wrong dish. When we pointed it out, they were completely dismissive, like it was somehow our fault. They didn’t even apologize. Instead, they made us wait in line all over again just to get the correct order.",Google Maps,American Burger,2025-06-05T20:28:12.220Z,0,Appreciation,Complaint,Complaint,,,Complaint,False,1263.0,"[""food_appreciation"", ""service_complaint"", ""place_complaint"", ""treatment_complaint""]",negative
6837,281405,Délicieux en plus Chaima a été d’un grand service merci beaucoup !,Google Maps,American Burger,2025-07-24T13:00:35.674Z,0,Appreciation,Appreciation,Appreciation,,,Appreciation,False,1263.0,"[""food_appreciation"", ""service_appreciation"", ""place_appreciation"", ""treatment_appreciation""]",positive
8411,162930,Impeccable mais les sandwich sont petit je trouve ainsi que les gratins,Google Maps,American Burger,2024-02-09T04:38:38.897Z,0,"appreciation,complaint",,,,,,False,1263.0,[],neutral
6581,936071,Food is not good.,Google Maps,American Burger,2025-11-12T20:56:55.905Z,0,Complaint,,,,,,False,1263.0,"[""food_complaint""]",negative
7472,541057,"Je recommande fortement ce restaurant Ambiance chaleureux, service super rapide, et les serveurs aimables  10/10",Google Maps,American Burger,2025-05-21T12:51:30.103Z,0,Appreciation,Appreciation,Appreciation,,,Appreciation,False,1263.0,"[""food_appreciation"", ""service_appreciation"", ""place_appreciation"", ""treatment_appreciation""]",positive
8154,278948,Serveur Ramdane,Google Maps,American Burger,2025-01-28T14:54:46.061Z,0,,,,,,,True,1263.0,[],neutral
8316,544144,Cetait super,Google Maps,American Burger,2024-05-21T22:06:37.012Z,0,,,Appreciation,,,,False,1263.0,"[""place_appreciation""]",positive
8136,413082,"J'ai visité cet endroit plusieurs fois, que ce soit seul ou en famille, et je lui donne 5 étoiles, c'est mérité ! Un grand merci à Monsieur Mounir pour son super service !",Google Maps,American Burger,2025-01-28T20:15:43.792Z,0,Appreciation,Appreciation,Appreciation,,,Appreciation,False,1263.0,"[""food_appreciation"", ""service_appreciation"", ""place_appreciation"", ""treatment_appreciation""]",positive
8645,541193,"Service long et personnel pas accueillant du tout, trop de monde et endroit étroit, le tacos à la viande cher mais n'est pas bon du tout, ça manque énormément d'assaisonnement , et la viande est dure, je vous conseille de le retirer du menu sinon utilisez de la viande tendre. Les frites catastrophe.",Google Maps,American Burger,2022-01-17T10:21:14.441Z,3,Complaint,Complaint,,,Complaint,Complaint,False,1263.0,"[""food_complaint"", ""service_complaint"", ""price_complaint"", ""treatment_complaint""]",negative
7888,148450,"On remercie infiniment Mr. Farid directeur du restaurant en chef , c'était un régal",Google Maps,American Burger,2025-02-15T17:31:58.686Z,0,Appreciation,Appreciation,Appreciation,,,Appreciation,False,1263.0,"[""food_appreciation"", ""service_appreciation"", ""place_appreciation"", ""treatment_appreciation""]",positive
6663,804837,Servise trés rapide,Google Maps,American Burger,2025-09-08T12:59:40.962Z,0,,Appreciation,,,,,False,1263.0,"[""service_appreciation""]",positive
6589,675303,"J'ai comender la 3 et 20 , le service très professionnel rapide d'ailleurs etenament, très classe et propres : malheureusement La bouffe éteint froid un burger a ce prix cete trop chere pas assi fourni dommage La poutine frites pas assi bonne ressenti le poulet dur et trop fromager",Google Maps,American Burger,2025-11-02T21:41:53.153Z,0,Complaint,Appreciation,Appreciation,,Complaint,Appreciation,False,1263.0,"[""food_complaint"", ""service_appreciation"", ""place_appreciation"", ""price_complaint"", ""treatment_appreciation""]",positive
6839,151343,"The food was absolutely amazing, and the atmosphere was perfect — relaxing and enjoyable from start to finish. I’ve tried burgers all over the world, and their burger is truly insane. Juicy, flavorful, and cooked to perfection. One of the best I’ve ever had. Highly recommended!",Google Maps,American Burger,2025-07-24T07:59:50.512Z,0,Appreciation,Appreciation,Appreciation,,,Appreciation,False,1263.0,"[""food_appreciation"", ""service_appreciation"", ""place_appreciation"", ""treatment_appreciation""]",positive
8681,675590,Amazing food  [APPRECIATION],Google Maps,American Burger,2021-10-04T18:06:31.198Z,0,Appreciation,,Appreciation,,,,False,1263.0,"[""food_appreciation"", ""place_appreciation""]",positive
8502,802481,Un lieu respectueux et une très bonne ambiance,Google Maps,American Burger,2023-06-04T22:06:22.031Z,0,,,Appreciation,,,Appreciation,False,1263.0,"[""place_appreciation"", ""treatment_appreciation""]",positive
8809,805405,"C'est sympa, mais les prix sont un peu chers. Et comme sa clientèle est essentiellement jeune , il faudrait y penser.",Google Maps,American Burger,2018-12-16T21:32:38.024Z,1,,,Appreciation,,Complaint,Appreciation,False,1263.0,"[""place_appreciation"", ""price_complaint"", ""treatment_appreciation""]",positive
7837,542217,Abdou fl accueil 5 étoiles,Google Maps,American Burger,2025-02-27T21:27:11.721Z,0,,,,,,appreciation,False,1263.0,"[""treatment_appreciation""]",positive
7090,804294,Prix qualité mais parfois il oublie quelques ingrédients par exemple j'ai commandé poutine poulet pané mais il ont oublié le onions caramélisées,Google Maps,American Burger,2025-07-05T13:59:11.584Z,0,Appreciation,Complaint,,,Appreciation,,False,1263.0,"[""food_appreciation"", ""service_complaint"", ""price_appreciation""]",positive
6875,675665,Excellente expérience Accueil/ service/ qualité/ prix/ Un design juste parfait,Google Maps,American Burger,2025-07-21T08:06:52.572Z,0,Appreciation,Appreciation,Appreciation,,,Appreciation,False,1263.0,"[""food_appreciation"", ""service_appreciation"", ""place_appreciation"", ""treatment_appreciation""]",positive
7830,936738,"Service interminable , plus de 30 minutes pour récupérer une commande mauvaise organisation et oubli dans les commandes",Google Maps,American Burger,2025-02-28T21:12:56.181Z,0,,Complaint,Complaint,,,,False,1263.0,"[""service_complaint"", ""place_complaint""]",negative
6590,150318,Overall food is good the burger is overhyped but good experience,Google Maps,American Burger,2025-11-01T12:49:35.804Z,0,Appreciation,Appreciation,Appreciation,,,Appreciation,False,1263.0,"[""food_appreciation"", ""service_appreciation"", ""place_appreciation"", ""treatment_appreciation""]",positive
8575,679657,الله يبارك ، هايل تأكل وتستمتع مشي مشي خصارة الروحة لعندو.,Google Maps,American Burger,2022-09-10T23:11:59.139Z,0,appreciation,,appreciation,,,,False,1263.0,"[""food_appreciation"", ""place_appreciation""]",positive
8791,933044,Un bon hamburger,Google Maps,American Burger,2019-06-18T09:21:08.582Z,1,appreciation,,,,,,False,1263.0,"[""food_appreciation""]",positive
7606,420002,Les prix s'augmente et la la qualité se dégrade. A éviter,Google Maps,American Burger,2025-05-16T10:11:18.958Z,0,Complaint,,,,Complaint,,False,1263.0,"[""food_complaint"", ""price_complaint""]",negative
8302,944567,De bons burger mais très mauavais service.,Google Maps,American Burger,2024-07-02T03:16:09.409Z,0,Appreciation,Complaint,,,,Complaint,False,1263.0,"[""food_appreciation"", ""service_complaint"", ""treatment_complaint""]",negative
6667,944611,"J’ai passé un excellent moment dans ce restaurant. Les plats étaient savoureux, bien présentés et préparés avec des produits de qualité. Le service était attentif et chaleureux, avec une équipe souriante qui prend vraiment soin des clients.",Google Maps,American Burger,2025-09-07T15:52:04.155Z,0,Appreciation,Appreciation,Appreciation,,,Appreciation,False,1263.0,"[""food_appreciation"", ""service_appreciation"", ""place_appreciation"", ""treatment_appreciation""]",positive
7059,268708,Midou était au top Allahuma barik Qu’Allah le preserve !,Google Maps,American Burger,2025-07-09T20:52:38.812Z,0,,,Appreciation,,,,False,1263.0,"[""place_appreciation""]",positive
8548,788475,"Ça ne vaut pas le coup, c'est pas bon",Google Maps,American Burger,2023-01-11T14:51:16.166Z,1,Complaint,,,,,,False,1263.0,"[""food_complaint""]",negative
8557,682532,"Very disappointed! , Service is terrible and the food is mediocre at best",Google Maps,American Burger,2022-11-15T03:14:05.992Z,2,Complaint,Complaint,,,,Complaint,False,1263.0,"[""food_complaint"", ""service_complaint"", ""treatment_complaint""]",negative
8311,788476,"Bon , un peut cher et bon service",Google Maps,American Burger,2024-06-02T21:16:21.950Z,2,Appreciation,Appreciation,,,Complaint,,False,1263.0,"[""food_appreciation"", ""service_appreciation"", ""price_complaint""]",positive
8593,268507,Assez chère mais à testé pour les amateurs de tacos bien garni,Google Maps,American Burger,2022-07-17T10:02:36.741Z,0,appreciation,,,,complaint,,False,1263.0,"[""food_appreciation"", ""price_complaint""]",neutral
8314,420488,Top de top soit la nourriture et le service Tacos 8/10 poutine 10/10 sandwich 8/10,Google Maps,American Burger,2024-05-24T13:51:22.970Z,0,Appreciation,Appreciation,Appreciation,,,Appreciation,False,1263.0,"[""food_appreciation"", ""service_appreciation"", ""place_appreciation"", ""treatment_appreciation""]",positive
8758,532576,hyper bon je vous conseille,Google Maps,American Burger,2020-02-13T17:43:43.837Z,2,Appreciation,,Appreciation,,,,False,1263.0,"[""food_appreciation"", ""place_appreciation""]",positive
8637,663862,"Les burgers sont succulents mais un peu gras. Je conseille de les consommer sur place, ils seront bien meilleurs. Les frites sont trop croustillantes, je ne sais pas si c’est dur surgelés ou pas. le service rapide malgré un monde de fou. Je recommande pour un cheat meal parfois mais pas tjr , pay attention lol",Google Maps,American Burger,2022-03-12T00:45:53.784Z,9,Complaint,Appreciation,Appreciation,,,,False,1263.0,"[""food_complaint"", ""service_appreciation"", ""place_appreciation""]",positive
8307,399449,"Lieu sympathique, stationnement difficile surtout aux heures de pointes. La cuisine est bonne. Une petite terrasse de 4 tables environs donnant sur la route . La music est pratiquement omniprésente ( ceux que sa dérange en mangeant doivent prendre une table dehors ). En ce qui concerne la propreté, c'est propre mais pas beaucoup voir les images jointes pour comprendre ( les bancs sont sales contrairement aux chaises ) les tables aussi sont propres. En résumé ça reste un bon lieu. BON APPÉTIT",Google Maps,American Burger,2024-06-19T16:25:18.626Z,1,Appreciation,,Complaint,,,Appreciation,False,1263.0,"[""food_appreciation"", ""place_complaint"", ""treatment_appreciation""]",positive
8542,287182,Les meilleurs,Google Maps,American Burger,2023-01-23T13:36:43.378Z,0,,,Appreciation,,,,False,1263.0,"[""place_appreciation""]",positive
8483,141431,"It was nice, too much food I thought it would be better to not so much sauce on the burrito I feelt like a fat pig after.",Google Maps,American Burger,2023-08-04T00:27:57.908Z,0,Complaint,,Appreciation,,,,False,1263.0,"[""food_complaint"", ""place_appreciation""]",neutral
6994,534587,"La qualité du burger laisse vraiment à désirer, trop de sauces industrielles qui masquent le goût plutôt que de l'améliorer. Les frites aussi étaient très décevantes, molles et sans saveur. De manière générale, tout est devenu trop industriel, on est loin de la qualité des débuts. C’est dommage de voir une telle baisse de niveau, surtout quand on a connu mieux.",Google Maps,American Burger,2025-07-14T13:15:38.242Z,0,Complaint,,Complaint,,,,False,1263.0,"[""food_complaint"", ""place_complaint""]",negative
8360,529398,Delicious good and good service,Google Maps,American Burger,2024-05-05T15:55:43.181Z,0,Appreciation,,Appreciation,,,Appreciation,False,1263.0,"[""food_appreciation"", ""place_appreciation"", ""treatment_appreciation""]",positive
8165,272418,Ghilas merci pour le bon service,Google Maps,American Burger,2025-01-28T12:18:59.015Z,0,,,Appreciation,,,Appreciation,False,1263.0,"[""place_appreciation"", ""treatment_appreciation""]",positive
6699,394624,"Un service très rapide, magnifique",Google Maps,American Burger,2025-09-04T11:16:34.192Z,0,,Appreciation,,,,,False,1263.0,"[""service_appreciation""]",positive
7710,268833,On est rentré dans le restaurant pour regarder un match il était bien diffusé mais des qu’on a commandé pour 7 personnes et payé ils ont enlevé le match. J’ai demandé au serveur de ré allumer la télévision il m’a dit que c la faute de la connexion alors que je l’ai vu éteindre la tv avec la télécommande. Sinon la bouffe est correcte.,Google Maps,American Burger,2025-04-16T20:03:44.323Z,0,Appreciation,,Complaint,,,Complaint,False,1263.0,"[""food_appreciation"", ""place_complaint"", ""treatment_complaint""]",negative
8461,796652,"J'ai beaucoup aimé leur sandwich bon et léger, frites un bon grand et pas croustillant aussi petit bémol leur prix sui son un peux chèr.",Google Maps,American Burger,2023-09-19T20:08:16.446Z,1,Appreciation,,Appreciation,,Complaint,,False,1263.0,"[""food_appreciation"", ""place_appreciation"", ""price_complaint""]",positive
8805,793153,"Un bon burger et sandwich equipe professionnel, endroit petit mais original. Bonne continuation",Google Maps,American Burger,2019-01-30T20:45:03.941Z,0,Appreciation,Appreciation,Appreciation,,,Appreciation,False,1263.0,"[""food_appreciation"", ""service_appreciation"", ""place_appreciation"", ""treatment_appreciation""]",positive
7608,138041,Je met 2 étoiles pour l'accueil qui était au top et le restaurant qui est magnifique et tres agréable pour un moment en famille. Malheureusement les burger sont pas extra.,Google Maps,American Burger,2025-05-16T01:05:36.486Z,0,Complaint,,,,,Appreciation,False,1263.0,"[""food_complaint"", ""treatment_appreciation""]",neutral
8296,139318,Ces un bon restaurant le service est excellent je vous conseille le suisse bergeure,Google Maps,American Burger,2024-07-23T19:38:31.422Z,0,Appreciation,Appreciation,Appreciation,,,Appreciation,False,1263.0,"[""food_appreciation"", ""service_appreciation"", ""place_appreciation"", ""treatment_appreciation""]",positive
7535,925734,Très belle ambiance. Très bon repas. Ghiles a été très gentille et très serviable. Il nous explique le concept afin de passer commande et il était très souriant. Je recommande ce restaurant.,Google Maps,American Burger,2025-05-18T21:01:08.692Z,0,Appreciation,Appreciation,Appreciation,,,Appreciation,False,1263.0,"[""food_appreciation"", ""service_appreciation"", ""place_appreciation"", ""treatment_appreciation""]",positive
6629,419211,J’ai passé une superbe expérience à American Burger Factory Kouba ! Un grand merci à la charmante Chaima pour sa recommandation et son accueil. Le service était impeccable et les burgers… tout simplement parfaits,Google Maps,American Burger,2025-09-11T18:21:57.178Z,0,Appreciation,Appreciation,Appreciation,,,Appreciation,False,1263.0,"[""food_appreciation"", ""service_appreciation"", ""place_appreciation"", ""treatment_appreciation""]",positive
8115,292802,Serveur ramdane,Google Maps,American Burger,2025-01-30T18:11:28.080Z,0,,,,,,,True,1263.0,[],neutral
7613,419215,Très bonne accueil et le service et incroyables  [APPRECIATION],Google Maps,American Burger,2025-05-14T12:47:48.853Z,0,Appreciation,Appreciation,Appreciation,,,Appreciation,False,1263.0,"[""food_appreciation"", ""service_appreciation"", ""place_appreciation"", ""treatment_appreciation""]",positive
8567,270168,"Déco sympa, service/ accueil sympa Temps d'attente trop long, et le poutine vraiment pas fameux, les sandwichs sont petits (façon panini) Coup de cœur pour le blue (sauce roquefort)",Google Maps,American Burger,2022-10-04T15:55:09.406Z,4,Complaint,Complaint,Appreciation,,,Appreciation,False,1263.0,"[""food_complaint"", ""service_complaint"", ""place_appreciation"", ""treatment_appreciation""]",neutral
8415,401077,Impeccable food. And the service is amazing  [APPRECIATION],Google Maps,American Burger,2024-01-24T15:14:46.035Z,0,Appreciation,Appreciation,Appreciation,,,Appreciation,False,1263.0,"[""food_appreciation"", ""service_appreciation"", ""place_appreciation"", ""treatment_appreciation""]",positive
8689,681558,المعاملة صفر ، لحقنا على الثامنة تاع ليل قالك الماكلة خلاصت عيب,Google Maps,American Burger,2021-09-16T19:40:48.979Z,0,,,Complaint,,,Complaint,False,1263.0,"[""place_complaint"", ""treatment_complaint""]",negative
6715,681644,Fares was super professional,Google Maps,American Burger,2025-09-03T14:07:09.711Z,0,,,,,,Appreciation,False,1263.0,"[""treatment_appreciation""]",positive
8802,419543,Tasty food. But the tables should be cleaner and the service could be improved,Google Maps,American Burger,2019-03-19T16:27:58.893Z,1,Appreciation,Recommendation,Recommendation,,,Recommendation,False,1263.0,"[""food_appreciation"", ""service_recommendation"", ""place_recommendation"", ""treatment_recommendation""]",positive
7728,419782,"Un service impeccable ! La serveuse bonoise , elle était souriante, professionnelle et très attentionnée . Je recommande",Google Maps,American Burger,2025-04-06T19:45:01.501Z,0,,Appreciation,Appreciation,,,Appreciation,False,1263.0,"[""service_appreciation"", ""place_appreciation"", ""treatment_appreciation""]",positive
8332,419807,C’est délicieux et bon service et des personnes bien reducer merci beaucoup pour le gérant et pour l’accueil,Google Maps,American Burger,2024-05-18T21:28:42.055Z,0,Appreciation,Appreciation,Appreciation,,,Appreciation,False,1263.0,"[""food_appreciation"", ""service_appreciation"", ""place_appreciation"", ""treatment_appreciation""]",positive
7716,813185,"I recently visited American Burger in Kouba and while the food was really good, the overall experience was let down by the service. We had to wait over an hour for our order, which was incredibly frustrating. The staff didn’t seem very organised and the service definitely needs improvement. That being said, once the food finally arrived, it was worth the wait. Everything we ordered was delicious and full of flavour, and the prices were quite reasonable too – definitely not too expensive for the quality. If you’re planning to visit, don’t be surprised if there is a long wait. Hopefully they work on improving their service, because the food itself is actually great.",Google Maps,American Burger,2025-04-07T23:03:14.642Z,0,Appreciation,Complaint,Complaint,,Appreciation,Complaint,False,1263.0,"[""food_appreciation"", ""service_complaint"", ""place_complaint"", ""price_appreciation"", ""treatment_complaint""]",negative
8427,531433,Endroit simple et sympa surtout les table de terrasse. Les tacos sont les meilleurs surtout tacos steak une tuerie. Je le note 20/10 le meilleur sur Alger,Google Maps,American Burger,2023-12-20T01:08:18.692Z,0,Appreciation,Appreciation,Appreciation,,,Appreciation,False,1263.0,"[""food_appreciation"", ""service_appreciation"", ""place_appreciation"", ""treatment_appreciation""]",positive
8223,400247,"Je ne recommande absolument pas ce restaurant. Ce fut l'une des pires expériences culinaires que j'ai vécues : Les plats sont arrivés froids, et le goût était loin d'être à la hauteur comme prévu dans les vidéos et les postes sur Instagram. Les sandwichs étaient pleins de sauces et de fromage de mauvaise qualité. La viande avait une texture caoutchouteuse et un goût désagréable. La poutine et les sandwichs contenaient beaucoup trop de poivrons, ce qui donnait l'impression de manger une chakchouka. Honnêtement, je ne m'attendais pas à payer 700 DA pour un sandwich du فلفل طرشي. Ce restaurant a besoin de revoir la qualité de ses ingrédients et la préparation de ses plats. Je ne reviendrai pas, et je ne le recommande pas.",Google Maps,American Burger,2024-12-15T19:21:14.209Z,0,Complaint,,Complaint,,Complaint,,False,1263.0,"[""food_complaint"", ""place_complaint"", ""price_complaint""]",negative
7052,925967,Service au top avec Abdou souk ahrasi ! Toujours pro et sympa,Google Maps,American Burger,2025-07-10T16:52:25.777Z,0,Appreciation,,Appreciation,,,,False,1263.0,"[""food_appreciation"", ""place_appreciation""]",positive
7927,420055,Un grand remerciement a Ghilas pour un service et accueil exceptionnel avec la vraie expérience d'un burger Américain,Google Maps,American Burger,2025-02-09T21:34:32.263Z,0,Appreciation,Appreciation,Appreciation,,,Appreciation,False,1263.0,"[""food_appreciation"", ""service_appreciation"", ""place_appreciation"", ""treatment_appreciation""]",positive
6619,662173,Lieux sympa mais le service désastreux,Google Maps,American Burger,2025-09-18T22:58:59.258Z,0,,,Appreciation,,,Complaint,False,1263.0,"[""place_appreciation"", ""treatment_complaint""]",neutral
7257,529352,"The location shown on maps is for the old store (closed now), the new store is about 100 m up the same street. The restaurant is nice the food is good with large range of selection.",Google Maps,American Burger,2025-06-01T08:59:48.427Z,0,Appreciation,,Recommendation,,,,False,1263.0,"[""food_appreciation"", ""place_recommendation""]",positive
8553,137496,كليت عندهم ماشي كيما الصور والمتشور الي حطوه صراحة ماعجبنيش،,Google Maps,American Burger,2022-11-20T07:04:07.591Z,1,Complaint,,,,,,False,1263.0,"[""food_complaint""]",negative
8377,136062,"Déçu, faudrait penser a changé de nom et mettre Américain béchamel Aucun goût de fromage, Bourré de béchamel",Google Maps,American Burger,2024-04-20T21:39:33.596Z,2,Complaint,,Complaint,,,,False,1263.0,"[""food_complaint"", ""place_complaint""]",negative
8763,670558,Mauvais service (trop lent) et prix exagérés par rapport au qualité qu'on peut trouver ailleurs avec un prix meilleur,Google Maps,American Burger,2020-01-30T20:58:09.149Z,0,Complaint,Complaint,,,Complaint,,False,1263.0,"[""food_complaint"", ""service_complaint"", ""price_complaint""]",negative
6816,277245,Intoxication alimentaire suite à la prise d’un hamburger classique et poutine viande hachée. À éviter.,Google Maps,American Burger,2025-07-26T07:54:25.925Z,0,Complaint,,,,,,False,1263.0,"[""food_complaint""]",negative
8726,539031,"Excellente expérience, très bons burger, accueil et professionnalisme au top",Google Maps,American Burger,2021-02-28T16:08:15.624Z,1,Appreciation,Appreciation,Appreciation,,,Appreciation,False,1263.0,"[""food_appreciation"", ""service_appreciation"", ""place_appreciation"", ""treatment_appreciation""]",positive
7533,808136,Délicieux repas un bonne service je remercie américain berger,Google Maps,American Burger,2025-05-18T21:19:33.010Z,0,Appreciation,Appreciation,Appreciation,,,Appreciation,False,1263.0,"[""food_appreciation"", ""service_appreciation"", ""place_appreciation"", ""treatment_appreciation""]",positive
8717,539086,اليوم رحت كليت عند American Burger فلقبة نضل نشوف فتصاور ونتشها هههههه المهم دوك نعطيكم رايي من جيهة البنة بنيين يهبل من جيهة المعاملة صراحة احسن معاملة لزبائن شفتها في حياتي يهدرو بواحد لاجونتياس المعنى الحقيقي تاع يحطوك فوق راسهم و سارفيس راپيد مشي عام و كلش جديد و فريشك يعني تاكلي و عينك مغمضة و الحالة كليماتيزي ومكاش ريحة الماكلة لي تصرعك ولا ريحة لبصل والو تقول مي يطيبو ايا بعد المدح هدا كامل نجو لحاجة صغيييرة لي هي ليبري غالين شوي زايدين فيهم مالڨري ماكلة بنينة كيما قلتلكم و ميشحوش مام ليصوص على كل نوع يحطوهملك بصح مقارنة مع براقي رانا ناكلو باطل سوغتو فلمول لا علينا لكن يستاهلو صح كي تاكلي تاكلي بطبع وبلا مننساو الشي غالي يعني منيش نحاسب فيهم علاه دارو هاد ليبري هوما حرين هدي وجهة نظري برك و يعطيهم الصحة,Google Maps,American Burger,2021-06-26T09:11:34.172Z,4,Appreciation,,,,Complaint,Appreciation,False,1263.0,"[""food_appreciation"", ""price_complaint"", ""treatment_appreciation""]",positive
8131,162160,"Tout est beau, la façon dont c'est présenté et le goût des plats est légendaire",Google Maps,American Burger,2025-01-29T15:30:03.659Z,0,Appreciation,,Appreciation,,,,False,1263.0,"[""food_appreciation"", ""place_appreciation""]",positive
7790,801352,C'est le meilleur restaurant de l'Algérie je suis partie plus de 100 fois,Google Maps,American Burger,2025-03-07T14:28:25.567Z,0,,,Appreciation,,,,False,1263.0,"[""place_appreciation""]",positive
8117,535166,Mounir et yousef Meilleurs employés,Google Maps,American Burger,2025-01-29T21:32:28.299Z,0,,,,,,,True,1263.0,[],neutral
6547,276846,"J’ai eu plusieurs mauvaises expériences avec eux et c’est définitivement la dernière fois que je commande chez eux. La première fois, ils ont oublié les frites alors que je les avais payées. Je n’ai rien dit maelish. meme je l’ai appelé et ils n’ont meme pas demandé d’excuses . Une autre fois leur serveur nous a mal traités au restaurant moi et mes copines . technaf et tout J’ai laissé passer aussi. Aujourd’hui j’ai passé une commande par téléphone en demandant qu’un seul poutine contienne pas un certain élément et la surprise : les deux plats sont arrivés modifiés contrairement à ma demande ! Poutine sans champignon sans onions ! Aucun gout ! Et pour couronner le tout, ils ont encore oublié du l’eau 7etta fkerthom ! Alors que j’avais payé Ce manque de sérieux et de professionnalisme se répète trop souvent , Je ne recommande absolument pas, et plus jamais american . Khserto une cliente très tres fidele",Google Maps,American Burger,2025-11-25T19:29:05.467Z,0,Complaint,,,,,Complaint,False,1263.0,"[""food_complaint"", ""treatment_complaint""]",negative
6755,272999,Still somthing about American burger isn’t good the chess is kinda bad quality,Google Maps,American Burger,2025-08-22T13:58:04.021Z,0,Complaint,,,,,,False,1263.0,"[""food_complaint""]",negative
8338,941240,Excellent service dans toutes taches,Google Maps,American Burger,2024-05-16T18:15:37.675Z,0,,Appreciation,,,,Appreciation,False,1263.0,"[""service_appreciation"", ""treatment_appreciation""]",positive
8166,293576,Merci Mr Ghiles trés bon accueil,Google Maps,American Burger,2025-01-28T12:12:21.411Z,0,,,,,,Appreciation,False,1263.0,"[""treatment_appreciation""]",positive
7714,668869,tasty food and a very good service,Google Maps,American Burger,2025-04-09T09:42:10.572Z,0,Appreciation,,,,,Appreciation,False,1263.0,"[""food_appreciation"", ""treatment_appreciation""]",positive
8428,285245,J'y suis allée tacos vraiment simple et beaucoup trop de fromage Et j'ai eu une intoxication après moi et ma copine avec laquelle j'ai mangé on a finis chez le médecin reste à savoir ils ont mis un truc périmé où je ne sais pas,Google Maps,American Burger,2023-12-19T17:29:14.584Z,0,Complaint,,,,,,False,1263.0,"[""food_complaint""]",negative
8698,930409,Meilleur burger. Bon accueil. Propre,Google Maps,American Burger,2021-08-28T09:13:31.497Z,0,Appreciation,,Appreciation,,,Appreciation,False,1263.0,"[""food_appreciation"", ""place_appreciation"", ""treatment_appreciation""]",positive
8551,143938,عندو غاشي ماكلة بنينة سومة نص نص ماهي غالية ماهي رخيسة,Google Maps,American Burger,2022-12-05T09:02:02.909Z,1,,,,,,,True,1263.0,[],neutral
8244,799266,"Bonsoir, Le service est bien mais en ce qui concerne la bouffe tout ce que j’ai aimé c’est les frites, le reste est immangeable (je suis désolé).",Google Maps,American Burger,2024-10-17T18:01:06.125Z,0,Complaint,,Complaint,,,Appreciation,False,1263.0,"[""food_complaint"", ""place_complaint"", ""treatment_appreciation""]",negative
8413,153537,"Bonne nourriture, service très long",Google Maps,American Burger,2024-02-01T13:01:58.048Z,0,Appreciation,Complaint,,,,,False,1263.0,"[""food_appreciation"", ""service_complaint""]",neutral
8308,407869,"J'avais l'habitude de venire j'étais très satisfaite, mais cette fois si ( le 3 jour de l'Aïd) je suis vraiment desu pour la cuisine c'était pas vraiment bonne même les sauces ils ont pas le même goût d'avant ( vive le chef Hamid  ) et latente c'est troooop malgré qu'il y avait pas beaucoup de monde, pour le service c'était bien , les serveurs simpa et serviable. Merci saha 3idekom [APPRECIATION]",Google Maps,American Burger,2024-06-18T23:07:09.223Z,1,,Complaint,,,,Appreciation,False,1263.0,"[""service_complaint"", ""treatment_appreciation""]",neutral
6926,918549,"Endroit sympa, service très rapide, malgré le monde qu'il y'a, personne au petit soins. Je recommande vivement Merci pour l'accueil.",Google Maps,American Burger,2025-07-14T21:25:18.303Z,0,,Appreciation,Appreciation,,,Appreciation,False,1263.0,"[""service_appreciation"", ""place_appreciation"", ""treatment_appreciation""]",positive
8281,282840,Vous avez un service mashallah surtout oussama a l’accueil est souriant et bienveillant et lahssen le meilleur dj et islemm aussi,Google Maps,American Burger,2024-08-15T20:43:31.075Z,0,Appreciation,Appreciation,Appreciation,,,Appreciation,False,1263.0,"[""food_appreciation"", ""service_appreciation"", ""place_appreciation"", ""treatment_appreciation""]",positive
6881,417350,Alors j’ai commandé ici et vraiment c’était pas ouf le smash c’était juste du fromage tartino la viande je ne l’est presque pas senti j’avais de grande attente envers ce resto finalement très très déçu la qualité n’était vraiment pas au rendez-vous,Google Maps,American Burger,2025-07-18T15:40:46.142Z,0,Complaint,,,,,,False,1263.0,"[""food_complaint""]",negative
7829,398224,Jamais testé il paraît que c'est cher,Google Maps,American Burger,2025-03-03T14:06:10.394Z,0,,,,,Complaint,,False,1263.0,"[""price_complaint""]",negative
8607,928631,Not so fast food ;-),Google Maps,American Burger,2022-06-21T06:37:15.547Z,0,,,,,,,True,1263.0,[],neutral
7320,293851,"Parfait, j’ai apprécié le comportement des serveurs avec les clients, ils avaient l’air stressés mais ils étaient quand même aimable Ils nous ont bien accueilli la nourriture 10/10 j’ai rien à dire le restaurant est magnifique et le staff est incroyable, j’avais l’impression que j’étais avec ma famille",Google Maps,American Burger,2025-05-24T14:12:31.434Z,0,Appreciation,Appreciation,Appreciation,,,Appreciation,False,1263.0,"[""food_appreciation"", ""service_appreciation"", ""place_appreciation"", ""treatment_appreciation""]",positive
8857,932065,"Trés bon, viande fraiche, toute les sauces dispo, magnifique, un peu étroit j'aime bien",Google Maps,American Burger,2017-06-29T10:46:14.043Z,1,Appreciation,,Appreciation,,,,False,1263.0,"[""food_appreciation"", ""place_appreciation""]",positive
8300,675965,généreux et bon !,Google Maps,American Burger,2024-07-14T12:33:21.584Z,0,Appreciation,,,,,,False,1263.0,"[""food_appreciation""]",positive
8098,413805,Le service de monsieur issam machaalh Bon courage à toi monsieur,Google Maps,American Burger,2025-02-02T18:47:09.901Z,0,,,,,,appreciation,False,1263.0,"[""treatment_appreciation""]",positive
8099,408145,Je remercie toute l'équipe surtout ghiles,Google Maps,American Burger,2025-02-01T20:56:24.434Z,0,,,,,,Appreciation,False,1263.0,"[""treatment_appreciation""]",positive
8858,283392,"Accueil nullissime, pas un seul mot poli, pas un seul sourire en plus d'une attente interminable (45 minutes pour 2 burgers). Servir n'est pas donné à tout le monde.",Google Maps,American Burger,2017-06-28T14:22:39.949Z,1,Complaint,Complaint,Complaint,,,Complaint,False,1263.0,"[""food_complaint"", ""service_complaint"", ""place_complaint"", ""treatment_complaint""]",negative
8130,273179,Mounir Cest bon,Google Maps,American Burger,2025-01-29T17:58:07.672Z,0,appreciation,,,,,appreciation,False,1263.0,"[""food_appreciation"", ""treatment_appreciation""]",positive
8836,413833,Très bonne bouffe mais l'endroit est très petit,Google Maps,American Burger,2018-02-03T15:38:52.339Z,1,Appreciation,,Complaint,,,,False,1263.0,"[""food_appreciation"", ""place_complaint""]",neutral
8850,424865,"Un endroit très très petit ! Durée d'attente jusqu'à 45 min pour un burger "" ordinaire""",Google Maps,American Burger,2017-10-21T01:37:44.961Z,0,,Complaint,Complaint,,,Complaint,False,1263.0,"[""service_complaint"", ""place_complaint"", ""treatment_complaint""]",negative
7011,931353,Un super bon repas dans un endroit trop beau ! On a passé un super moment avec les amis. Un grand merci à Abdou et Adem pour l’accueil et le service au top. Merci beaucoup,Google Maps,American Burger,2025-07-12T01:08:08.515Z,0,Appreciation,Appreciation,Appreciation,,,Appreciation,False,1263.0,"[""food_appreciation"", ""service_appreciation"", ""place_appreciation"", ""treatment_appreciation""]",positive
8690,931315,Sincèrement j'ai vrm aimé ! Bon Accueil et service propre en plus de ça les serveurs sont très sympatiques Les tacos et burgers sont très bon nous avons bien appréciés j'enlève juste une étoile pour le temps d'attente,Google Maps,American Burger,2021-09-14T08:11:38.673Z,0,Appreciation,Appreciation,Appreciation,,,Appreciation,False,1263.0,"[""food_appreciation"", ""service_appreciation"", ""place_appreciation"", ""treatment_appreciation""]",positive
8691,144870,"- Endroit Sympa - Nourriture Normal 3/10, rien de fameux",Google Maps,American Burger,2021-09-13T16:03:29.886Z,2,Complaint,,Appreciation,,,,False,1263.0,"[""food_complaint"", ""place_appreciation""]",neutral
8524,142290,"Le personnel sympa, la bouffe très bonne, service un peu long",Google Maps,American Burger,2023-03-20T21:07:17.598Z,0,Appreciation,Complaint,Appreciation,,,Appreciation,False,1263.0,"[""food_appreciation"", ""service_complaint"", ""place_appreciation"", ""treatment_appreciation""]",positive
8283,669358,"Trop bon , service rapide , satisfaisant",Google Maps,American Burger,2024-08-14T18:37:32.936Z,0,Appreciation,Appreciation,Appreciation,,,,False,1263.0,"[""food_appreciation"", ""service_appreciation"", ""place_appreciation""]",positive
8588,676044,"Nous avons commandé chez eux pour ce midi, la commande était chez nous en 25 minutes! Les frites sont arrivées intactes et les burgers (egg et hollandia) étaient très bons.",Google Maps,American Burger,2022-07-26T23:28:41.644Z,1,Appreciation,,Appreciation,Appreciation,,,False,1263.0,"[""food_appreciation"", ""place_appreciation"", ""delivery_appreciation""]",positive
8658,797478,C'était bon,Google Maps,American Burger,2021-12-03T08:43:42.419Z,0,Appreciation,,Appreciation,,,,False,1263.0,"[""food_appreciation"", ""place_appreciation""]",positive
6779,407112,"Une très bonne expérience culinaire, c’est très bon et les prix sont corrects. personnel professionnel, les lieux sont propres.",Google Maps,American Burger,2025-08-14T20:41:06.233Z,0,Appreciation,,Appreciation,,Appreciation,Appreciation,False,1263.0,"[""food_appreciation"", ""place_appreciation"", ""price_appreciation"", ""treatment_appreciation""]",positive
8282,547247,Le nom est American burger mais il n'a rien n'avoir avec les burgers. Servis très froid en plus y'a aucun goût de la viande que des sauces et du pain ‍ On a pris un Forest et un fish mais c'était du pain avec des sauces Dégradation totale .,Google Maps,American Burger,2024-08-14T22:32:08.594Z,2,Complaint,Complaint,Complaint,,Complaint,Complaint,False,1263.0,"[""food_complaint"", ""service_complaint"", ""place_complaint"", ""price_complaint"", ""treatment_complaint""]",negative
8051,145712,Service masha Allah,Google Maps,American Burger,2025-02-04T13:08:16.463Z,0,,,Appreciation,,,,False,1263.0,"[""place_appreciation""]",positive
8082,677963,"Depuis des années que je fréquente American burger et je n’ai jamais été déçu. La qualité reste constante, les burgers sont toujours aussi bons on sent vraiment la bonne qualité des ingrédients et les frites sont un vrai régal. Le service est rapide, mais ce qui fait vraiment la différence, c’est l’accueil toujours aussi chaleureux. Merci pour votre professionnalisme !",Google Maps,American Burger,2025-02-03T12:41:40.413Z,0,Appreciation,Appreciation,Appreciation,,,Appreciation,False,1263.0,"[""food_appreciation"", ""service_appreciation"", ""place_appreciation"", ""treatment_appreciation""]",positive
8111,535771,"L’un des meilleurs sur Alger. Je mange chez eux depuis très longtemps, ils travaillent avec des produits frais. Le service est vraiment excellent, ils ont une équipe à l’ecoute et très actifs, un spécial remerciement à Mounir qui est toujours au petit soin.",Google Maps,American Burger,2025-01-30T18:30:57.814Z,0,Appreciation,Appreciation,Appreciation,,,Appreciation,False,1263.0,"[""food_appreciation"", ""service_appreciation"", ""place_appreciation"", ""treatment_appreciation""]",positive
6838,525036,Le service était excellent surtout chaima est adorable merci bcp,Google Maps,American Burger,2025-07-24T11:57:25.343Z,0,,Appreciation,,,,Appreciation,False,1263.0,"[""service_appreciation"", ""treatment_appreciation""]",positive
6608,678780,"Fromage savon sur tout les plans. Tacos , poutine . À evité",Google Maps,American Burger,2025-10-24T22:51:11.683Z,0,complaint,,,,,,False,1263.0,"[""food_complaint""]",negative
8592,677526,"Service nul, 45 minutes pour un tacos à emporter et le pire ils ce sont trompé de commande",Google Maps,American Burger,2022-07-21T13:44:37.243Z,1,Complaint,Complaint,Complaint,,,Complaint,False,1263.0,"[""food_complaint"", ""service_complaint"", ""place_complaint"", ""treatment_complaint""]",negative
7707,546484,Experience très agréable très bonne ambiance avec de la bonne nourriture de qualité,Google Maps,American Burger,2025-04-16T21:05:24.345Z,0,Appreciation,Appreciation,Appreciation,,,Appreciation,False,1263.0,"[""food_appreciation"", ""service_appreciation"", ""place_appreciation"", ""treatment_appreciation""]",positive
7089,154412,الأسعار  الجودة,Google Maps,American Burger,2025-07-07T10:35:55.356Z,0,,,,,Appreciation,,False,1263.0,"[""price_appreciation""]",positive
6741,928110,"Franchement le meilleur burger d’Alger, numéro 1 sans hésitation ! Malgré le monde incroyable ce jour-là, le service a été d’une rapidité impressionnante et le personnel toujours souriant et professionnel. On a été servis très rapidement et avec une grande attention. Les burgers sont tout simplement délicieux, généreux et bien préparés. Une adresse incontournable que je recommande à 100 % !",Google Maps,American Burger,2025-08-24T11:49:58.342Z,0,Appreciation,Appreciation,Appreciation,,,Appreciation,False,1263.0,"[""food_appreciation"", ""service_appreciation"", ""place_appreciation"", ""treatment_appreciation""]",positive
6613,285627,Un beau restaurant Les Prix sont raisonnables La nourriture est bonne sauf qu'elle est pas chaudes. Les sandwichs sont préparés a l'avance vu la rapidité du service 5mn après la commande ont a reçu notre commande.,Google Maps,American Burger,2025-09-21T12:51:02.431Z,0,Complaint,Appreciation,Appreciation,,Appreciation,Appreciation,False,1263.0,"[""food_complaint"", ""service_appreciation"", ""place_appreciation"", ""price_appreciation"", ""treatment_appreciation""]",positive
8581,678830,"Moi j'ai commandé un poutine boulet, c'était bon et bien gratiné sauf que ça contient une bonne quantité de frites en plus qui ne sont pas bien cuit donc immangeable, aussi ce que je n'ai pas aimé que le gratin était servi dans une boîte en aluminium avec des fourchettes en plastique ! Pour les prix je trouve que c'est raisonnable, sanitaires disponibles, stationnement pas toujours disponible, entre 12h et 14h y'a beaucoup de monde et les tables sont toutes occupées, donc il faut faire la queue lol Enfin je passerai quand même une autre fois inchallah pour déguster les burgers.",Google Maps,American Burger,2022-09-02T17:14:40.981Z,8,Complaint,Complaint,Appreciation,,Appreciation,,False,1263.0,"[""food_complaint"", ""service_complaint"", ""place_appreciation"", ""price_appreciation""]",neutral
8577,657117,"The best tacos gratiné! durée d'attente très acceptable par rapport au nombre des clients, personnelle gentil, à écoute, service organisé 10/10, le goût du Tacos gratiné soit poulet ou l'autre type chiken 10/10, propreté 10/10, parfois c'est difficile de trouver où stationner, et climatisation un peu faible, je le recommande sans hésitation.",Google Maps,American Burger,2022-09-09T22:47:13.558Z,1,Appreciation,Appreciation,,,,Appreciation,False,1263.0,"[""food_appreciation"", ""service_appreciation"", ""treatment_appreciation""]",positive
7713,528666,Service très lent et il y’a pas de stationnement et les prix sont raisonnables et bcp de fautes de commande,Google Maps,American Burger,2025-04-11T19:34:17.533Z,0,Complaint,Complaint,Complaint,,Appreciation,Complaint,False,1263.0,"[""food_complaint"", ""service_complaint"", ""place_complaint"", ""price_appreciation"", ""treatment_complaint""]",negative
7731,815286,Youcef très professionnel,Google Maps,American Burger,2025-04-05T21:52:52.364Z,0,,,,,,Appreciation,False,1263.0,"[""treatment_appreciation""]",positive
8192,159923,"nulle, les plats sont plein de gras et huile, en plus vous utilisez que du préparation fromagère. les tables sont si petites et étroites que le dîner était inconfortable",Google Maps,American Burger,2024-12-31T22:54:19.712Z,0,Complaint,,Complaint,,,,False,1263.0,"[""food_complaint"", ""place_complaint""]",negative
8106,922024,"Très déçu nta makmeltch makelteuk w yji ykhamalek fi wejhak , c'est un manque de respect , mauvais comportement dommage j'ai tjr aimé cette endroit, mais c'est la dernière fois",Google Maps,American Burger,2025-01-30T21:37:58.318Z,0,Complaint,,Complaint,,,Complaint,False,1263.0,"[""food_complaint"", ""place_complaint"", ""treatment_complaint""]",negative
8087,266670,"Service très rapide, personnel très aimable surtout Aissam, rien à redire.",Google Maps,American Burger,2025-02-03T11:55:29.899Z,0,Appreciation,Appreciation,Appreciation,,,Appreciation,False,1263.0,"[""food_appreciation"", ""service_appreciation"", ""place_appreciation"", ""treatment_appreciation""]",positive
8597,395633,taste delicious waiting time was a bit long the bun's were dry but overall 9/10,Google Maps,American Burger,2022-07-07T22:26:40.438Z,0,Appreciation,Complaint,Appreciation,,,,False,1263.0,"[""food_appreciation"", ""service_complaint"", ""place_appreciation""]",positive
8835,292456,On mange bien chez Américain Burger,Google Maps,American Burger,2018-02-15T21:43:03.873Z,0,appreciation,,,,,,False,1263.0,"[""food_appreciation""]",positive
6504,660137,J'aime le spot mais pas vraiment la bouffe,Google Maps,American Burger,2025-12-26T19:19:09.334Z,0,complaint,,appreciation,,,,False,1263.0,"[""food_complaint"", ""place_appreciation""]",neutral
8238,796879,J'ai pris un hamburger forest et un pote in poulet pannè ils sont trop bon et un très bonne service de la part de mustapha,Google Maps,American Burger,2024-10-22T11:06:28.039Z,0,Appreciation,Appreciation,Appreciation,,,Appreciation,False,1263.0,"[""food_appreciation"", ""service_appreciation"", ""place_appreciation"", ""treatment_appreciation""]",positive
6633,547759,"Salut, vraiment la nourriture elle était super bonne. mais les deux jeunes li khedmu f le comptoir aujourd'hui sont vraiment Matchii metrebyin hebu yedu mon num bedra3 ana w ma sœur et ki mahbinach teyehellna Wahed fihum vraiment hadi haja inacceptable et dommage pour un restaurant comme américain burger",Google Maps,American Burger,2025-09-11T00:53:18.190Z,0,Appreciation,Complaint,Complaint,,,Complaint,False,1263.0,"[""food_appreciation"", ""service_complaint"", ""place_complaint"", ""treatment_complaint""]",negative
8057,131934,Top de top mashallah,Google Maps,American Burger,2025-02-03T19:52:19.664Z,0,,,Appreciation,,,,False,1263.0,"[""place_appreciation""]",positive
7726,405650,"Un excellent rapport qualité-prix, un accueil chaleureux et les règles d'hygiène sont très respectées Un endroit à découvrir!",Google Maps,American Burger,2025-04-07T08:30:09.444Z,1,Appreciation,,Appreciation,,Appreciation,,False,1263.0,"[""food_appreciation"", ""place_appreciation"", ""price_appreciation""]",positive
8236,131993,On a pris deux burgers forestier et fish burger c était savoureux succulent le pain est très bon,Google Maps,American Burger,2024-11-01T09:12:57.369Z,0,Appreciation,,,,,,False,1263.0,"[""food_appreciation""]",positive
8625,153031,"Un désastre vraiment. Un vrai désastre , service nulle, service casi-inexsistant. Le serveur n’a meme pas pris la peine de debarasser la table. Les frites etaient a moitier cuites comme ce du chaway pourri. Il n’ecrit pas les commendes et se trompe, parterre degeullase. Ils n’ont meme pas ramené les serviettes malgré qu’on a du redemander 3 ou 4 fois. Franchement les serveurs sont tous a renvoyer deja un manque d’effective attroce. Plus jamais ici, perte d’argentet de temps.",Google Maps,American Burger,2022-05-20T22:20:53.281Z,1,Complaint,Complaint,,,,Complaint,False,1263.0,"[""food_complaint"", ""service_complaint"", ""treatment_complaint""]",negative
6720,284785,I came here the first time with my husband and I was very impressed with the food and service. However I went back the To ask time and I was given old bread and the burger was not up to expectations. I had to ask for them to make it again and the chips was so oily and old They also wasn’t anywhere to change my babies nappy. The only good thing is the quick service,Google Maps,American Burger,2025-09-01T14:21:50.107Z,0,Complaint,Appreciation,Appreciation,,,Appreciation,False,1263.0,"[""food_complaint"", ""service_appreciation"", ""place_appreciation"", ""treatment_appreciation""]",positive
8259,798964,"Les serveurs font que bavarder à haute voix et quand tu leur demandes quelques choses t9ol rak tetleb 3lihom il ne font pas leur travail , une fois j’ai fait une commande par téléphone il ont annulé sans me prévenir alors que 9alouli dok chuia tlhe9",Google Maps,American Burger,2024-09-14T11:22:14.321Z,0,,,,Complaint,,Complaint,False,1263.0,"[""delivery_complaint"", ""treatment_complaint""]",negative
8472,546946,Acceptable mais ne vaut pas les prix qui sont exagérés,Google Maps,American Burger,2023-08-22T09:02:42.005Z,1,Appreciation,,,,Complaint,,False,1263.0,"[""food_appreciation"", ""price_complaint""]",neutral
6584,929779,أكل سيء إستخدام جبن سيء الجودة، أسعار مبالغ فيها، كنصيحة لا يستحق الزيارة و تضييع الأموال,Google Maps,American Burger,2025-11-12T20:48:39.339Z,0,Complaint,,,,Complaint,,False,1263.0,"[""food_complaint"", ""price_complaint""]",negative
8094,798924,"Experience culinaire unique , lah ybarek !",Google Maps,American Burger,2025-02-02T21:02:26.955Z,0,Appreciation,,Appreciation,,,Appreciation,False,1263.0,"[""food_appreciation"", ""place_appreciation"", ""treatment_appreciation""]",positive
8321,263103,Un très bon service de Américain burger,Google Maps,American Burger,2024-05-21T21:30:51.418Z,0,,Appreciation,,,,,False,1263.0,"[""service_appreciation""]",positive
8528,131952,C'était pas comme avant c'était vraiment vraiment pas bon,Google Maps,American Burger,2023-03-03T20:15:35.102Z,2,Complaint,,,,,,False,1263.0,"[""food_complaint""]",negative
8757,274444,"Des hamburgers excellent, surtout le Holandia. Des tacos poulet aussi pas mal. Par contre Le service est un petit peu long. Une augmentation des prix ressenti.",Google Maps,American Burger,2020-02-16T20:01:40.808Z,0,Appreciation,Complaint,,,Complaint,,False,1263.0,"[""food_appreciation"", ""service_complaint"", ""price_complaint""]",negative
8655,799454,غالي بزاف,Google Maps,American Burger,2021-12-11T08:29:11.068Z,0,,,,,Complaint,,False,1263.0,"[""price_complaint""]",negative
8711,525499,"Une bonne bouf, mais le resto est un peut petit",Google Maps,American Burger,2021-07-09T01:02:08.581Z,0,Appreciation,,Complaint,,,,False,1263.0,"[""food_appreciation"", ""place_complaint""]",neutral
8402,144715,يعطيكم الصحة,Google Maps,American Burger,2024-02-27T13:53:59.958Z,0,,,,,,,True,1263.0,[],neutral
6659,415129,"Nice atmosphere, friendly stuff , delicious food as always [APPRECIATION]",Google Maps,American Burger,2025-09-08T14:10:34.950Z,0,Appreciation,Appreciation,Appreciation,,,Appreciation,False,1263.0,"[""food_appreciation"", ""service_appreciation"", ""place_appreciation"", ""treatment_appreciation""]",positive
6587,525514,"Excellent, les prix peuvent être légèrement élevée mais la qualité en retour est excellente !",Google Maps,American Burger,2025-11-06T10:08:06.954Z,0,Appreciation,,,,Complaint,,False,1263.0,"[""food_appreciation"", ""price_complaint""]",neutral
6660,273531,"J'ai adoré ma soirée dans ce restaurant ! La cuisine est délicieuse, avec des plats savoureux et bien présentés. Le service est impeccable, l'équipe est à la fois professionnelle et très sympathique. C'est l'endroit parfait pour passer un bon moment, que ce soit en famille ou entre amis. Je recommande vivement et j'ai hâte d'y retourner !",Google Maps,American Burger,2025-09-08T14:01:27.183Z,0,Appreciation,Appreciation,Appreciation,,,Appreciation,False,1263.0,"[""food_appreciation"", ""service_appreciation"", ""place_appreciation"", ""treatment_appreciation""]",positive
8776,668862,"The best burger in town , bravo !",Google Maps,American Burger,2019-10-21T11:49:33.764Z,1,Appreciation,,,,,,False,1263.0,"[""food_appreciation""]",positive
8466,262877,"On a décidé d'aller manger des tacos chez americain Burger, Tout d'abord, l'accueil était catastrophique, le mépris , et les prix sont élevés par apport à la quantité",Google Maps,American Burger,2023-09-03T21:23:21.478Z,2,,Complaint,,,Complaint,Complaint,False,1263.0,"[""service_complaint"", ""price_complaint"", ""treatment_complaint""]",negative
6918,808659,味道还不错 价格也实惠 Midou et Chaima et Ghiles 几个服务员都非常不错,Google Maps,American Burger,2025-07-16T15:30:27.878Z,0,,,,,,,True,1263.0,[],neutral
7649,144565,Parfaite,Google Maps,American Burger,2025-05-10T12:52:46.663Z,0,,,appreciation,,,,False,1263.0,"[""place_appreciation""]",positive
8013,672816,Les meilleurs burgers d'Algérie. Conseille a tout le monde,Google Maps,American Burger,2021-04-13T15:31:26.228Z,0,Appreciation,,,,,,False,1264.0,"[""food_appreciation""]",positive
7062,534651,"J’ai mangé chez American Burger et c’était vraiment super bon ! Les portions sont très généreuses, le burger était délicieux, bien garni et parfaitement cuit. Franchement, tout était bon du début à la fin. Si vous cherchez un bon endroit pour manger un burger savoureux et copieux, je recommande à 100%!",Google Maps,American Burger,2025-05-13T21:32:50.342Z,0,Appreciation,Appreciation,Appreciation,,,Appreciation,False,1264.0,"[""food_appreciation"", ""service_appreciation"", ""place_appreciation"", ""treatment_appreciation""]",positive
7339,526133,"J'ai passé une bonne expérience et leurs nourriture est très bonne et le service était accueillant chaleureux, et le serveur Mounir était gentil rigolos et sympas. et il faut leur rajouter de la force",Google Maps,American Burger,2024-12-27T19:41:26.825Z,0,Appreciation,Appreciation,Appreciation,,,Appreciation,False,1264.0,"[""food_appreciation"", ""service_appreciation"", ""place_appreciation"", ""treatment_appreciation""]",positive
6648,405755,"Loved it , very delicious",Google Maps,American Burger,2025-10-25T14:35:14.084Z,0,Appreciation,Appreciation,Appreciation,,,Appreciation,False,1264.0,"[""food_appreciation"", ""service_appreciation"", ""place_appreciation"", ""treatment_appreciation""]",positive
7965,419726,"C'est le meilleur tacos que j'ai mangé, très belle place et les prix raisonnables",Google Maps,American Burger,2021-12-25T05:56:19.184Z,1,Appreciation,Appreciation,Appreciation,,Appreciation,Appreciation,False,1264.0,"[""food_appreciation"", ""service_appreciation"", ""place_appreciation"", ""price_appreciation"", ""treatment_appreciation""]",positive
6822,798685,"Petit restaurant mais Le hamburger était vraiment délicieux, surtout le Forest qui était un vrai régal. Nous avons aussi été très bien servis par Mounir, merci à lui pour son accueil chaleureux. Merci à toute l’équipe !",Google Maps,American Burger,2025-07-29T20:16:55.740Z,0,Appreciation,Appreciation,Appreciation,,,Appreciation,False,1264.0,"[""food_appreciation"", ""service_appreciation"", ""place_appreciation"", ""treatment_appreciation""]",positive
7521,135553,Une dinguerie! Leurs tacos sont les meilleurs que j ’ai mangé de ma vie. Encore meilleurs que les tacos de France,Google Maps,American Burger,2024-01-18T16:32:36.625Z,0,Appreciation,Appreciation,Appreciation,,,Appreciation,False,1264.0,"[""food_appreciation"", ""service_appreciation"", ""place_appreciation"", ""treatment_appreciation""]",positive
7984,790585,Nul de chez nul pas bon dutout on vas pas revenir c'est sûre surtout les hamburger zéro pas bon conseil éviter le pain industriel et faîtes le vous même peut être que sa sera mieux,Google Maps,American Burger,2021-11-27T17:46:37.090Z,2,Complaint,,Complaint,,,Complaint,False,1264.0,"[""food_complaint"", ""place_complaint"", ""treatment_complaint""]",negative
7271,543740,"Tres serviable et aimable comme personnes , Mounir avec son sourire eclatant en recevant les clients , sans parler de la bouffe bonne et bien cuite ( au dessus de tout la viande qui est delicate pour moi perso ) Merci beaucoup à vous !",Google Maps,American Burger,2025-01-06T14:00:27.667Z,0,Appreciation,Appreciation,Appreciation,,,Appreciation,False,1264.0,"[""food_appreciation"", ""service_appreciation"", ""place_appreciation"", ""treatment_appreciation""]",positive
6704,401445,Magnifique endroit et très bon plats,Google Maps,American Burger,2025-10-07T12:32:24.400Z,0,Appreciation,,Appreciation,,,,False,1264.0,"[""food_appreciation"", ""place_appreciation""]",positive
7223,682045,Une très bonne expérience Le burger est grand et délicieux,Google Maps,American Burger,2025-04-06T14:49:27.247Z,0,Appreciation,,Appreciation,,,,False,1264.0,"[""food_appreciation"", ""place_appreciation""]",positive
6904,550211,"Personnel très sympathique et serviable , je recommande",Google Maps,American Burger,2025-07-11T21:05:59.835Z,0,,Appreciation,,,,Appreciation,False,1264.0,"[""service_appreciation"", ""treatment_appreciation""]",positive
6866,160207,Super sympa merci beaucoup pour le service,Google Maps,American Burger,2025-07-17T17:04:00.174Z,0,,Appreciation,Appreciation,,,Appreciation,False,1264.0,"[""service_appreciation"", ""place_appreciation"", ""treatment_appreciation""]",positive
7027,405370,Personnel très agréable et service très Rapide merci beaucoup,Google Maps,American Burger,2025-05-20T14:04:30.957Z,0,Appreciation,Appreciation,Appreciation,,,Appreciation,False,1264.0,"[""food_appreciation"", ""service_appreciation"", ""place_appreciation"", ""treatment_appreciation""]",positive
7778,139806,Service rapide et une très bonne bouffe je recommande,Google Maps,American Burger,2023-06-04T22:05:22.390Z,0,Appreciation,Appreciation,Appreciation,,,Appreciation,False,1264.0,"[""food_appreciation"", ""service_appreciation"", ""place_appreciation"", ""treatment_appreciation""]",positive
7986,424732,"Meilleur burger en Algérie sans oublier le sandwich très bon service rapide et accueil chaleureux je recommande vivement , allez y tous .",Google Maps,American Burger,2021-11-14T15:18:09.463Z,0,Appreciation,Appreciation,Appreciation,,,Appreciation,False,1264.0,"[""food_appreciation"", ""service_appreciation"", ""place_appreciation"", ""treatment_appreciation""]",positive
6944,286133,"Éclate au sol,",Google Maps,American Burger,2025-06-29T13:27:08.486Z,0,,,,,,,True,1264.0,[],neutral
7519,686787,Good but expensive,Google Maps,American Burger,2024-01-29T14:18:35.213Z,0,Appreciation,,,,Complaint,,False,1264.0,"[""food_appreciation"", ""price_complaint""]",neutral
6733,944387,Meme leurs burgers sont healthy- everything is fresh - and the welcome and service is perfect!,Google Maps,American Burger,2025-09-28T12:13:02.171Z,0,Appreciation,Appreciation,Appreciation,,,Appreciation,False,1264.0,"[""food_appreciation"", ""service_appreciation"", ""place_appreciation"", ""treatment_appreciation""]",positive
6789,135175,"Personnel très aimable qui prend le temps de vous conseiller. Menu riche, je recommande vivement",Google Maps,American Burger,2025-08-12T12:20:59.899Z,0,Appreciation,Appreciation,Appreciation,,,Appreciation,False,1264.0,"[""food_appreciation"", ""service_appreciation"", ""place_appreciation"", ""treatment_appreciation""]",positive
7992,926390,"Excellents burger. Les meilleurs d'Alger. Très bon accueil et service. Par contre pas beaucoup de stationnement. J'ai dû me garer en deuxième position pour récupérer ma commande, mais dès qu'ils m'ont vue ils me l'ont apportée à la voiture. Port de bavette respecté",Google Maps,American Burger,2021-08-16T07:57:30.300Z,1,Appreciation,Appreciation,Appreciation,,,Appreciation,False,1264.0,"[""food_appreciation"", ""service_appreciation"", ""place_appreciation"", ""treatment_appreciation""]",positive
7757,161763,"J’ai acheté hier soir un tacos viande et j’ai attrapé une intoxication, je vous le déconseille [COMPLAINT]",Google Maps,American Burger,2023-06-22T21:13:44.192Z,1,Complaint,,,,,,False,1264.0,"[""food_complaint""]",negative
6972,147952,"Burger magnifique un délire de goût et de fraîcheur, le staff de Saïd hamdine est très sympathique un accueil chaleureux et un service fast et efficiency",Google Maps,American Burger,2025-06-19T22:43:17.460Z,0,Appreciation,Appreciation,Appreciation,,,Appreciation,False,1264.0,"[""food_appreciation"", ""service_appreciation"", ""place_appreciation"", ""treatment_appreciation""]",positive
7415,138160,"Superbe expérience ! Un accueil chaleureux dès l'entrée, une équipe attentionnée et professionnelle tout au long du repas. Je recommande vivement ce restaurant et j'y retournerai sans hésiter !",Google Maps,American Burger,2024-11-05T12:31:52.626Z,0,Appreciation,Appreciation,Appreciation,,,Appreciation,False,1264.0,"[""food_appreciation"", ""service_appreciation"", ""place_appreciation"", ""treatment_appreciation""]",positive
7063,421740,Service rapide et un très bon tacos merci beaucoup,Google Maps,American Burger,2025-05-13T18:51:04.281Z,0,Appreciation,Appreciation,Appreciation,,,Appreciation,False,1264.0,"[""food_appreciation"", ""service_appreciation"", ""place_appreciation"", ""treatment_appreciation""]",positive
7809,280562,"Some very good food options, but hard to find parking spots there.",Google Maps,American Burger,2023-01-17T08:12:11.493Z,0,Appreciation,Appreciation,Appreciation,,,Appreciation,False,1264.0,"[""food_appreciation"", ""service_appreciation"", ""place_appreciation"", ""treatment_appreciation""]",positive
7416,153380,"I ordered a Philly cheese steak sandwich and a Philly cheese chicken. While the chicken sandwich was quite good, the steak sandwich was a huge letdown. The meat was tough and chewy, and it just didn’t taste good at all. Definitely expected better quality for a classic like Philly cheese steak.",Google Maps,American Burger,2024-10-28T16:56:04.712Z,0,Complaint,,,,,,False,1264.0,"[""food_complaint""]",negative
6645,147531,Music trop forte et vulgaire ont se croirait dans une boîte de nuit je ne reviendrai plus et je déconseille,Google Maps,American Burger,2025-11-06T16:36:06.494Z,0,,,Complaint,,,,False,1264.0,"[""place_complaint""]",negative
7071,159588,Super expérience ! Cuisine et service au top. Un grand merci à Mounir pour son accueil chaleureux et son professionnalisme. On reviendra avec plaisir !,Google Maps,American Burger,2025-05-07T12:37:17.255Z,0,Appreciation,Appreciation,Appreciation,,,Appreciation,False,1264.0,"[""food_appreciation"", ""service_appreciation"", ""place_appreciation"", ""treatment_appreciation""]",positive
7334,396043,Vraiment un service incroyable,Google Maps,American Burger,2024-12-31T22:19:22.043Z,0,,,Appreciation,,,,False,1264.0,"[""place_appreciation""]",positive
7003,405134,"On a passé un agréable moment avec un service très professionnel, attentionnés , la rapidité , la propreté , tout été à la hauteur , je l’es remercie et une mention spéciale à Mounir  [APPRECIATION]",Google Maps,American Burger,2025-06-01T19:21:08.469Z,0,Appreciation,Appreciation,Appreciation,,,Appreciation,False,1264.0,"[""food_appreciation"", ""service_appreciation"", ""place_appreciation"", ""treatment_appreciation""]",positive
6745,685339,"Les burgers sont très bon , les frites un peu moins. Service assez rapide.",Google Maps,American Burger,2025-09-14T22:41:57.971Z,0,Complaint,Appreciation,,,,,False,1264.0,"[""food_complaint"", ""service_appreciation""]",neutral
6914,139789,"Food is good, the team is adorable, service fast well done American Burger",Google Maps,American Burger,2025-07-07T13:44:51.209Z,0,,,,,,,True,1264.0,[],neutral
7751,673318,Une dégradation par rapport au début,Google Maps,American Burger,2023-10-01T05:57:59.816Z,0,,,complaint,,,,False,1264.0,"[""place_complaint""]",negative
7427,410817,"Very good and friendly staff, definitely recommend",Google Maps,American Burger,2024-10-17T14:42:09.126Z,0,Appreciation,Appreciation,Appreciation,,,Appreciation,False,1264.0,"[""food_appreciation"", ""service_appreciation"", ""place_appreciation"", ""treatment_appreciation""]",positive
7460,542430,Livraison rapide mais on a été très déçu par les frites froides et dures on dirait du réchauffé c'est dommage,Google Maps,American Burger,2024-08-11T21:12:40.203Z,1,Complaint,,,Appreciation,,,False,1264.0,"[""food_complaint"", ""delivery_appreciation""]",neutral
6753,424943,"Franchement, Mash’Allah  ! [APPRECIATION]",Google Maps,American Burger,2025-09-02T12:36:51.318Z,0,,,,,,,True,1264.0,[],neutral
7456,279664,Merci à toute l’équipe pour son accueil et son sens du service,Google Maps,American Burger,2024-09-23T16:14:47.003Z,0,,Appreciation,Appreciation,,,Appreciation,False,1264.0,"[""service_appreciation"", ""place_appreciation"", ""treatment_appreciation""]",positive
7422,157318,Un grand merci pour le personnel et son excellent travail  [APPRECIATION],Google Maps,American Burger,2024-10-20T15:55:37.817Z,0,,Appreciation,Appreciation,,,Appreciation,False,1264.0,"[""service_appreciation"", ""place_appreciation"", ""treatment_appreciation""]",positive
6778,673579,"Dès que l’on franchit la porte du American Burger de Said Hamdine, on comprend que l’on s’apprête à vivre une expérience culinaire qui dépasse le simple repas. L’accueil, chaleureux et sans prétention, donne immédiatement le ton : ici, on sert l’excellence avec le sourire, sans en faire un spectacle. Le menu, habile mélange de traditions américaines et de touches contemporaines, célèbre les produits locaux avec un sens aigu du détail.",Google Maps,American Burger,2025-08-13T20:31:02.047Z,0,Appreciation,Appreciation,Appreciation,,,Appreciation,False,1264.0,"[""food_appreciation"", ""service_appreciation"", ""place_appreciation"", ""treatment_appreciation""]",positive
7243,527618,CT trop bon et superbe team,Google Maps,American Burger,2025-01-27T11:39:20.573Z,0,,,Appreciation,,,,False,1264.0,"[""place_appreciation""]",positive
7030,808421,"Personnes très agréable, Franchement je suis très satisfaite, merci pour votre professionnalisme.",Google Maps,American Burger,2025-05-18T14:53:03.866Z,0,Appreciation,Appreciation,Appreciation,,,Appreciation,False,1264.0,"[""food_appreciation"", ""service_appreciation"", ""place_appreciation"", ""treatment_appreciation""]",positive
6768,161889,Mais vraiment catastrophique,Google Maps,American Burger,2025-08-28T20:22:34.282Z,0,,,complaint,,,,False,1264.0,"[""place_complaint""]",negative
7783,140028,"Des employés qui vous ricanent au visage, service lent, très mauvaise fréquentation à l'image de ceux qui travaillent dans ce lieu ! Je n'ai qu'une seule chose à dire FUYEZ! Si on pouvait noter sur Google moins qu'une étoile je l'aurais fait.",Google Maps,American Burger,2023-03-15T14:46:31.558Z,1,Complaint,Complaint,Complaint,,,Complaint,False,1264.0,"[""food_complaint"", ""service_complaint"", ""place_complaint"", ""treatment_complaint""]",negative
6869,676166,Bravo et merci beaucoup pour l'accueil personnel très sympa très à l'écoute je reviendrai sûrement,Google Maps,American Burger,2025-07-15T23:07:45.131Z,0,Appreciation,Appreciation,Appreciation,,,Appreciation,False,1264.0,"[""food_appreciation"", ""service_appreciation"", ""place_appreciation"", ""treatment_appreciation""]",positive
6828,665583,"Personnels sympathique et professionnel, Bravo !",Google Maps,American Burger,2025-07-24T13:36:43.037Z,0,Appreciation,Appreciation,Appreciation,,,Appreciation,False,1264.0,"[""food_appreciation"", ""service_appreciation"", ""place_appreciation"", ""treatment_appreciation""]",positive
7076,393707,Bonsoir établissement très accueillant propre pour une première fois j’ai adoré,Google Maps,American Burger,2025-04-26T20:08:39.374Z,0,,Appreciation,Appreciation,,,Appreciation,False,1264.0,"[""service_appreciation"", ""place_appreciation"", ""treatment_appreciation""]",positive
6868,525980,Very yummy burgers and the service is outstanding . Highly recommended,Google Maps,American Burger,2025-07-15T23:09:20.723Z,0,Appreciation,,,,,Appreciation,False,1264.0,"[""food_appreciation"", ""treatment_appreciation""]",positive
7239,268159,"C'était un excellent choix de goûter vos plats , tout était parfait surtout la recommandation du serveur",Google Maps,American Burger,2025-02-22T18:29:04.653Z,0,Appreciation,Appreciation,Appreciation,,,Appreciation,False,1264.0,"[""food_appreciation"", ""service_appreciation"", ""place_appreciation"", ""treatment_appreciation""]",positive
7370,807924,"J’ai pris le smash burger x6 steak vraiment délicieux, la viande super bien assaisonnée, fromage très goûtu et fondant, service parfait, serveur à l’écoute et disponible. Allez-y les yeux fermés. Mention spéciale pour Mounir",Google Maps,American Burger,2024-12-22T12:46:29.911Z,0,Appreciation,Appreciation,Appreciation,,,Appreciation,False,1264.0,"[""food_appreciation"", ""service_appreciation"", ""place_appreciation"", ""treatment_appreciation""]",positive
7267,268475,"Le service est incroyable, pareil pour la bouffe je vous recommande",Google Maps,American Burger,2025-01-22T13:25:25.763Z,0,Appreciation,Appreciation,Appreciation,,,Appreciation,False,1264.0,"[""food_appreciation"", ""service_appreciation"", ""place_appreciation"", ""treatment_appreciation""]",positive
8038,280794,Accueil très désagréable et temps d'attente trop long On te dit que c'est près dans 5 min alors que j'ai attendu au moins 1 h Goûts très banales ne vaut pas l'attente,Google Maps,American Burger,2020-08-27T21:09:45.192Z,0,Complaint,Complaint,,,,Complaint,False,1264.0,"[""food_complaint"", ""service_complaint"", ""treatment_complaint""]",negative
7024,262479,"Un accueil formidable, nourriture super bonne les meilleurs burger sur alger sont a american burger said hamdine un spécial remerciement a mounir t’es au top mon ami",Google Maps,American Burger,2025-05-22T21:48:50.565Z,0,Appreciation,,Appreciation,,,Appreciation,False,1264.0,"[""food_appreciation"", ""place_appreciation"", ""treatment_appreciation""]",positive
7496,672578,A déconseiller celui de sidi yahia,Google Maps,American Burger,2024-04-05T12:32:04.296Z,1,,,complaint,,,,False,1264.0,"[""place_complaint""]",negative
7518,524909,الله يبارك ؤ ربي يوفقكوم,Google Maps,American Burger,2024-02-08T19:05:53.395Z,0,,,,,,,True,1264.0,[],neutral
7335,526649,"burgers très bons, je commande chaque semaine! vraiment le pain est tendre et ils sont généreux sur la quantité. J'ai moins aimé leurs tacos, mais le personnel et le service sont top!",Google Maps,American Burger,2024-12-30T15:47:32.237Z,0,Appreciation,Appreciation,,,,Appreciation,False,1264.0,"[""food_appreciation"", ""service_appreciation"", ""treatment_appreciation""]",positive
6749,281323,Une agréable découverte.,Google Maps,American Burger,2025-09-10T15:42:06.324Z,0,,,Appreciation,,,,False,1264.0,"[""place_appreciation""]",positive
6643,669341,"It was absolutely delicious, perfect! It just wasn't as full as I ordered. I bought it through the app and I was worried it wouldn't arrive as pictured or like everyone else's orders, but bravo! I truly trust them now.",Google Maps,American Burger,2025-11-12T13:51:29.265Z,0,Appreciation,Appreciation,Appreciation,,,Appreciation,False,1264.0,"[""food_appreciation"", ""service_appreciation"", ""place_appreciation"", ""treatment_appreciation""]",positive
6642,934010,"Service rapide, propre et bon. il y a un serveur qui est trop bavard et qui exagère dans sa sympathie avec les clients, ce qui crée une certaine gêne. Lorsqu'un client vient manger à midi, il n'a pas forcément envie de bavarder avec le serveur. Je mets donc 3 étoiles",Google Maps,American Burger,2025-11-13T19:03:50.189Z,0,Appreciation,Appreciation,Appreciation,,,Complaint,False,1264.0,"[""food_appreciation"", ""service_appreciation"", ""place_appreciation"", ""treatment_complaint""]",positive
6736,396609,Dégradation totalement avant c était magnifique le bon accueil la bonne bouffe maintenant le personnel catastrophe l makela je jure que le poutine poulet fased il a un odeur grave dommage c était mon coin préféré,Google Maps,American Burger,2025-09-18T12:34:04.011Z,0,Complaint,Complaint,Complaint,,,Complaint,False,1264.0,"[""food_complaint"", ""service_complaint"", ""place_complaint"", ""treatment_complaint""]",negative
7784,422502,La bouffe est bonne mais ils se sont trompées dans ma commande au lieu de mettre de la viande hachée ils ont mis du poulet et quand je leur ai renvoyé la commande pour qu'ils la refasse la taille et la quantité du nouveau tacos a changé par rapport au premier donc niveau geste client où professionalisme je donne 0 c'est pas le client qui paye l'erreur quand on se trompe on assume,Google Maps,American Burger,2023-02-23T21:15:00.549Z,2,Appreciation,,,,,Complaint,False,1264.0,"[""food_appreciation"", ""treatment_complaint""]",neutral
8008,788091,"So delicious , good atmosphere , nice set , reasonable prices comparing to ""sidi yaya "" lol , i recommand the poutine (cheezy fries onion ) such beauty",Google Maps,American Burger,2021-07-08T09:23:52.388Z,2,Appreciation,,Appreciation,,Appreciation,,False,1264.0,"[""food_appreciation"", ""place_appreciation"", ""price_appreciation""]",positive
7043,140577,Très contente service excellent .,Google Maps,American Burger,2025-05-15T10:48:03.368Z,0,Appreciation,Appreciation,Appreciation,,,Appreciation,False,1264.0,"[""food_appreciation"", ""service_appreciation"", ""place_appreciation"", ""treatment_appreciation""]",positive
7421,413950,Elh yabreq un bon accueil avec un service magnifique elh ybreq alah l’équipe ta said hamdine  [APPRECIATION],Google Maps,American Burger,2024-10-21T11:14:21.497Z,0,Appreciation,Appreciation,Appreciation,,,Appreciation,False,1264.0,"[""food_appreciation"", ""service_appreciation"", ""place_appreciation"", ""treatment_appreciation""]",positive
6744,535390,I think it’s the best of all the American Burgers in Algiers,Google Maps,American Burger,2025-09-15T18:04:10.627Z,0,,,Appreciation,,,,False,1264.0,"[""place_appreciation""]",positive
7033,664127,Très satisfaite !,Google Maps,American Burger,2025-05-18T14:48:34.382Z,0,,,Appreciation,,,,False,1264.0,"[""place_appreciation""]",positive
7755,287309,Nourriture très bonne et le personnel est super sympa. Je recommande,Google Maps,American Burger,2023-08-15T19:13:58.011Z,0,Appreciation,Appreciation,Appreciation,,,Appreciation,False,1264.0,"[""food_appreciation"", ""service_appreciation"", ""place_appreciation"", ""treatment_appreciation""]",positive
7268,282607,Dès que l envie d un burger me prend c est la première adresse qui me vient à l esprit. Généreux en ingrédients de très bonne qualité,Google Maps,American Burger,2025-01-18T10:59:36.187Z,0,Appreciation,,Appreciation,,,,False,1264.0,"[""food_appreciation"", ""place_appreciation""]",positive
7004,534505,Service rapide et personnel attentionné.,Google Maps,American Burger,2025-06-01T13:32:01.395Z,0,,Appreciation,,,,Appreciation,False,1264.0,"[""service_appreciation"", ""treatment_appreciation""]",positive
6953,668761,Mon meilleur coin  [APPRECIATION],Google Maps,American Burger,2025-06-26T13:22:37.188Z,0,,,Appreciation,,,,False,1264.0,"[""place_appreciation""]",positive
6777,666689,Les burgers sont absolument délicieux …Une équipe dynamique des jeunes souriants à l’écoute investis et très gentils …mention spécial à Mounir qui est adorable,Google Maps,American Burger,2025-08-15T20:50:20.695Z,0,Appreciation,Appreciation,Appreciation,,,Appreciation,False,1264.0,"[""food_appreciation"", ""service_appreciation"", ""place_appreciation"", ""treatment_appreciation""]",positive
6821,927174,Super expérience merci beaucoup on a super bien manger. C’est une très bonne adresse,Google Maps,American Burger,2025-07-30T21:29:30.110Z,0,Appreciation,Appreciation,Appreciation,,,Appreciation,False,1264.0,"[""food_appreciation"", ""service_appreciation"", ""place_appreciation"", ""treatment_appreciation""]",positive
6686,152674,"Pain léger , produits frais Tout est très bon En plus d’un service de qualité et très accueillant",Google Maps,American Burger,2025-10-15T12:28:50.890Z,0,Appreciation,Appreciation,Appreciation,,,Appreciation,False,1264.0,"[""food_appreciation"", ""service_appreciation"", ""place_appreciation"", ""treatment_appreciation""]",positive
7193,664927,très bon service,Google Maps,American Burger,2025-04-16T20:20:55.854Z,0,,,Appreciation,,,Appreciation,False,1264.0,"[""place_appreciation"", ""treatment_appreciation""]",positive
7327,948584,Is a good experience,Google Maps,American Burger,2025-01-02T23:10:14.277Z,0,,,Appreciation,,,,False,1264.0,"[""place_appreciation""]",positive
8010,923207,Worst experience ever,Google Maps,American Burger,2021-06-05T09:16:03.957Z,1,complaint,,complaint,,,,False,1264.0,"[""food_complaint"", ""place_complaint""]",negative
7987,927354,"Reasonable prices, great and fast service the staf are freindly the food is also delicious loved it !",Google Maps,American Burger,2021-11-07T12:48:22.326Z,0,Appreciation,Appreciation,Appreciation,,Appreciation,Appreciation,False,1264.0,"[""food_appreciation"", ""service_appreciation"", ""place_appreciation"", ""price_appreciation"", ""treatment_appreciation""]",positive
7909,543343,Immangeable wlh,Google Maps,American Burger,2022-03-04T21:01:04.738Z,0,complaint,,,,,,False,1264.0,"[""food_complaint""]",negative
7195,816173,"j'ai bien manger , bien servie l'endroit et propre je recommande vivement",Google Maps,American Burger,2025-04-14T17:24:19.679Z,0,Appreciation,Appreciation,Appreciation,,,Appreciation,False,1264.0,"[""food_appreciation"", ""service_appreciation"", ""place_appreciation"", ""treatment_appreciation""]",positive
6824,403195,"un plaisir de venir ici ! L’équipe est super accueillante, le service est rapide et avec le sourire. Le serveur Mounir est vraiment au petit soin, toujours attentionné et de bonne humeur. Les sandwichs sont excellents, frais et savoureux. Une adresse à ne pas manquer si vous aimez bien manger et être bien servi ! le petit plus stationnement à côté . je recommande plus plus plus et ils font de la livraison.",Google Maps,American Burger,2025-07-27T13:11:15.690Z,0,Appreciation,Appreciation,Appreciation,,,Appreciation,False,1264.0,"[""food_appreciation"", ""service_appreciation"", ""place_appreciation"", ""treatment_appreciation""]",positive
7376,273376,J'ai aimé une expérience et leur nourriture est vraiment délicieuse et Mounir est très gentil,Google Maps,American Burger,2024-11-19T17:03:26.942Z,0,Appreciation,Appreciation,Appreciation,,,Appreciation,False,1264.0,"[""food_appreciation"", ""service_appreciation"", ""place_appreciation"", ""treatment_appreciation""]",positive
6969,273341,"ATTENTION, Grosse intoxication alimentaire après une poutine et un burger ici. Violents symptômes quelques heures après, sachant que je n’ai rien mangé d’autre ce jour-là, donc il ne fait aucun doute sur l’origine du problème. Je préviens pour éviter que ça arrive à d'autres. À éviter.",Google Maps,American Burger,2025-06-24T12:52:55.189Z,0,Complaint,,Complaint,,,,False,1264.0,"[""food_complaint"", ""place_complaint""]",negative
7035,927609,"Une très bonne expérience , c’était délicieux, le service est rapide même au top, le personnel est très gentil et accueillant, je vous recommande fortement !",Google Maps,American Burger,2025-05-18T12:58:21.090Z,0,Appreciation,Appreciation,Appreciation,,,Appreciation,False,1264.0,"[""food_appreciation"", ""service_appreciation"", ""place_appreciation"", ""treatment_appreciation""]",positive
6687,539522,"Poutine et sandwich excellents ! Service rapide, goût incroyable, je recommande à 100 % !",Google Maps,American Burger,2025-10-14T12:03:36.310Z,0,Appreciation,Appreciation,Appreciation,,,Appreciation,False,1264.0,"[""food_appreciation"", ""service_appreciation"", ""place_appreciation"", ""treatment_appreciation""]",positive
7244,412697,Nourriture et service excellents,Google Maps,American Burger,2025-01-23T11:53:56.678Z,0,Appreciation,,Appreciation,,,Appreciation,False,1264.0,"[""food_appreciation"", ""place_appreciation"", ""treatment_appreciation""]",positive
7330,812466,"We got a meat sandwich and a chicken tacos and it was average. The meat sandwich was good, the tacos on the other hand was disappointing since I heard it was one of the best in Algiers. It was small even though I got an M, and it was dry but it had a lot of chicken to be truthful. The prices are very high especially for the tacos so it's not worth It to come here specifically for them.",Google Maps,American Burger,2025-01-02T08:19:22.190Z,0,Complaint,,Complaint,,Complaint,,False,1264.0,"[""food_complaint"", ""place_complaint"", ""price_complaint""]",negative
7754,266879,"American food basically serve sandwiches, burgers and tacos. I liked the food but there are issues that needs to he worked on. Between them and BURGER HOUSE. I choose Burger house because their Burgers are way better and delicious than American burger. Wish them all the best though, the staff are wonderful and happily served us.",Google Maps,American Burger,2023-08-29T20:57:30.025Z,1,Appreciation,Appreciation,Appreciation,,,Appreciation,False,1264.0,"[""food_appreciation"", ""service_appreciation"", ""place_appreciation"", ""treatment_appreciation""]",positive
7492,925863,"Best burger place ! Great reception, great food and great ambiance shout out to Mounir for his excellent customer service Keep up the good work",Google Maps,American Burger,2024-05-24T16:39:48.192Z,0,Appreciation,Appreciation,Appreciation,,,Appreciation,False,1264.0,"[""food_appreciation"", ""service_appreciation"", ""place_appreciation"", ""treatment_appreciation""]",positive
7914,803713,Nourriture bonne mais le prix ont bcp augmenter avec beaucoup moins de quantité,Google Maps,American Burger,2022-01-24T14:38:55.341Z,0,Appreciation,,,,Complaint,,False,1264.0,"[""food_appreciation"", ""price_complaint""]",neutral
6702,545613,"Je tiens à remercier toute l’équipe de American Burger Saïd Hamdine pour leur excellent accueil ! La poutine était vraiment succulente, un vrai régal Merci encore :D",Google Maps,American Burger,2025-10-08T14:36:57.451Z,0,Appreciation,Appreciation,Appreciation,,,Appreciation,False,1264.0,"[""food_appreciation"", ""service_appreciation"", ""place_appreciation"", ""treatment_appreciation""]",positive
7224,408686,Livraison rapide service au top et super bon,Google Maps,American Burger,2025-04-05T23:27:23.843Z,0,Appreciation,,,Appreciation,,Appreciation,False,1264.0,"[""food_appreciation"", ""delivery_appreciation"", ""treatment_appreciation""]",positive
7426,266856,Vraiment c’est un service formidable et très très bonne accueil  [APPRECIATION],Google Maps,American Burger,2024-10-17T19:13:43.485Z,0,Appreciation,Appreciation,Appreciation,,,Appreciation,False,1264.0,"[""food_appreciation"", ""service_appreciation"", ""place_appreciation"", ""treatment_appreciation""]",positive
7452,809554,Les meilleurs des amirican burger personnel très agréables surtout Mounir le meilleur des serveurs,Google Maps,American Burger,2024-10-15T12:59:35.713Z,0,Appreciation,Appreciation,Appreciation,,,Appreciation,False,1264.0,"[""food_appreciation"", ""service_appreciation"", ""place_appreciation"", ""treatment_appreciation""]",positive
7967,400172,Parfait !,Google Maps,American Burger,2021-12-22T09:10:00.921Z,0,,,appreciation,,,,False,1264.0,"[""place_appreciation""]",positive
66,655760,سيدهم يحيى [APPRECIATION],instagram,American Burger,2025-09-02T16:19:16.000Z,1,,,,,,,True,1283.0,[],neutral
77,268430,⁨أسوء محل و راني حايب تلحق ل مدير تعهم⁩,instagram,American Burger,2025-10-03T23:12:39.000Z,2,,,complaint,,,,False,1283.0,"[""place_complaint""]",negative
72,947954,القهوة 30 دج ؟؟,instagram,American Burger,2025-05-22T18:05:42.000Z,2,,,,,inquiry,,False,1283.0,"[""price_inquiry""]",neutral
63,134817,المرة الجاية دالتي كما وعدتني ، و انا وحدي نكفي قيس 4  ما شاء الله عليا ، و بصحتكم  [APPRECIATION],instagram,American Burger,2025-05-21T18:50:13.000Z,5,,,,,,,True,1283.0,[],neutral
93,814213,مشاءالله عليكم  [APPRECIATION],instagram,American Burger,2025-08-31T11:50:39.000Z,1,,,,,,,True,1283.0,[],neutral
116,143181,صحى لعمال زعما كامل مسوريين وعندهم شهادة كشف الراتب,instagram,American Burger,2025-05-22T22:04:05.000Z,1,,,,,,,True,1283.0,[],neutral
85,544498,اهدر على دزاير تاعكم. حنا رانا فالدار راقدين. جياحة,instagram,American Burger,2025-08-11T16:34:59.000Z,0,,,,,,,True,1283.0,[],neutral
95,423358,La bouf est super bonne,instagram,American Burger,2025-08-29T15:10:28.000Z,1,Appreciation,,,,,,False,1283.0,"[""food_appreciation""]",positive
98,269058,Les meilleurs  [BOUFFE],instagram,American Burger,2025-08-30T22:21:47.000Z,1,,,Appreciation,,,,False,1283.0,"[""place_appreciation""]",positive
58,155848,همهم كي يبعتك عند حانوت تاع ماكلة روح و متشوفش موراك Hamham the best [APPRECIATION],instagram,American Burger,2025-05-21T17:09:03.000Z,42,,,,,,,True,1283.0,[],neutral
74,290762,Non c’est vrai vieux kouba c’est devenu de la D dayrin les fast food l’encombrement enass yen a marre,instagram,American Burger,2025-12-14T17:20:20.000Z,0,,,complaint,,,,False,1283.0,"[""place_complaint""]",negative
82,416958,Américain en plus je ne suis pas fan Free Free Palestine,instagram,American Burger,2025-08-16T17:14:39.000Z,0,,,Complaint,,,,False,1283.0,"[""place_complaint""]",negative
107,814949,Jai pas aimé du tt le pain sucré trop gras le poutine pas bon enfin une expérience et sa reste des goûts,instagram,American Burger,2025-12-09T05:57:18.000Z,2,Complaint,,,,,,False,1283.0,"[""food_complaint""]",negative
